{
  "type":  "Feature",
  "properties": {
       "name": "Locations generated by GNSS-SDR" 
   },
  "geometry": {
      "type": "MultiPoint",
      "coordinates": [
       [-97.73575066635934, 30.28747450319716, 152.01785564050078],
       [-97.73576354108569, 30.28745507243617, 158.81692312005907],
       [-97.73576610794011, 30.28749586868401, 174.70055345632136],
       [-97.73577741253963, 30.28749597368597, 162.50795558560640],
       [-97.73580131763210, 30.28745564938932, 152.29068526159972],
       [-97.73579319233802, 30.28744201708298, 162.35235866624862],
       [-97.73576216866512, 30.28749361454278, 180.60982552729547],
       [-97.73578136584050, 30.28746785461680, 180.07200745679438],
       [-97.73579326471658, 30.28745827338663, 167.74696331843734],
       [-97.73577698751664, 30.28745801445434, 170.31655000522733],
       [-97.73578770171348, 30.28743827099752, 169.02289503626525],
       [-97.73577734142062, 30.28749519581139, 169.60036187525839],
       [-97.73575031237266, 30.28751054297556, 161.91357846371830],
       [-97.73581384303986, 30.28750451386067, 156.94850107189268],
       [-97.73580641896214, 30.28748903527596, 148.89680431969464],
       [-97.73578813717931, 30.28748137612055, 160.83290922455490],
       [-97.73574833674240, 30.28749058178094, 165.66869771946222],
       [-97.73575630064018, 30.28751870395240, 165.97647973708808],
       [-97.73578713104064, 30.28748272353674, 166.52685164287686],
       [-97.73577313108787, 30.28750440277114, 170.66026349086314],
       [-97.73577486619263, 30.28752364555586, 165.93064672499895],
       [-97.73575394511977, 30.28753826945933, 158.81401965953410],
       [-97.73576960320928, 30.28753950543712, 171.60800874885172],
       [-97.73578695730995, 30.28748832650593, 172.37035062722862],
       [-97.73580998611496, 30.28748391171994, 172.92271360661834],
       [-97.73578917235662, 30.28749485848608, 162.57929605431855],
       [-97.73578720154647, 30.28750607880519, 164.35264369565994],
       [-97.73576044269643, 30.28749144715334, 169.20401122141629],
       [-97.73575689897535, 30.28745885038111, 161.29467103630304],
       [-97.73576913607992, 30.28745472019488, 154.16000991314650],
       [-97.73574663158189, 30.28747491847778, 155.13744203187525],
       [-97.73574601908896, 30.28750532810355, 153.56809543259442],
       [-97.73575450531662, 30.28752470763325, 161.19684004783630],
       [-97.73578993760542, 30.28752248180727, 157.54385687038302],
       [-97.73579965594830, 30.28747414986709, 163.34846570808440],
       [-97.73577713301280, 30.28752228378602, 170.89995483867824],
       [-97.73578884006541, 30.28751377283633, 176.22363391797990],
       [-97.73580644296642, 30.28745664052689, 177.62772036716342],
       [-97.73578051467177, 30.28749586795646, 181.51331839617342],
       [-97.73574682813138, 30.28751162734516, 170.76740315835923],
       [-97.73572509449117, 30.28755010078983, 169.53311728965491],
       [-97.73572664749283, 30.28753587433665, 165.74672273546457],
       [-97.73573225885889, 30.28747869354026, 167.08826502133161],
       [-97.73573638599933, 30.28746789158339, 159.89434741251171],
       [-97.73573546936814, 30.28753267519277, 173.68919229321182],
       [-97.73576350359582, 30.28748237452232, 163.28532097395509],
       [-97.73571909266860, 30.28752609408036, 164.67979196924716],
       [-97.73571536769717, 30.28751590824480, 166.80541761778295],
       [-97.73573563247382, 30.28748000914352, 162.79749123007059],
       [-97.73572574897140, 30.28751122180821, 161.03173346165568],
       [-97.73574241850936, 30.28745983921642, 161.71557451225817],
       [-97.73575199294828, 30.28746951907910, 163.05196409113705],
       [-97.73571840105403, 30.28752303554215, 168.34851899463683],
       [-97.73573676768159, 30.28753461021913, 178.55272655282170],
       [-97.73576733065329, 30.28751492666900, 174.98416191339493],
       [-97.73576079526713, 30.28754632646206, 169.27950897347182],
       [-97.73577550215546, 30.28751259282496, 173.76267703436315],
       [-97.73576410294922, 30.28749703272603, 166.20322376769036],
       [-97.73568116520784, 30.28751787991169, 176.66102844290435],
       [-97.73567156535672, 30.28751193027609, 168.10282849147916],
       [-97.73571263266098, 30.28752239181862, 169.19163016974926],
       [-97.73571008739899, 30.28752687333050, 171.93780469335616],
       [-97.73573555194190, 30.28750052960753, 163.16549400612712],
       [-97.73573329300373, 30.28749114928695, 167.09724301099777],
       [-97.73574932414999, 30.28750669305504, 164.17063265852630],
       [-97.73573787282861, 30.28753412490103, 164.13086804002523],
       [-97.73572769149270, 30.28753608872080, 171.41440445184708],
       [-97.73571423404400, 30.28752709690576, 176.63774318341166],
       [-97.73570916677905, 30.28750317831123, 173.07441422063857],
       [-97.73574819908674, 30.28749117482433, 158.72733082249761],
       [-97.73574912876187, 30.28746639704862, 164.97864755056798],
       [-97.73574802849842, 30.28748156628715, 178.02360340114683],
       [-97.73573528466207, 30.28753728328120, 179.91527457255870],
       [-97.73570371493368, 30.28753194259220, 172.75480037182570],
       [-97.73572470534748, 30.28749999308631, 169.95146749075502],
       [-97.73569266190772, 30.28751188363923, 173.27054338715971],
       [-97.73569332609115, 30.28746710108893, 166.12024602759629],
       [-97.73571778806328, 30.28745395486419, 162.96701163332909],
       [-97.73569586836537, 30.28746059087221, 162.29090886749327],
       [-97.73572869935447, 30.28747689401949, 163.47219639644027],
       [-97.73573046199476, 30.28750718543331, 166.57745990715921],
       [-97.73571425552075, 30.28753673000520, 165.30209680087864],
       [-97.73574562025270, 30.28748627573315, 154.05889567080885],
       [-97.73574502391044, 30.28748209428944, 164.20010579936206],
       [-97.73573391585238, 30.28748380590242, 164.92036447394639],
       [-97.73568684233020, 30.28749003284260, 159.60164858959615],
       [-97.73571084743962, 30.28748213264781, 176.51030938141048],
       [-97.73570586780757, 30.28750779602242, 178.69926420226693],
       [-97.73571815795222, 30.28749591003799, 177.31061457749456],
       [-97.73574307116040, 30.28746512234250, 168.25409739837050],
       [-97.73575097056990, 30.28748785294892, 165.92295065056533],
       [-97.73577397574684, 30.28750056993566, 165.49061097577214],
       [-97.73582340440097, 30.28746791730413, 159.62907737493515],
       [-97.73577361979224, 30.28749181017137, 158.06768050417304],
       [-97.73569527757488, 30.28750392832575, 154.44955988507718],
       [-97.73570492993881, 30.28747769226154, 153.18222439568490],
       [-97.73571942313067, 30.28750131342765, 160.35107272397727],
       [-97.73573073887711, 30.28752954787758, 151.78262135479599],
       [-97.73570573161830, 30.28753968043403, 161.42369314935058],
       [-97.73574019889898, 30.28749418994795, 157.92389586288482],
       [-97.73572708544351, 30.28751055903583, 166.19325416535139],
       [-97.73572494446169, 30.28746969331499, 167.54589142464101],
       [-97.73572634628201, 30.28746609738792, 177.25815437175333],
       [-97.73569930373601, 30.28752618315272, 176.09654528182000],
       [-97.73569637939961, 30.28750784480639, 175.83506532385945],
       [-97.73571283152468, 30.28749880891410, 166.38274556212127],
       [-97.73573666454762, 30.28753836085096, 165.81343071162701],
       [-97.73574297772447, 30.28749817459635, 155.27645148336887],
       [-97.73573849562069, 30.28753559922636, 155.01425383333117],
       [-97.73575947807308, 30.28750861579351, 147.35421653371304],
       [-97.73572765251136, 30.28751688032978, 156.48542404454201],
       [-97.73565905059361, 30.28751640837818, 163.33132277242839],
       [-97.73567334696759, 30.28750119388299, 169.97497141733766],
       [-97.73568444441223, 30.28750643640038, 168.55333539005369],
       [-97.73571402774971, 30.28754309656974, 157.59306662343442],
       [-97.73573992842623, 30.28753348227997, 154.25868069939315],
       [-97.73574733211299, 30.28751442300850, 163.68255242053419],
       [-97.73579092319925, 30.28752128629867, 169.41503790952265],
       [-97.73582037803915, 30.28748946987660, 159.08993569482118],
       [-97.73575458141087, 30.28751372035014, 152.61010502278805],
       [-97.73568079597638, 30.28755163341799, 174.70642024185508],
       [-97.73569406606443, 30.28750168653964, 164.14288494642824],
       [-97.73569844909312, 30.28755978196030, 156.89426953718066],
       [-97.73574140483763, 30.28756030435025, 140.88367176521569],
       [-97.73574792946002, 30.28757059600553, 146.71023862529546],
       [-97.73575137550776, 30.28756372858055, 159.66324478946626],
       [-97.73577163983919, 30.28748191530278, 158.49182618223131],
       [-97.73574800919316, 30.28751541423249, 170.54714294429868],
       [-97.73574719284784, 30.28753887547535, 167.44841845612973],
       [-97.73574132793492, 30.28751895125830, 165.42770987562835],
       [-97.73575497749756, 30.28754139590499, 170.85341419558972],
       [-97.73575950623713, 30.28756309094236, 167.14249813649803],
       [-97.73570729517382, 30.28751544813297, 165.12611640430987],
       [-97.73571143599058, 30.28752948445510, 168.78144745808095],
       [-97.73568796542688, 30.28756498093673, 169.05594142060727],
       [-97.73567248029383, 30.28754467842923, 169.10719908308238],
       [-97.73569736000570, 30.28751301528647, 174.27074855566025],
       [-97.73570927037339, 30.28751994583535, 165.58883071318269],
       [-97.73572991495902, 30.28754877372829, 160.31314967293292],
       [-97.73576811515659, 30.28752695494685, 168.37126943189651],
       [-97.73574322090286, 30.28754360152294, 170.52176575362682],
       [-97.73576105918430, 30.28752573931602, 166.05261334031820],
       [-97.73571251326224, 30.28753735933033, 171.39331947360188],
       [-97.73567312317616, 30.28755217086386, 178.64005507063121],
       [-97.73566213887290, 30.28749932100605, 184.97396977897733],
       [-97.73576201446508, 30.28751069537236, 164.82186337001622],
       [-97.73569893307086, 30.28755692045760, 176.36309544835240],
       [-97.73573958368310, 30.28759491440920, 173.87446563038975],
       [-97.73576394933608, 30.28755328579239, 170.78272577468306],
       [-97.73575892173156, 30.28752844665934, 168.88793904613703],
       [-97.73576750790829, 30.28749311034866, 172.16681971028447],
       [-97.73574323351131, 30.28744939257216, 169.43154457863420],
       [-97.73569917669215, 30.28750663183281, 171.90406625159085],
       [-97.73568669874534, 30.28753966851938, 177.80088927783072],
       [-97.73566508773018, 30.28754819207095, 167.98072905652225],
       [-97.73571406045136, 30.28751422953960, 164.96126620937139],
       [-97.73575397646567, 30.28754019068324, 174.16319286916405],
       [-97.73574867554923, 30.28754681858734, 169.56039830949157],
       [-97.73570268259908, 30.28758511947209, 176.17464784067124],
       [-97.73568309750144, 30.28755183106232, 178.93814763333648],
       [-97.73569605418440, 30.28755010594832, 173.23603208642453],
       [-97.73570431148093, 30.28756217866137, 177.82686096243560],
       [-97.73567462954053, 30.28752754194224, 188.61087031941861],
       [-97.73565226538112, 30.28750672619560, 187.61002275720239],
       [-97.73568320091324, 30.28748321103946, 179.70622544549406],
       [-97.73574026656212, 30.28752029559792, 167.77485382370651],
       [-97.73573889377182, 30.28754120906750, 175.70045322645456],
       [-97.73573839320412, 30.28758251973007, 174.39930236898363],
       [-97.73573026238483, 30.28755575375330, 168.62269291374832],
       [-97.73573741472408, 30.28755717385783, 166.18169749248773],
       [-97.73570985475931, 30.28756884013013, 183.23359723296016],
       [-97.73570613179849, 30.28756583546734, 177.37294289376587],
       [-97.73573854415483, 30.28755437671801, 192.00085161905736],
       [-97.73570639352616, 30.28752672490959, 193.23862436320633],
       [-97.73570872928201, 30.28754633217628, 179.95665894541889],
       [-97.73571605675765, 30.28756593606775, 179.93320308625698],
       [-97.73574044209235, 30.28755144250189, 188.68590723630041],
       [-97.73569962440904, 30.28756635515958, 188.72973424661905],
       [-97.73570914608624, 30.28752824277952, 179.18870433140546],
       [-97.73575620369907, 30.28750342588108, 174.58707417454571],
       [-97.73569919377316, 30.28759566166557, 182.57441348396242],
       [-97.73566452181532, 30.28761672346484, 171.36878716293722],
       [-97.73569304726337, 30.28757131177358, 174.93743676133454],
       [-97.73570372877427, 30.28759193761873, 184.13991547282785],
       [-97.73570153426206, 30.28758643659426, 176.24699471797794],
       [-97.73573758047034, 30.28760120407923, 179.40925869997591],
       [-97.73573664780213, 30.28755990383746, 178.44365225080401],
       [-97.73571209753362, 30.28756024845408, 187.23308386653662],
       [-97.73564090507647, 30.28758045965859, 183.40924875251949],
       [-97.73568289289490, 30.28757939635098, 180.83738464582711],
       [-97.73570459907442, 30.28757646488814, 176.87249883636832],
       [-97.73569565312363, 30.28759245770238, 178.89797325432301],
       [-97.73571102222219, 30.28762276104542, 182.97493779379874],
       [-97.73568490534879, 30.28761718011301, 180.37655715458095],
       [-97.73566468079399, 30.28763491723860, 173.22301448136568],
       [-97.73564619585036, 30.28762735468104, 172.60401984769851],
       [-97.73567069442137, 30.28760764419532, 175.55149591714144],
       [-97.73566640428351, 30.28758366540222, 176.44559605978429],
       [-97.73568168364797, 30.28757335803411, 173.67687315586954],
       [-97.73567754067582, 30.28761280842915, 191.22715307213366],
       [-97.73567859971918, 30.28763026658042, 188.30743111483753],
       [-97.73569257816054, 30.28760483891988, 180.35289800819010],
       [-97.73566948419553, 30.28761813244080, 183.31557339522988],
       [-97.73568109312809, 30.28756866200239, 178.99580408260226],
       [-97.73568544276750, 30.28757075773189, 171.44774941634387],
       [-97.73567138575295, 30.28758750703012, 163.41355867031962],
       [-97.73566739661392, 30.28760079528775, 168.97097758855671],
       [-97.73568217994635, 30.28760507829670, 174.29373977240175],
       [-97.73570158336823, 30.28754833691241, 170.01882814895362],
       [-97.73560585477044, 30.28754887948687, 186.21478258911520],
       [-97.73563503895566, 30.28759087624844, 178.26929125562310],
       [-97.73571693760712, 30.28759330313663, 177.71127876825631],
       [-97.73573295656375, 30.28758549003752, 177.61052891053259],
       [-97.73568905301806, 30.28755087528744, 171.57199453935027],
       [-97.73571731787527, 30.28757529173126, 173.93400469049811],
       [-97.73573803129591, 30.28757900995808, 163.47623393498361],
       [-97.73572288159693, 30.28756082238427, 164.59938464127481],
       [-97.73573139839368, 30.28753361412495, 162.26218429952860],
       [-97.73570491792294, 30.28756249943194, 160.07555945776403],
       [-97.73568369743532, 30.28756113084856, 166.58152894955128],
       [-97.73571470761571, 30.28756686461024, 161.58578372560441],
       [-97.73568387113707, 30.28755020716337, 158.82449112832546],
       [-97.73572585622948, 30.28751841195623, 162.09878548420966],
       [-97.73571690816425, 30.28752879430571, 179.46853087283671],
       [-97.73572911639597, 30.28749800733400, 167.16670824401081],
       [-97.73571374539299, 30.28753654118519, 174.05073453765363],
       [-97.73568853888771, 30.28754864831999, 174.16246565897018],
       [-97.73567529168011, 30.28754863462598, 172.85234279278666],
       [-97.73571068783910, 30.28753297541975, 167.40922045707703],
       [-97.73573298117701, 30.28748928008668, 158.56371171493083],
       [-97.73571128342087, 30.28753303614709, 167.81717941537499],
       [-97.73566708801012, 30.28753562784089, 174.97892428282648],
       [-97.73566111628739, 30.28757261332069, 163.51058176159859],
       [-97.73570492689615, 30.28756412976565, 185.58649001177400],
       [-97.73572399018916, 30.28757575626402, 180.35142309404910],
       [-97.73578358647448, 30.28751050828736, 169.45811868458986],
       [-97.73573877855330, 30.28754800416853, 167.30646677128971],
       [-97.73570366218195, 30.28760279451395, 175.94562155939639],
       [-97.73570421769698, 30.28756745935280, 173.74443869572133],
       [-97.73569415430751, 30.28755259946556, 169.65793529339135],
       [-97.73568497556928, 30.28751072138254, 165.42509072739631],
       [-97.73568089026691, 30.28753227778486, 177.71909853629768],
       [-97.73569063459659, 30.28753189225030, 177.00341164227575],
       [-97.73568049122349, 30.28754743601203, 172.51673510763794],
       [-97.73570561409562, 30.28755910964301, 165.95943805575371],
       [-97.73568112155625, 30.28757973495891, 175.06654535792768],
       [-97.73571258557173, 30.28758508968973, 176.15682526398450],
       [-97.73570754600405, 30.28758727610970, 160.73067903332412],
       [-97.73575287753300, 30.28754573006201, 159.07097388058901],
       [-97.73572120033705, 30.28755414693665, 181.45535925589502],
       [-97.73567287160891, 30.28755662688605, 191.68075857125223],
       [-97.73567242716331, 30.28756007148779, 172.71989524830133],
       [-97.73570772928716, 30.28755408178547, 166.24189347680658],
       [-97.73568947303990, 30.28752035689996, 172.93971032090485],
       [-97.73565117996891, 30.28756256577782, 186.44046733714640],
       [-97.73567893926027, 30.28756911516901, 178.99100414942950],
       [-97.73572096571027, 30.28756375371418, 166.19118652306497],
       [-97.73572867576186, 30.28756032508653, 158.57985286694020],
       [-97.73571318455136, 30.28757533623116, 164.56951710209250],
       [-97.73570757993572, 30.28757590308266, 172.59326981008053],
       [-97.73572462373241, 30.28756148996489, 167.09451149124652],
       [-97.73568569687735, 30.28754311752779, 174.85676772240549],
       [-97.73569049210781, 30.28754636553930, 175.72433651890606],
       [-97.73569093049537, 30.28757112568024, 171.42044768761843],
       [-97.73572465607270, 30.28754747032499, 180.62174785137177],
       [-97.73579777266829, 30.28750784161240, 172.10330474562943],
       [-97.73580932767489, 30.28751096545068, 164.82615071069449],
       [-97.73573795576954, 30.28752378114476, 165.44704183470458],
       [-97.73572914455580, 30.28748757423208, 181.38482735306025],
       [-97.73572737692193, 30.28749723117108, 172.18283666297793],
       [-97.73568704982607, 30.28753917501128, 167.17011292465031],
       [-97.73569690964726, 30.28754957466972, 171.04786206129938],
       [-97.73569204422952, 30.28753150472743, 177.39206489641219],
       [-97.73572122956745, 30.28755365886910, 178.01831381395459],
       [-97.73573273947451, 30.28751970938017, 176.47860079351813],
       [-97.73573682909579, 30.28750552194591, 164.14453902095556],
       [-97.73576562290640, 30.28750211541291, 164.66284932289273],
       [-97.73575267238357, 30.28751278127557, 172.74735420476645],
       [-97.73575170651623, 30.28751815519264, 176.18925098981708],
       [-97.73572232372096, 30.28755116316747, 165.67956286855042],
       [-97.73571627465756, 30.28752709848753, 163.32261578459293],
       [-97.73568310356488, 30.28752301791223, 162.61294433195144],
       [-97.73570145396776, 30.28752862479958, 170.30170528776944],
       [-97.73569320528283, 30.28752292946815, 165.66114888433367],
       [-97.73568631807736, 30.28752588875542, 157.96853087563068],
       [-97.73570582556103, 30.28756053631813, 174.42134946677834],
       [-97.73572387615962, 30.28755100317904, 172.22748304810375],
       [-97.73574323989034, 30.28755402736512, 156.73943127691746],
       [-97.73572424092330, 30.28753016421879, 161.22378658596426],
       [-97.73571950928871, 30.28750380957618, 171.20101447124034],
       [-97.73568797359282, 30.28751400983279, 156.21771255508065],
       [-97.73569785628352, 30.28753383555751, 169.83497889898717],
       [-97.73570026248119, 30.28757376563361, 169.57568842545152],
       [-97.73570549238876, 30.28753544897840, 164.20517901983112],
       [-97.73566450835754, 30.28755717969805, 161.76727107912302],
       [-97.73568168483143, 30.28755808979333, 170.21930657327175],
       [-97.73570263796664, 30.28751200961747, 168.68153821676970],
       [-97.73571195105812, 30.28755626014245, 167.96392444893718],
       [-97.73567624682855, 30.28752175605560, 182.45765996817499],
       [-97.73568977349640, 30.28754487430114, 166.40219728462398],
       [-97.73571140900988, 30.28750669801451, 168.68102730438113],
       [-97.73570659057059, 30.28752599496420, 160.26721314806491],
       [-97.73572582111046, 30.28754100017254, 158.74280588328838],
       [-97.73571338956847, 30.28753992569756, 154.76785113476217],
       [-97.73568103575894, 30.28757862868950, 152.58486175816506],
       [-97.73568634618063, 30.28756725925537, 165.08542731218040],
       [-97.73568802096462, 30.28750514838367, 165.34111977927387],
       [-97.73566495601757, 30.28754199560461, 172.49720735941082],
       [-97.73569874203837, 30.28755818052858, 173.06336937844753],
       [-97.73570063012147, 30.28754168188703, 176.16318359971046],
       [-97.73568043504878, 30.28753266776618, 172.20956589374691],
       [-97.73567276697439, 30.28753314100705, 165.33800791110843],
       [-97.73571353135780, 30.28753806244916, 154.10030853282660],
       [-97.73572670897528, 30.28754419290781, 158.07743649650365],
       [-97.73571086634914, 30.28754846485990, 167.94736907444894],
       [-97.73567841938845, 30.28754038780599, 169.04290851764381],
       [-97.73574807903231, 30.28749769832036, 156.81264337152243],
       [-97.73574182823806, 30.28751238206642, 144.87345534935594],
       [-97.73571737838577, 30.28750374231661, 143.48102376516908],
       [-97.73567063928614, 30.28754468190257, 152.15047954861075],
       [-97.73571672116141, 30.28755576387501, 162.83629248570651],
       [-97.73572522173684, 30.28754455042454, 155.81878127716482],
       [-97.73572733625805, 30.28752077996227, 160.29384676273912],
       [-97.73569459406428, 30.28748747147258, 155.21657179947942],
       [-97.73568745678485, 30.28753022198157, 163.99669511057436],
       [-97.73570242325860, 30.28752735592358, 157.96398846153170],
       [-97.73569071482748, 30.28751324678829, 159.79520264267921],
       [-97.73567414940487, 30.28755455168450, 164.03016613051295],
       [-97.73567703655411, 30.28758537257360, 164.11922260839492],
       [-97.73573706598282, 30.28755847325531, 163.46189322508872],
       [-97.73574034047044, 30.28754383807543, 159.67804963514209],
       [-97.73569215723894, 30.28757479437706, 160.24995250068605],
       [-97.73567777018955, 30.28756141524865, 144.59637419227511],
       [-97.73567894832182, 30.28756273234353, 145.25956277176738],
       [-97.73571847908690, 30.28749869108118, 148.79205492883921],
       [-97.73570377237772, 30.28750821783172, 149.93354427721351],
       [-97.73573192060809, 30.28756885999835, 153.85145706310868],
       [-97.73570392474906, 30.28755606122645, 160.18732297886163],
       [-97.73570642386503, 30.28751450800518, 160.72557192388922],
       [-97.73569270377919, 30.28757995282399, 163.88353231642395],
       [-97.73569848756073, 30.28754131104623, 169.10969535727054],
       [-97.73568067630409, 30.28754680956994, 164.46665990818292],
       [-97.73571121036197, 30.28751374405581, 154.27699625119567],
       [-97.73570614618127, 30.28753551573003, 151.59944638796151],
       [-97.73565863772362, 30.28754745689140, 153.92195588722825],
       [-97.73561986567879, 30.28757810574705, 156.97951587103307],
       [-97.73562009570588, 30.28757218263089, 158.68336289469153],
       [-97.73565738257761, 30.28758039205207, 157.38834677077830],
       [-97.73568939214054, 30.28760177243041, 155.70100474543869],
       [-97.73572272077699, 30.28755361970263, 156.99273749813437],
       [-97.73569685486521, 30.28758755848976, 161.43143517896533],
       [-97.73571085479540, 30.28756047984526, 157.51019811164588],
       [-97.73574462342768, 30.28754140118496, 157.88083283416927],
       [-97.73571809281147, 30.28753484766037, 166.77840761467814],
       [-97.73571985061221, 30.28754910813920, 172.40463061351329],
       [-97.73571978339703, 30.28756507339060, 174.03428527247161],
       [-97.73570011780289, 30.28757239555169, 175.63499912712723],
       [-97.73570549585916, 30.28755504534201, 175.26322709117085],
       [-97.73569185998338, 30.28756732301131, 169.80682268738747],
       [-97.73570453462612, 30.28759239840710, 168.25866393372416],
       [-97.73573601534227, 30.28758891560030, 172.26408157870173],
       [-97.73568808743485, 30.28762141544140, 176.52679276093841],
       [-97.73570263060810, 30.28756092361290, 176.93932299502194],
       [-97.73569338131726, 30.28756608345436, 171.79881631676108],
       [-97.73570323009503, 30.28755143101943, 167.64649685751647],
       [-97.73573340497261, 30.28757902397659, 178.32734475750476],
       [-97.73574717334364, 30.28757235297013, 170.30155238136649],
       [-97.73575153909772, 30.28760038063192, 177.05794936791062],
       [-97.73573304865184, 30.28758158552786, 182.71181451994926],
       [-97.73575372621127, 30.28753339211995, 179.79487425833941],
       [-97.73574154099158, 30.28751183873062, 177.83202026877552],
       [-97.73571112547100, 30.28756784800189, 176.34422311279923],
       [-97.73568557797152, 30.28756816391323, 180.80628465022892],
       [-97.73571497432300, 30.28758155515365, 164.84913266170770],
       [-97.73575337953373, 30.28757969577932, 156.36023996584117],
       [-97.73578799426376, 30.28753529592450, 155.76143998932093],
       [-97.73569961643956, 30.28759815893610, 174.03051367960870],
       [-97.73568167793489, 30.28756794498339, 182.14545905590057],
       [-97.73571177072550, 30.28751590423174, 179.04933045618236],
       [-97.73572665676291, 30.28750625634736, 170.32103750016540],
       [-97.73574613526975, 30.28753930418570, 171.41845342516899],
       [-97.73573876503588, 30.28756092202334, 168.91360990516841],
       [-97.73579516496436, 30.28750261061595, 163.91101208981127],
       [-97.73574883884594, 30.28750832688126, 164.39502432197332],
       [-97.73572092041354, 30.28756156670393, 183.37576905451715],
       [-97.73570563422076, 30.28759935840470, 170.74221509322524],
       [-97.73572318105531, 30.28758466653443, 161.76832057349384],
       [-97.73571309656667, 30.28756045159378, 163.56036079023033],
       [-97.73571137000930, 30.28757897624515, 168.40057948883623],
       [-97.73575221625192, 30.28751562244539, 157.58743649721146],
       [-97.73576823845006, 30.28750260195469, 176.60984960477799],
       [-97.73573271772671, 30.28754022981695, 177.87434180174023],
       [-97.73572597558368, 30.28754192851333, 171.42405610810965],
       [-97.73573564517714, 30.28755399001451, 165.76386717520654],
       [-97.73574363407815, 30.28753400280156, 158.30808220151812],
       [-97.73575573070545, 30.28754138565078, 160.21488002873957],
       [-97.73575573966851, 30.28753320750621, 164.10596494469792],
       [-97.73571031298259, 30.28755165974420, 170.13016430102289],
       [-97.73569935484727, 30.28754818169661, 173.68773478548974],
       [-97.73571188636345, 30.28757804978857, 169.68099553603679],
       [-97.73569885515894, 30.28757114158874, 159.59844406880438],
       [-97.73571967719845, 30.28755939042986, 162.02550322189927],
       [-97.73573295393149, 30.28755894199539, 169.12626344058663],
       [-97.73575925689866, 30.28753971064776, 174.63929677568376],
       [-97.73578583148458, 30.28751640106602, 168.55154902953655],
       [-97.73578685303507, 30.28756057139656, 173.32108698040247],
       [-97.73573629137628, 30.28754419751181, 167.04515520669520],
       [-97.73571111099905, 30.28756457735933, 169.64005803968757],
       [-97.73570031226821, 30.28758412611587, 175.45611787680537],
       [-97.73570631622314, 30.28755798280556, 170.70205128286034],
       [-97.73576682202655, 30.28753464866615, 168.13863498438150],
       [-97.73575246362066, 30.28753510390544, 167.12921206839383],
       [-97.73574298784742, 30.28755746124800, 165.08602105733007],
       [-97.73574480402397, 30.28754224012608, 162.63585122488439],
       [-97.73572482153759, 30.28756239313294, 167.93288848362863],
       [-97.73571905910998, 30.28756939914183, 159.46138127986342],
       [-97.73574108933252, 30.28751746551423, 162.82782301399857],
       [-97.73575216686973, 30.28751488297316, 155.80029343813658],
       [-97.73575694788796, 30.28751466217841, 149.87632643990219],
       [-97.73571181440160, 30.28752394477483, 163.73822256457061],
       [-97.73576504069334, 30.28757015955548, 165.08066376857460],
       [-97.73574211004866, 30.28755430117950, 165.71841157041490],
       [-97.73574506026912, 30.28753633656413, 169.69764776062220],
       [-97.73570908116143, 30.28754356499763, 175.56309433281422],
       [-97.73572927902153, 30.28754563471211, 167.84478251170367],
       [-97.73567640430100, 30.28754593103157, 159.30022749304771],
       [-97.73570426514021, 30.28754279277664, 171.55414252541959],
       [-97.73573564743478, 30.28756777172729, 163.30409787967801],
       [-97.73572916888794, 30.28759938910413, 162.26931672636420],
       [-97.73572016550067, 30.28756825171805, 160.33532111253589],
       [-97.73572982031253, 30.28755811807223, 167.62755750585347],
       [-97.73573863494300, 30.28753289201417, 169.66273472458124],
       [-97.73568654823212, 30.28758294254312, 175.94765585847199],
       [-97.73572863200974, 30.28754764973804, 166.00911582447588],
       [-97.73578248452161, 30.28748892663967, 148.98251432273537],
       [-97.73577056546736, 30.28751256477913, 155.40664207935333],
       [-97.73572562947018, 30.28753640293866, 166.55296676233411],
       [-97.73572085254209, 30.28753683241884, 170.32360179256648],
       [-97.73569718079823, 30.28752425297950, 167.59293488971889],
       [-97.73571585479723, 30.28754517724469, 171.50341823603958],
       [-97.73575773568039, 30.28754612440036, 165.35784932132810],
       [-97.73577808337735, 30.28752223453114, 159.74054408445954],
       [-97.73573218716322, 30.28756415268579, 167.28040885273367],
       [-97.73576107165546, 30.28751582850780, 146.79639223031700],
       [-97.73574556465904, 30.28748331409643, 143.89992361515760],
       [-97.73567103339873, 30.28758837225230, 164.89861858729273],
       [-97.73566342459021, 30.28759468226515, 154.88843578286469],
       [-97.73571025962912, 30.28757086078517, 148.81290686689317],
       [-97.73573939971608, 30.28756353293368, 150.66752266604453],
       [-97.73572559999420, 30.28752671150736, 159.36049145273864],
       [-97.73572481222089, 30.28754824203175, 170.85843553300947],
       [-97.73574888431523, 30.28754844979951, 163.84383055754006],
       [-97.73576191414078, 30.28753916197456, 162.63402364309877],
       [-97.73569005759373, 30.28753961899364, 167.77554415073246],
       [-97.73573537384344, 30.28756838693812, 163.40967132057995],
       [-97.73575037364566, 30.28756378185300, 163.52732486184686],
       [-97.73572599264538, 30.28758226979898, 157.33790167700499],
       [-97.73575588941065, 30.28757967645709, 153.49208804778755],
       [-97.73580238911191, 30.28754211917652, 141.91970203351229],
       [-97.73576586432085, 30.28756568070478, 152.60629326943308],
       [-97.73569774895050, 30.28754882366135, 160.50854738056660],
       [-97.73574256292055, 30.28754750522000, 158.46026338916272],
       [-97.73575640991992, 30.28755177000100, 156.09203689638525],
       [-97.73570251676725, 30.28753940969452, 163.03744792565703],
       [-97.73568024413247, 30.28754181069692, 169.82716865651309],
       [-97.73569399894480, 30.28752226415648, 169.96972081344575],
       [-97.73572774276761, 30.28755821710336, 173.01307156495750],
       [-97.73573856157044, 30.28756196834551, 175.71337406709790],
       [-97.73575826237902, 30.28757322755407, 165.17054317053407],
       [-97.73571007421253, 30.28760637689697, 168.67480295617133],
       [-97.73566676616750, 30.28759789242922, 166.98705952055752],
       [-97.73569389001065, 30.28758792154376, 164.77991037257016],
       [-97.73569843321594, 30.28755147051374, 157.10511698201299],
       [-97.73568957265486, 30.28757145677500, 150.53158414550126],
       [-97.73571898075610, 30.28757210111576, 148.81489709950984],
       [-97.73571723469024, 30.28756404703943, 162.63893164880574],
       [-97.73572433798941, 30.28759646907078, 174.29948316700757],
       [-97.73571668350523, 30.28760662674297, 175.83801365736872],
       [-97.73567890470545, 30.28759226414312, 167.94429505616426],
       [-97.73575213340183, 30.28756498572549, 163.41089199017733],
       [-97.73572368924211, 30.28757069463059, 171.45410263538361],
       [-97.73567910762610, 30.28758432793949, 161.32096870988607],
       [-97.73567278719142, 30.28756421695724, 156.07028134819120],
       [-97.73569658321721, 30.28755569278660, 149.09333919733763],
       [-97.73568386886362, 30.28755236050698, 144.04778000339866],
       [-97.73571622201236, 30.28756454266383, 148.93521850742400],
       [-97.73573185128770, 30.28756455616607, 157.16549215186387],
       [-97.73574097403488, 30.28754163919798, 155.32106624636799],
       [-97.73574619607361, 30.28752291296903, 156.14437680784613],
       [-97.73572736636017, 30.28755326359288, 163.77196589857340],
       [-97.73570894225867, 30.28751534464088, 163.38322090823203],
       [-97.73573916600394, 30.28752538327434, 156.23528422694653],
       [-97.73570372022101, 30.28754120609657, 170.59682805743068],
       [-97.73573534776889, 30.28751526334084, 171.10318072885275],
       [-97.73575847011422, 30.28747350603538, 160.01363106723875],
       [-97.73575631541460, 30.28748304190107, 156.36426841467619],
       [-97.73569693464827, 30.28751200813296, 157.18674649763852],
       [-97.73568998249355, 30.28753836925321, 156.62704877089709],
       [-97.73574472977297, 30.28754000081966, 148.54089120775461],
       [-97.73573300729917, 30.28750871971285, 143.79531094804406],
       [-97.73570293950762, 30.28753482170798, 146.78995263762772],
       [-97.73568944043272, 30.28754073711218, 156.77595131471753],
       [-97.73571755459454, 30.28755961445491, 158.75332939531654],
       [-97.73572300152257, 30.28755813066388, 158.98803149722517],
       [-97.73572144086287, 30.28751658618009, 151.13933373987675],
       [-97.73573632547301, 30.28751849395538, 150.44762121886015],
       [-97.73575262142671, 30.28750479349312, 150.23370712902397],
       [-97.73572582653789, 30.28750426051004, 159.14308707136661],
       [-97.73568516672152, 30.28751955244386, 157.91419960279018],
       [-97.73568408826625, 30.28750437765229, 168.98186048679054],
       [-97.73567921101856, 30.28750508686990, 158.93986961059272],
       [-97.73570300346766, 30.28752395927317, 161.79842175170779],
       [-97.73571005083051, 30.28750043600627, 167.48855064064264],
       [-97.73575117643348, 30.28745918150761, 151.34615257289261],
       [-97.73577351921608, 30.28745996082116, 146.37922572623938],
       [-97.73577383646874, 30.28751104906703, 154.10091519448906],
       [-97.73570611653612, 30.28750219123903, 153.46211994066834],
       [-97.73568376122411, 30.28752547235160, 154.49248909298331],
       [-97.73569200001562, 30.28754005371914, 150.95872590597719],
       [-97.73568517178700, 30.28751266389673, 148.65923264622688],
       [-97.73572936838680, 30.28746878144153, 151.45878453925252],
       [-97.73571951882025, 30.28748884359483, 157.11692350730300],
       [-97.73575622871489, 30.28746351861436, 152.88528664037585],
       [-97.73575205997975, 30.28746673560757, 157.79441219940782],
       [-97.73576623431407, 30.28750301094337, 149.20446676108986],
       [-97.73572045689647, 30.28752920127313, 164.38639311119914],
       [-97.73571294814063, 30.28749478932683, 164.65575481764972],
       [-97.73565939779338, 30.28752306398025, 156.03575948160142],
       [-97.73569933342903, 30.28750710087177, 148.77006004098803],
       [-97.73570146917460, 30.28752286437167, 156.95369592308998],
       [-97.73565124656267, 30.28755020353952, 171.24933816958219],
       [-97.73565461720742, 30.28754021588357, 158.35465919971466],
       [-97.73565524047629, 30.28753307734419, 150.45453400444239],
       [-97.73570471846428, 30.28747644248755, 161.11784194782376],
       [-97.73573797813279, 30.28750512833306, 166.09050872083753],
       [-97.73576336680543, 30.28752873281898, 167.30042924918234],
       [-97.73574297237147, 30.28748583917589, 164.83125919755548],
       [-97.73573215008886, 30.28748622640961, 164.28406518325210],
       [-97.73574758959903, 30.28750387978439, 156.60279108490795],
       [-97.73571363919552, 30.28750303987932, 161.46897818520665],
       [-97.73569068952440, 30.28750141411831, 163.06271069310606],
       [-97.73570067380531, 30.28751500658719, 160.19641725998372],
       [-97.73569406812543, 30.28755290954232, 142.83705505728722],
       [-97.73573247894149, 30.28751250701228, 149.28632715623826],
       [-97.73571941599431, 30.28747670735504, 141.56610392592847],
       [-97.73573010925689, 30.28749534293120, 149.45815092418343],
       [-97.73575425679083, 30.28751339460697, 153.42432774789631],
       [-97.73575129881856, 30.28753210207928, 153.88218185957521],
       [-97.73570979542632, 30.28750964582636, 160.02865648549050],
       [-97.73566088841839, 30.28748959459113, 166.95223920606077],
       [-97.73567588502169, 30.28746693818003, 179.21677390113473],
       [-97.73570564632769, 30.28746693851679, 179.53856780473143],
       [-97.73570954737762, 30.28749154940729, 169.89694390259683],
       [-97.73576803957226, 30.28751572269206, 156.64903783053160],
       [-97.73576287633600, 30.28749265043720, 164.06953391432762],
       [-97.73575724969973, 30.28750685691759, 158.73215883970261],
       [-97.73573869225795, 30.28752093639809, 157.05557725764811],
       [-97.73573482189596, 30.28750225375870, 159.53312939777970],
       [-97.73575372258591, 30.28745348091690, 149.36459322739393],
       [-97.73568963245530, 30.28751692025603, 169.97020161803812],
       [-97.73568419974322, 30.28750473157017, 167.76571282465011],
       [-97.73577086391295, 30.28749835103715, 169.94576660450548],
       [-97.73578019934577, 30.28751537303020, 159.75583002530038],
       [-97.73574470553568, 30.28751443413862, 162.68806133419275],
       [-97.73573952778365, 30.28748985619834, 166.07199208438396],
       [-97.73574093450544, 30.28745934944374, 159.01199718285352],
       [-97.73574505274777, 30.28747569321599, 153.94643286988139],
       [-97.73574207901662, 30.28747056377956, 151.29766623489559],
       [-97.73571640850487, 30.28747825741110, 160.06653779279441],
       [-97.73572079915959, 30.28748474163129, 167.18918175157160],
       [-97.73571576220500, 30.28749661633940, 156.08423409517854],
       [-97.73572129963092, 30.28745698255214, 150.18500927183777],
       [-97.73573895659680, 30.28748226854632, 144.48297783639282],
       [-97.73579174281120, 30.28746522682712, 144.48656903859228],
       [-97.73578028114841, 30.28748278450387, 140.43281941395253],
       [-97.73578808212578, 30.28746743612375, 150.08393905218691],
       [-97.73573751742013, 30.28749346606498, 159.24921640940011],
       [-97.73571752726858, 30.28749659733733, 163.78914324846119],
       [-97.73574219433193, 30.28743969900449, 164.30929143168032],
       [-97.73572045774844, 30.28743363185158, 167.03021964989603],
       [-97.73570270287502, 30.28745663286659, 166.67103683762252],
       [-97.73576068859148, 30.28746194121176, 164.53522801771760],
       [-97.73575045341619, 30.28748103543578, 162.51233808696270],
       [-97.73572241237831, 30.28748553077662, 155.98830879852176],
       [-97.73574888169168, 30.28746391045218, 167.02583614457399],
       [-97.73579289472703, 30.28747924456491, 159.44973932765424],
       [-97.73581576136854, 30.28747884462448, 155.91901653725654],
       [-97.73578327014927, 30.28746582906069, 155.25627398677170],
       [-97.73578794454443, 30.28746437550015, 151.26092950906605],
       [-97.73576293866427, 30.28749895777525, 144.42123799677938],
       [-97.73576085021844, 30.28747970090755, 142.64376542065293],
       [-97.73577858250179, 30.28748274268117, 149.42592837102711],
       [-97.73575796425513, 30.28748829193134, 159.95917629729956],
       [-97.73570910592163, 30.28748170037137, 165.82969927415252],
       [-97.73575508403619, 30.28746200694522, 156.94298285618424],
       [-97.73577385414744, 30.28747895619417, 160.01719810906798],
       [-97.73575821960559, 30.28750504605003, 156.42194329854101],
       [-97.73574679743436, 30.28748331556165, 158.87378319725394],
       [-97.73578487286268, 30.28750375522416, 151.41356057021767],
       [-97.73576697928961, 30.28749375685613, 145.00301531050354],
       [-97.73572939852070, 30.28753122241785, 149.12733669392765],
       [-97.73577184363104, 30.28752355973949, 151.57361456938088],
       [-97.73577925700233, 30.28748678837374, 144.57201469596475],
       [-97.73571899783092, 30.28746598117879, 148.67076531797647],
       [-97.73570657624710, 30.28745735463134, 165.92687446065247],
       [-97.73571873310345, 30.28747188417044, 159.93999599758536],
       [-97.73573164709838, 30.28749462973659, 161.55804859567434],
       [-97.73577775040908, 30.28750216727338, 166.28792280890048],
       [-97.73574524419725, 30.28750184222596, 176.30364191997796],
       [-97.73576817278681, 30.28753681862161, 167.63867869041860],
       [-97.73576625172170, 30.28751723038252, 163.82051030639559],
       [-97.73573563061527, 30.28749345768374, 165.95007843337953],
       [-97.73575895982560, 30.28748986200061, 162.47410734184086],
       [-97.73575672097242, 30.28750490674317, 152.95650680363178],
       [-97.73573933969375, 30.28752619544494, 150.23362884763628],
       [-97.73577446577310, 30.28748076220050, 159.43646458815783],
       [-97.73572508159688, 30.28750540932153, 159.20137595944107],
       [-97.73572558462587, 30.28753256835964, 175.89705627970397],
       [-97.73574582418235, 30.28752880754881, 184.15881887357682],
       [-97.73581328342810, 30.28745701218966, 173.67585603985935],
       [-97.73574708709896, 30.28751953153709, 170.92254412919283],
       [-97.73571353053315, 30.28752151720565, 161.99455582629889],
       [-97.73576775631290, 30.28748256942481, 153.35325098596513],
       [-97.73574935323964, 30.28748938455479, 168.84203017596155],
       [-97.73575286857874, 30.28747968574685, 162.08421687781811],
       [-97.73573872356565, 30.28748904359001, 150.99296041857451],
       [-97.73573400323048, 30.28750646022143, 165.04755796957761],
       [-97.73576138898146, 30.28751988420598, 161.04541081003845],
       [-97.73576405492389, 30.28754642729282, 158.84561348427087],
       [-97.73575572222951, 30.28757099070573, 150.50027947220951],
       [-97.73576433009718, 30.28752297847866, 154.47952085267752],
       [-97.73577320034201, 30.28754390435100, 166.30289584305137],
       [-97.73579783039925, 30.28751736759984, 169.27935228310525],
       [-97.73576236716437, 30.28748957426717, 175.03511108178645],
       [-97.73578731880306, 30.28747131544063, 161.13086625002325],
       [-97.73580418205782, 30.28748280013904, 152.32000782527030],
       [-97.73579535818077, 30.28747396275274, 169.50602461490780],
       [-97.73577023776093, 30.28748452012984, 159.92489479202777],
       [-97.73574257524744, 30.28754456976759, 172.30023884680122],
       [-97.73578521774026, 30.28754210191104, 165.32121705636382],
       [-97.73579214341221, 30.28751961974423, 167.76403658185154],
       [-97.73580969773101, 30.28749017323547, 163.98330112826079],
       [-97.73576686619650, 30.28748816892877, 166.46655986551195],
       [-97.73576412627685, 30.28748870934572, 166.38998965453357],
       [-97.73574098169857, 30.28748718350561, 168.86889575421810],
       [-97.73573566286066, 30.28751667903354, 174.80280723795295],
       [-97.73570611863775, 30.28749266815601, 178.10142040997744],
       [-97.73574051950465, 30.28746856157692, 158.21670139953494],
       [-97.73574088774316, 30.28750988642960, 157.89769828412682],
       [-97.73575399838313, 30.28749417257806, 168.65354602131993],
       [-97.73577228121596, 30.28749414530803, 172.56285470351577],
       [-97.73576630964034, 30.28749420439487, 171.28768032882363],
       [-97.73577656469547, 30.28750980319970, 170.09927811566740],
       [-97.73577811174256, 30.28749384942078, 165.28041047509760],
       [-97.73575601953205, 30.28750616796764, 170.89287435449660],
       [-97.73569002597513, 30.28752371582344, 181.84146359190345],
       [-97.73569097870796, 30.28754520484899, 167.82979762367904],
       [-97.73570223371800, 30.28750973842477, 174.82007650658488],
       [-97.73572921786567, 30.28750131206467, 173.47364362888038],
       [-97.73575524953947, 30.28749428316123, 172.41201556846499],
       [-97.73574343933375, 30.28749071756028, 175.18828312400728],
       [-97.73575676116874, 30.28749794805308, 167.06417762488127],
       [-97.73575800193605, 30.28754081864216, 167.31725468952209],
       [-97.73577554547958, 30.28750615412337, 158.49855278898031],
       [-97.73577162685358, 30.28753195126387, 162.80200840719044],
       [-97.73571980946630, 30.28756665574235, 175.08185999933630],
       [-97.73574007119198, 30.28751514416950, 177.37642924487591],
       [-97.73571018242254, 30.28753001715418, 177.25843151658773],
       [-97.73575535200725, 30.28751375812310, 174.35623559262604],
       [-97.73574353341364, 30.28750068747101, 175.49731749668717],
       [-97.73575270585347, 30.28750442960065, 167.85574476886541],
       [-97.73576299422406, 30.28746697170620, 169.77245228178799],
       [-97.73576008653950, 30.28748435401976, 176.34922098182142],
       [-97.73572915075998, 30.28750629609288, 164.52992522995919],
       [-97.73574192626315, 30.28749349556055, 150.00178695376962],
       [-97.73572539423259, 30.28752166155844, 162.67877870704979],
       [-97.73571822954371, 30.28756511487640, 169.12191026937217],
       [-97.73573127694786, 30.28755149229442, 171.59684989601374],
       [-97.73569359088977, 30.28757555722836, 171.16430513747036],
       [-97.73567990758765, 30.28757584549035, 164.04541493859142],
       [-97.73567347833232, 30.28755248023676, 175.62852229271084],
       [-97.73569976456876, 30.28746383933813, 175.11817739997059],
       [-97.73578304249443, 30.28745582501672, 171.31306889932603],
       [-97.73572461674570, 30.28752000719000, 180.51882477384061],
       [-97.73572070087303, 30.28757243165491, 186.85361405648291],
       [-97.73572968568362, 30.28756028245201, 180.43667805287987],
       [-97.73576775986483, 30.28753639352663, 179.15603741072118],
       [-97.73579164802626, 30.28750466576273, 170.53316540736705],
       [-97.73575621070680, 30.28752462503214, 168.52817253209651],
       [-97.73575825995371, 30.28752595549343, 166.84160438366234],
       [-97.73574159654332, 30.28748961977201, 165.79525149893016],
       [-97.73571502811978, 30.28749466565089, 155.46834520343691],
       [-97.73570952120588, 30.28752712008126, 161.81172793172300],
       [-97.73575202743883, 30.28753088364829, 169.68945385888219],
       [-97.73575318019579, 30.28752854981208, 156.38276743050665],
       [-97.73577724169436, 30.28754159501431, 170.51702023949474],
       [-97.73576038396146, 30.28754319522272, 185.03503202181309],
       [-97.73578346925012, 30.28754788439552, 178.61268177535385],
       [-97.73573203026457, 30.28752071024319, 174.28101437631994],
       [-97.73574144210650, 30.28746741866012, 167.79278298374265],
       [-97.73569105860848, 30.28751540244760, 167.72576621267945],
       [-97.73573247223993, 30.28750301207884, 176.00783877633512],
       [-97.73573418293458, 30.28752784056706, 174.40886310115457],
       [-97.73570528560123, 30.28755166500218, 175.69639110937715],
       [-97.73572121629304, 30.28754007400246, 172.73170368187129],
       [-97.73572899781854, 30.28755867495270, 173.97710409015417],
       [-97.73573581859122, 30.28759003720081, 169.01550282537937],
       [-97.73574585059167, 30.28753374603157, 156.95652353763580],
       [-97.73572212296855, 30.28753266338580, 159.91171939764172],
       [-97.73569696939975, 30.28753505020046, 155.95439958944917],
       [-97.73573059686929, 30.28753927208411, 166.92964102793485],
       [-97.73568041331036, 30.28757386221804, 173.52543099224567],
       [-97.73563862964882, 30.28756518790602, 183.72578060161322],
       [-97.73566069051049, 30.28755605567618, 183.10637282207608],
       [-97.73571204660058, 30.28760284042802, 171.51365598198026],
       [-97.73574104358070, 30.28757067880933, 174.14475646708161],
       [-97.73570869224329, 30.28754544938658, 171.55100713297725],
       [-97.73566379783435, 30.28756659792224, 175.21021282579750],
       [-97.73571265570943, 30.28756737291270, 177.95980314631015],
       [-97.73572971794736, 30.28755055434968, 172.40646295063198],
       [-97.73569570112019, 30.28755055417851, 169.71172644104809],
       [-97.73567670717976, 30.28754917029260, 169.12148556206375],
       [-97.73567684811644, 30.28757326487633, 170.29573146253824],
       [-97.73568218645792, 30.28762760752877, 173.22140022087842],
       [-97.73568414759410, 30.28756165946235, 177.58884202130139],
       [-97.73570363330862, 30.28757964523508, 174.12949139531702],
       [-97.73571873672448, 30.28756235573845, 170.63882993441075],
       [-97.73575653994266, 30.28757302076028, 163.92739865463227],
       [-97.73571940518163, 30.28757806434395, 176.23553041275591],
       [-97.73571911798159, 30.28757786180202, 174.21334702055901],
       [-97.73575231234611, 30.28754576874017, 170.57066728919744],
       [-97.73575378181545, 30.28753747274027, 162.73547203931957],
       [-97.73567241395752, 30.28757377609571, 177.61563474312425],
       [-97.73567383978107, 30.28759588860300, 178.79781005065888],
       [-97.73566172841466, 30.28759229112183, 177.10532668419182],
       [-97.73567891825515, 30.28759956239508, 172.53008739184588],
       [-97.73570312523854, 30.28757294252367, 173.11264896020293],
       [-97.73571817332433, 30.28758128383588, 181.45979013666511],
       [-97.73572818782030, 30.28757664584019, 169.19323605019599],
       [-97.73575594385873, 30.28757497812046, 171.07424159161747],
       [-97.73575334433735, 30.28758217783140, 162.32295019738376],
       [-97.73573503777222, 30.28754227635828, 167.51726571843028],
       [-97.73571012432514, 30.28753412890502, 174.26817892212421],
       [-97.73571378157513, 30.28757448137681, 171.84911689534783],
       [-97.73572099210361, 30.28753928775336, 164.79457665793598],
       [-97.73573338602283, 30.28757168852682, 171.16104758344591],
       [-97.73573500972645, 30.28753056106259, 179.85516311600804],
       [-97.73573099278350, 30.28749491058529, 173.74509770236909],
       [-97.73570639008049, 30.28755041750985, 174.85503267962486],
       [-97.73573753290849, 30.28754883243190, 167.88326100818813],
       [-97.73572786415380, 30.28752883770616, 178.25209881924093],
       [-97.73570879238639, 30.28753334335187, 176.44201902672648],
       [-97.73571559531038, 30.28750136690928, 182.13447439018637],
       [-97.73569846429793, 30.28752853285840, 169.60763169266284],
       [-97.73568606933964, 30.28756127280028, 167.57058470044285],
       [-97.73571052513762, 30.28756185024242, 172.65968142263591],
       [-97.73575317233478, 30.28752768641297, 168.64560437481850],
       [-97.73577396288505, 30.28752613437426, 169.07968813553452],
       [-97.73579065884252, 30.28752695806603, 184.72804996650666],
       [-97.73577759133541, 30.28751209569870, 174.46116161532700],
       [-97.73576754875712, 30.28748781860409, 168.67421808466315],
       [-97.73574219926675, 30.28750381215192, 175.36778655089438],
       [-97.73572120974406, 30.28754834525414, 183.41979242675006],
       [-97.73572004782456, 30.28753088046243, 175.13284432049841],
       [-97.73570179989396, 30.28752381694624, 173.24953734315932],
       [-97.73574088156464, 30.28751148598322, 176.71268411073834],
       [-97.73574695173275, 30.28751955139521, 177.57088142819703],
       [-97.73573755699091, 30.28753845107477, 170.38732578977942],
       [-97.73570610685111, 30.28758745026056, 170.98313696309924],
       [-97.73573859997458, 30.28755057319389, 165.80077253468335],
       [-97.73577203193985, 30.28754399737414, 179.95535662211478],
       [-97.73575569315723, 30.28750977801664, 178.19058027304709],
       [-97.73575835349244, 30.28748261812796, 181.48238953575492],
       [-97.73576847744825, 30.28746999043303, 173.16901452187449],
       [-97.73577430931459, 30.28746465222875, 166.73302321042866],
       [-97.73575476815644, 30.28745659565793, 180.49719545524567],
       [-97.73571759371991, 30.28755307361630, 185.05150345712900],
       [-97.73573712620430, 30.28751207005441, 176.12664861697704],
       [-97.73576444975869, 30.28748924310378, 172.36099353246391],
       [-97.73577286725606, 30.28752840993941, 179.13444732222706],
       [-97.73575127674680, 30.28750748731624, 177.24115636106580],
       [-97.73573115527884, 30.28751076972871, 168.98005428444594],
       [-97.73569954421534, 30.28753209477681, 160.76415718160570],
       [-97.73575786587254, 30.28749589395153, 167.80295556411147],
       [-97.73575892161125, 30.28750242224006, 181.33382068667561],
       [-97.73571427386210, 30.28753686566290, 174.25635586772114],
       [-97.73575988699824, 30.28752037694358, 183.03230221848935],
       [-97.73575078593059, 30.28750700243252, 186.66831438336521],
       [-97.73576383228900, 30.28751288461134, 175.87161507457495],
       [-97.73578672051887, 30.28748888156203, 162.61353701725602],
       [-97.73580386362516, 30.28745577551716, 170.00535592623055],
       [-97.73573952422576, 30.28751101625290, 177.38555794488639],
       [-97.73575046401938, 30.28748251942257, 175.55377496033907],
       [-97.73576944846018, 30.28750756163697, 163.24350742716342],
       [-97.73571282991489, 30.28752974840009, 158.78913355711848],
       [-97.73572376145428, 30.28752601818770, 171.81641454063356],
       [-97.73569473465797, 30.28751180641474, 176.13589164894074],
       [-97.73574138466628, 30.28747793130037, 172.99085860792547],
       [-97.73574822817993, 30.28751719184157, 176.19398671295494],
       [-97.73576796545402, 30.28749085950225, 164.65864201262593],
       [-97.73575266922828, 30.28750065537497, 167.04039887432009],
       [-97.73573274715584, 30.28755524056736, 165.33218285627663],
       [-97.73574957165762, 30.28753086569082, 170.14869435410947],
       [-97.73570147571073, 30.28751929743696, 182.17721024435014],
       [-97.73571123555470, 30.28750092918604, 167.61084300186485],
       [-97.73570559485209, 30.28751652243957, 172.17999982926995],
       [-97.73574622656548, 30.28749948530699, 163.35792832635343],
       [-97.73574020881141, 30.28750663992141, 158.63250910025090],
       [-97.73574408742314, 30.28752477773677, 159.66338874772191],
       [-97.73575922987372, 30.28751704750674, 171.22986574657261],
       [-97.73575284591210, 30.28749819629260, 176.13613759912550],
       [-97.73576312762297, 30.28748653114640, 173.79789961874485],
       [-97.73572746874549, 30.28751435330102, 167.85453935991973],
       [-97.73569602262219, 30.28750975310454, 165.64222918543965],
       [-97.73569218858356, 30.28752672882370, 182.03535726666451],
       [-97.73570232752704, 30.28751763250154, 173.18587897438556],
       [-97.73571823271257, 30.28752442998501, 173.70743614993989],
       [-97.73570768553755, 30.28754217456801, 170.76846704818308],
       [-97.73570596424508, 30.28753876176433, 177.69606837537140],
       [-97.73571460572819, 30.28752770661499, 173.43086715973914],
       [-97.73572897187685, 30.28753689171591, 173.40761246904731],
       [-97.73570867393703, 30.28752033691926, 155.98506654147059],
       [-97.73567253135714, 30.28751602448645, 165.36392072029412],
       [-97.73570738380141, 30.28751697497518, 167.65303277969360],
       [-97.73570980455446, 30.28754567077499, 168.67097700200975],
       [-97.73568478465042, 30.28755689351709, 171.02500511705875],
       [-97.73572427685025, 30.28754999962583, 159.80032897833735],
       [-97.73571715712211, 30.28751983819262, 162.55804822780192],
       [-97.73571782824338, 30.28750801748016, 169.22465190198272],
       [-97.73573331361742, 30.28748906392168, 155.96725611295551],
       [-97.73574401738642, 30.28753145735648, 164.39697723835707],
       [-97.73573397091666, 30.28754826941731, 163.09367300290614],
       [-97.73573621783568, 30.28753517551105, 157.76461922936141],
       [-97.73569777025551, 30.28755257744077, 170.11558397021145],
       [-97.73569987016475, 30.28761725545212, 167.68173287156969],
       [-97.73566225650615, 30.28759760910183, 172.10101347602904],
       [-97.73568599256471, 30.28755148698242, 163.62453060410917],
       [-97.73568726474360, 30.28753611875977, 162.95000324770808],
       [-97.73571797664766, 30.28752106951756, 172.90689143817872],
       [-97.73574468552056, 30.28748441976025, 167.18616628274322],
       [-97.73569140867194, 30.28751562501886, 176.38747772667557],
       [-97.73566330014599, 30.28752151613475, 178.20877948310226],
       [-97.73571533146378, 30.28750119736597, 175.52171941939741],
       [-97.73574712123232, 30.28747102306107, 174.84061880595982],
       [-97.73568001873733, 30.28750871568434, 163.95059467200190],
       [-97.73568250604845, 30.28756238416003, 165.08092510234565],
       [-97.73570560819174, 30.28754610734539, 165.75086564943194],
       [-97.73569209118575, 30.28756982939118, 163.66938120126724],
       [-97.73570508046821, 30.28754929787878, 155.14410238899291],
       [-97.73572734541594, 30.28755468138901, 159.12608106061816],
       [-97.73572732203624, 30.28753569139484, 162.44861108809710],
       [-97.73572903436784, 30.28752061844469, 172.25238693319261],
       [-97.73565200870503, 30.28757494433663, 172.20575574506074],
       [-97.73567448661257, 30.28754071875177, 183.75386764574796],
       [-97.73571017530584, 30.28748256603572, 169.22181521076709],
       [-97.73570874165820, 30.28750704902212, 168.43806196283549],
       [-97.73566473552953, 30.28753426623962, 171.91456502210349],
       [-97.73566115744104, 30.28754128651657, 172.05400687828660],
       [-97.73567759326573, 30.28754280351071, 166.50663449242711],
       [-97.73572347582572, 30.28754199008338, 164.18373854737729],
       [-97.73574632787864, 30.28752792705220, 166.61796631384641],
       [-97.73569208650940, 30.28753591705331, 165.71003114804626],
       [-97.73566781874452, 30.28754374928545, 160.24674392025918],
       [-97.73567394712592, 30.28753867217156, 166.55343175493181],
       [-97.73567516939849, 30.28753833305893, 155.86415092460811],
       [-97.73568159471603, 30.28749606794997, 169.41812234278768],
       [-97.73568302237854, 30.28749416289007, 164.63388866651803],
       [-97.73570756170759, 30.28750981755634, 171.88293004967272],
       [-97.73572529001686, 30.28753192878550, 173.20805510319769],
       [-97.73570709095847, 30.28757455806937, 171.26819688733667],
       [-97.73569757527250, 30.28756897769745, 173.93949296046048],
       [-97.73571103557762, 30.28752042467945, 163.37276129424572],
       [-97.73574803587701, 30.28750334839374, 161.79868221934885],
       [-97.73572275270685, 30.28753619778567, 180.61335641145706],
       [-97.73568050047430, 30.28753992701536, 183.23972827754915],
       [-97.73569656235176, 30.28749603835024, 179.13904859498143],
       [-97.73572608045070, 30.28750059525569, 182.21249316073954],
       [-97.73572011950993, 30.28749853204975, 177.05001598037779],
       [-97.73571095610643, 30.28752759581019, 172.43575607985258],
       [-97.73573263077988, 30.28748255287408, 154.66475300677121],
       [-97.73571212269621, 30.28754741572704, 163.61201677285135],
       [-97.73573968095741, 30.28750248134180, 162.78322315495461],
       [-97.73574208636656, 30.28749605514309, 160.07409169804305],
       [-97.73574735618477, 30.28748088715351, 161.25981847103685],
       [-97.73576679489250, 30.28749890681220, 166.89189435821027],
       [-97.73572952330402, 30.28750747613972, 172.38461394142359],
       [-97.73572939960016, 30.28754461139933, 171.80753428395838],
       [-97.73567969757460, 30.28749333460193, 168.53157560527325],
       [-97.73569626337810, 30.28751389241974, 169.75193462800235],
       [-97.73575079314531, 30.28752177973401, 169.66031630523503],
       [-97.73572953460952, 30.28748980212603, 173.36950064543635],
       [-97.73570444308614, 30.28752306781660, 168.95579837076366],
       [-97.73574806538542, 30.28752193352462, 163.02619773894548],
       [-97.73575011242282, 30.28750008763376, 160.36123663280159],
       [-97.73571639206345, 30.28753292735400, 156.65066698566079],
       [-97.73569713437935, 30.28750716623501, 158.06338106282055],
       [-97.73573297130952, 30.28748217941932, 163.30130981653929],
       [-97.73570521824321, 30.28751870732907, 165.76873135566711],
       [-97.73570321481299, 30.28750989373155, 170.83357878215611],
       [-97.73572223158592, 30.28751472027871, 177.34904171433300],
       [-97.73572011088629, 30.28750383437472, 174.49103459436446],
       [-97.73571147871330, 30.28754433920957, 170.41715995967388],
       [-97.73575760422419, 30.28750223624540, 169.82770941685885],
       [-97.73573134258599, 30.28753597201611, 177.61090835183859],
       [-97.73573974765286, 30.28755332744024, 170.14063184335828],
       [-97.73573071964904, 30.28747452676879, 155.69298552628607],
       [-97.73569631386324, 30.28747462321734, 166.85460459906608],
       [-97.73572736905059, 30.28750862674131, 173.67066097259521],
       [-97.73577037392866, 30.28750222336883, 167.10681813675910],
       [-97.73573253779500, 30.28749344010728, 168.04243721161038],
       [-97.73573294470519, 30.28751588073379, 162.47162320930511],
       [-97.73574029875790, 30.28751669904763, 160.42745989002287],
       [-97.73574527370269, 30.28752105062261, 167.97595761157572],
       [-97.73573728718094, 30.28755012075287, 166.42014815658331],
       [-97.73572013207759, 30.28751630043697, 165.03950065840036],
       [-97.73571055541686, 30.28756203841224, 166.47651665750891],
       [-97.73569031743007, 30.28760340514578, 173.17395024187863],
       [-97.73573543389894, 30.28757803106520, 170.07506889384240],
       [-97.73574438248467, 30.28752937935931, 169.02174561191350],
       [-97.73574072804830, 30.28751735727747, 178.16608530003577],
       [-97.73571115841050, 30.28751484700177, 173.46731401234865],
       [-97.73573431948979, 30.28754052036705, 166.76235313341022],
       [-97.73573656546149, 30.28756394130550, 169.52905493043363],
       [-97.73571613592432, 30.28758511654952, 161.77221272327006],
       [-97.73572622268433, 30.28756529977366, 164.73985438887030],
       [-97.73575172485933, 30.28754888900405, 158.89173825550824],
       [-97.73577235877981, 30.28751931497593, 153.45678340923041],
       [-97.73576589596217, 30.28751603938686, 155.49996171053499],
       [-97.73570939479038, 30.28755221418489, 162.27966094203293],
       [-97.73571322095869, 30.28756290756685, 173.02996966708452],
       [-97.73571146082932, 30.28755373687300, 171.98496744222939],
       [-97.73571703188796, 30.28754197112373, 168.45467533823103],
       [-97.73573393871867, 30.28756102682801, 172.29437119048089],
       [-97.73576328994298, 30.28754840376152, 175.43264297861606],
       [-97.73577567272233, 30.28753870359403, 169.40077335201204],
       [-97.73575390805756, 30.28753348950976, 171.64918674994260],
       [-97.73574301146245, 30.28753148116827, 163.70772840827703],
       [-97.73575659038816, 30.28753054075882, 159.07385253999382],
       [-97.73574805722259, 30.28753790612117, 153.87446283828467],
       [-97.73570540102712, 30.28754721302273, 159.26221800781786],
       [-97.73571414643456, 30.28756039551762, 173.47609562054276],
       [-97.73574496818969, 30.28747654737719, 168.64408514648676],
       [-97.73572425986269, 30.28756065998555, 184.56363748945296],
       [-97.73577060269299, 30.28751127257625, 166.39692305494100],
       [-97.73577178432619, 30.28748266555320, 162.52956213708967],
       [-97.73574334433675, 30.28752309581695, 165.88617778941989],
       [-97.73572293854748, 30.28755169725054, 163.55491930991411],
       [-97.73576335179926, 30.28756247726844, 172.14419289398938],
       [-97.73568608214667, 30.28754130951328, 173.31185855530202],
       [-97.73569307155655, 30.28749847852462, 162.10838622041047],
       [-97.73576836427863, 30.28753604966647, 161.08825645688921],
       [-97.73575898743550, 30.28750068465963, 155.74226373713464],
       [-97.73580485922513, 30.28749072727927, 157.36659569106996],
       [-97.73581564416460, 30.28753557369097, 153.63739395048469],
       [-97.73574625395794, 30.28755077786409, 163.05990172177553],
       [-97.73573215513510, 30.28750781658099, 169.99660305958241],
       [-97.73570788464508, 30.28755896307165, 175.13056072779000],
       [-97.73574934790143, 30.28756569026711, 175.58416744507849],
       [-97.73573880337264, 30.28752826438184, 159.52208508364856],
       [-97.73570094264601, 30.28754574298479, 170.74262123368680],
       [-97.73573468742767, 30.28752936376957, 170.64177395030856],
       [-97.73573810270611, 30.28748459646511, 158.03457008209080],
       [-97.73574434267907, 30.28750993656179, 158.36299081891775],
       [-97.73574165358495, 30.28753321770278, 163.30952460132539],
       [-97.73571009498066, 30.28753449828145, 160.61427159607410],
       [-97.73571045620976, 30.28750142771004, 159.79923256300390],
       [-97.73574357817583, 30.28752061945034, 176.16311055235565],
       [-97.73575905890522, 30.28752519402975, 165.08028848376125],
       [-97.73574328072452, 30.28750658867735, 171.59570947289467],
       [-97.73576495349457, 30.28751973767136, 173.22820545360446],
       [-97.73570805935717, 30.28754743438515, 180.86041704565287],
       [-97.73571543770126, 30.28752916897081, 182.16089347749949],
       [-97.73572117131249, 30.28752735586103, 170.64564639702439],
       [-97.73576461164737, 30.28752624775394, 160.45370262768120],
       [-97.73576762157782, 30.28752112305389, 164.71565672662109],
       [-97.73570664338540, 30.28756023890185, 177.74557145684958],
       [-97.73571883567979, 30.28749435385039, 166.66374700050801],
       [-97.73570311224113, 30.28754192911001, 158.35151847451925],
       [-97.73572912854016, 30.28756518357489, 164.72838836442679],
       [-97.73571682313934, 30.28750921431863, 164.74173966422677],
       [-97.73574657926706, 30.28748703200773, 162.61218425538391],
       [-97.73570643089836, 30.28750592212764, 173.52989112026989],
       [-97.73572495384565, 30.28748833194747, 170.64904504548758],
       [-97.73574092297029, 30.28745290955761, 165.23152099456638],
       [-97.73575455219193, 30.28747783060930, 170.86719422508031],
       [-97.73568344766979, 30.28751525528172, 166.99615386035293],
       [-97.73570890508563, 30.28749762639539, 165.55344999488443],
       [-97.73570717208933, 30.28747613742991, 170.54488850384951],
       [-97.73570298375664, 30.28752787217067, 175.92812398634851],
       [-97.73572576532912, 30.28749145886212, 158.30429982487112],
       [-97.73575302434405, 30.28747454704849, 158.37066651415080],
       [-97.73573665862682, 30.28752885833649, 165.90328594855964],
       [-97.73573015609746, 30.28751913750882, 170.02714052330703],
       [-97.73572841446700, 30.28747063241684, 174.79071028623730],
       [-97.73574099212180, 30.28746764047705, 172.31315507553518],
       [-97.73571014065111, 30.28746108729550, 175.16983039211482],
       [-97.73569143401465, 30.28750834837343, 172.84728631656617],
       [-97.73572271900689, 30.28751036394840, 166.08671988733113],
       [-97.73571797772594, 30.28750197161407, 164.06722234841436],
       [-97.73572230211171, 30.28751511637958, 163.88079479336739],
       [-97.73569592666603, 30.28756159291220, 161.19690431188792],
       [-97.73573015398563, 30.28751208129819, 151.22104303631932],
       [-97.73572997530324, 30.28745992427685, 159.79464349616319],
       [-97.73574696242858, 30.28744677451040, 160.13996768463403],
       [-97.73575826606785, 30.28746031363168, 161.33121199347079],
       [-97.73578651607022, 30.28749834911435, 160.25488131586462],
       [-97.73580807300262, 30.28746596240741, 143.60081377904862],
       [-97.73577343024306, 30.28747341674609, 155.95330004300922],
       [-97.73576609305726, 30.28747848859108, 149.47518369834870],
       [-97.73572888450373, 30.28750344721523, 161.83591048792005],
       [-97.73568320968425, 30.28754448463366, 164.07051231991500],
       [-97.73568793104009, 30.28752667814572, 168.95663147326559],
       [-97.73569112818890, 30.28754082700880, 171.03128178976476],
       [-97.73566329953866, 30.28756269813322, 171.50795652158558],
       [-97.73571235528377, 30.28750342441642, 173.25978102907538],
       [-97.73574617233321, 30.28749505465960, 177.51385541260242],
       [-97.73576862623445, 30.28747938045899, 177.29368183761835],
       [-97.73578552252836, 30.28744732801197, 166.34342599287629],
       [-97.73578461631998, 30.28749807064390, 163.47607269138098],
       [-97.73574087254676, 30.28749705550230, 166.91802236530930],
       [-97.73574088382156, 30.28748956568699, 170.54993637092412],
       [-97.73573735122498, 30.28750669166224, 161.99655759427696],
       [-97.73570898789205, 30.28749304716800, 162.66985018178821],
       [-97.73570674426341, 30.28753028653151, 163.34742161724716],
       [-97.73569523167080, 30.28753267759150, 171.02442175243050],
       [-97.73572542118073, 30.28749560177184, 171.51544229593128],
       [-97.73573657107838, 30.28752307425500, 156.03801589924842],
       [-97.73574839218745, 30.28752758469630, 155.80862483847886],
       [-97.73572902160159, 30.28748059996452, 164.54827302321792],
       [-97.73569475697734, 30.28751815915535, 179.89534330461174],
       [-97.73568719902127, 30.28753846073635, 184.23937387112528],
       [-97.73572019214353, 30.28754167336048, 180.72156820073724],
       [-97.73570192548659, 30.28750896121716, 167.02740872930735],
       [-97.73569075333127, 30.28750312205692, 163.31979668978602],
       [-97.73572504466448, 30.28751892893161, 164.70330620929599],
       [-97.73574710251400, 30.28751826855776, 158.15567744895816],
       [-97.73574697654392, 30.28753376795661, 157.10646896529943],
       [-97.73574362901229, 30.28750986970784, 156.49292595311999],
       [-97.73577495771654, 30.28748210854772, 156.37839079182595],
       [-97.73576840034427, 30.28749180441658, 166.01062410976738],
       [-97.73569611213711, 30.28752748391244, 173.89835472591221],
       [-97.73570056905459, 30.28752269520147, 170.39562405552715],
       [-97.73572652924797, 30.28748092558144, 166.57492222916335],
       [-97.73573533712653, 30.28746320217968, 168.00682785641402],
       [-97.73575899688205, 30.28746295398674, 169.25415951572359],
       [-97.73570551241976, 30.28748774378554, 163.95431453641504],
       [-97.73570288167714, 30.28750107023273, 166.80420903768390],
       [-97.73575987908013, 30.28748760837232, 157.58076621126384],
       [-97.73579511143191, 30.28752255462607, 158.81279864814132],
       [-97.73575868072662, 30.28750302075223, 151.96944351680577],
       [-97.73572337314455, 30.28752246425054, 148.63607924152166],
       [-97.73575379806648, 30.28749538140409, 157.18973862286657],
       [-97.73574858090711, 30.28747182712864, 158.24897574633360],
       [-97.73567030727477, 30.28752435590539, 168.65822284016758],
       [-97.73567909529403, 30.28751138060281, 166.62846763897687],
       [-97.73572745755571, 30.28750441017909, 153.53493885975331],
       [-97.73573782848742, 30.28749524724532, 156.28433731291443],
       [-97.73575850735354, 30.28749819967180, 165.49839135725051],
       [-97.73574388188874, 30.28750880757173, 162.10696882382035],
       [-97.73574689309326, 30.28750974231203, 166.57616874482483],
       [-97.73573209222256, 30.28752472888402, 172.13407044671476],
       [-97.73575512782986, 30.28749881130973, 161.36543456092477],
       [-97.73574814282652, 30.28748473320676, 166.60570792201906],
       [-97.73575307796774, 30.28750777080375, 170.43369731586426],
       [-97.73568840023066, 30.28751242857565, 154.57232413254678],
       [-97.73573040361816, 30.28746088330832, 145.27510618884116],
       [-97.73571064193926, 30.28749105777813, 153.18328499887139],
       [-97.73574400813656, 30.28749774483562, 148.47818906325847],
       [-97.73575620261767, 30.28750192135209, 158.65578673407435],
       [-97.73578529745640, 30.28750301232889, 158.97450109478086],
       [-97.73577565380576, 30.28749976921834, 162.28979748487473],
       [-97.73573893771885, 30.28748686304548, 164.77356313634664],
       [-97.73572244359448, 30.28749702379970, 170.18277275282890],
       [-97.73570762151475, 30.28746539046626, 161.35994850844145],
       [-97.73569215824605, 30.28750067373186, 172.06468853913248],
       [-97.73571219224411, 30.28753265931675, 178.04374549724162],
       [-97.73570328666605, 30.28750867747070, 169.15796046331525],
       [-97.73571582700610, 30.28750999820205, 155.06520407740027],
       [-97.73574802481133, 30.28751246355340, 150.78438516892493],
       [-97.73575315380019, 30.28749542869847, 145.97281970269978],
       [-97.73568093265250, 30.28752890449797, 154.02599754370749],
       [-97.73574098357814, 30.28749746783768, 158.92132283467799],
       [-97.73573269248654, 30.28750378240855, 157.56191997509450],
       [-97.73572220384463, 30.28751138409493, 164.55756976641715],
       [-97.73569851805006, 30.28751170562214, 178.97196590527892],
       [-97.73574017207805, 30.28750614209726, 165.83366816304624],
       [-97.73572725526668, 30.28750478723406, 167.11818446870893],
       [-97.73571556402959, 30.28750046374659, 154.71293340902776],
       [-97.73572075831726, 30.28752722710529, 152.95070612709969],
       [-97.73571030989915, 30.28751778020381, 145.61464781779796],
       [-97.73568876343863, 30.28753128363961, 151.79947825986892],
       [-97.73568539769484, 30.28755432420572, 164.96780080627650],
       [-97.73569543622082, 30.28750353759934, 165.72806392330676],
       [-97.73576999064879, 30.28754241753428, 165.86557813547552],
       [-97.73579456180239, 30.28751668555440, 157.58866770658642],
       [-97.73569880359840, 30.28751725322559, 161.39609270635992],
       [-97.73573907914219, 30.28751621175894, 175.52251495700330],
       [-97.73575488317695, 30.28751566951805, 164.47174727730453],
       [-97.73577367350782, 30.28749422174473, 151.21481701452285],
       [-97.73577503815011, 30.28748182042910, 171.57021484430879],
       [-97.73582079586082, 30.28746380675850, 168.96281526423991],
       [-97.73579770316069, 30.28749096353364, 170.54626410175115],
       [-97.73575355319670, 30.28750851119111, 173.02591309137642],
       [-97.73573249154767, 30.28750904013149, 168.82484700903296],
       [-97.73572301619825, 30.28751022447232, 163.07616843562573],
       [-97.73575190934780, 30.28752557405369, 160.86447318922728],
       [-97.73576786133540, 30.28750411489586, 163.50200098007917],
       [-97.73573414873982, 30.28751738144535, 166.54221961833537],
       [-97.73573383427271, 30.28754278085822, 156.27103048097342],
       [-97.73580253578412, 30.28748949107579, 160.13211949262768],
       [-97.73577294411696, 30.28748838162759, 164.99747925624251],
       [-97.73576043512394, 30.28749327820915, 159.66629878897220],
       [-97.73568083079854, 30.28746481563454, 172.17787519656122],
       [-97.73573268206573, 30.28744967132289, 170.97280491143465],
       [-97.73576181618229, 30.28746820192778, 159.31333004776388],
       [-97.73578195130239, 30.28745990232784, 158.67267894092947],
       [-97.73577327064253, 30.28748125940104, 163.36361297033727],
       [-97.73579176719181, 30.28748003831030, 166.56487139593810],
       [-97.73579230086109, 30.28747487255126, 158.60534386429936],
       [-97.73576234947772, 30.28751043952969, 159.87708753533661],
       [-97.73576038390161, 30.28748319745589, 159.82705375459045],
       [-97.73576700452682, 30.28747871948382, 162.78453379403800],
       [-97.73577596582975, 30.28747692089210, 165.43308398686349],
       [-97.73575962012281, 30.28747839666266, 166.39588288497180],
       [-97.73574041513213, 30.28748567758600, 169.78384286258370],
       [-97.73575724767106, 30.28750648084421, 169.21871535014361],
       [-97.73576406631085, 30.28749295007139, 159.96117424685508],
       [-97.73578294961710, 30.28745369241729, 164.99187047313899],
       [-97.73576417322060, 30.28746559098633, 160.17321884445846],
       [-97.73575849377430, 30.28748334459475, 160.85226354934275],
       [-97.73579140436011, 30.28747335303746, 169.21678362693638],
       [-97.73577543989856, 30.28747861591674, 171.26596101932228],
       [-97.73574550060243, 30.28748422059754, 162.01054511964321],
       [-97.73569559071956, 30.28747365363480, 158.92989869136363],
       [-97.73570797100891, 30.28748592525836, 153.42193765286356],
       [-97.73568931193611, 30.28747648152964, 158.83978387434036],
       [-97.73570325851824, 30.28750535208242, 169.51769859343767],
       [-97.73575231119057, 30.28748576597108, 169.64439656399190],
       [-97.73575125177740, 30.28749701297424, 171.28685285989195],
       [-97.73572080857454, 30.28753220211413, 164.01823082845658],
       [-97.73574460148792, 30.28750229563638, 156.59025120921433],
       [-97.73571600170953, 30.28751447869051, 170.00183346681297],
       [-97.73574593430259, 30.28751821043048, 178.12318270094693],
       [-97.73574297642405, 30.28745233725343, 169.15852960944176],
       [-97.73571056413270, 30.28749081092441, 163.68260850757360],
       [-97.73568411074157, 30.28748011612934, 170.51967367064208],
       [-97.73573369159085, 30.28746484339109, 163.88258552178741],
       [-97.73571942760690, 30.28748433059698, 166.84630261547863],
       [-97.73572398414848, 30.28750282409532, 166.73765017651021],
       [-97.73572294645919, 30.28747611267463, 165.94729670789093],
       [-97.73570306683102, 30.28748523166427, 164.98477044794708],
       [-97.73573197007674, 30.28744820298250, 162.13033836893737],
       [-97.73577978276394, 30.28742471214963, 171.75954407453537],
       [-97.73573037417655, 30.28745457513398, 174.86473310459405],
       [-97.73571531612862, 30.28743887389429, 180.69075829349458],
       [-97.73575344690160, 30.28746036539988, 174.13805735018104],
       [-97.73574409848912, 30.28746648346564, 171.87628053594381],
       [-97.73573532616953, 30.28746371823551, 174.96066295076162],
       [-97.73574351269211, 30.28747676196253, 166.19564380776137],
       [-97.73576250299818, 30.28745000491675, 161.68236690200865],
       [-97.73569924463014, 30.28750851176894, 168.35132005345076],
       [-97.73572892071374, 30.28749997445210, 166.41109286248684],
       [-97.73574685663590, 30.28747084457409, 179.69746732525527],
       [-97.73571282256719, 30.28748464083664, 173.93830591905862],
       [-97.73568111718615, 30.28751940889888, 188.34217237401754],
       [-97.73570127746198, 30.28748959830569, 190.83185198064893],
       [-97.73570328717445, 30.28750468403172, 181.91662786807865],
       [-97.73574782376109, 30.28748831237402, 180.25935022160411],
       [-97.73573512194424, 30.28752518079260, 180.39969549328089],
       [-97.73578198826475, 30.28749178745671, 171.21088195499033],
       [-97.73576750885955, 30.28749480411583, 180.15542827546597],
       [-97.73574972429937, 30.28747788478498, 174.29200081899762],
       [-97.73575993422857, 30.28747692464655, 162.95508916489780],
       [-97.73572733220992, 30.28751127100134, 171.06265392340720],
       [-97.73568083097686, 30.28751434949341, 189.29353992827237],
       [-97.73571795730329, 30.28748249492656, 178.00567195098847],
       [-97.73574331576022, 30.28749023993985, 176.73916557617486],
       [-97.73570349375213, 30.28752955509715, 180.68008598219603],
       [-97.73568993936355, 30.28753641001770, 181.18526149168611],
       [-97.73572206769718, 30.28753044298734, 185.24151407182217],
       [-97.73568772196326, 30.28752134798544, 181.03849264979362],
       [-97.73572885848800, 30.28747446328290, 180.13346132449806],
       [-97.73570793081782, 30.28748249315878, 167.66985237877816],
       [-97.73570770664375, 30.28753062096559, 168.99777029082179],
       [-97.73572388424047, 30.28756596358768, 178.34412719402462],
       [-97.73572178827607, 30.28752470178344, 160.65663056820631],
       [-97.73567428737040, 30.28750046742929, 168.29500435199589],
       [-97.73565879588432, 30.28753468296346, 171.19436701945961],
       [-97.73565967673842, 30.28755909867225, 179.07805932685733],
       [-97.73570684426447, 30.28754825460422, 176.32167812157422],
       [-97.73573631984824, 30.28755652653239, 168.67243940755725],
       [-97.73573557878321, 30.28755093302300, 155.97427855804563],
       [-97.73569942246189, 30.28754759576962, 159.31172257103026],
       [-97.73573087008255, 30.28751486704956, 175.82917745131999],
       [-97.73573659513767, 30.28753598370612, 175.78539492841810],
       [-97.73571395305915, 30.28756566507350, 170.48382670711726],
       [-97.73572944512331, 30.28754795991163, 172.97136922739446],
       [-97.73574086695663, 30.28757168290634, 167.63645038288087],
       [-97.73569929617278, 30.28755776693733, 169.23186165932566],
       [-97.73572627620968, 30.28753903003362, 164.04825588222593],
       [-97.73571647265493, 30.28755470858270, 165.86867554392666],
       [-97.73572795732235, 30.28751408396628, 167.84266912750900],
       [-97.73572844101810, 30.28752500016742, 170.48835528269410],
       [-97.73571518506340, 30.28756444177428, 170.44458998180926],
       [-97.73572060922572, 30.28754846038635, 168.00711374916136],
       [-97.73569265103154, 30.28758126326298, 175.85507730487734],
       [-97.73569924303278, 30.28752810811325, 177.77967181056738],
       [-97.73571676410852, 30.28751012261710, 172.95598139986396],
       [-97.73577055790547, 30.28752847522374, 174.27946048323065],
       [-97.73572874770680, 30.28755893960548, 169.45255798008293],
       [-97.73573617067829, 30.28754627347543, 161.93860962241888],
       [-97.73571882119987, 30.28751986790566, 159.60296750441194],
       [-97.73573413824838, 30.28750292640470, 166.49013143684715],
       [-97.73574874792813, 30.28751956878095, 154.56301895901561],
       [-97.73572164338886, 30.28755732027259, 162.75554523803294],
       [-97.73571707595471, 30.28752380060540, 155.33341299928725],
       [-97.73571549269873, 30.28752452564141, 154.90249681565911],
       [-97.73577116301419, 30.28750821447083, 163.84473473858088],
       [-97.73573013981616, 30.28755045794081, 169.10787894297391],
       [-97.73570174051694, 30.28757634420072, 174.35986572876573],
       [-97.73573514795424, 30.28754441107925, 153.01138716097921],
       [-97.73573233622537, 30.28754141914622, 156.94800424203277],
       [-97.73574937486168, 30.28750674812690, 171.70579895749688],
       [-97.73573785801807, 30.28751251444726, 167.84922743029892],
       [-97.73573844245925, 30.28755333111028, 158.86012525763363],
       [-97.73573557223519, 30.28751728218371, 151.35997857619077],
       [-97.73572289836854, 30.28755071803331, 159.42234922014177],
       [-97.73572811639909, 30.28751933744320, 164.18648557364941],
       [-97.73569347487293, 30.28751067897905, 170.59762617573142],
       [-97.73573697174015, 30.28754727163150, 163.82735431473702],
       [-97.73575333605505, 30.28754065265701, 165.31999766360968],
       [-97.73575102688829, 30.28751723273616, 164.50315412227064],
       [-97.73576283309447, 30.28749745510271, 164.56849281862378],
       [-97.73576220597404, 30.28746919318637, 160.13803039770573],
       [-97.73576986261860, 30.28750545944569, 166.55992938671261],
       [-97.73576697195341, 30.28750277130250, 171.03019831702113],
       [-97.73572790078759, 30.28749645679076, 176.40733875799924],
       [-97.73568571622842, 30.28752138351033, 171.10020437557250],
       [-97.73566321890331, 30.28749223392984, 161.68437661975622],
       [-97.73570847912026, 30.28753073058137, 166.61014755163342],
       [-97.73571787133281, 30.28751085793227, 155.83773687761277],
       [-97.73570821851678, 30.28750589216352, 156.92886242549866],
       [-97.73574827197905, 30.28747865361198, 158.50487430300564],
       [-97.73574005342263, 30.28745898012361, 169.84749007783830],
       [-97.73572722045499, 30.28750299732831, 167.81422423850745],
       [-97.73575723613490, 30.28748527062931, 145.44380246568471],
       [-97.73572569630491, 30.28750253344673, 158.49602552689612],
       [-97.73571987264143, 30.28747257559690, 163.45851113740355],
       [-97.73572366626759, 30.28747050167903, 164.26569628529251],
       [-97.73573318351239, 30.28748760055353, 158.78041129466146],
       [-97.73572868043379, 30.28749263420178, 156.57952479738742],
       [-97.73570002771355, 30.28750941386570, 166.80070568528026],
       [-97.73576465570233, 30.28751256779906, 150.09656165167689],
       [-97.73577893113016, 30.28746850551628, 143.59354720171541],
       [-97.73576714544269, 30.28746826328008, 146.80298630986363],
       [-97.73573682071147, 30.28749101120280, 151.69430164340883],
       [-97.73572833665614, 30.28756823013871, 156.20585166849196],
       [-97.73576512410909, 30.28750107029622, 151.78201935719699],
       [-97.73572965120331, 30.28749218183712, 154.23014985863119],
       [-97.73568728357387, 30.28750581921250, 168.65534026548266],
       [-97.73569337442261, 30.28752264537529, 168.49298257101327],
       [-97.73568686791293, 30.28753442823287, 172.57733900099993],
       [-97.73570987993148, 30.28750741348244, 156.06583995092660],
       [-97.73569472731045, 30.28751142950898, 159.01515647489578],
       [-97.73575027599844, 30.28751433436285, 151.18460146430880],
       [-97.73577095265489, 30.28750761741238, 140.96941880229861],
       [-97.73572078081513, 30.28754740173219, 155.23039389681071],
       [-97.73570429155971, 30.28754740697119, 160.56810419727117],
       [-97.73569044362631, 30.28752235359741, 162.99536351114511],
       [-97.73571528976957, 30.28752319957101, 167.93068586103618],
       [-97.73569292441873, 30.28754808070345, 164.37051158957183],
       [-97.73567333779242, 30.28753200200859, 159.80316337104887],
       [-97.73567397338063, 30.28752794411426, 173.52262560278177],
       [-97.73572175501840, 30.28753613629001, 167.65809782687575],
       [-97.73572982453335, 30.28754821457045, 163.67350364569575],
       [-97.73574796858392, 30.28751013114399, 165.15633787959814],
       [-97.73569537762231, 30.28751870819100, 174.06810026802123],
       [-97.73573197335038, 30.28749577816451, 165.55618959572166],
       [-97.73573270248568, 30.28748876901507, 159.03362225182354],
       [-97.73569070872689, 30.28752726358684, 168.15693273302168],
       [-97.73567299348578, 30.28753723084932, 163.15007102582604],
       [-97.73566849338317, 30.28750712415329, 158.55401890072972],
       [-97.73564103576697, 30.28753458567562, 159.19553857482970],
       [-97.73566459573644, 30.28752414510550, 155.83820411097258],
       [-97.73573590728586, 30.28750714410634, 149.28947465308011],
       [-97.73575427142927, 30.28752660431042, 158.46506629418582],
       [-97.73572615037227, 30.28754105839029, 167.17986070550978],
       [-97.73569991755760, 30.28756921140361, 173.24415879510343],
       [-97.73570917263058, 30.28752829006253, 169.73862149100751],
       [-97.73569779214645, 30.28754245540688, 179.73900688625872],
       [-97.73567032365474, 30.28753665652296, 178.37005881778896],
       [-97.73568247803404, 30.28750539680509, 167.12260527815670],
       [-97.73565663385928, 30.28754607192608, 171.46489792224020],
       [-97.73570979620246, 30.28754313156901, 164.32844125758857],
       [-97.73570911513377, 30.28753929154416, 169.27941855695099],
       [-97.73573678004475, 30.28753863730619, 152.20618087146431],
       [-97.73576051907250, 30.28751609511352, 155.51570716127753],
       [-97.73571565891311, 30.28755014625518, 157.82439943682402],
       [-97.73569012868904, 30.28755028095318, 164.19100001174957],
       [-97.73568702252251, 30.28753456634268, 166.06064430344850],
       [-97.73569513444515, 30.28754493700245, 177.70105774234980],
       [-97.73572971505733, 30.28750806525002, 172.72959556523710],
       [-97.73571265279782, 30.28749898332284, 168.36925406195223],
       [-97.73568988337620, 30.28754105378080, 172.05856765061617],
       [-97.73565379169719, 30.28756114373363, 176.63550472166389],
       [-97.73567379003400, 30.28755503565919, 172.46697522141039],
       [-97.73573197127629, 30.28749416153431, 158.55407773330808],
       [-97.73574993640527, 30.28751007037916, 152.87877499498427],
       [-97.73571574338936, 30.28750742886629, 165.09215431846678],
       [-97.73571548296714, 30.28752227485867, 172.34480473119766],
       [-97.73570117274768, 30.28751510353461, 172.18797895312309],
       [-97.73570119823300, 30.28758035903100, 186.43134315405041],
       [-97.73565956629149, 30.28756673797849, 185.71005160454661],
       [-97.73569122213462, 30.28754683160216, 173.32140269316733],
       [-97.73571007825369, 30.28754421513366, 177.39282821957022],
       [-97.73567549291394, 30.28756735439421, 172.25450951233506],
       [-97.73567560899163, 30.28757563123296, 175.84147728234529],
       [-97.73570692183760, 30.28754490105960, 169.01827534567565],
       [-97.73569400505730, 30.28757412600163, 171.94239704217762],
       [-97.73573522196180, 30.28755785585058, 172.16300612408668],
       [-97.73572356389624, 30.28752946033697, 169.86715692654252],
       [-97.73567387863082, 30.28752560461086, 170.98791660089046],
       [-97.73565724918281, 30.28756359609361, 193.46139688789845],
       [-97.73567464611742, 30.28756374860376, 183.98848187085241],
       [-97.73569073320211, 30.28751389930856, 168.57015081867576],
       [-97.73570108091235, 30.28748891653638, 172.81497096922249],
       [-97.73568363612526, 30.28750710882922, 166.45548063237220],
       [-97.73569550803559, 30.28754323173198, 176.81712890695781],
       [-97.73569718132146, 30.28757677091129, 169.22602973598987],
       [-97.73571082795020, 30.28756494761680, 172.97168754693121],
       [-97.73573623958812, 30.28750831549886, 158.79631468281150],
       [-97.73570526335114, 30.28753624184824, 175.05305545497686],
       [-97.73565998986300, 30.28756583612923, 180.36408370546997],
       [-97.73565579615662, 30.28757680129272, 171.34405406657606],
       [-97.73569784249008, 30.28756601771777, 169.25776950828731],
       [-97.73570662036353, 30.28752557456690, 172.61882526054978],
       [-97.73568730791277, 30.28752400303690, 176.63196376524866],
       [-97.73572374188581, 30.28755428452048, 174.89419947005808],
       [-97.73570960885020, 30.28757776484868, 180.79043183010072],
       [-97.73565347459024, 30.28756908197219, 183.71730527002364],
       [-97.73568530010527, 30.28755606834090, 179.47545725572854],
       [-97.73566850305598, 30.28756037947869, 169.51480642519891],
       [-97.73565804898546, 30.28753601700581, 179.01064712647349],
       [-97.73568770977036, 30.28752146498027, 181.72793187014759],
       [-97.73570625839335, 30.28751990485641, 181.61426655296236],
       [-97.73571175916587, 30.28753374521240, 168.99295062664896],
       [-97.73566024939991, 30.28752288079582, 163.66609960235655],
       [-97.73566624571663, 30.28751067126253, 166.72543241456151],
       [-97.73571812236615, 30.28752895780040, 168.52739420440048],
       [-97.73572476115420, 30.28757316836507, 176.61027169506997],
       [-97.73571158444314, 30.28756372090416, 179.67295894958079],
       [-97.73565835199527, 30.28753891324423, 187.93831816874444],
       [-97.73569953863388, 30.28750754741125, 167.37853287998587],
       [-97.73566361897366, 30.28752045598532, 159.95128194615245],
       [-97.73569689417388, 30.28757053914403, 155.56307853758335],
       [-97.73571233068887, 30.28762578270745, 148.41474492568523],
       [-97.73576994042597, 30.28756474896909, 154.45992194022983],
       [-97.73568824885260, 30.28756897679268, 158.86636816058308],
       [-97.73567345116228, 30.28759967750894, 171.03892478346825],
       [-97.73569685200890, 30.28756962052019, 169.56151434965432],
       [-97.73569472632633, 30.28758517815842, 167.92465844843537],
       [-97.73571605992527, 30.28753214330675, 176.43113067280501],
       [-97.73570529331811, 30.28754764967876, 185.89510932937264],
       [-97.73572446833045, 30.28754544566077, 173.33606579992920],
       [-97.73572843476035, 30.28754626272493, 168.26259122323245],
       [-97.73574927597083, 30.28754746567843, 163.83192971628159],
       [-97.73569292911695, 30.28754204946683, 156.94011612609029],
       [-97.73571739670777, 30.28753059302744, 162.42285538092256],
       [-97.73577453014599, 30.28754126745794, 158.45556741487235],
       [-97.73578260029326, 30.28758620963849, 158.56040962599218],
       [-97.73572047176749, 30.28752959305329, 157.47500758804381],
       [-97.73573223504741, 30.28752491885773, 154.94533259700984],
       [-97.73573891391263, 30.28747907161355, 150.78511001076549],
       [-97.73571391456822, 30.28751612959093, 167.21326353307813],
       [-97.73566921874558, 30.28757321205710, 179.06108707562089],
       [-97.73565893096928, 30.28758224676182, 180.49375774338841],
       [-97.73572687929072, 30.28757364167863, 181.59270898625255],
       [-97.73573614426100, 30.28753708820125, 177.33281162660569],
       [-97.73570617450098, 30.28753482381143, 178.73762144055218],
       [-97.73569776138517, 30.28753703790294, 164.04263658076525],
       [-97.73571028605869, 30.28756535850500, 153.17177328001708],
       [-97.73575017887318, 30.28749158551999, 147.18604646530002],
       [-97.73568845959326, 30.28754216206223, 155.75161701999605],
       [-97.73570270948116, 30.28753588307490, 147.86215829756111],
       [-97.73567428726241, 30.28757570275111, 153.20421853009611],
       [-97.73568955117713, 30.28756015424251, 166.69338635075837],
       [-97.73571037517037, 30.28756492860850, 174.63528736867011],
       [-97.73568744949910, 30.28756831527788, 168.75197126716375],
       [-97.73567267945026, 30.28755564585744, 163.67574574612081],
       [-97.73567811901903, 30.28754312486339, 161.28538968507200],
       [-97.73569516204978, 30.28756442374772, 171.75315932370722],
       [-97.73572593665287, 30.28753522477247, 177.50273995473981],
       [-97.73572858594518, 30.28753701243244, 167.71235275547951],
       [-97.73570087528917, 30.28753137113055, 162.43061696458608],
       [-97.73573289701179, 30.28751765797928, 156.49923868570477],
       [-97.73571211292285, 30.28758597772776, 165.33719569817185],
       [-97.73570175053989, 30.28760373313904, 162.61410509701818],
       [-97.73570650238658, 30.28757671642098, 155.77287336625159],
       [-97.73569829911970, 30.28752640880462, 163.48226263839751],
       [-97.73573660261539, 30.28752818198657, 157.12519054580480],
       [-97.73576214820750, 30.28749621150404, 159.40139767434448],
       [-97.73576005064801, 30.28748029467579, 166.52009049337357],
       [-97.73573358451554, 30.28750419149528, 169.25637732166797],
       [-97.73571788468867, 30.28753931500525, 161.20472809206694],
       [-97.73571514496216, 30.28756905346673, 155.07640123553574],
       [-97.73571665683539, 30.28757239822608, 152.62603104114532],
       [-97.73571690309974, 30.28754316234478, 158.72500735241920],
       [-97.73572973871218, 30.28753220216581, 161.46851577050984],
       [-97.73570701234489, 30.28752323956131, 154.45341335795820],
       [-97.73569989818732, 30.28753115967081, 158.13221005722880],
       [-97.73570114771110, 30.28752301812388, 160.14235256705433],
       [-97.73573199617918, 30.28751864640468, 153.85285561718047],
       [-97.73575409070848, 30.28750065501426, 156.24201535061002],
       [-97.73574264371214, 30.28749898510281, 161.03951088804752],
       [-97.73575555149452, 30.28754753042652, 159.11665923427790],
       [-97.73576262863389, 30.28756098888282, 151.53778146207333],
       [-97.73574913510792, 30.28756638939679, 156.64992140419781],
       [-97.73572294036882, 30.28755487254264, 158.67584005277604],
       [-97.73573542080007, 30.28754028470826, 163.71195760462433],
       [-97.73576429099489, 30.28751191822346, 160.90763642638922],
       [-97.73576063844683, 30.28748711183573, 158.81798789370805],
       [-97.73574273289765, 30.28752024418728, 160.28097317554057],
       [-97.73572194502886, 30.28757639407105, 172.15565486252308],
       [-97.73577853572895, 30.28757025703500, 159.32605738379061],
       [-97.73580252409937, 30.28753088983181, 147.22946708463132],
       [-97.73570737303430, 30.28757124466626, 157.83995742350817],
       [-97.73566565946184, 30.28760251287370, 163.25465617701411],
       [-97.73571164050854, 30.28759817997837, 156.61094145383686],
       [-97.73576233615725, 30.28759119852202, 165.35836397856474],
       [-97.73573610627820, 30.28757193291410, 169.11877204570919],
       [-97.73571557536030, 30.28750370907469, 169.52503516431898],
       [-97.73570669576847, 30.28756201675877, 160.62124855630100],
       [-97.73572497770820, 30.28758423924953, 165.44364298786968],
       [-97.73572970296119, 30.28754263314289, 164.03733924217522],
       [-97.73571820930790, 30.28753574123431, 157.98707980010659],
       [-97.73571822660475, 30.28753341205032, 154.54187411721796],
       [-97.73574012001059, 30.28752190549736, 153.10475680045784],
       [-97.73575916994892, 30.28753978894293, 160.00613057333976],
       [-97.73572069732217, 30.28758660155531, 162.94772947393358],
       [-97.73572748479091, 30.28757470828853, 164.22960177809000],
       [-97.73574744466968, 30.28754488427057, 160.97196713928133],
       [-97.73573514976887, 30.28755968902571, 159.78188169747591],
       [-97.73574650081004, 30.28752714383272, 164.42894076555967],
       [-97.73569404282179, 30.28753232676560, 165.88084512669593],
       [-97.73570875506988, 30.28756211320865, 175.41195966023952],
       [-97.73572741637214, 30.28750467354385, 168.74212831351906],
       [-97.73571214343481, 30.28750979935509, 171.14823411032557],
       [-97.73569400621714, 30.28755857367180, 171.54479724355042],
       [-97.73574922654700, 30.28755597754195, 169.87255942076445],
       [-97.73575351119656, 30.28760492537706, 165.69527133647352],
       [-97.73573752271207, 30.28759193143853, 156.58896595053375],
       [-97.73573252287876, 30.28748865139073, 145.78110430762172],
       [-97.73576298354354, 30.28749623118021, 144.10109725315124],
       [-97.73574125937574, 30.28754220700845, 153.61138695105910],
       [-97.73575037494537, 30.28755003605155, 159.61199057474732],
       [-97.73573512196704, 30.28752887115941, 153.48447586409748],
       [-97.73581267830775, 30.28750870776745, 150.20407643634826],
       [-97.73580314466500, 30.28751213030989, 156.25678592640907],
       [-97.73573473109302, 30.28752391141967, 163.56179919466376],
       [-97.73572802366159, 30.28756938442547, 159.58788536209613],
       [-97.73574701142587, 30.28755612390788, 152.41071965359151],
       [-97.73574496279642, 30.28752372310349, 152.23213977832347],
       [-97.73567291185135, 30.28757248505282, 158.89704865589738],
       [-97.73578916305566, 30.28746069588048, 141.89882711693645],
       [-97.73583809352657, 30.28747150392259, 154.45746360253543],
       [-97.73580738907057, 30.28752850789963, 158.19964875467122],
       [-97.73580834811966, 30.28753169014575, 156.72538473829627],
       [-97.73573607899560, 30.28753495810549, 157.09981481917202],
       [-97.73571125242201, 30.28754497762601, 158.18610207643360],
       [-97.73572899938878, 30.28748273120976, 156.70373249892145],
       [-97.73577921349417, 30.28750533541331, 159.80540399905294],
       [-97.73575003680664, 30.28753139769505, 147.63455647695810],
       [-97.73568977746258, 30.28756708574328, 163.16389338951558],
       [-97.73572283634017, 30.28753222609295, 167.03762941528112],
       [-97.73573333202120, 30.28749670130351, 165.72872606664896],
       [-97.73572662192959, 30.28755176700509, 159.80200430285186],
       [-97.73577678270614, 30.28752737305247, 159.22611499577761],
       [-97.73577548734673, 30.28751092272972, 152.91685941349715],
       [-97.73577317643796, 30.28751062671009, 157.82350774668157],
       [-97.73579091874478, 30.28749673529965, 156.50824796687812],
       [-97.73577208227954, 30.28752500265035, 168.49212292488664],
       [-97.73571528124569, 30.28750746220422, 174.93421345204115],
       [-97.73569021155704, 30.28755743683614, 172.52879567723721],
       [-97.73573895324991, 30.28752992201327, 158.17708129622042],
       [-97.73572934790489, 30.28752868018671, 149.62490848358721],
       [-97.73573690682184, 30.28750333029732, 152.09360886272043],
       [-97.73573029951396, 30.28754350676586, 165.59473770391196],
       [-97.73571746446959, 30.28748785856853, 160.25961333047599],
       [-97.73569753843519, 30.28751789717768, 158.85078419279307],
       [-97.73571048450539, 30.28755663897377, 174.01750315632671],
       [-97.73568624087513, 30.28756848739797, 177.29994739592075],
       [-97.73570867435971, 30.28746491934072, 169.28681045863777],
       [-97.73563162729448, 30.28753706551296, 169.74685428012162],
       [-97.73570902127230, 30.28748498566612, 156.84928009565920],
       [-97.73572767347835, 30.28752539305768, 157.28304629120976],
       [-97.73574980009406, 30.28753022503484, 160.46643524244428],
       [-97.73575138919641, 30.28750191081026, 159.34988940414041],
       [-97.73571613447844, 30.28751096526874, 159.62576567567885],
       [-97.73575295034469, 30.28752357542916, 154.04562769923359],
       [-97.73577227119706, 30.28748236969468, 157.47254644241184],
       [-97.73576795155329, 30.28750181288460, 157.61264096014202],
       [-97.73571023787767, 30.28753263838215, 174.99988446012139],
       [-97.73571645603258, 30.28750233524721, 172.68030341994017],
       [-97.73572533707765, 30.28753034542913, 171.59861183073372],
       [-97.73570853409920, 30.28750796845055, 174.94445554539561],
       [-97.73573623640307, 30.28754493494451, 164.39299171511084],
       [-97.73574370184136, 30.28756973722510, 168.43270674254745],
       [-97.73574617437157, 30.28756921637599, 163.01125952135772],
       [-97.73572534371527, 30.28755785206891, 165.86503850482404],
       [-97.73574166463519, 30.28754250771371, 150.77883233595639],
       [-97.73574926109369, 30.28751745571197, 153.07131842058152],
       [-97.73572332883495, 30.28751630210007, 153.39090403355658],
       [-97.73566393598639, 30.28752830916297, 171.56275806669146],
       [-97.73570794729358, 30.28751685256991, 169.95886089839041],
       [-97.73570976192178, 30.28755641523526, 173.79831558745354],
       [-97.73569137867797, 30.28756005501518, 183.73230399936438],
       [-97.73573715347540, 30.28750219920419, 173.37907808739692],
       [-97.73574368146735, 30.28749466426249, 162.82417974993587],
       [-97.73575245914839, 30.28750546834642, 164.24336531199515],
       [-97.73575284013457, 30.28751469717209, 162.06552529428154],
       [-97.73576658088970, 30.28748716718785, 150.98388693947345],
       [-97.73574164750909, 30.28752446738168, 157.77885037381202],
       [-97.73575193091618, 30.28753127680893, 156.58036551531404],
       [-97.73571427970779, 30.28755166659800, 165.31872777082026],
       [-97.73569323601342, 30.28756869610478, 173.58215065300465],
       [-97.73572270117344, 30.28751419187612, 168.21794257219881],
       [-97.73568074084477, 30.28754260596861, 180.97900328133255],
       [-97.73568409717650, 30.28754287030608, 173.69406558386981],
       [-97.73572223127903, 30.28753457000159, 170.31373623665422],
       [-97.73576185231123, 30.28752881427671, 159.95924476440996],
       [-97.73572195469360, 30.28755060266692, 156.49634936917573],
       [-97.73574540167398, 30.28753867778598, 169.90733482409269],
       [-97.73571178910915, 30.28754670819920, 167.39812096580863],
       [-97.73569802846733, 30.28756178205545, 163.98492861632258],
       [-97.73572971928813, 30.28755201119377, 162.20361764170229],
       [-97.73567196985701, 30.28754261744336, 169.62792525626719],
       [-97.73568479233371, 30.28752565261978, 175.39299244247377],
       [-97.73569244995545, 30.28752827497618, 171.10622141882777],
       [-97.73566150703272, 30.28757485669585, 166.67245790548623],
       [-97.73567126212156, 30.28757298230997, 175.64067994430661],
       [-97.73572544186980, 30.28754077356706, 176.53419253695756],
       [-97.73575171109154, 30.28756264778513, 160.34671625867486],
       [-97.73575052968373, 30.28752581080455, 159.71991641446948],
       [-97.73577263723915, 30.28752186450320, 153.62218052987009],
       [-97.73572723183032, 30.28756119112607, 164.35169211030006],
       [-97.73574064305565, 30.28753736041789, 164.68383464030921],
       [-97.73573023752303, 30.28751929180688, 159.11351395025849],
       [-97.73574057507764, 30.28753609951680, 162.37376255542040],
       [-97.73569159316187, 30.28752642935794, 164.52133576571941],
       [-97.73570315002155, 30.28752589100931, 165.57139283232391],
       [-97.73568400288306, 30.28757958007616, 172.64097495283931],
       [-97.73570212839851, 30.28752442491249, 161.32099623885006],
       [-97.73571664888622, 30.28751353155272, 155.33822146710008],
       [-97.73571679668417, 30.28751254868160, 164.61118558887392],
       [-97.73573956925344, 30.28753975877493, 167.04713372793049],
       [-97.73575543614082, 30.28752747779201, 164.21040460467339],
       [-97.73575344950733, 30.28749601527468, 155.33503103908151],
       [-97.73571641024722, 30.28750925274412, 171.91502510290593],
       [-97.73571787590627, 30.28753024302660, 170.09502912499011],
       [-97.73573975348577, 30.28750633609641, 167.47950798179954],
       [-97.73570929169814, 30.28751879718951, 167.38343608472496],
       [-97.73570706930317, 30.28747167941905, 153.06035706773400],
       [-97.73570664663708, 30.28749743328678, 159.14300231356174],
       [-97.73571799571188, 30.28750966921387, 150.71357531659305],
       [-97.73573954166149, 30.28746989426183, 170.54856759030372],
       [-97.73574023727701, 30.28749483019589, 164.88898095488548],
       [-97.73575907349959, 30.28751902506261, 165.35830988269299],
       [-97.73577827292149, 30.28750350693562, 161.72945856209844],
       [-97.73574100100713, 30.28753731342270, 173.38700772542506],
       [-97.73572517112505, 30.28750105838476, 168.20556015707552],
       [-97.73570912310589, 30.28755798933319, 175.82979539502412],
       [-97.73568129728957, 30.28757159694321, 167.71978489682078],
       [-97.73568628975417, 30.28753174584837, 166.04427668079734],
       [-97.73566517765070, 30.28752791040309, 180.57880896516144],
       [-97.73571485643707, 30.28750241244526, 173.08233116194606],
       [-97.73573859081080, 30.28751619242960, 168.07779258303344],
       [-97.73574736923108, 30.28749460134490, 150.23366794921458],
       [-97.73572628394726, 30.28748691534743, 151.98364016599953],
       [-97.73572242643509, 30.28751875694737, 162.30892099067569],
       [-97.73574699155120, 30.28751572637294, 169.49251838680357],
       [-97.73574313850962, 30.28750252721408, 166.88457741960883],
       [-97.73572616787918, 30.28751872662330, 178.81011612527072],
       [-97.73573878333244, 30.28750387309434, 176.42532593104988],
       [-97.73576881463313, 30.28747433100590, 166.43014234211296],
       [-97.73573954761487, 30.28749982918504, 159.31088875513524],
       [-97.73574724528156, 30.28751739479649, 158.05230428464711],
       [-97.73573681069612, 30.28754556540765, 159.03275740798563],
       [-97.73573975095935, 30.28752982102521, 163.94395161513239],
       [-97.73572220452951, 30.28749903798765, 161.70617575477809],
       [-97.73576451525913, 30.28752004519476, 165.50546576734632],
       [-97.73579016062497, 30.28754011081638, 165.91002367250621],
       [-97.73579273457665, 30.28749679090625, 171.15053540188819],
       [-97.73575670834688, 30.28750364747438, 167.35468306392431],
       [-97.73576180642516, 30.28746477140117, 162.23645264934748],
       [-97.73575347456048, 30.28746290805659, 166.27903993427753],
       [-97.73576169483641, 30.28747710344512, 176.39935630466789],
       [-97.73570148217232, 30.28749029456121, 182.93202527984977],
       [-97.73574020807193, 30.28744568215319, 173.16623135097325],
       [-97.73572695773161, 30.28751560563528, 172.25778113771230],
       [-97.73571504296864, 30.28753250678182, 174.64378959964961],
       [-97.73572323955162, 30.28751241335965, 165.59885820187628],
       [-97.73575065622994, 30.28751428568035, 158.25035133399069],
       [-97.73575849858803, 30.28750339987839, 152.66255797259510],
       [-97.73574214657292, 30.28750618519257, 164.90037575364113],
       [-97.73575627896336, 30.28749481362035, 176.23278164956719],
       [-97.73572748180523, 30.28750507987306, 182.21016626805067],
       [-97.73574526426397, 30.28746980942835, 178.91562836337835],
       [-97.73573921040250, 30.28749232812753, 184.66739319264889],
       [-97.73577099588904, 30.28745889144149, 164.99252593051642],
       [-97.73577609418385, 30.28749227634333, 160.40548713598400],
       [-97.73575070478712, 30.28749220956148, 162.83786007575691],
       [-97.73575001790856, 30.28751271185578, 163.66830314788967],
       [-97.73579735241972, 30.28752972638133, 156.76781343203038],
       [-97.73580358342726, 30.28749436652831, 154.73781672026962],
       [-97.73576865544968, 30.28750631362119, 161.47331456374377],
       [-97.73574276186496, 30.28750736402872, 176.12506064772606],
       [-97.73571512602290, 30.28750385200865, 166.20256481319666],
       [-97.73572082023513, 30.28753025918654, 173.66971208248287],
       [-97.73574300556892, 30.28755206893780, 164.88646315783262],
       [-97.73573186635613, 30.28752222457393, 156.85507920943201],
       [-97.73572409050757, 30.28750986410500, 164.92886834219098],
       [-97.73573986949582, 30.28753895833782, 172.46210590936244],
       [-97.73576039026706, 30.28753871302644, 170.83566202316433],
       [-97.73575727170908, 30.28753715099620, 171.02039814554155],
       [-97.73570510080461, 30.28753281416404, 169.36803776863962],
       [-97.73572898957075, 30.28756283339633, 184.18462653923780],
       [-97.73574771486842, 30.28755201820147, 174.25494480505586],
       [-97.73573072887135, 30.28753498715485, 167.39890759903938],
       [-97.73571059300727, 30.28751851036224, 161.65701130684465],
       [-97.73572218165069, 30.28752394304908, 172.14956958219409],
       [-97.73573942013607, 30.28754423113305, 173.82833777647465],
       [-97.73577569671218, 30.28752334031607, 159.39104653056711],
       [-97.73575120092822, 30.28752609644041, 158.39202797692269],
       [-97.73569879316621, 30.28752232279888, 161.93392102327198],
       [-97.73578347119890, 30.28750513865922, 179.24157144129276],
       [-97.73577507066540, 30.28752800040067, 180.35595879796892],
       [-97.73572877351971, 30.28753548984340, 166.54680332262069],
       [-97.73573060875204, 30.28752354501317, 165.60678450949490],
       [-97.73575527190673, 30.28750924523061, 172.54422035720199],
       [-97.73576747745955, 30.28754219416158, 176.99453397467732],
       [-97.73573964218330, 30.28753015217253, 175.19433934055269],
       [-97.73573155850167, 30.28753396787639, 171.29580003488809],
       [-97.73570235289050, 30.28753507977052, 173.08923603780568],
       [-97.73574667507562, 30.28756054683590, 175.32105320505798],
       [-97.73569383531589, 30.28758801823191, 178.58996605034918],
       [-97.73571373720894, 30.28753887364473, 173.57479964289814],
       [-97.73576125704955, 30.28754181086075, 159.67113876808435],
       [-97.73574659188765, 30.28754123675182, 157.20800303574651],
       [-97.73572701850472, 30.28753901055513, 171.09890101291239],
       [-97.73570016594492, 30.28753020350357, 177.51391078252345],
       [-97.73572356568042, 30.28750927635539, 175.70021936949342],
       [-97.73573838172283, 30.28747326264538, 174.81288731284440],
       [-97.73571257869865, 30.28753843513242, 177.26009178720415],
       [-97.73569442290203, 30.28752434536133, 179.26278489641845],
       [-97.73574306206426, 30.28750492813799, 182.20488706976175],
       [-97.73575216868170, 30.28753772949896, 169.00904841255397],
       [-97.73574000599208, 30.28756056712331, 160.22977881319821],
       [-97.73572038660242, 30.28752781424408, 165.61391684319824],
       [-97.73573393223425, 30.28753500190246, 161.98786692321301],
       [-97.73574145776067, 30.28751282849817, 158.74142928980291],
       [-97.73572948957307, 30.28750677957585, 161.38781907688826],
       [-97.73571782839188, 30.28753474503183, 163.61153855267912],
       [-97.73571247053104, 30.28755986547973, 165.97428415343165],
       [-97.73571768792738, 30.28753501555141, 161.19849689770490],
       [-97.73570480263673, 30.28756270275114, 172.54967261943966],
       [-97.73568382518285, 30.28757428082873, 179.70736268628389],
       [-97.73567929220154, 30.28755263694589, 161.50664607342333],
       [-97.73569563823409, 30.28753685950164, 161.23701395094395],
       [-97.73569718163439, 30.28752822111662, 160.89899762626737],
       [-97.73570174539003, 30.28756383302708, 164.43268055282533],
       [-97.73571368847830, 30.28757502335935, 170.20200819708407],
       [-97.73572380527851, 30.28754562294268, 164.59180006198585],
       [-97.73571937040940, 30.28752655596638, 155.64351119101048],
       [-97.73569954929651, 30.28755358703874, 169.17273436300457],
       [-97.73570035213427, 30.28757883335221, 165.85483590047807],
       [-97.73575309570711, 30.28755831523748, 161.16139593068510],
       [-97.73578087000706, 30.28748296343461, 148.66851510014385],
       [-97.73573030240499, 30.28753130548044, 165.61118476931006],
       [-97.73574794428298, 30.28748997401589, 163.71464327163994],
       [-97.73571530661735, 30.28748833720574, 163.03583111800253],
       [-97.73571406878992, 30.28751762610233, 159.78601058758795],
       [-97.73571289030818, 30.28751363509718, 169.72669741231948],
       [-97.73568921303064, 30.28758608553006, 167.69516929611564],
       [-97.73571625481635, 30.28756314565789, 161.24796972330660],
       [-97.73572205322125, 30.28751515298811, 158.06354921124876],
       [-97.73570225766611, 30.28751416130720, 145.35133457276970],
       [-97.73571871697447, 30.28750369870267, 152.10713510587811],
       [-97.73572355280263, 30.28750273414484, 148.90602836385369],
       [-97.73573606626486, 30.28754040117744, 156.44833128992468],
       [-97.73572351835753, 30.28749671956114, 160.33074634708464],
       [-97.73569615073107, 30.28753245653569, 166.73429116327316],
       [-97.73572744832607, 30.28752471533106, 171.78014060948044],
       [-97.73570349423258, 30.28749217932045, 172.69949959404767],
       [-97.73569679558787, 30.28749657563299, 161.24553222768009],
       [-97.73568560956114, 30.28750349808180, 165.94959870725870],
       [-97.73565888765465, 30.28755164569720, 174.42135532945395],
       [-97.73567453394062, 30.28757893130523, 168.72173285949975],
       [-97.73567353859630, 30.28753329530393, 156.38674558326602],
       [-97.73569880139564, 30.28753019058455, 158.48063783347607],
       [-97.73569720527698, 30.28752795348382, 165.99668939132243],
       [-97.73572205616308, 30.28751825349965, 164.01214359700680],
       [-97.73569399551137, 30.28755523044600, 166.87969300802797],
       [-97.73563582342824, 30.28755757896338, 169.95639215130359],
       [-97.73562156790611, 30.28750590656117, 161.89281914290041],
       [-97.73565088187915, 30.28752905013605, 163.40715116728097],
       [-97.73569288091190, 30.28749054003318, 168.13021533470601],
       [-97.73570109913750, 30.28751947637298, 173.74327474646270],
       [-97.73566411563363, 30.28757021872570, 177.09638713486493],
       [-97.73569924607301, 30.28752326064183, 168.60369521100074],
       [-97.73570072996540, 30.28753837779749, 167.89511820860207],
       [-97.73570646108351, 30.28752057431471, 153.65912503749132],
       [-97.73572760018925, 30.28747163127401, 145.79767363704741],
       [-97.73568844395537, 30.28749917463214, 145.16475077159703],
       [-97.73568423733899, 30.28751107502606, 149.17709330655634],
       [-97.73574316044837, 30.28749245888440, 151.03695019707084],
       [-97.73569720210556, 30.28752267707030, 156.54006231017411],
       [-97.73568373071798, 30.28751834407455, 162.13102457113564],
       [-97.73566617838672, 30.28746967667347, 172.16955767013133],
       [-97.73569867602050, 30.28748880776194, 176.24749202653766],
       [-97.73570000398593, 30.28753632652082, 176.70233483612537],
       [-97.73567111517065, 30.28753955698642, 172.63704428542405],
       [-97.73569500354814, 30.28755780546578, 168.00141591764987],
       [-97.73570261296196, 30.28754847670210, 160.37718787044287],
       [-97.73574100295653, 30.28751517464590, 166.76680298242718],
       [-97.73569734429550, 30.28754117079857, 163.55279955547303],
       [-97.73567885507045, 30.28755035554644, 169.29764256533235],
       [-97.73566750779457, 30.28755342020629, 153.06829089578241],
       [-97.73569615456584, 30.28753269632471, 153.02321536559612],
       [-97.73568111102249, 30.28754080058483, 168.93374616466463],
       [-97.73567555923727, 30.28754580686928, 176.93535658903420],
       [-97.73566857486199, 30.28749215988136, 166.53093574568629],
       [-97.73566639455458, 30.28745974675203, 166.03341041784734],
       [-97.73566654809102, 30.28753172645904, 184.54003141168505],
       [-97.73566349279545, 30.28756423705132, 177.66657232213765],
       [-97.73568884345536, 30.28756139425215, 171.10115954466164],
       [-97.73571960245015, 30.28755775739221, 157.72336011100560],
       [-97.73571500758860, 30.28750664602623, 156.71089357230812],
       [-97.73571771527243, 30.28751928654352, 163.46575037855655],
       [-97.73572832388794, 30.28749516072451, 160.65191844478250],
       [-97.73572042886587, 30.28754698570974, 156.69765949714929],
       [-97.73569414435997, 30.28752182507417, 153.21042624115944],
       [-97.73565505607765, 30.28750762364267, 166.55673146527261],
       [-97.73568205280081, 30.28747116052902, 161.58173810783774],
       [-97.73569563455703, 30.28749809583455, 150.68133489321917],
       [-97.73567845285243, 30.28753798768432, 156.07128440029919],
       [-97.73567473142900, 30.28753639141090, 164.91559033840895],
       [-97.73564239731839, 30.28751012347063, 170.29213627707213],
       [-97.73565169942646, 30.28751933131092, 171.73721171543002],
       [-97.73570066780856, 30.28749187846432, 153.23527311068028],
       [-97.73568263169544, 30.28749622696607, 161.04135925788432],
       [-97.73566173941158, 30.28749938802051, 180.85949102975428],
       [-97.73568098058526, 30.28750025583296, 172.37782112509012],
       [-97.73569606879266, 30.28748648673837, 166.01227337867022],
       [-97.73565436973404, 30.28751670705491, 162.06834786385298],
       [-97.73564845650080, 30.28752147051664, 161.67408907040954],
       [-97.73562808721520, 30.28752155263731, 170.40051266457886],
       [-97.73562504743710, 30.28751892715908, 163.02631685696542],
       [-97.73565119829284, 30.28748491177625, 164.35218352731317],
       [-97.73566075294738, 30.28752438951574, 165.80244809016585],
       [-97.73563964730030, 30.28756269071650, 171.72020030487329],
       [-97.73565710400587, 30.28757684853938, 181.21145017817616],
       [-97.73568373003731, 30.28753642568351, 181.94325921498239],
       [-97.73568675035980, 30.28751703807087, 183.73495968338102],
       [-97.73570096925610, 30.28751144965449, 175.88763671740890],
       [-97.73570192199745, 30.28747400912621, 162.23678131401539],
       [-97.73567694677946, 30.28753889548976, 165.13336016610265],
       [-97.73568115436946, 30.28752473025795, 163.93255916237831],
       [-97.73565305196600, 30.28748860999256, 161.38320941664279],
       [-97.73565509708902, 30.28749837554633, 157.44851970300078],
       [-97.73566532269810, 30.28750432633406, 158.15070378594100],
       [-97.73565110469787, 30.28751480098237, 157.87755924742669],
       [-97.73565159090742, 30.28753503933333, 158.02917073760182],
       [-97.73566095270995, 30.28756675009950, 170.97750520147383],
       [-97.73569015750139, 30.28756191354973, 171.30786651559174],
       [-97.73576201940942, 30.28751560583506, 171.52196847368032],
       [-97.73572923084124, 30.28753422288855, 163.35941905528307],
       [-97.73567344409815, 30.28757019141066, 165.83196397963911],
       [-97.73567556764961, 30.28753298213040, 163.66253628674895],
       [-97.73566008386149, 30.28754390603999, 173.31218757294118],
       [-97.73564366830495, 30.28757857391696, 176.36423784587532],
       [-97.73564464371455, 30.28755148340395, 168.02960706502199],
       [-97.73566788118872, 30.28756152862383, 165.43653813097626],
       [-97.73571899931004, 30.28755091625722, 157.29547977354378],
       [-97.73572991661432, 30.28750167534336, 158.15811776369810],
       [-97.73570017051897, 30.28755575159713, 162.81006354559213],
       [-97.73570526685005, 30.28759550579615, 157.49954417068511],
       [-97.73575646774613, 30.28756042717511, 160.82939585857093],
       [-97.73574375192727, 30.28754689858858, 165.15094414353371],
       [-97.73575180623986, 30.28751747078157, 163.23452762514353],
       [-97.73575690420626, 30.28745632493201, 154.81594444904476],
       [-97.73574779989953, 30.28749110185398, 159.72907183598727],
       [-97.73571517532189, 30.28753790091496, 164.74073857069016],
       [-97.73571551847658, 30.28751437146839, 162.07381177414209],
       [-97.73571735165334, 30.28753628220096, 157.11726554855704],
       [-97.73570810075582, 30.28754473820266, 154.44344642292708],
       [-97.73570077450702, 30.28753535421567, 154.54366129543632],
       [-97.73574966938030, 30.28749958814020, 147.68480727635324],
       [-97.73576545089163, 30.28749006919409, 143.90051973890513],
       [-97.73577919638210, 30.28753778269482, 162.64875694271177],
       [-97.73573404920556, 30.28750575861642, 167.27621329296380],
       [-97.73568107978529, 30.28755968483742, 170.95996112376451],
       [-97.73570344349334, 30.28754905367964, 173.71307516843081],
       [-97.73569512238544, 30.28751668513645, 168.37742108665407],
       [-97.73569233504156, 30.28751922573862, 172.55384949687868],
       [-97.73571849480213, 30.28748911088393, 173.46278310380876],
       [-97.73570284288331, 30.28750124348034, 167.46661583706737],
       [-97.73572628439263, 30.28750786621722, 165.91577573865652],
       [-97.73570613564306, 30.28755099697941, 172.23366540297866],
       [-97.73573765960150, 30.28755629688133, 169.95601106714457],
       [-97.73575240134655, 30.28750059083115, 160.43846762832254],
       [-97.73576397441549, 30.28753892385877, 166.11071092821658],
       [-97.73573833581932, 30.28751085153459, 154.47665542550385],
       [-97.73572323803138, 30.28750496934930, 166.86176841240376],
       [-97.73571515568977, 30.28751303412299, 181.85752503946424],
       [-97.73569773989779, 30.28752956407470, 174.64811641070992],
       [-97.73571789409264, 30.28750262591682, 177.97086065821350],
       [-97.73570232309979, 30.28754416016833, 181.09553939290345],
       [-97.73573052352978, 30.28751427939542, 169.68587636388838],
       [-97.73573073780378, 30.28750591295985, 160.54946167301387],
       [-97.73573148746716, 30.28747755925558, 150.53520382381976],
       [-97.73569816840499, 30.28755034185432, 159.92134363576770],
       [-97.73571564726538, 30.28753565708535, 160.92056015226990],
       [-97.73577216461466, 30.28748738928017, 160.70785132143646],
       [-97.73577333553567, 30.28747329677678, 160.88261961936951],
       [-97.73570673156107, 30.28754254265457, 159.55213114246726],
       [-97.73567521986368, 30.28755540457472, 177.27103494200855],
       [-97.73574535981017, 30.28755191025260, 179.30631838738918],
       [-97.73570147015258, 30.28756633048062, 181.63785212859511],
       [-97.73570662828961, 30.28751946514275, 171.73122198786587],
       [-97.73570647751374, 30.28751235333271, 171.88040829263628],
       [-97.73572827454339, 30.28752524525795, 174.62294172029942],
       [-97.73579637236325, 30.28750451481355, 163.46241732779890],
       [-97.73576691495965, 30.28753235793942, 164.70335994847119],
       [-97.73575392089862, 30.28751781299699, 167.70930038765073],
       [-97.73575116847300, 30.28751708323187, 169.79759508371353],
       [-97.73572214623398, 30.28752883736612, 166.94238240085542],
       [-97.73572276287358, 30.28751835515260, 163.05545322410762],
       [-97.73571177419005, 30.28749540443635, 157.88114640675485],
       [-97.73572469471088, 30.28752121342182, 165.13616488128901],
       [-97.73575587919079, 30.28752846304329, 165.56341039389372],
       [-97.73575057432939, 30.28750388782843, 165.72395508643240],
       [-97.73571829830053, 30.28754724375916, 172.60432912781835],
       [-97.73571074328234, 30.28753865526454, 176.71731121186167],
       [-97.73574541285625, 30.28749221790759, 172.42127473279834],
       [-97.73575246337413, 30.28749881919767, 176.36943031381816],
       [-97.73576199085387, 30.28749014899420, 175.95127570722252],
       [-97.73578054887734, 30.28749574796146, 178.94185666088015],
       [-97.73578564448852, 30.28746891577144, 165.75760411284864],
       [-97.73581008477677, 30.28746955801467, 152.66634563915431],
       [-97.73578417109326, 30.28747820912271, 153.56797131989151],
       [-97.73574903349053, 30.28748812645598, 159.72779005952179],
       [-97.73577003985805, 30.28749857889725, 156.30650102812797],
       [-97.73577767826772, 30.28750492378951, 168.95452587585896],
       [-97.73572976420718, 30.28747364526707, 170.95563450735062],
       [-97.73575481953287, 30.28745370861508, 166.74359447415918],
       [-97.73575781246969, 30.28752762503698, 179.95274942182004],
       [-97.73575420955332, 30.28750819402195, 170.15215022116899],
       [-97.73577445736002, 30.28749481328677, 167.09293755423278],
       [-97.73577056852773, 30.28752419972611, 175.60143942665309],
       [-97.73580373209933, 30.28750871161648, 164.07283900678158],
       [-97.73578164666253, 30.28754463343619, 160.78060179669410],
       [-97.73577705615764, 30.28754943353054, 162.78415824379772],
       [-97.73576589010183, 30.28750444445372, 157.11052990704775],
       [-97.73577289565347, 30.28750895770943, 159.37122976407409],
       [-97.73575890406839, 30.28749471282998, 169.42081812489778],
       [-97.73573925648169, 30.28756113780847, 177.25900867767632],
       [-97.73573814264554, 30.28751955221388, 180.88822310790420],
       [-97.73573606538547, 30.28747972654794, 179.53557007946074],
       [-97.73574008629741, 30.28754247937042, 169.54949306603521],
       [-97.73575367849790, 30.28755685197558, 156.87029352132231],
       [-97.73576066980014, 30.28755576666376, 154.60538854356855],
       [-97.73573821307784, 30.28751710135135, 157.96913241967559],
       [-97.73572551881921, 30.28753286974222, 164.51029802486300],
       [-97.73573895647270, 30.28748965587654, 169.34337518550456],
       [-97.73572310806264, 30.28753064579189, 174.43165320530534],
       [-97.73574370998197, 30.28750576593323, 172.34447753801942],
       [-97.73577789772007, 30.28750063125518, 171.57810513023287],
       [-97.73576496938003, 30.28749002643388, 171.66361320484430],
       [-97.73572006852842, 30.28751850946006, 185.98653209209442],
       [-97.73571388574594, 30.28753965083735, 168.84902622085065],
       [-97.73577208284733, 30.28750568487997, 167.50248899683356],
       [-97.73574642926765, 30.28749114963279, 171.74576243851334],
       [-97.73576146461524, 30.28752203122739, 164.69302474241704],
       [-97.73576120332277, 30.28750644913423, 169.07549741305411],
       [-97.73575983784883, 30.28749136327957, 173.11285570822656],
       [-97.73574954498824, 30.28751649206894, 163.39108858350664],
       [-97.73579787405512, 30.28747515483191, 168.97159794904292],
       [-97.73575721049298, 30.28746720916734, 171.11208930052817],
       [-97.73573774454216, 30.28749520196097, 171.31199756171554],
       [-97.73572495178924, 30.28750274639975, 178.85113484505564],
       [-97.73573745441585, 30.28751615224244, 177.85724836494774],
       [-97.73579336717852, 30.28749880253608, 170.60566531307995],
       [-97.73578302758993, 30.28752199360745, 170.70753664895892],
       [-97.73577243155422, 30.28749019628889, 177.73125872667879],
       [-97.73575084644636, 30.28750980428106, 172.78532421402633],
       [-97.73572625546332, 30.28753251312009, 175.78844385221601],
       [-97.73571481998619, 30.28754493256902, 171.41075306013227],
       [-97.73569102833360, 30.28753199215747, 172.07762014865875],
       [-97.73568127169457, 30.28752057599837, 178.41371691599488],
       [-97.73571022852042, 30.28750360288189, 167.74848082382232],
       [-97.73571311891297, 30.28748444957629, 168.22621079906821],
       [-97.73570882579402, 30.28754188964840, 173.91525826137513],
       [-97.73574237767841, 30.28753091940276, 177.65358197782189],
       [-97.73572101198157, 30.28758764518857, 175.97799111064523],
       [-97.73574949016403, 30.28753830968002, 164.51918740291148],
       [-97.73571097889084, 30.28751242364592, 171.64966809470206],
       [-97.73572623379945, 30.28752535335051, 165.07599020283669],
       [-97.73573298671585, 30.28751323646927, 177.25201891735196],
       [-97.73575279368103, 30.28751683868457, 173.54688367247581],
       [-97.73571774687014, 30.28750423086219, 170.00047438777983],
       [-97.73577084347730, 30.28750511279757, 161.33896043710411],
       [-97.73574170913713, 30.28751868431192, 169.93328495416790],
       [-97.73574004096805, 30.28753632499017, 173.02297990489751],
       [-97.73576391833680, 30.28752831347795, 174.88998357672244],
       [-97.73572387037748, 30.28754671221490, 186.31736704986542],
       [-97.73570798945805, 30.28754913902175, 180.25756972189993],
       [-97.73578484458281, 30.28750786158500, 164.82646111026406],
       [-97.73575807107920, 30.28754440662099, 163.11328181158751],
       [-97.73576121703108, 30.28754388874463, 168.40268828812987],
       [-97.73568700114474, 30.28755580391620, 166.40187842864543],
       [-97.73572026001278, 30.28755576870789, 170.70507964864373],
       [-97.73572357675677, 30.28754273301407, 177.26432173512876],
       [-97.73577218319947, 30.28750682134035, 171.33540064096451],
       [-97.73580202389594, 30.28747658195267, 168.95780962426215],
       [-97.73582389510479, 30.28745546745776, 163.92348788864911],
       [-97.73576682529075, 30.28751558032427, 170.68490723334253],
       [-97.73573535056310, 30.28750708791933, 167.93642937764525],
       [-97.73577774571021, 30.28751793570112, 171.83911784365773],
       [-97.73573841451129, 30.28752654184271, 162.28393731638789],
       [-97.73570572457547, 30.28754924273410, 168.11662582121789],
       [-97.73567758458621, 30.28752365355218, 168.88074710685760],
       [-97.73569115091620, 30.28755363090098, 174.25470513943583],
       [-97.73571372157139, 30.28752605656088, 172.85505589377135],
       [-97.73573850563795, 30.28750575698761, 168.36512507032603],
       [-97.73573384734114, 30.28754389812195, 166.54240602813661],
       [-97.73575373785233, 30.28753318789183, 176.42726761661470],
       [-97.73578621424228, 30.28749814775779, 169.41310240048915],
       [-97.73574208315091, 30.28751923216878, 158.09001265931875],
       [-97.73575755875979, 30.28749303735530, 163.33186028897762],
       [-97.73572851052363, 30.28749666281969, 169.78844826202840],
       [-97.73572367815683, 30.28752997605589, 170.02791770175099],
       [-97.73574933405813, 30.28751093114189, 161.42296171560884],
       [-97.73578165740895, 30.28755817138194, 171.53609043452889],
       [-97.73577484046739, 30.28755590436057, 168.71416499558836],
       [-97.73576296684458, 30.28753329040827, 177.30715929903090],
       [-97.73576092390836, 30.28753922637233, 176.64069123473018],
       [-97.73574820908949, 30.28755145593858, 181.56704092398286],
       [-97.73576395710288, 30.28754739430010, 179.02583827450871],
       [-97.73572273529102, 30.28754306790358, 174.58144429605454],
       [-97.73570424261966, 30.28749941342415, 176.19685925263911],
       [-97.73569770435387, 30.28758157304717, 171.17416468076408],
       [-97.73573970577336, 30.28756706791881, 176.65009705349803],
       [-97.73577964264716, 30.28753334791051, 169.89322595112026],
       [-97.73577136813631, 30.28756923370586, 171.44515639077872],
       [-97.73573711619783, 30.28753721594106, 180.24758156854659],
       [-97.73571360112705, 30.28752255455331, 177.16312341019511],
       [-97.73574744290582, 30.28757086677432, 175.34957926813513],
       [-97.73578326223078, 30.28756541087419, 168.62520733289421],
       [-97.73572453536855, 30.28754964599000, 167.28555020969361],
       [-97.73572392122846, 30.28756011344707, 170.79912796616554],
       [-97.73568190509654, 30.28760484045780, 159.80946855992079],
       [-97.73574599177176, 30.28757426305726, 163.65911440458149],
       [-97.73576551431040, 30.28758329292471, 160.72564230114222],
       [-97.73571932056940, 30.28757443640485, 165.81305312644690],
       [-97.73569296726536, 30.28757917160051, 180.04928475152701],
       [-97.73571879748390, 30.28759898901198, 175.44264481868595],
       [-97.73571445001907, 30.28755574443930, 177.79086608160287],
       [-97.73569249891248, 30.28754424903017, 184.23484134580940],
       [-97.73568273228622, 30.28755398806623, 178.07971099857241],
       [-97.73573363154195, 30.28756542909962, 174.42605714406818],
       [-97.73573541338966, 30.28758240546077, 163.36946846451610],
       [-97.73572235541137, 30.28756138290383, 177.05671268887818],
       [-97.73569950007357, 30.28756466221600, 164.69960212428123],
       [-97.73574138677391, 30.28757561590645, 158.77460676431656],
       [-97.73573965974923, 30.28754996423107, 162.95402439311147],
       [-97.73573511040527, 30.28753596973823, 167.67283956520259],
       [-97.73571556389591, 30.28753940228357, 179.10657403338701],
       [-97.73577094334495, 30.28751766545114, 165.63718982785940],
       [-97.73577259145439, 30.28755320320265, 169.95985165890306],
       [-97.73575193492601, 30.28753606530672, 175.26584599073976],
       [-97.73567671369383, 30.28754030004523, 173.96934597846121],
       [-97.73569874438708, 30.28755587802404, 171.06144088320434],
       [-97.73567595988565, 30.28757947997116, 169.94163748621941],
       [-97.73571947275759, 30.28755595105743, 162.61559362150729],
       [-97.73571286491108, 30.28754617296695, 164.40906218066812],
       [-97.73573022096919, 30.28754541459474, 178.25118838064373],
       [-97.73574027355508, 30.28753604800877, 184.76569428946823],
       [-97.73574056004065, 30.28758330996142, 176.70788722019643],
       [-97.73575300633192, 30.28755659138792, 168.29878593143076],
       [-97.73573182056677, 30.28755016053400, 176.02658047061414],
       [-97.73569581368102, 30.28753419384886, 186.94065307360142],
       [-97.73569291888933, 30.28755166478080, 176.24590627383441],
       [-97.73571649235801, 30.28760030926373, 184.71035904344171],
       [-97.73573218404620, 30.28758610609018, 169.81144161429256],
       [-97.73571192772164, 30.28759379989675, 171.21995071042329],
       [-97.73570538686387, 30.28759597522700, 171.89516823086888],
       [-97.73572318131301, 30.28756913938787, 167.96303228847682],
       [-97.73575145904945, 30.28756403566103, 176.19657689053565],
       [-97.73575220146851, 30.28754551282710, 174.84994210861623],
       [-97.73571017622311, 30.28756301560085, 184.83303800318390],
       [-97.73570877162437, 30.28754433562311, 179.97262883558869],
       [-97.73575457712559, 30.28754104434930, 173.94406903907657],
       [-97.73572732090781, 30.28755978479152, 169.93222833331674],
       [-97.73566702836638, 30.28753729853248, 167.49170529749244],
       [-97.73567276752162, 30.28752456928767, 171.65248542558402],
       [-97.73571933127262, 30.28755415054991, 167.32180907856673],
       [-97.73573630172760, 30.28757703367759, 166.91608364041895],
       [-97.73575012445625, 30.28755669568666, 165.59702898934484],
       [-97.73577395017834, 30.28753520096526, 161.27358131017536],
       [-97.73578060167783, 30.28752967968324, 166.29707372840494],
       [-97.73579813851154, 30.28754332927399, 167.03787696361542],
       [-97.73573408856861, 30.28754459438541, 179.38661666121334],
       [-97.73572843067919, 30.28749957883579, 171.22584125585854],
       [-97.73572442071938, 30.28750839705413, 178.19767935294658],
       [-97.73571003461949, 30.28752352034676, 175.60010355897248],
       [-97.73570302035894, 30.28751154590827, 165.62687811627984],
       [-97.73567396944952, 30.28760088313156, 176.97760406602174],
       [-97.73567574496296, 30.28760357824915, 181.14461258612573],
       [-97.73572733877472, 30.28755252110486, 172.11795389372855],
       [-97.73572562894343, 30.28755252486009, 168.92917394358665],
       [-97.73576186327436, 30.28752635526300, 160.75429381430149],
       [-97.73574556757109, 30.28752149489181, 152.80505495332181],
       [-97.73572079930305, 30.28751987719029, 161.40881337132305],
       [-97.73575525105322, 30.28754149858893, 173.91870216000825],
       [-97.73573918237238, 30.28754699408439, 173.19973617885262],
       [-97.73571425041007, 30.28754497799221, 180.74888906627893],
       [-97.73574322814737, 30.28750551204604, 173.70977223478258],
       [-97.73572978782713, 30.28751082111410, 173.56019055936486],
       [-97.73574850396362, 30.28752854423998, 175.82027899939567],
       [-97.73572558879549, 30.28752641145946, 173.24681446328759],
       [-97.73571305808701, 30.28751241528080, 161.19746778812259],
       [-97.73568987097056, 30.28752401261657, 164.65309612359852],
       [-97.73573504295544, 30.28752501075731, 164.94797621201724],
       [-97.73577298526432, 30.28751829231945, 159.00558556336910],
       [-97.73575726730148, 30.28752198388222, 162.35554347094148],
       [-97.73572604834686, 30.28752718944094, 164.23719334229827],
       [-97.73571990264220, 30.28755628360590, 166.05530255101621],
       [-97.73572914732233, 30.28755104524866, 172.03605875838548],
       [-97.73571357899642, 30.28755419154960, 191.48160547576845],
       [-97.73568843506533, 30.28752940437843, 175.82242592424154],
       [-97.73576074527837, 30.28751409545236, 176.49498577415943],
       [-97.73572540089937, 30.28752114837633, 177.34614039212465],
       [-97.73571122277257, 30.28748754175815, 168.06555827800184],
       [-97.73572922806606, 30.28751309827044, 159.24518723227084],
       [-97.73572681900436, 30.28753342126361, 165.88472372386605],
       [-97.73572734206937, 30.28755150281019, 163.13702871091664],
       [-97.73575694869292, 30.28754474274933, 167.68448882922530],
       [-97.73576706444749, 30.28751785496107, 149.72740187682211],
       [-97.73575997614392, 30.28753311879199, 164.98568348307163],
       [-97.73578365128594, 30.28753182126819, 175.48631674796343],
       [-97.73574039304910, 30.28750928694051, 177.07622816972435],
       [-97.73570384562159, 30.28743956439456, 174.62791989743710],
       [-97.73571786286662, 30.28746372642874, 167.82153948768973],
       [-97.73568826844156, 30.28751156289125, 181.04824788402766],
       [-97.73575699998631, 30.28749575003080, 169.27210042905062],
       [-97.73577043684509, 30.28746976432762, 156.60627653356642],
       [-97.73570099559682, 30.28752007063940, 152.66663320548832],
       [-97.73568323157083, 30.28753166844083, 155.79458260908723],
       [-97.73573535237917, 30.28756728736120, 164.07604541536421],
       [-97.73577775523786, 30.28754355350413, 158.69291223958135],
       [-97.73579873512035, 30.28750790960075, 153.96739905979484],
       [-97.73575492840867, 30.28751819403615, 158.83814341481775],
       [-97.73580860411724, 30.28748542859723, 159.49967439286411],
       [-97.73577715755356, 30.28749330925030, 161.47013467550278],
       [-97.73577941858369, 30.28747130418547, 154.94948699418455],
       [-97.73573883421086, 30.28742278564288, 158.73044722154737],
       [-97.73574151032621, 30.28746856127577, 157.08305411972106],
       [-97.73576384620519, 30.28748439929782, 160.10802002530545],
       [-97.73571467044300, 30.28751252260019, 159.90692933090031],
       [-97.73567882345397, 30.28754511167534, 158.62446162849665],
       [-97.73572032353972, 30.28754617083257, 157.28095180448145],
       [-97.73578324441692, 30.28753569181633, 155.98323629237711],
       [-97.73577342138073, 30.28750312259328, 155.35606565885246],
       [-97.73575057665157, 30.28751626695210, 162.60437448043376],
       [-97.73571854857603, 30.28752792160503, 171.90217515546829],
       [-97.73572454738634, 30.28752861845284, 171.80326092522591],
       [-97.73570264858337, 30.28748663443463, 167.53491005953401],
       [-97.73571453717405, 30.28747108856256, 174.39431385416538],
       [-97.73571062313435, 30.28744428309037, 162.36095291748643],
       [-97.73573652078103, 30.28746910170416, 153.01148869562894],
       [-97.73575592586127, 30.28746364254852, 154.37998417671770],
       [-97.73572419254276, 30.28752559832801, 156.86722355056554],
       [-97.73569619878907, 30.28754517368608, 160.60678430367261],
       [-97.73568913730797, 30.28754109725454, 155.12209653668106],
       [-97.73573727806316, 30.28751614576620, 153.37678601592779],
       [-97.73573168655454, 30.28754023434287, 159.18663302343339],
       [-97.73569586881274, 30.28753826812687, 163.30828529782593],
       [-97.73573937586968, 30.28747409829867, 161.11655954550952],
       [-97.73574793271726, 30.28751071185121, 159.98766821064055],
       [-97.73571731082649, 30.28755079509530, 178.89914539922029],
       [-97.73567353550372, 30.28754680425650, 171.90614460222423],
       [-97.73568898431949, 30.28755171622615, 164.28455469943583],
       [-97.73574477545354, 30.28749875692994, 160.01408606860787],
       [-97.73576555732141, 30.28747888347775, 155.16436742618680],
       [-97.73576644467769, 30.28746134253169, 152.00790566951036],
       [-97.73573567922826, 30.28749339904898, 166.08960586320609],
       [-97.73575373052148, 30.28749936520560, 149.03347188420594],
       [-97.73574349026552, 30.28749836227147, 150.62849406898022],
       [-97.73573413752638, 30.28750731567372, 164.02318537887186],
       [-97.73570641764586, 30.28752554353712, 165.43531059753150],
       [-97.73572097735638, 30.28749685906064, 154.70709646306932],
       [-97.73575684051553, 30.28750360313531, 160.28222162183374],
       [-97.73572309053316, 30.28752325035582, 173.51033423841000],
       [-97.73568370024108, 30.28754216898765, 168.17268743924797],
       [-97.73570837894027, 30.28756379206607, 163.49083383288234],
       [-97.73571904999810, 30.28758371225582, 167.78306798730046],
       [-97.73573031564074, 30.28751385631782, 159.11099841538817],
       [-97.73567672239075, 30.28751266668838, 156.11710445117205],
       [-97.73571386845346, 30.28747423256166, 158.66689504031092],
       [-97.73575813762673, 30.28746947355893, 152.04443518724293],
       [-97.73575004760751, 30.28749876326385, 150.55687738675624],
       [-97.73576106002866, 30.28750579641544, 154.67924291267991],
       [-97.73574237100875, 30.28751354725261, 163.45426434278488],
       [-97.73575226271190, 30.28751078121102, 158.53809912875295],
       [-97.73572608714623, 30.28746406938785, 149.85391815938056],
       [-97.73575677152489, 30.28745332974429, 159.50769492983818],
       [-97.73573631440227, 30.28745881797867, 170.26088636461645],
       [-97.73573404108569, 30.28746503740162, 161.91074271872640],
       [-97.73570179501304, 30.28750510579906, 165.38352531846613],
       [-97.73570964581958, 30.28749220986745, 162.06068354193121],
       [-97.73574036676901, 30.28749590557747, 163.68915493413806],
       [-97.73574454088066, 30.28749076152578, 173.67872498463839],
       [-97.73577688928955, 30.28748984203987, 162.43356956355274],
       [-97.73576456784278, 30.28746364886486, 157.61494306195527],
       [-97.73572569358910, 30.28749816623133, 149.45631037279963],
       [-97.73575530914582, 30.28749404180166, 149.39201589860022],
       [-97.73574999021410, 30.28750275767978, 157.35325160901994],
       [-97.73576469372857, 30.28747169368049, 154.19458206649870],
       [-97.73573394372957, 30.28747988012756, 156.69986991398036],
       [-97.73573096080422, 30.28747943428582, 167.30088222306222],
       [-97.73574124025808, 30.28747123434524, 167.81448337808251],
       [-97.73571598386495, 30.28750705854818, 163.32734761293977],
       [-97.73570859461717, 30.28752695119782, 167.58870773296803],
       [-97.73574437881021, 30.28747756695797, 152.67927677556872],
       [-97.73574095840961, 30.28751969413133, 154.95113391987979],
       [-97.73571957086199, 30.28751917638786, 149.99444296676666],
       [-97.73575290669113, 30.28746168527629, 148.51440091058612],
       [-97.73575694788957, 30.28746258504051, 148.06141317170113],
       [-97.73578980779276, 30.28746128667109, 152.88909205049276],
       [-97.73576070703919, 30.28748934576710, 153.71167069952935],
       [-97.73573655737465, 30.28750151536250, 153.30670016724616],
       [-97.73569674707088, 30.28746847686125, 165.42085837200284],
       [-97.73565504981369, 30.28749261568072, 167.02421975508332],
       [-97.73566715666459, 30.28749640525975, 167.24840138014406],
       [-97.73567267798055, 30.28750206935216, 170.45427681971341],
       [-97.73570251501215, 30.28750346613968, 166.96092993486673],
       [-97.73570556036255, 30.28754371785384, 176.53730235807598],
       [-97.73571984818366, 30.28756479608367, 172.77029526699334],
       [-97.73575543769536, 30.28752680486250, 160.38716302439570],
       [-97.73572282372135, 30.28748692343562, 156.95486991107464],
       [-97.73570508033254, 30.28749024025264, 150.25055717490613],
       [-97.73569381680629, 30.28748766209756, 148.79132195375860],
       [-97.73570432559337, 30.28753802594521, 156.50502382405102],
       [-97.73565897029704, 30.28755604271141, 174.64916770160198],
       [-97.73569707514763, 30.28746729182132, 175.60946167632937],
       [-97.73571590943952, 30.28744129841621, 167.78896024636924],
       [-97.73573641906590, 30.28748190346672, 169.73245603125542],
       [-97.73572854920516, 30.28751075020702, 175.31472188699991],
       [-97.73574368236007, 30.28749963026311, 168.39300940372050],
       [-97.73576298694090, 30.28749121217738, 156.45161777362227],
       [-97.73570705307412, 30.28751892952442, 160.30255067721009],
       [-97.73569385432846, 30.28754251428619, 166.45403433870524],
       [-97.73572911681327, 30.28749022887856, 158.91851521003991],
       [-97.73574392286883, 30.28750392744049, 155.91849936917424],
       [-97.73577391938457, 30.28750509329583, 145.30583905335516],
       [-97.73573776956246, 30.28752213402385, 170.46643675491214],
       [-97.73570433343050, 30.28753935321784, 173.42530620656908],
       [-97.73573223458781, 30.28751691728631, 163.99193867761642],
       [-97.73573071954347, 30.28753113434671, 173.34536066465080],
       [-97.73572554896514, 30.28753574109417, 173.68649401981384],
       [-97.73572690124713, 30.28753562863801, 170.66229334846139],
       [-97.73572178761796, 30.28753762649282, 170.24873949587345],
       [-97.73569529291491, 30.28753257612329, 169.38753345422447],
       [-97.73570200296020, 30.28750619423515, 173.45334230177104],
       [-97.73567830836119, 30.28753347598089, 174.34849405381829],
       [-97.73572889678998, 30.28758084080292, 159.45348145067692],
       [-97.73579967138515, 30.28752230409126, 159.60809003654867],
       [-97.73577159974474, 30.28755065256121, 158.82710164040327],
       [-97.73572859730888, 30.28755772719810, 167.06740888301283],
       [-97.73576176747845, 30.28753761095516, 169.96400217711926],
       [-97.73576103503123, 30.28752197989265, 174.64876466989517],
       [-97.73569635603677, 30.28752856856743, 181.33232463058084],
       [-97.73573236414602, 30.28758767964064, 164.88273371383548],
       [-97.73571276261285, 30.28757431982642, 159.01221265550703],
       [-97.73575576552000, 30.28755221646751, 159.92203331086785],
       [-97.73575302553441, 30.28757744421461, 162.10188807360828],
       [-97.73574344469100, 30.28756929826535, 164.23967642709613],
       [-97.73576018151513, 30.28757451937415, 167.60013772081584],
       [-97.73571696261484, 30.28755863192066, 173.31808131374419],
       [-97.73572909516898, 30.28755854864170, 176.81185174081475],
       [-97.73576294773437, 30.28754677717188, 176.13834439683706],
       [-97.73574711523722, 30.28754409624314, 175.25590692646801],
       [-97.73569779306706, 30.28753100325802, 183.27795596793294],
       [-97.73573077741234, 30.28754395211883, 181.62485863640904],
       [-97.73571065831908, 30.28757826836885, 182.85670652892441],
       [-97.73574013263500, 30.28759306186122, 162.12066949997097],
       [-97.73573381027218, 30.28758719024890, 175.30325570702553],
       [-97.73576464741794, 30.28756456710405, 167.51593720167875],
       [-97.73572380322072, 30.28758842061878, 167.13950760196894],
       [-97.73575592162554, 30.28755713358647, 163.35655949916691],
       [-97.73574451957828, 30.28757643531612, 168.74688937608153],
       [-97.73573005292421, 30.28756760610773, 175.11677813902497],
       [-97.73569125433124, 30.28759953011225, 183.15005060750991],
       [-97.73570554140998, 30.28751800285414, 178.35342844203115],
       [-97.73569520179375, 30.28749848961895, 178.55689020268619],
       [-97.73568384456686, 30.28754617371965, 170.31892574857920],
       [-97.73572279404281, 30.28756058509121, 170.16983476560563],
       [-97.73571423757673, 30.28756996071393, 174.02474189642817],
       [-97.73575170020061, 30.28756738305692, 169.60687651112676],
       [-97.73577906538975, 30.28753227472119, 162.19586275424808],
       [-97.73573790567760, 30.28754793040819, 165.40413940604776],
       [-97.73572082899190, 30.28754511339262, 175.26803788542747],
       [-97.73575225529702, 30.28752682547019, 179.27992492727935],
       [-97.73574815668290, 30.28753823839647, 181.49747784342617],
       [-97.73571843072449, 30.28750214497143, 167.09049669280648],
       [-97.73567442257787, 30.28757260659876, 180.95300296228379],
       [-97.73566284141515, 30.28758193377391, 178.41434963606298],
       [-97.73571823295292, 30.28754982466156, 168.31851414684206],
       [-97.73575124288274, 30.28755606396919, 163.74578464310616],
       [-97.73574332486835, 30.28753222867210, 175.09960761852562],
       [-97.73575542271314, 30.28754106276888, 174.61957891099155],
       [-97.73572067260137, 30.28756968900895, 166.33540932275355],
       [-97.73574003942348, 30.28757606552669, 168.05402340833098],
       [-97.73573519185317, 30.28752670722348, 163.35556221846491],
       [-97.73576536940078, 30.28749865377885, 170.17724863998592],
       [-97.73576459317822, 30.28751119398743, 174.18370254617184],
       [-97.73576095881877, 30.28754286049670, 168.90481941588223],
       [-97.73575718001680, 30.28749588918172, 165.76667691674083],
       [-97.73573608757509, 30.28747507056203, 164.81391785759479],
       [-97.73577174646134, 30.28749790129000, 156.22321966197342],
       [-97.73576652583958, 30.28752330652167, 160.50963697303087],
       [-97.73578925227091, 30.28751412868597, 148.46226028632373],
       [-97.73577601755690, 30.28750705799948, 140.15594851505011],
       [-97.73574542578031, 30.28752039201321, 149.02903914451599],
       [-97.73574325586178, 30.28756273574098, 159.58592483308166],
       [-97.73575398364578, 30.28753095468070, 161.85789050813764],
       [-97.73577733431749, 30.28748686718501, 157.38362139556557],
       [-97.73575057471921, 30.28751826378184, 164.96689333952963],
       [-97.73575065465405, 30.28751540516638, 175.03790843114257],
       [-97.73570847128013, 30.28755227382606, 175.60432448145002],
       [-97.73574348884127, 30.28752437618649, 158.18180119991302],
       [-97.73574500185038, 30.28753408224483, 155.80831490270793],
       [-97.73573542181482, 30.28751294856228, 151.62225602008402],
       [-97.73575380624764, 30.28750291661925, 158.64412992075086],
       [-97.73575433436955, 30.28750756770157, 154.18781848438084],
       [-97.73573425796654, 30.28751451530059, 152.90240384079516],
       [-97.73571293556665, 30.28751449964875, 160.69990251585841],
       [-97.73571773358573, 30.28751139805104, 170.20503017958254],
       [-97.73570065084076, 30.28751671250318, 168.67886873614043],
       [-97.73575985335619, 30.28751487498470, 170.34950489178300],
       [-97.73571675873197, 30.28751607803266, 173.68863066192716],
       [-97.73568814526985, 30.28752894914328, 173.32677047792822],
       [-97.73569838675751, 30.28750802353791, 159.57856053486466],
       [-97.73571172130335, 30.28749841220759, 164.49161341320723],
       [-97.73573296497152, 30.28751390635835, 161.85089349839836],
       [-97.73572979401152, 30.28751318393551, 161.82828130479902],
       [-97.73573870089255, 30.28753096174584, 159.79315106756985],
       [-97.73576119182610, 30.28753218462614, 157.73796312045306],
       [-97.73577785138966, 30.28752907980815, 162.37234487291425],
       [-97.73573997747400, 30.28752176067819, 168.04285213910043],
       [-97.73575168407827, 30.28750672361481, 177.29807530995458],
       [-97.73573069161125, 30.28748612220808, 172.41858200635761],
       [-97.73572638851554, 30.28751972469659, 166.37964925821871],
       [-97.73566753006112, 30.28753443553299, 175.88982450868934],
       [-97.73571890770459, 30.28749986173829, 163.15662414114922],
       [-97.73573838643473, 30.28750683336714, 157.55478703230619],
       [-97.73575654532368, 30.28749592155591, 155.77818007674068],
       [-97.73574951957177, 30.28750300026100, 161.16408800333738],
       [-97.73573830350290, 30.28747980449978, 160.80956408195198],
       [-97.73575737694959, 30.28749330527829, 161.30878841783851],
       [-97.73578001743677, 30.28747831629122, 157.39121013041586],
       [-97.73574411136802, 30.28751137446030, 174.13839327357709],
       [-97.73573407448357, 30.28751910549389, 183.99706794042140],
       [-97.73572598044954, 30.28750134599284, 177.49151861667633],
       [-97.73571179959789, 30.28750082210520, 169.70026384666562],
       [-97.73568507955839, 30.28751982675885, 168.37182680331171],
       [-97.73571865958974, 30.28748137593260, 175.53212982602417],
       [-97.73574093152595, 30.28749822342652, 169.70543335657567],
       [-97.73571303570205, 30.28750073051012, 156.83925211522728],
       [-97.73572895615538, 30.28749889156510, 158.56335625797510],
       [-97.73575057017626, 30.28751735190292, 157.60488855745643],
       [-97.73576124322011, 30.28756012434876, 164.23602867964655],
       [-97.73576308382768, 30.28754267145219, 171.00258465204388],
       [-97.73573187805491, 30.28754694366733, 162.58325183670968],
       [-97.73572419735848, 30.28754248816529, 177.80349963251501],
       [-97.73570989983340, 30.28751649257687, 175.23966186773032],
       [-97.73569284892260, 30.28751699733715, 168.61259495187551],
       [-97.73572720255461, 30.28749680759698, 166.83276573196054],
       [-97.73569919314546, 30.28751077771042, 176.28314373269677],
       [-97.73573678996885, 30.28752752183241, 169.80726054124534],
       [-97.73570639838637, 30.28752303552976, 163.77642678376287],
       [-97.73569213250406, 30.28755308946647, 170.77778908237815],
       [-97.73572730597601, 30.28755313246807, 169.58417309820652],
       [-97.73574936574819, 30.28753767039044, 163.54005122184753],
       [-97.73575272438467, 30.28752969259216, 162.06024691928178],
       [-97.73571871251643, 30.28750242287015, 158.11520064156502],
       [-97.73576651150529, 30.28744363555235, 164.01540878228843],
       [-97.73574850249112, 30.28747602396079, 182.16174130793661],
       [-97.73575413368074, 30.28749473469567, 173.28241769690067],
       [-97.73570774816788, 30.28751515167401, 174.76147776842117],
       [-97.73569536189949, 30.28754749385083, 179.83715681266040],
       [-97.73568586218994, 30.28755525993369, 181.53774964530021],
       [-97.73569816452603, 30.28753364752415, 171.74994710087776],
       [-97.73567953999520, 30.28751443994397, 170.26267554704100],
       [-97.73570413911315, 30.28752191919994, 157.94263445399702],
       [-97.73571229137161, 30.28755172903528, 163.53280025068671],
       [-97.73571312993830, 30.28759158700650, 164.07652029395103],
       [-97.73570339993999, 30.28754860163337, 170.40982179902494],
       [-97.73567148035035, 30.28756828550476, 173.51005269028246],
       [-97.73570677748810, 30.28750775900301, 170.03403033129871],
       [-97.73575764319423, 30.28750980864487, 178.49086850322783],
       [-97.73573849547735, 30.28754230153003, 180.76939620357007],
       [-97.73568840075815, 30.28752769063279, 172.52265168540180],
       [-97.73568044895620, 30.28755182690156, 175.06210027169436],
       [-97.73572496877506, 30.28753157266432, 178.01328618824482],
       [-97.73572137639674, 30.28752299060962, 178.74697448126972],
       [-97.73561198883900, 30.28758191163483, 183.72702580783516],
       [-97.73565811299655, 30.28757904743656, 168.53824777528644],
       [-97.73574720956923, 30.28756975933184, 169.35638438723981],
       [-97.73576364058246, 30.28753322439005, 177.89968227036297],
       [-97.73573507472469, 30.28756857163259, 176.95140765886754],
       [-97.73571846840532, 30.28754432862876, 168.78732689563185],
       [-97.73574794337115, 30.28752481343271, 171.71796928159893],
       [-97.73571223358485, 30.28755079994165, 177.64263811614364],
       [-97.73572557458240, 30.28756812993017, 168.15902042947710],
       [-97.73573216773222, 30.28753084677321, 165.89581841975451],
       [-97.73571520514589, 30.28752477836751, 166.92006540112197],
       [-97.73570717076328, 30.28752096200200, 160.75562504585832],
       [-97.73571734643072, 30.28758114038886, 173.52393355686218],
       [-97.73570675489006, 30.28759452256642, 179.84056282415986],
       [-97.73569467004724, 30.28760138651022, 180.35273071378469],
       [-97.73573043822888, 30.28757003922619, 180.43605473358184],
       [-97.73577139076330, 30.28752264800601, 173.75494504068047],
       [-97.73573910896909, 30.28755327551108, 169.01372425630689],
       [-97.73571188693384, 30.28758349033616, 180.47766270115972],
       [-97.73571963520729, 30.28760379550843, 182.12773820850998],
       [-97.73576534209842, 30.28758886440809, 172.08347739279270],
       [-97.73571314907169, 30.28755053328031, 171.91686858329922],
       [-97.73571283548166, 30.28753905933607, 167.26668858248740],
       [-97.73577006068726, 30.28752658140263, 167.92895230464637],
       [-97.73578472516880, 30.28756488791042, 176.60896856803447],
       [-97.73571292830894, 30.28752858716395, 166.05552255176008],
       [-97.73574931388121, 30.28753408257210, 177.82490312680602],
       [-97.73576240756371, 30.28753823712443, 170.62497586384416],
       [-97.73572485182812, 30.28755102539186, 177.22829796560109],
       [-97.73567396361405, 30.28757099357700, 170.72576902993023],
       [-97.73570021990892, 30.28757919116780, 167.16308537963778],
       [-97.73570821171656, 30.28751879656554, 174.02993125561625],
       [-97.73574773410986, 30.28753880793889, 183.26235816441476],
       [-97.73576344912534, 30.28754622511967, 175.48561964742839],
       [-97.73572038278688, 30.28754826065603, 184.47120352275670],
       [-97.73572594696462, 30.28752562198868, 174.55918989330530],
       [-97.73572878935376, 30.28754804225139, 173.36500185728073],
       [-97.73575558985341, 30.28755943811835, 169.29713942389935],
       [-97.73573975619230, 30.28759751720548, 180.79119657725096],
       [-97.73573332702352, 30.28757936846576, 176.05952346511185],
       [-97.73575468423317, 30.28754219095736, 164.80374206230044],
       [-97.73574820060327, 30.28756130615907, 165.51937227696180],
       [-97.73572522002084, 30.28753864597978, 176.69560339860618],
       [-97.73568199620294, 30.28755611619077, 177.29487836081535],
       [-97.73567275653402, 30.28755314617667, 175.47267995215952],
       [-97.73573201526148, 30.28752781840010, 172.11843607202172],
       [-97.73576530947086, 30.28756116315648, 179.83136893436313],
       [-97.73575306695486, 30.28754727460829, 178.00299316551536],
       [-97.73576364631023, 30.28751356613670, 174.84582369681448],
       [-97.73577295922293, 30.28749251684694, 163.86463931947947],
       [-97.73581397685994, 30.28752181398441, 172.07462372910231],
       [-97.73575960176650, 30.28754465677021, 172.54289560765028],
       [-97.73574521256090, 30.28753241239253, 165.76878749765456],
       [-97.73576667726600, 30.28750971054478, 165.16513822879642],
       [-97.73576174705117, 30.28749126680695, 165.69468071963638],
       [-97.73572128685913, 30.28748362450830, 171.82275905646384],
       [-97.73571040635572, 30.28751428035790, 174.59274201374501],
       [-97.73570746174741, 30.28755224298498, 178.24366871453822],
       [-97.73576191580011, 30.28748182911990, 168.20963841676712],
       [-97.73572771481591, 30.28752961515406, 173.60465893056244],
       [-97.73574576822732, 30.28753464564504, 178.52673806995153],
       [-97.73580195911842, 30.28748549527246, 170.38750012777746],
       [-97.73579898317088, 30.28745237001147, 157.57095800992101],
       [-97.73577079484834, 30.28745402773973, 158.40899459086359],
       [-97.73573771414718, 30.28747107521180, 159.47250661533326],
       [-97.73576784856415, 30.28750295084632, 161.82489017024636],
       [-97.73578420566611, 30.28749528576131, 155.25772682670504],
       [-97.73574521400123, 30.28748492824609, 156.40552457235754],
       [-97.73573890935288, 30.28755476425471, 171.60383690986782],
       [-97.73575660081002, 30.28756792459962, 178.04678910505027],
       [-97.73573472038453, 30.28755305257902, 173.66562379337847],
       [-97.73575058129821, 30.28752704316687, 172.24897832982242],
       [-97.73573162021435, 30.28750268379619, 165.30238092876971],
       [-97.73575446271060, 30.28752129020276, 178.86365801934153],
       [-97.73575853207024, 30.28752328295007, 166.18824217189103],
       [-97.73577801492146, 30.28752965520028, 160.28187485784292],
       [-97.73577770408004, 30.28750492766447, 145.53870162274688],
       [-97.73577131997710, 30.28749361473007, 145.67909236717969],
       [-97.73574018753401, 30.28754043322912, 148.47059937473387],
       [-97.73578584159645, 30.28755927142416, 156.67661968059838],
       [-97.73575518250365, 30.28754014784982, 156.54659248888493],
       [-97.73571687942724, 30.28755236902369, 161.86352951638401],
       [-97.73576987417790, 30.28751251545710, 156.28054578974843],
       [-97.73578750126877, 30.28752007546801, 176.26236400101334],
       [-97.73575888919163, 30.28755238296280, 170.66345974896103],
       [-97.73572875531511, 30.28752590007074, 166.90627098642290],
       [-97.73570096609177, 30.28751404015170, 162.68431753478944],
       [-97.73574910000754, 30.28752465472510, 156.27714865282178],
       [-97.73574480209346, 30.28756303038593, 167.84426216967404],
       [-97.73575094583879, 30.28757008640309, 166.76061408035457],
       [-97.73572287924588, 30.28757763887023, 154.29133983515203],
       [-97.73572079366038, 30.28758464645826, 154.91168990731239],
       [-97.73577497328171, 30.28754535247619, 150.77406681422144],
       [-97.73573273566856, 30.28754624203984, 155.11752338148654],
       [-97.73568947443972, 30.28756085707131, 167.06498272996396],
       [-97.73569983824106, 30.28753942280110, 159.97868784610182],
       [-97.73572596731492, 30.28750621043824, 163.92634625732899],
       [-97.73575239684205, 30.28749702941657, 170.98487369623035],
       [-97.73572582877743, 30.28753156874746, 169.60351971816272],
       [-97.73574958774527, 30.28753517639353, 159.64483474288136],
       [-97.73576157370240, 30.28751264390140, 155.56052909791470],
       [-97.73577365967138, 30.28751808910205, 160.85279778391123],
       [-97.73577572646148, 30.28753949831159, 165.19047139771283],
       [-97.73574776017088, 30.28756600580537, 160.38721702434123],
       [-97.73578697911167, 30.28753795196268, 148.60997141152620],
       [-97.73580568657977, 30.28751792569579, 148.99190037883818],
       [-97.73576367690754, 30.28755419381532, 164.24320511426777],
       [-97.73575371317914, 30.28755445921828, 163.21576458029449],
       [-97.73579283439318, 30.28752073356304, 159.19642154779285],
       [-97.73579654277484, 30.28749833403530, 153.92217524815351],
       [-97.73576920296084, 30.28750717936887, 168.53399024903774],
       [-97.73574813867131, 30.28755667026050, 176.35039867926389],
       [-97.73576324636183, 30.28753075644601, 174.85780136846006],
       [-97.73578598650576, 30.28750160338797, 168.46542072575539],
       [-97.73578996083754, 30.28751012924416, 162.26510698255152],
       [-97.73577894285795, 30.28758050777234, 168.55167406611145],
       [-97.73579363342994, 30.28758071693849, 160.26051441114396],
       [-97.73578341734779, 30.28755937858633, 152.97422097623348],
       [-97.73576381673723, 30.28755814406120, 143.42955473158509],
       [-97.73577314130608, 30.28757634003559, 161.00887332949787],
       [-97.73577347412331, 30.28755370238830, 156.23243922367692],
       [-97.73576583750064, 30.28755221835426, 155.57048916257918],
       [-97.73575882989761, 30.28752649971472, 161.89022674690932],
       [-97.73574167467039, 30.28754605022054, 169.16908368375152],
       [-97.73574275266496, 30.28754999081225, 172.61864973325282],
       [-97.73577467831250, 30.28754984600149, 166.61658768728375],
       [-97.73577467962986, 30.28756790479680, 159.72681307606399],
       [-97.73581900165395, 30.28754033842119, 160.70519393123686],
       [-97.73578897363203, 30.28757655072808, 166.69916628301144],
       [-97.73576776344062, 30.28758693470317, 171.42586530186236],
       [-97.73577148552853, 30.28755391493356, 165.79587362147868],
       [-97.73577649141133, 30.28754088296985, 152.18672377150506],
       [-97.73576533065862, 30.28756853471397, 150.70538076478988],
       [-97.73578251095621, 30.28755010156673, 144.42684305459261],
       [-97.73576734464288, 30.28754004404425, 145.53526157420129],
       [-97.73573713408491, 30.28754710523586, 151.99496277794242],
       [-97.73574385411044, 30.28753471079100, 154.05641280952841],
       [-97.73573876858494, 30.28751736443285, 154.71938054356724],
       [-97.73577381973148, 30.28756753323390, 171.56845999043435],
       [-97.73576730447964, 30.28757365431554, 164.25717017706484],
       [-97.73575905140521, 30.28755622564622, 157.85972222778946],
       [-97.73575745450748, 30.28757551084482, 155.42520085908473],
       [-97.73577756458208, 30.28757365792555, 159.29281397163868],
       [-97.73576954189113, 30.28754633879436, 150.71078280732036],
       [-97.73578826248473, 30.28754009796056, 146.94760759361088],
       [-97.73579361033171, 30.28756637935510, 156.72592323273420],
       [-97.73580480275312, 30.28758597966991, 176.21193928830326],
       [-97.73580480754843, 30.28753767087893, 171.50663796626031],
       [-97.73576641276595, 30.28753649922532, 166.41482145432383],
       [-97.73576977198861, 30.28755056619557, 153.66149231791496],
       [-97.73574658502179, 30.28755823263559, 168.30116349365562],
       [-97.73572982115483, 30.28754858690671, 175.34288606606424],
       [-97.73572523917228, 30.28755819151124, 168.70414969883859],
       [-97.73571847780529, 30.28753815085066, 164.51210570801049],
       [-97.73572248281232, 30.28756140804044, 151.10061128064990],
       [-97.73571517516400, 30.28756303773343, 162.48679049778730],
       [-97.73574319075473, 30.28753385846390, 167.43774815276265],
       [-97.73577780282508, 30.28756329009179, 162.99045293312520],
       [-97.73578562694628, 30.28756017283729, 171.73004194907844],
       [-97.73579399979148, 30.28757685766487, 171.96318055037409],
       [-97.73575780170481, 30.28760185160991, 178.69969603698701],
       [-97.73574484857015, 30.28757621701632, 176.86695271357894],
       [-97.73574520150564, 30.28756504342697, 167.46008457429707],
       [-97.73573219381242, 30.28756039141448, 165.57462468557060],
       [-97.73570598697441, 30.28760744308790, 172.98464350402355],
       [-97.73571621332098, 30.28758808915256, 171.90269471146166],
       [-97.73570725526267, 30.28756973354454, 174.96211220975965],
       [-97.73574658693229, 30.28757059737944, 172.86309976223856],
       [-97.73571354474318, 30.28755620187250, 175.96373173873872],
       [-97.73575673075131, 30.28752762538742, 167.77631237916648],
       [-97.73576907356764, 30.28755678458704, 157.93501348979771],
       [-97.73576475143949, 30.28755145618699, 164.87125587277114],
       [-97.73576008822668, 30.28756298277142, 169.11169556062669],
       [-97.73578227904898, 30.28754707304328, 172.31149981822819],
       [-97.73575038052476, 30.28753334319631, 173.06081464514136],
       [-97.73573098421218, 30.28755223681698, 164.40370844397694],
       [-97.73572006275484, 30.28752141667443, 172.22210857551545],
       [-97.73576882254190, 30.28750445735548, 168.48232716042548],
       [-97.73575242490237, 30.28752550275638, 166.93012375943363],
       [-97.73577159403138, 30.28751955979587, 165.83978626225144],
       [-97.73577803569313, 30.28752562055741, 165.06768346298486],
       [-97.73574529015922, 30.28755424736427, 174.35865940712392],
       [-97.73577201783237, 30.28748095827047, 169.91921709477901],
       [-97.73579459777723, 30.28748168871837, 159.06198088638484],
       [-97.73573625000810, 30.28753255435201, 175.15560893714428],
       [-97.73575492672822, 30.28752024702154, 179.79830625653267],
       [-97.73572218420786, 30.28751812149028, 184.81432268768549],
       [-97.73571671108091, 30.28752777108023, 177.04918840061873],
       [-97.73577557486665, 30.28748006498934, 162.95349828992039],
       [-97.73579423666087, 30.28747574947610, 146.37167072854936],
       [-97.73576492148800, 30.28749665091085, 171.62062132824212],
       [-97.73576158156082, 30.28747773829023, 160.69428671617061],
       [-97.73583454458338, 30.28746483505272, 155.67968372721225],
       [-97.73571817439755, 30.28753156653697, 167.23663971479982],
       [-97.73574190493373, 30.28753598742634, 155.59625243116170],
       [-97.73576987422435, 30.28751713840369, 172.27172465715557],
       [-97.73572279614095, 30.28749754398412, 171.16475607641041],
       [-97.73571722541323, 30.28747789343836, 168.34286496136338],
       [-97.73576749099222, 30.28746085030009, 171.23900342267007],
       [-97.73573138557782, 30.28753138881288, 177.80635578371584],
       [-97.73571964524035, 30.28749308288132, 168.75024855695665],
       [-97.73570414564684, 30.28750060690394, 160.64045045524836],
       [-97.73571482330286, 30.28749340230479, 153.22370618116111],
       [-97.73575300354155, 30.28749862564187, 165.59857403859496],
       [-97.73575583226722, 30.28748667716971, 175.73974956478924],
       [-97.73576379057522, 30.28750146709443, 183.59095760341734],
       [-97.73577996419510, 30.28749336777791, 173.40800463687629],
       [-97.73580155596468, 30.28746216763712, 160.90955512598157],
       [-97.73575036226207, 30.28747374898147, 170.47675055824220],
       [-97.73573649811064, 30.28748644551264, 170.80663205031306],
       [-97.73573138067736, 30.28752511904600, 164.89893279504031],
       [-97.73573106317791, 30.28750967196161, 165.69304629694670],
       [-97.73570772486146, 30.28751381757982, 172.75286938715726],
       [-97.73575820256480, 30.28750233488739, 163.21736660599709],
       [-97.73573990685699, 30.28749580370234, 166.97102982457727],
       [-97.73575720129432, 30.28743461925315, 158.54242597334087],
       [-97.73578084260710, 30.28743097909631, 155.23198534455150],
       [-97.73578246229381, 30.28743919978598, 170.17603271361440],
       [-97.73577752359546, 30.28745186857128, 172.51033032499254],
       [-97.73577326499293, 30.28748003488686, 173.98162887245417],
       [-97.73577588456271, 30.28753878040257, 176.31162454001606],
       [-97.73573835776708, 30.28755933185788, 170.47221213765442],
       [-97.73574154837851, 30.28753488297583, 178.07302033063024],
       [-97.73573613539325, 30.28750239808100, 160.68794403318316],
       [-97.73571992906675, 30.28747893577537, 156.14530965685844],
       [-97.73570164798103, 30.28746941302450, 162.13944017048925],
       [-97.73572372496081, 30.28747070707323, 160.04069404490292],
       [-97.73575670275130, 30.28747901809257, 167.14636319037527],
       [-97.73571088152093, 30.28749329549295, 163.02322246041149],
       [-97.73568274457836, 30.28751592784810, 170.37756336014718],
       [-97.73572260767685, 30.28753027029974, 172.68197094555944],
       [-97.73577680401890, 30.28748051977460, 166.79371026437730],
       [-97.73582154352921, 30.28745570480481, 167.67613715864718],
       [-97.73578873509823, 30.28747694510172, 160.85452422127128],
       [-97.73578035495319, 30.28751220666424, 159.43157662823796],
       [-97.73572091988379, 30.28752895122624, 159.11522692255676],
       [-97.73574168764692, 30.28750178527426, 161.78757174406201],
       [-97.73574240882778, 30.28748013857435, 153.62189640477300],
       [-97.73571917311128, 30.28748542340998, 166.31661366485059],
       [-97.73570541124278, 30.28753000489538, 185.54977775271982],
       [-97.73577389275158, 30.28750015120822, 164.39889948442578],
       [-97.73576537985909, 30.28749902761029, 162.35433971788734],
       [-97.73575678576650, 30.28753546342676, 163.92101228330284],
       [-97.73573615249823, 30.28751859059711, 169.33882089983672],
       [-97.73572676910283, 30.28750712866107, 154.38465340901166],
       [-97.73576298483083, 30.28752116594338, 152.98794442601502],
       [-97.73578447396272, 30.28754103853338, 157.02148404158652],
       [-97.73576588645437, 30.28752089091955, 154.71847459860146],
       [-97.73574625267655, 30.28752060746302, 160.81833793595433],
       [-97.73574274554996, 30.28748386671649, 165.39957337826490],
       [-97.73572647532379, 30.28752277983466, 168.96903261076659],
       [-97.73573807548034, 30.28755366919840, 180.52638794109225],
       [-97.73571710833440, 30.28750556670234, 177.41056862939149],
       [-97.73574271700811, 30.28750207732562, 164.22016279399395],
       [-97.73571689240561, 30.28755853956125, 167.04952873289585],
       [-97.73570581277049, 30.28753533741110, 163.86254756990820],
       [-97.73574885281167, 30.28754613927811, 157.98579214420170],
       [-97.73577424392812, 30.28753697144396, 150.68151410017163],
       [-97.73576074805699, 30.28753766193428, 160.88963457196951],
       [-97.73575999306304, 30.28756234791418, 170.11979215685278],
       [-97.73572886349173, 30.28755150435169, 167.58911906275898],
       [-97.73575595518604, 30.28753417312820, 166.19877867586911],
       [-97.73572962915311, 30.28751086596977, 167.63799149356782],
       [-97.73573405672067, 30.28749759460796, 166.98195823747665],
       [-97.73569753930303, 30.28753528273957, 174.34740630257875],
       [-97.73570647162173, 30.28751208943680, 175.65694702882320],
       [-97.73570115757117, 30.28752074859397, 174.10673814360052],
       [-97.73568996218815, 30.28752364756743, 171.30219494923949],
       [-97.73572276120036, 30.28753537220499, 169.59283840935677],
       [-97.73576390739873, 30.28757621719217, 168.38773089740425],
       [-97.73578993991663, 30.28750353541983, 149.44926819298416],
       [-97.73574444348141, 30.28750024299498, 153.22328980732709],
       [-97.73574877049313, 30.28751522401432, 163.28110584523529],
       [-97.73578029257936, 30.28751870760527, 163.24960643425584],
       [-97.73578279683646, 30.28752134488729, 157.79287391807884],
       [-97.73576620627379, 30.28751149515809, 165.24524489976466],
       [-97.73574016977473, 30.28754364692011, 167.41836195811629],
       [-97.73576116511822, 30.28753345664905, 169.51966891065240],
       [-97.73575433073051, 30.28752493248718, 176.30148491729051],
       [-97.73571321054511, 30.28754159047606, 174.13286520075053],
       [-97.73574510818146, 30.28749827600941, 166.34475987590849],
       [-97.73579122781364, 30.28751776716973, 156.06183020863682],
       [-97.73581811422834, 30.28751423085900, 152.45860242284834],
       [-97.73577785546105, 30.28752577562224, 160.87125117797405],
       [-97.73575725494896, 30.28753406509301, 168.54759039729834],
       [-97.73580311780165, 30.28752392715534, 160.37312818132341],
       [-97.73583019202530, 30.28753829190983, 158.56633441895247],
       [-97.73578314911822, 30.28756465150437, 160.03210194315761],
       [-97.73575880548277, 30.28753770193921, 174.28938120882958],
       [-97.73573618600997, 30.28755308408398, 177.74675529170781],
       [-97.73574442613612, 30.28755196955009, 169.46825972944498],
       [-97.73578506662945, 30.28753962490105, 166.87456257175654],
       [-97.73576913345350, 30.28750820945942, 155.54876727145165],
       [-97.73572849190101, 30.28755542624050, 158.53622248675674],
       [-97.73579022997362, 30.28758138674353, 159.83248619828373],
       [-97.73577719817582, 30.28758299748403, 156.90285871271044],
       [-97.73574392352238, 30.28757221442540, 168.82408755179495],
       [-97.73581041103695, 30.28754423304817, 166.92779935803264],
       [-97.73577987349084, 30.28753290909808, 165.34190875384957],
       [-97.73578034754716, 30.28750692266171, 163.96553934458643],
       [-97.73576067363111, 30.28750220236928, 165.34818523935974],
       [-97.73575157221372, 30.28750979212193, 157.37172547075897],
       [-97.73574583986004, 30.28753255583517, 160.12277493719012],
       [-97.73570605513078, 30.28756765316388, 161.00427936948836],
       [-97.73572620417514, 30.28753745011462, 154.99611566308886],
       [-97.73571434128360, 30.28755069312432, 161.19692702125758],
       [-97.73572243325107, 30.28755511946511, 164.31190568581223],
       [-97.73571405179315, 30.28756893022165, 170.81073706410825],
       [-97.73576523535672, 30.28752624485542, 160.50441299285740],
       [-97.73579761202191, 30.28754365953554, 165.77700361795723],
       [-97.73579863125987, 30.28752016970096, 175.93398505542427],
       [-97.73576295168597, 30.28753026348263, 178.43563572224230],
       [-97.73574333213470, 30.28753057682851, 167.25111247692257],
       [-97.73575562173815, 30.28754864392091, 174.16902505606413],
       [-97.73572422625162, 30.28755869858944, 169.85079420823604],
       [-97.73573545946554, 30.28755772407741, 171.45089911855757],
       [-97.73574307734302, 30.28755020643083, 169.04132896102965],
       [-97.73570981537291, 30.28755458521277, 163.19390556309372],
       [-97.73570795244723, 30.28755294907279, 163.74101121257991],
       [-97.73569672209665, 30.28755864167336, 165.47501069959253],
       [-97.73570181456296, 30.28755305872314, 175.65580907464027],
       [-97.73571622056444, 30.28755132359625, 179.03200927469879],
       [-97.73571319332709, 30.28754978977153, 170.58962990250438],
       [-97.73570319629425, 30.28753727148294, 171.45859996695071],
       [-97.73568108431165, 30.28755513238077, 171.33063975349069],
       [-97.73567730208474, 30.28757695780985, 178.15641055349261],
       [-97.73571068983053, 30.28752969485242, 164.13929697684944],
       [-97.73572864067049, 30.28755270828058, 168.26751758996397],
       [-97.73569761250909, 30.28758189635574, 173.45284969173372],
       [-97.73570010157769, 30.28758481455451, 171.82360672950745],
       [-97.73567506811753, 30.28760535440442, 172.84963916055858],
       [-97.73568823532933, 30.28755546784998, 168.04576612077653],
       [-97.73571559276955, 30.28751536872426, 165.29972190875560],
       [-97.73577850628546, 30.28749673542540, 165.78142424952239],
       [-97.73577074522137, 30.28749626381838, 173.86404296383262],
       [-97.73571863007068, 30.28754969034738, 170.13061617780477],
       [-97.73570292982352, 30.28755541699940, 160.25690020155162],
       [-97.73569349890505, 30.28757283957295, 164.20057371817529],
       [-97.73573024760557, 30.28755543771148, 155.42233679443598],
       [-97.73573471022149, 30.28752981822090, 162.30347502510995],
       [-97.73568802597904, 30.28758452074333, 163.08158205077052],
       [-97.73572906500165, 30.28752539873484, 156.92862576525658],
       [-97.73572472736613, 30.28751113095242, 153.93140608072281],
       [-97.73572104289069, 30.28752412481842, 170.64211233425885],
       [-97.73573125782120, 30.28754471667122, 175.37144133914262],
       [-97.73573249284105, 30.28751873087850, 166.55351192224771],
       [-97.73574430860717, 30.28754144986684, 163.47714248672128],
       [-97.73570938528786, 30.28754910124638, 168.55120631679893],
       [-97.73570130453135, 30.28756476166422, 166.97430366557091],
       [-97.73569110316370, 30.28759246227067, 159.69505271688104],
       [-97.73570262723582, 30.28756425169603, 159.71448549907655],
       [-97.73572406446732, 30.28753394171512, 167.02144613023847],
       [-97.73571048303431, 30.28754234650961, 175.01684461161494],
       [-97.73576542373172, 30.28749138741637, 167.04160283412784],
       [-97.73572902669007, 30.28753184694227, 157.93105570133775],
       [-97.73569440550489, 30.28756629028591, 162.18806271906942],
       [-97.73566903053297, 30.28756285143489, 170.04721408057958],
       [-97.73566601433723, 30.28755175860403, 175.49810567591339],
       [-97.73571641844076, 30.28753917813777, 170.92870604339987],
       [-97.73571320197580, 30.28756969645238, 172.62856362946332],
       [-97.73572877122740, 30.28751533041945, 170.07113539334387],
       [-97.73572711816936, 30.28755468165298, 175.60842250008136],
       [-97.73574149311389, 30.28756535395236, 160.42447808943689],
       [-97.73570703139552, 30.28757156807823, 164.75606116838753],
       [-97.73568367519813, 30.28757788163028, 176.05735608376563],
       [-97.73568247430508, 30.28758272770492, 174.38588215131313],
       [-97.73572806508091, 30.28752070005271, 168.50242833327502],
       [-97.73573239469367, 30.28752318988279, 161.49805591441691],
       [-97.73569755551544, 30.28753226251310, 168.82714574597776],
       [-97.73571122229554, 30.28754388575515, 167.45149494986981],
       [-97.73569715149156, 30.28757176645200, 172.38281970005482],
       [-97.73570152603558, 30.28754520147764, 166.34604161605239],
       [-97.73570325980053, 30.28748449873694, 158.34575697779655],
       [-97.73569543935942, 30.28750847024962, 162.06480283476412],
       [-97.73569529014388, 30.28753496437495, 172.41044252365828],
       [-97.73565527459628, 30.28758772859898, 168.37455351557583],
       [-97.73567330475743, 30.28755856884875, 155.51384858973324],
       [-97.73569941847549, 30.28754352524077, 156.88767741061747],
       [-97.73571623507398, 30.28752297738794, 160.74216046556830],
       [-97.73575559058706, 30.28750368645891, 157.09497585892677],
       [-97.73568539729071, 30.28753683113516, 161.76865874603391],
       [-97.73570319153220, 30.28751768387114, 155.13981997314841],
       [-97.73572115508956, 30.28750326297252, 158.82521857786924],
       [-97.73570603556853, 30.28751375693114, 172.82208278868347],
       [-97.73571904447221, 30.28752620718829, 174.59861896466464],
       [-97.73566209322301, 30.28754579791567, 172.61379506159574],
       [-97.73567516505923, 30.28754644271302, 163.00350742507726],
       [-97.73567383020367, 30.28756005792104, 158.53909341339022],
       [-97.73565311310790, 30.28756354521509, 174.97576065454632],
       [-97.73570515123494, 30.28751807184164, 170.28038709890097],
       [-97.73572657381951, 30.28756317649441, 166.98623983003199],
       [-97.73569366192750, 30.28756280830585, 173.63829963561147],
       [-97.73572947815067, 30.28752585155477, 163.68390006851405],
       [-97.73575609166463, 30.28751893466538, 164.56210357043892],
       [-97.73574139810987, 30.28752589118709, 168.35861137975007],
       [-97.73574325583725, 30.28751904430382, 158.93206752929837],
       [-97.73568926071623, 30.28754007292418, 172.86113567464054],
       [-97.73567266073124, 30.28753070030734, 168.32582003436983],
       [-97.73568460766657, 30.28752253055531, 167.06381695810705],
       [-97.73566576594655, 30.28754423106264, 171.01674106344581],
       [-97.73570892346628, 30.28753179695770, 172.18825434986502],
       [-97.73570226542785, 30.28752736185966, 171.32030829135329],
       [-97.73570034685956, 30.28753903630634, 161.89432909246534],
       [-97.73569891002099, 30.28755095093306, 161.50052934233099],
       [-97.73569935885162, 30.28754297380012, 176.75024726893753],
       [-97.73569000795422, 30.28754498188787, 179.80177309643477],
       [-97.73572234495010, 30.28756956524830, 171.84102435782552],
       [-97.73572606172938, 30.28754933995791, 165.68552641756833],
       [-97.73571752447080, 30.28753346422906, 164.12723496183753],
       [-97.73566926540850, 30.28759308451709, 163.11766430269927],
       [-97.73571956701213, 30.28757448111676, 167.00751252565533],
       [-97.73570020160516, 30.28754331928840, 161.60042066685855],
       [-97.73568061380976, 30.28755359854899, 167.54727721400559],
       [-97.73570250224445, 30.28753598343245, 177.13383457157761],
       [-97.73568691048754, 30.28755475553742, 172.65269355755299],
       [-97.73568820414411, 30.28755845295360, 174.13255521375686],
       [-97.73571432710355, 30.28754738681869, 168.88256552629173],
       [-97.73567751987230, 30.28755048571230, 159.16326333396137],
       [-97.73566597292334, 30.28754602066260, 175.35160290636122],
       [-97.73571815226381, 30.28753326166100, 183.56548384670168],
       [-97.73571464223974, 30.28753107464861, 172.34669458400458],
       [-97.73571939078978, 30.28752561682566, 166.36254570260644],
       [-97.73571721333457, 30.28750256286183, 170.40129758231342],
       [-97.73570773144080, 30.28755046140416, 169.11607806757092],
       [-97.73573339878925, 30.28754259690932, 174.48773551825434],
       [-97.73567522203638, 30.28759713240122, 181.85722941905260],
       [-97.73566128902232, 30.28758396532762, 188.16064069233835],
       [-97.73568793349291, 30.28753401418364, 187.86419837269932],
       [-97.73571820089499, 30.28753757644396, 181.60893759224564],
       [-97.73570383324261, 30.28751157437224, 185.19690497498959],
       [-97.73567740760313, 30.28748663329510, 185.23229409568012],
       [-97.73563400776781, 30.28752545521665, 182.54268317855895],
       [-97.73570237470423, 30.28755305275105, 172.88821765314788],
       [-97.73574275283886, 30.28756942569904, 176.19511913135648],
       [-97.73574225513835, 30.28754621170047, 178.26149199809879],
       [-97.73570522375466, 30.28755770033430, 181.02760420087725],
       [-97.73571450175697, 30.28751980264662, 181.22173645347357],
       [-97.73574912683125, 30.28751006800511, 162.84874903224409],
       [-97.73572783688914, 30.28753724078669, 184.49427434708923],
       [-97.73570909687099, 30.28754222604414, 180.07897299341857],
       [-97.73570432559852, 30.28751761023735, 166.15756298229098],
       [-97.73570223756317, 30.28753319027593, 173.49591475632042],
       [-97.73572836017975, 30.28751762793286, 174.86650038883090],
       [-97.73571644367813, 30.28754045051548, 181.80755996797234],
       [-97.73568569600623, 30.28753885558303, 184.02712033782154],
       [-97.73569347391245, 30.28753915758509, 178.15632537007332],
       [-97.73573423403025, 30.28751635182468, 178.37625139020383],
       [-97.73576165737224, 30.28751418660135, 186.34862292744219],
       [-97.73574160318405, 30.28750061650019, 179.11781812645495],
       [-97.73576365373729, 30.28749484343029, 170.86615746747702],
       [-97.73576445249708, 30.28749428708273, 159.78365401551127],
       [-97.73573835913984, 30.28753711602722, 169.84394731093198],
       [-97.73574441624392, 30.28756474806138, 174.40796500723809],
       [-97.73569930289494, 30.28757732106767, 169.13760612439364],
       [-97.73567351176720, 30.28757160247951, 174.45126836840063],
       [-97.73569695822880, 30.28750142869355, 181.33800970856100],
       [-97.73571937109702, 30.28745180062370, 178.88532344531268],
       [-97.73568694884116, 30.28752208758076, 178.27410403825343],
       [-97.73571433393855, 30.28753040952543, 178.56569962389767],
       [-97.73573129820269, 30.28756832052103, 178.37878530658782],
       [-97.73571692944934, 30.28755790498654, 163.26336872950196],
       [-97.73572413130087, 30.28755499392722, 161.99118448141962],
       [-97.73571523748701, 30.28757834068628, 164.62004921585321],
       [-97.73569990861678, 30.28754037667518, 177.35403345525265],
       [-97.73573467978288, 30.28752490739547, 178.67184346821159],
       [-97.73572663002514, 30.28751172641525, 179.92529496550560],
       [-97.73572837971729, 30.28747014647555, 176.83144311606884],
       [-97.73569919550009, 30.28749559388059, 174.92996470816433],
       [-97.73571969079615, 30.28752434027673, 187.52518497686833],
       [-97.73576592559291, 30.28748058056977, 193.10709233488888],
       [-97.73571765042172, 30.28752063431948, 183.61081854254007],
       [-97.73567780474396, 30.28755273507531, 174.69137039780617],
       [-97.73569993708257, 30.28753148548056, 168.55168189853430],
       [-97.73576913331253, 30.28753612222574, 162.37223231326789],
       [-97.73576940208535, 30.28753942575743, 165.25473635457456],
       [-97.73575986002764, 30.28752935286541, 170.01645191572607],
       [-97.73577296394382, 30.28750531091908, 168.79297253768891],
       [-97.73578064359343, 30.28751558284916, 178.01885445881635],
       [-97.73575992075051, 30.28752860589696, 173.72428787685931],
       [-97.73571924553549, 30.28749590646558, 171.40081247873604],
       [-97.73572993679373, 30.28747150594766, 184.47735342103988],
       [-97.73571005892049, 30.28750097692985, 181.85871090739965],
       [-97.73571240336581, 30.28749328209778, 180.29695987049490],
       [-97.73570720777768, 30.28750492859551, 161.36683754436672],
       [-97.73573125788987, 30.28754956201364, 174.00001563876867],
       [-97.73572330349907, 30.28753172676406, 174.73276459518820],
       [-97.73573373416427, 30.28750751759167, 170.54216540884227],
       [-97.73575394281869, 30.28752490996607, 167.40395443420857],
       [-97.73579859407788, 30.28750310738706, 167.91571060568094],
       [-97.73572415068786, 30.28752512517623, 160.09072770923376],
       [-97.73573411520580, 30.28751048982614, 165.11281219311059],
       [-97.73570706007457, 30.28746797079184, 167.83842423278838],
       [-97.73571877456517, 30.28749106645465, 169.97336098272353],
       [-97.73571063483087, 30.28749696921097, 169.04403433296829],
       [-97.73574132557641, 30.28753363209868, 171.58372146449983],
       [-97.73573939633485, 30.28749796613815, 164.52441892027855],
       [-97.73572800215567, 30.28748117398519, 158.88127323519439],
       [-97.73573394356293, 30.28746672906191, 160.89871151838452],
       [-97.73576232433474, 30.28746931401329, 162.27166671399027],
       [-97.73573925816650, 30.28749906884259, 159.65089040994644],
       [-97.73570925450801, 30.28749888197870, 159.36360180750489],
       [-97.73571665192107, 30.28747892417988, 166.11159800551832],
       [-97.73572606708180, 30.28748043673352, 168.75368785765022],
       [-97.73571918043633, 30.28749170768467, 154.49007465038449],
       [-97.73568439464240, 30.28749816981750, 176.48112084250897],
       [-97.73569761496174, 30.28749485854425, 182.53771812468767],
       [-97.73573572959768, 30.28748079518864, 180.83207689877599],
       [-97.73573913755551, 30.28749538500301, 173.19187594950199],
       [-97.73574287193114, 30.28748430007035, 164.99067218974233],
       [-97.73573291842457, 30.28749987598496, 175.76539642363787],
       [-97.73569914835922, 30.28754057415663, 180.40852198284119],
       [-97.73576465807587, 30.28749297906105, 171.96714250836521],
       [-97.73578689989976, 30.28748802421901, 166.41874740086496],
       [-97.73573720347494, 30.28749239221830, 180.00603353325278],
       [-97.73571200260233, 30.28745328481094, 173.12001213524491],
       [-97.73573020790913, 30.28745242424345, 168.97255452629179],
       [-97.73575684458505, 30.28746868891916, 161.76485963538289],
       [-97.73576203903944, 30.28745460929785, 164.82402428425848],
       [-97.73573600964897, 30.28746506818928, 172.03363161627203],
       [-97.73568329355795, 30.28751476787637, 176.12402150779963],
       [-97.73573074158517, 30.28749863098520, 180.67719285562634],
       [-97.73572954837763, 30.28748532306672, 184.85585128329694],
       [-97.73573545616726, 30.28745215983111, 181.17617730703205],
       [-97.73574916503679, 30.28742501951796, 171.29922135733068],
       [-97.73575989298095, 30.28747783987073, 164.52605810947716],
       [-97.73574749124435, 30.28752987995517, 166.91509825084358],
       [-97.73571368601607, 30.28750628479380, 167.14874068368226],
       [-97.73572022975283, 30.28744526082246, 161.71666479855776],
       [-97.73571358683458, 30.28748493008248, 161.25151123851538],
       [-97.73573379030671, 30.28749840753107, 171.05685002170503],
       [-97.73569159022306, 30.28749558292127, 180.79571024980396],
       [-97.73571442060161, 30.28748727886747, 175.71773118898273],
       [-97.73569983076932, 30.28749554762245, 176.77221546415240],
       [-97.73571252254855, 30.28750435488556, 175.94768778141588],
       [-97.73570678317721, 30.28747102756699, 186.96333226282150],
       [-97.73570554732211, 30.28749618376267, 186.10146050434560],
       [-97.73573580611531, 30.28749149823485, 163.19857094250619],
       [-97.73577577058418, 30.28744915144896, 147.87883946113288],
       [-97.73569876936450, 30.28752695738824, 169.53110507689416],
       [-97.73571244629304, 30.28748508139995, 167.20860331226140],
       [-97.73572534319509, 30.28747189130036, 164.30824775993824],
       [-97.73571275344909, 30.28747118300774, 169.51002872828394],
       [-97.73572885969597, 30.28747687826204, 179.12104175705463],
       [-97.73568990182832, 30.28746004458711, 179.35150944441557],
       [-97.73570362667486, 30.28746140153809, 176.66921383235604],
       [-97.73569365340884, 30.28749750113003, 180.33951035887003],
       [-97.73569241831034, 30.28750898733981, 172.51396101433784],
       [-97.73569124307637, 30.28750359203334, 174.17185751069337],
       [-97.73571665088977, 30.28748525293742, 175.88595637492836],
       [-97.73568974556002, 30.28752487480285, 172.19047836586833],
       [-97.73572553573565, 30.28747446975992, 169.02552925888449],
       [-97.73577191914474, 30.28744459016726, 171.07587305083871],
       [-97.73575556976218, 30.28751149120749, 179.32498186267912],
       [-97.73574395948320, 30.28749608495455, 178.15607130341232],
       [-97.73572302284852, 30.28747771593705, 170.51950586959720],
       [-97.73567319312158, 30.28745634801185, 161.87013654503971],
       [-97.73566548264176, 30.28747143023887, 161.90849230159074],
       [-97.73567987595025, 30.28746772152052, 166.43071629386395],
       [-97.73569201830416, 30.28747877670503, 168.35014482494444],
       [-97.73569863002602, 30.28749894586535, 174.19985247403383],
       [-97.73566844677589, 30.28751669454262, 173.97554888017476],
       [-97.73573632551079, 30.28750516410893, 168.13104815315455],
       [-97.73572410579236, 30.28747736208215, 166.87217845954001],
       [-97.73573680142476, 30.28743514611129, 158.30393613502383],
       [-97.73573470620973, 30.28745677012314, 151.31992349680513],
       [-97.73572891593382, 30.28745768749547, 151.03626483585685],
       [-97.73579175432116, 30.28741218399321, 146.91310569643974],
       [-97.73571105173185, 30.28747603992917, 166.51070571038872],
       [-97.73572862906020, 30.28746595163047, 159.25026927329600],
       [-97.73570940228400, 30.28746746465779, 162.59518589079380],
       [-97.73574404309136, 30.28742780448679, 155.91515805479139],
       [-97.73569200236116, 30.28744470062607, 166.84308173321187],
       [-97.73567665943560, 30.28751400413826, 179.51956052426249],
       [-97.73568949373593, 30.28752150349161, 175.19582789111882],
       [-97.73571900277518, 30.28747566698000, 153.96709727030247],
       [-97.73572001936678, 30.28748505674744, 153.12251823022962],
       [-97.73572900687276, 30.28746237352527, 153.56050142832100],
       [-97.73574957033664, 30.28745569928780, 156.14803693536669],
       [-97.73570467056216, 30.28746814312461, 162.24113311152905],
       [-97.73567909653308, 30.28749145490485, 170.62182064726949],
       [-97.73566981446213, 30.28752561426221, 176.37338274437934],
       [-97.73571271278553, 30.28748394064358, 163.65320505574346],
       [-97.73568510517433, 30.28748004323446, 169.38096055574715],
       [-97.73565877036785, 30.28751965122130, 176.85288039315492],
       [-97.73571064116884, 30.28749860992967, 169.36873472016305],
       [-97.73571931731678, 30.28750281407065, 154.33870693296194],
       [-97.73572093283663, 30.28751166391234, 159.16780533920974],
       [-97.73568582591672, 30.28755652278316, 160.96262923907489],
       [-97.73572598562080, 30.28752721513564, 165.29643742367625],
       [-97.73575289966965, 30.28750583374817, 150.28367745969445],
       [-97.73570063868323, 30.28750503428669, 157.02807832881808],
       [-97.73568681333803, 30.28747669323402, 164.67501881625503],
       [-97.73563901884583, 30.28750887697879, 171.31886156555265],
       [-97.73566880960989, 30.28753106241385, 172.55377939622849],
       [-97.73564086881048, 30.28752053518137, 171.07093651965261],
       [-97.73564246000866, 30.28751392851623, 168.65424155630171],
       [-97.73569683345282, 30.28748515780511, 175.45321987289935],
       [-97.73570136206901, 30.28748986514436, 173.53098486736417],
       [-97.73572248418189, 30.28750153192619, 165.12831366341561],
       [-97.73565470498890, 30.28754827422585, 170.03839911241084],
       [-97.73565724468833, 30.28753129774647, 169.05582087580115],
       [-97.73568858308059, 30.28753669866501, 169.39703954197466],
       [-97.73573219310273, 30.28752627511423, 176.10725685115904],
       [-97.73570557946644, 30.28752541865259, 172.95634014997631],
       [-97.73568450820972, 30.28752724795868, 174.46151862200350],
       [-97.73569268046045, 30.28753166959372, 174.19588387198746],
       [-97.73569882216792, 30.28753648870422, 170.09293992351741],
       [-97.73569793882113, 30.28751081779060, 173.27697873394936],
       [-97.73571984585536, 30.28750184568112, 173.79925441555679],
       [-97.73568055833641, 30.28755054050520, 171.99632422067225],
       [-97.73569335220330, 30.28752488983182, 174.23596037365496],
       [-97.73567388685004, 30.28754795654778, 167.55512695573270],
       [-97.73570770400178, 30.28751398202342, 160.56110737100244],
       [-97.73572112499434, 30.28751496813960, 165.69634775537997],
       [-97.73572109313531, 30.28752911811755, 174.12691097427160],
       [-97.73572918820675, 30.28753648185437, 179.13737487141043],
       [-97.73573151368130, 30.28752991962962, 180.51378491148353],
       [-97.73571840783319, 30.28752902780064, 175.15092108026147],
       [-97.73574090126115, 30.28750633807183, 162.33639289345592],
       [-97.73574036974789, 30.28752651402722, 176.17361248936504],
       [-97.73571677435457, 30.28755619827283, 182.67479672469199],
       [-97.73569863881539, 30.28752776973113, 169.75106417946517],
       [-97.73571240566208, 30.28755783280887, 175.26406062580645],
       [-97.73564941614249, 30.28754833516820, 168.49011738318950],
       [-97.73569794890531, 30.28751179266989, 168.00842840876430],
       [-97.73573332790737, 30.28752325007624, 174.96981308888644],
       [-97.73571564990645, 30.28756285468283, 174.01455124095082],
       [-97.73571407199196, 30.28751936612177, 164.81355585809797],
       [-97.73572672299160, 30.28748745630022, 166.46904929168522],
       [-97.73573206766491, 30.28753444963974, 182.82283467613161],
       [-97.73577218184609, 30.28750885819540, 163.95002563856542],
       [-97.73574440187338, 30.28752315099132, 163.45576881431043],
       [-97.73568583781029, 30.28756224580036, 170.35929995682091],
       [-97.73572282523310, 30.28751775293484, 175.43824170343578],
       [-97.73570835367919, 30.28750702138212, 183.74257063400000],
       [-97.73571039304382, 30.28749292049936, 175.53264107089490],
       [-97.73572946043926, 30.28748448198724, 170.50477278605103],
       [-97.73569212814340, 30.28750725772407, 175.69688011147082],
       [-97.73573063395168, 30.28749524900790, 175.63583564572036],
       [-97.73575651854051, 30.28750166836038, 171.29675229080021],
       [-97.73575706488182, 30.28749551219545, 169.85532863531262],
       [-97.73575676783972, 30.28749007962062, 165.32338673155755],
       [-97.73569836517848, 30.28750721880072, 167.90882586594671],
       [-97.73573515692134, 30.28754263471712, 171.88174408208579],
       [-97.73576027867320, 30.28753787965467, 175.19193342607468],
       [-97.73574351648250, 30.28753246348300, 169.71129441540688],
       [-97.73571867539847, 30.28752763130500, 170.44083143211901],
       [-97.73573487848628, 30.28746650509599, 159.50642971228808],
       [-97.73572593238806, 30.28752488864353, 171.64032347500324],
       [-97.73575652403710, 30.28749899583805, 174.59637496527284],
       [-97.73573978784205, 30.28750789294354, 168.89769338350743],
       [-97.73576391310733, 30.28749858391915, 163.45246654283255],
       [-97.73578971552145, 30.28745164257248, 160.88862973731011],
       [-97.73578589965248, 30.28746385660135, 158.30005233548582],
       [-97.73575287626231, 30.28752692941266, 170.42596757411957],
       [-97.73577600035695, 30.28750249819007, 155.94391016568989],
       [-97.73577716328224, 30.28752455519618, 151.39168085064739],
       [-97.73579409566291, 30.28753189960486, 157.27822027076036],
       [-97.73577499759772, 30.28753115725099, 160.16400053352118],
       [-97.73573433657674, 30.28753394008842, 173.81560165621340],
       [-97.73575126578697, 30.28748546145597, 176.81168678961694],
       [-97.73573037678690, 30.28751477070170, 174.21327201742679],
       [-97.73571346009692, 30.28752365913133, 167.55334206577390],
       [-97.73568698451643, 30.28753178744815, 172.34046949259937],
       [-97.73568122585482, 30.28753362682390, 168.48427500575781],
       [-97.73573336419889, 30.28749557909950, 160.40346107631922],
       [-97.73575167801451, 30.28749587827691, 161.27529985085130],
       [-97.73574519586323, 30.28751013653417, 169.40469656139612],
       [-97.73577424645704, 30.28749577376772, 169.18166885059327],
       [-97.73579567419355, 30.28749714329878, 162.48254049383104],
       [-97.73579667945882, 30.28749753449786, 156.47368403617293],
       [-97.73576526984677, 30.28745496581983, 166.45239748805761],
       [-97.73576839457965, 30.28748771913622, 168.37173164729029],
       [-97.73576797413129, 30.28748002734031, 156.49381668586284],
       [-97.73577193872508, 30.28748350161056, 165.88500171154737],
       [-97.73572308293942, 30.28753120937877, 164.76797063369304],
       [-97.73571998015834, 30.28754305088501, 176.00920484680682],
       [-97.73574323033540, 30.28753820722723, 169.89932319894433],
       [-97.73575567440353, 30.28751804736626, 166.75317435339093],
       [-97.73577789692347, 30.28751036425514, 163.68952030129731],
       [-97.73574206215142, 30.28751364965515, 163.68284010980278],
       [-97.73576394702079, 30.28747295907624, 159.16484305541962],
       [-97.73577016250562, 30.28747422505101, 150.15102284960449],
       [-97.73577700875755, 30.28748694120858, 162.12140298634768],
       [-97.73575246405306, 30.28751574216912, 161.84821354970336],
       [-97.73576731277576, 30.28754001827341, 168.10684441402555],
       [-97.73572923862645, 30.28756059643673, 165.34096328727901],
       [-97.73571028408709, 30.28753401558694, 164.89551801700145],
       [-97.73571329648424, 30.28753741112980, 175.40938560105860],
       [-97.73573153353205, 30.28757306971357, 174.53442203346640],
       [-97.73574928014308, 30.28755641018325, 173.77044165413827],
       [-97.73577992117652, 30.28751816235058, 164.55002718977630],
       [-97.73576977852949, 30.28752855070041, 159.57146243564785],
       [-97.73571980314938, 30.28752170963746, 143.02004156541079],
       [-97.73569195876810, 30.28752444085482, 149.50929063558578],
       [-97.73565626027336, 30.28757270989636, 166.01740923337638],
       [-97.73567773327228, 30.28758230187904, 165.84375213645399],
       [-97.73573564341162, 30.28750950117994, 175.70634623337537],
       [-97.73572039488415, 30.28750454030637, 170.17598643153906],
       [-97.73570338776342, 30.28749665608377, 159.46195655222982],
       [-97.73571323369202, 30.28752386082398, 159.45304232090712],
       [-97.73570799716498, 30.28754042962848, 162.38386759813875],
       [-97.73570911072161, 30.28758268284895, 173.59156583063304],
       [-97.73572485111680, 30.28755810366710, 162.35829190164804],
       [-97.73573744362736, 30.28754612214825, 156.06570594571531],
       [-97.73575247585026, 30.28754881858916, 160.68356539402157],
       [-97.73576449566826, 30.28753842545385, 167.93008340615779],
       [-97.73576430092140, 30.28754928776734, 168.51332147885114],
       [-97.73575234660923, 30.28753409826817, 165.94023996870965],
       [-97.73571412061914, 30.28748477001320, 159.03020684700459],
       [-97.73567684295509, 30.28752807122467, 173.07987848017365],
       [-97.73568413460038, 30.28756729024349, 178.20287431217730],
       [-97.73570597760724, 30.28756447020633, 170.48123177234083],
       [-97.73569245305076, 30.28757276633969, 158.54118687100708],
       [-97.73568797746584, 30.28759200878160, 172.56572805531323],
       [-97.73577268040337, 30.28756152817923, 161.43672390468419],
       [-97.73578789004738, 30.28754675445248, 155.54637842159718],
       [-97.73577265611851, 30.28753253334342, 158.63205514196306],
       [-97.73574077633486, 30.28754415191675, 156.91747096925974],
       [-97.73576097335588, 30.28751858699232, 160.89857491943985],
       [-97.73577220498716, 30.28758179439407, 171.05879536084831],
       [-97.73574935433565, 30.28756772885932, 166.77237263135612],
       [-97.73571142403429, 30.28757705750678, 169.11398021690547],
       [-97.73571057674611, 30.28755538550794, 165.36158195510507],
       [-97.73569988733122, 30.28756532652894, 171.57362514361739],
       [-97.73570892744655, 30.28758108514494, 165.36122560873628],
       [-97.73575578214644, 30.28757854712653, 169.85327960085124],
       [-97.73577375433969, 30.28753221020271, 175.21618508733809],
       [-97.73574135104066, 30.28756534976262, 174.95659663248807],
       [-97.73572177722470, 30.28757316775897, 173.61514817457646],
       [-97.73570286405594, 30.28759576121682, 166.17091319616884],
       [-97.73570598592413, 30.28757305290162, 168.32262860145420],
       [-97.73574776881760, 30.28753580781180, 167.66619033180177],
       [-97.73569533861229, 30.28756357194404, 170.17582167126238],
       [-97.73570851717425, 30.28754042521782, 164.46485469117761],
       [-97.73572553439281, 30.28752823054531, 161.48272414505482],
       [-97.73570439473656, 30.28759367955778, 173.12171805370599],
       [-97.73573650524636, 30.28756477099306, 168.54334052093327],
       [-97.73573905261829, 30.28759025106575, 166.12877382151783],
       [-97.73574745502697, 30.28755789799600, 175.50408387184143],
       [-97.73572656220664, 30.28758005239845, 172.04160745255649],
       [-97.73571899918456, 30.28752784779320, 173.41275020223111],
       [-97.73575090590319, 30.28753406277896, 170.97582913096994],
       [-97.73576396692515, 30.28754989376525, 170.87445073388517],
       [-97.73574952545853, 30.28754197620865, 162.79334059543908],
       [-97.73576552781164, 30.28753790987076, 161.36641976702958],
       [-97.73573431478290, 30.28758984550578, 167.82203401159495],
       [-97.73573737418251, 30.28756265889987, 156.24921207502484],
       [-97.73569411155941, 30.28755789358038, 152.49934513121843],
       [-97.73569232434622, 30.28754751887728, 163.10036353208125],
       [-97.73573269150772, 30.28751958471100, 161.30910878907889],
       [-97.73572997455430, 30.28752567449714, 181.29965434316546],
       [-97.73571535022934, 30.28755477042242, 170.49495377391577],
       [-97.73573660816668, 30.28757380456778, 172.31255848053843],
       [-97.73574594503032, 30.28758335394772, 164.77841252740473],
       [-97.73572149611444, 30.28757505474239, 157.74647217150778],
       [-97.73575846120274, 30.28756804045813, 160.71053615026176],
       [-97.73573303525532, 30.28754669999631, 151.41068710293621],
       [-97.73571533544735, 30.28758122791707, 160.47052382864058],
       [-97.73572931480902, 30.28753625721044, 167.71630442608148],
       [-97.73571761409590, 30.28752709226406, 166.25977785512805],
       [-97.73571820487624, 30.28752809884288, 161.70281257014722],
       [-97.73573573115810, 30.28754743572734, 173.56993142794818],
       [-97.73570914681119, 30.28756579224937, 187.54052236955613],
       [-97.73566808998774, 30.28753465631119, 182.53175043687224],
       [-97.73569508668456, 30.28754688672944, 175.05836767144501],
       [-97.73572151129022, 30.28757704685628, 172.85471173468977],
       [-97.73567665421945, 30.28757016431520, 178.74220484588295],
       [-97.73569211879534, 30.28755415080735, 162.26071969512850],
       [-97.73567673915394, 30.28758483291630, 160.84573639184237],
       [-97.73573564412294, 30.28754937179839, 165.27470736205578],
       [-97.73573091157760, 30.28758171900999, 180.81945701129735],
       [-97.73567605260853, 30.28761201778846, 186.85099864657968],
       [-97.73572872006403, 30.28755582501884, 176.79760858044028],
       [-97.73572817085325, 30.28752666296355, 168.45288487523794],
       [-97.73574530961845, 30.28755706099343, 185.21997626405209],
       [-97.73574337762255, 30.28753895951866, 185.18740421812981],
       [-97.73569542789249, 30.28756879975073, 167.80460870545357],
       [-97.73570970604872, 30.28754293475176, 180.78256289102137],
       [-97.73573429137765, 30.28753398748168, 162.50829459913075],
       [-97.73574507069100, 30.28755124703222, 179.35283269826323],
       [-97.73577795999294, 30.28754650939244, 176.04130844678730],
       [-97.73577545838148, 30.28751074249726, 165.29461776651442],
       [-97.73576707261277, 30.28756391001286, 172.91217441577464],
       [-97.73570637791558, 30.28756046219075, 175.94600431993604],
       [-97.73568705310568, 30.28754161123775, 169.64141850546002],
       [-97.73567744138177, 30.28753948502392, 168.67563444748521],
       [-97.73572331823495, 30.28760605897144, 166.58041073009372],
       [-97.73574920226602, 30.28760281303362, 168.05149589478970],
       [-97.73571687312005, 30.28759983034856, 181.64802833739668],
       [-97.73576139126857, 30.28752413799683, 173.15893815923482],
       [-97.73573459531417, 30.28751172300518, 174.45365814864635],
       [-97.73569136583181, 30.28753516678731, 186.03885482717305],
       [-97.73568871357737, 30.28753821758385, 188.67896890081465],
       [-97.73571605038450, 30.28756253982824, 175.41431859042495],
       [-97.73571911700731, 30.28756089416920, 174.25692532677203],
       [-97.73571859446392, 30.28752631858256, 174.01983646117151],
       [-97.73574318628562, 30.28753176110649, 176.84166627656668],
       [-97.73574962024730, 30.28755127288456, 170.93762479163706],
       [-97.73576074811098, 30.28757934482372, 166.58371455967426],
       [-97.73576558681729, 30.28754848437073, 158.34555054735392],
       [-97.73571643862361, 30.28753691932289, 163.28927501104772],
       [-97.73572779651556, 30.28752738294518, 160.65176442824304],
       [-97.73574762664279, 30.28755072442202, 160.47674527298659],
       [-97.73571170971756, 30.28757892597794, 166.68962241336703],
       [-97.73569493635736, 30.28756341743410, 161.76330233551562],
       [-97.73568455946975, 30.28757047011086, 155.62042869720608],
       [-97.73576083235925, 30.28755298208517, 161.26906363945454],
       [-97.73568756967231, 30.28754199231368, 163.50620589032769],
       [-97.73572516310306, 30.28753994886069, 166.68626217357814],
       [-97.73572602746728, 30.28752334398876, 173.19954119995236],
       [-97.73568254788033, 30.28752873397469, 179.95218145102262],
       [-97.73567512549783, 30.28753541830259, 175.09136483352631],
       [-97.73570697823544, 30.28749243629171, 164.54289334919304],
       [-97.73578612877701, 30.28747671807614, 150.69191311020404],
       [-97.73574548645588, 30.28751167893983, 164.59195968601853],
       [-97.73571476553855, 30.28751520545219, 159.37694675195962],
       [-97.73575982799592, 30.28753617650531, 152.54510848410428],
       [-97.73573369282397, 30.28754604099594, 159.94965527858585],
       [-97.73569683036041, 30.28752839416425, 172.08141844999045],
       [-97.73568390595723, 30.28752964673622, 165.11879174504429],
       [-97.73576582003039, 30.28753860367878, 151.70601779874414],
       [-97.73573866462249, 30.28752399871453, 154.62500356603414],
       [-97.73572229255319, 30.28754862614305, 152.59941975865513],
       [-97.73570477706106, 30.28751207867014, 157.06587395630777],
       [-97.73570130114769, 30.28750411779416, 162.85214590374380],
       [-97.73567722414050, 30.28755685763465, 168.75376139767468],
       [-97.73573990136474, 30.28751300239523, 154.68742841761559],
       [-97.73574741408876, 30.28751069017649, 159.72495658136904],
       [-97.73574909162107, 30.28749066864544, 163.76946055330336],
       [-97.73573247776112, 30.28750517290439, 172.62400140892714],
       [-97.73569544057483, 30.28751171387772, 159.69125976879150],
       [-97.73574578788957, 30.28750369849714, 154.17875627800822],
       [-97.73570796343718, 30.28751669395801, 158.01756799779832],
       [-97.73568820321253, 30.28750795425167, 151.27540333103389],
       [-97.73571358077093, 30.28753207431854, 161.17810270469636],
       [-97.73570860495944, 30.28750904194377, 162.67621047794819],
       [-97.73571140105494, 30.28750495330769, 163.00206489861012],
       [-97.73570754197789, 30.28752033070735, 174.28768358658999],
       [-97.73572611009192, 30.28751800492351, 171.98855813127011],
       [-97.73570623135413, 30.28752388209232, 169.75831275340170],
       [-97.73575641331932, 30.28750657268365, 170.81590122450143],
       [-97.73571516374221, 30.28753152783079, 156.25976654700935],
       [-97.73571563092165, 30.28754365276174, 152.30914563406259],
       [-97.73572201485119, 30.28752798357846, 155.75814042054117],
       [-97.73572867986371, 30.28747741712825, 150.00675294734538],
       [-97.73575869728330, 30.28748710117090, 156.61033332627267],
       [-97.73572323473510, 30.28749541256407, 172.23616105038673],
       [-97.73569834250927, 30.28752255486650, 170.25072430819273],
       [-97.73570745081359, 30.28752921837078, 171.72251788713038],
       [-97.73568934278134, 30.28746509523858, 169.19714532140642],
       [-97.73566722893693, 30.28752066247954, 164.52851983066648],
       [-97.73567029636456, 30.28752431113564, 166.20831553172320],
       [-97.73570831479486, 30.28748965039760, 163.84184355940670],
       [-97.73570002304341, 30.28748890777466, 163.93643330223858],
       [-97.73573614462016, 30.28750894588083, 158.37892082054168],
       [-97.73571015965513, 30.28751095677311, 154.51363602094352],
       [-97.73571295889884, 30.28750928924389, 153.87345968559384],
       [-97.73578500964912, 30.28754297288946, 162.10989548452199],
       [-97.73576435506395, 30.28754608000401, 160.18698912858963],
       [-97.73569907776820, 30.28751848207783, 172.25995788443834],
       [-97.73569127144049, 30.28749295433400, 177.44107268936932],
       [-97.73565955138993, 30.28755538134413, 177.31597040127963],
       [-97.73570689026293, 30.28756815147313, 175.04427741747350],
       [-97.73567010819734, 30.28760015201308, 164.39251684583724],
       [-97.73565155633952, 30.28759961030583, 163.17463304009289],
       [-97.73566613849525, 30.28754943111869, 165.61914584413171],
       [-97.73569727251855, 30.28752936293124, 156.83123106416315],
       [-97.73572736350444, 30.28752163126817, 151.25042131729424],
       [-97.73577057597889, 30.28746863683691, 153.79216901119798],
       [-97.73570933779253, 30.28751488206933, 156.39067653939128],
       [-97.73570810865148, 30.28749730241216, 161.20687387790531],
       [-97.73572752063063, 30.28747154346156, 159.04236391652375],
       [-97.73569183991853, 30.28747090194931, 163.47852363530546],
       [-97.73571429253560, 30.28749946451506, 165.88800369016826],
       [-97.73570892184115, 30.28753815632342, 170.75904365349561],
       [-97.73573617065881, 30.28750307778470, 153.86791342124343],
       [-97.73579868553682, 30.28750089416943, 151.67182617355138],
       [-97.73573303456780, 30.28755123536349, 161.47806093189865],
       [-97.73573246003278, 30.28751500505581, 152.26205798517913],
       [-97.73571134750485, 30.28749436958855, 177.88649932760745],
       [-97.73569170159918, 30.28750102999140, 169.23307782225311],
       [-97.73574421218045, 30.28745571141527, 161.35876820702106],
       [-97.73576465602964, 30.28746714866302, 159.30497656203806],
       [-97.73575094079604, 30.28748460842301, 158.48688550014049],
       [-97.73573958094175, 30.28748256586469, 157.00371457729489],
       [-97.73575563285050, 30.28746899206256, 152.49324085377157],
       [-97.73576435430626, 30.28753075852484, 160.81700529344380],
       [-97.73573165438172, 30.28755773475729, 171.29807065054774],
       [-97.73566767431400, 30.28756104084894, 162.44831464067101],
       [-97.73566162622485, 30.28758230660562, 175.18744674324989],
       [-97.73572592518939, 30.28753186455058, 165.45789359416813],
       [-97.73569366352322, 30.28755746018236, 171.36139417625964],
       [-97.73571935832777, 30.28752356065258, 167.97630383819342],
       [-97.73569758346332, 30.28754697390316, 158.76084062736481],
       [-97.73570724294875, 30.28756423228531, 161.08250437583774],
       [-97.73566910680289, 30.28760592051594, 168.24840020481497],
       [-97.73570092350504, 30.28760379907021, 167.76438222639263],
       [-97.73570155142519, 30.28760535581701, 169.57985851075500],
       [-97.73571727212490, 30.28752579150580, 165.49008757900447],
       [-97.73570803938463, 30.28749915176100, 169.67734536994249],
       [-97.73571742658689, 30.28758068926996, 159.42687640246004],
       [-97.73575800454584, 30.28756096049473, 162.68068334180862],
       [-97.73570822711889, 30.28758750175403, 169.77105441782624],
       [-97.73570594645564, 30.28754232034429, 175.85081078484654],
       [-97.73570903745544, 30.28750811009482, 175.63689378742129],
       [-97.73572031876786, 30.28756166520601, 172.88368722237647],
       [-97.73567294271453, 30.28757195416528, 171.94700361508876],
       [-97.73572163675041, 30.28752816301448, 179.83578686323017],
       [-97.73574105435640, 30.28751204054979, 167.79200377594680],
       [-97.73576322952800, 30.28750951669055, 163.02350853756070],
       [-97.73575356116704, 30.28753608662263, 166.52423876803368],
       [-97.73572720968546, 30.28756239620108, 167.36876941658556],
       [-97.73573379672440, 30.28758677431206, 176.98720385041088],
       [-97.73570728574734, 30.28755030342015, 177.23732424061745],
       [-97.73570486013099, 30.28752730424610, 168.93234456796199],
       [-97.73571822324675, 30.28755401807914, 173.87840448971838],
       [-97.73572044066388, 30.28758581101176, 180.49666833318770],
       [-97.73570074781108, 30.28755824064716, 176.09808341227472],
       [-97.73571483006054, 30.28755621923290, 162.02383864764124],
       [-97.73570674871895, 30.28756866808433, 153.07856041844934],
       [-97.73576103224235, 30.28752340016180, 154.93508303351700],
       [-97.73575676189172, 30.28752530990291, 156.75815835222602],
       [-97.73574314871202, 30.28753880605147, 173.38793403189629],
       [-97.73572457330134, 30.28755870688762, 175.43840799573809],
       [-97.73569808197099, 30.28756115416516, 182.51793621946126],
       [-97.73571279963116, 30.28754405390471, 175.29093178082258],
       [-97.73571755909049, 30.28757869352875, 170.07354033645242],
       [-97.73571606225403, 30.28758842577390, 167.63514635898173],
       [-97.73572594809910, 30.28757135952167, 160.46308446023613],
       [-97.73573099412265, 30.28755911153652, 171.39370973408222],
       [-97.73573027066300, 30.28755116081059, 172.01551551651210],
       [-97.73573359889372, 30.28757863400631, 179.40452170372009],
       [-97.73572172774318, 30.28754916517187, 177.62920164968818],
       [-97.73570356766763, 30.28752030839467, 170.55274294316769],
       [-97.73567183042586, 30.28752189200389, 178.44517888408154],
       [-97.73566279595950, 30.28756650703594, 181.40238953381777],
       [-97.73566744010900, 30.28759804431321, 172.38097405154258],
       [-97.73568549057515, 30.28752868309541, 164.38144480064511],
       [-97.73569502968810, 30.28751638710242, 170.91524751484394],
       [-97.73572318580652, 30.28751952965610, 166.35671311151236],
       [-97.73573855190337, 30.28752296630370, 154.20835170242935],
       [-97.73573490527819, 30.28759156421796, 167.88493635505438],
       [-97.73571122243409, 30.28761620474418, 176.74483826104552],
       [-97.73571881508448, 30.28758326258205, 177.40294991713017],
       [-97.73572178226962, 30.28757909717973, 170.95970019046217],
       [-97.73572807713349, 30.28758877799645, 175.81377293355763],
       [-97.73570286558774, 30.28758286983839, 181.35005350317806],
       [-97.73567133710215, 30.28757552636957, 177.91052021179348],
       [-97.73571433735063, 30.28757194383204, 165.18578607868403],
       [-97.73574059395304, 30.28759910386536, 167.38467339519411],
       [-97.73569080504714, 30.28760935508412, 186.69803404714912],
       [-97.73569212707471, 30.28757150987902, 179.22238609194756],
       [-97.73566113362104, 30.28758055883698, 176.07993697188795],
       [-97.73567952161210, 30.28756830924718, 166.89492119662464],
       [-97.73567006446677, 30.28756811935628, 177.20374530553818],
       [-97.73565913189934, 30.28760279338665, 180.70853550918400],
       [-97.73567449354898, 30.28755916325489, 178.97792744822800],
       [-97.73567985888428, 30.28757651352939, 177.33129946235567],
       [-97.73569338470617, 30.28760780050848, 183.71868257597089],
       [-97.73569483395816, 30.28756544993490, 185.31437520496547],
       [-97.73566065790089, 30.28764034078853, 182.85538405552506],
       [-97.73569695164549, 30.28760931774483, 172.83569581527263],
       [-97.73569425321853, 30.28759847830915, 166.92337071429938],
       [-97.73567958727219, 30.28763302282854, 171.72853593621403],
       [-97.73567541282632, 30.28761989591296, 179.63146457169205],
       [-97.73568911350502, 30.28756358171450, 176.06739289779216],
       [-97.73564356274369, 30.28758630800868, 190.99074350018054],
       [-97.73564363225221, 30.28757189480187, 189.37303188443184],
       [-97.73564602717367, 30.28762635464498, 188.24268733616918],
       [-97.73567901728582, 30.28760727351921, 176.08503389358521],
       [-97.73571028351454, 30.28757689457138, 169.76157133094966],
       [-97.73568097517483, 30.28755600556944, 164.10564378928393],
       [-97.73570564640845, 30.28758630596732, 163.03891695570201],
       [-97.73570541719734, 30.28761678618397, 163.35419796220958],
       [-97.73569785291239, 30.28766950115159, 163.61032160744071],
       [-97.73569198093779, 30.28760463122639, 161.76950069237500],
       [-97.73568183904662, 30.28760233467498, 172.10600227024406],
       [-97.73567920113615, 30.28760716258990, 183.62379347532988],
       [-97.73571005417183, 30.28760595121901, 183.68510979041457],
       [-97.73571719719347, 30.28758483097629, 179.86114257667214],
       [-97.73566068180853, 30.28760779199269, 180.06160368584096],
       [-97.73567824176799, 30.28762452050893, 176.08033356536180],
       [-97.73569774793908, 30.28762683283550, 169.77143888548017],
       [-97.73571582749013, 30.28758705987037, 161.24192107841372],
       [-97.73566630449588, 30.28762738038705, 170.88920118659735],
       [-97.73569592686420, 30.28762763575012, 180.41012342087924],
       [-97.73576722048669, 30.28757676925700, 177.85413362551481],
       [-97.73569474541408, 30.28759265512632, 181.30633552465588],
       [-97.73570864981099, 30.28758453875342, 173.15060124453157],
       [-97.73573985559190, 30.28755831983760, 162.89968042261899],
       [-97.73573888370021, 30.28755578498387, 173.57612484693527],
       [-97.73568500123024, 30.28760787753578, 186.06851404998451],
       [-97.73572840449680, 30.28754403442252, 175.61763872019947],
       [-97.73570435531042, 30.28753663624800, 170.38507135771215],
       [-97.73567377044074, 30.28759061530879, 175.76975813042372],
       [-97.73568622247478, 30.28756648245188, 168.67930109705776],
       [-97.73569095267683, 30.28757686391031, 171.28980361577123],
       [-97.73568844235413, 30.28757513079934, 168.94288906455040],
       [-97.73572210352856, 30.28753674910150, 177.43017649836838],
       [-97.73571876210364, 30.28753665930194, 184.57664852216840],
       [-97.73573235036504, 30.28757209996148, 188.03261983394623],
       [-97.73572382654922, 30.28758261247468, 172.43938510678709],
       [-97.73569728646829, 30.28758821559078, 180.42466519214213],
       [-97.73568905661246, 30.28759501716921, 185.11791473813355],
       [-97.73569055615762, 30.28761671144468, 185.21000600885600],
       [-97.73573312118900, 30.28757475491201, 171.24488800764084],
       [-97.73572160680999, 30.28756621174059, 157.42637401539832],
       [-97.73570825735754, 30.28756002045692, 172.24710033833981],
       [-97.73575004183918, 30.28753436686296, 173.73135671019554],
       [-97.73570408859692, 30.28756318307734, 182.28638336062431],
       [-97.73567849219590, 30.28759258850466, 188.39748970139772],
       [-97.73566234949709, 30.28756408966692, 183.67270334437490],
       [-97.73570077811372, 30.28755436588548, 181.13640838209540],
       [-97.73572754953189, 30.28754542372975, 183.42224790062755],
       [-97.73571925485386, 30.28754558858830, 170.97904135566205],
       [-97.73571030921983, 30.28754938153873, 165.60314148478210],
       [-97.73571693357796, 30.28755397654726, 171.17060231231153],
       [-97.73569433168112, 30.28759252333956, 176.26811665669084],
       [-97.73572010631578, 30.28762280367279, 166.93756197579205],
       [-97.73570661155840, 30.28759954901626, 165.99514902383089],
       [-97.73573119950301, 30.28754137608200, 169.57138811144978],
       [-97.73575490193328, 30.28756106067570, 178.94376479461789],
       [-97.73575120636551, 30.28759996598943, 182.80164350569248],
       [-97.73572069768652, 30.28757787630211, 180.53394196555018],
       [-97.73572511001343, 30.28756959547520, 168.40655803028494],
       [-97.73572518956628, 30.28751342102120, 162.37749094981700],
       [-97.73573778532761, 30.28748417320845, 159.02257574256510],
       [-97.73576300390543, 30.28751168498970, 158.89690967183560],
       [-97.73573986193584, 30.28754391734720, 167.27451055031270],
       [-97.73574742760589, 30.28753516815469, 161.66645880602300],
       [-97.73574437708152, 30.28755411726551, 163.18582852650434],
       [-97.73573159181238, 30.28757711803268, 172.72311886772513],
       [-97.73571934384698, 30.28759230087894, 176.60620684642345],
       [-97.73572229317919, 30.28756878650975, 183.68727345485240],
       [-97.73569420016001, 30.28762725680295, 172.56695102341473],
       [-97.73571840245725, 30.28758485695173, 167.04174856003374],
       [-97.73572182455042, 30.28758990878781, 158.33092526998371],
       [-97.73574435334029, 30.28756602756656, 167.67722922936082],
       [-97.73578051012683, 30.28754042615729, 165.28253654856235],
       [-97.73577247242629, 30.28753310413290, 163.36256051529199],
       [-97.73575360658761, 30.28753214264269, 158.04329762514681],
       [-97.73576727353409, 30.28750665470061, 157.61682737804949],
       [-97.73572175636154, 30.28752685681004, 166.45025829039514],
       [-97.73574074150481, 30.28751287323658, 159.30612366646528],
       [-97.73571450349274, 30.28753148448144, 157.35650635324419],
       [-97.73568814685423, 30.28754852586925, 166.15688069351017],
       [-97.73571621087028, 30.28755833506602, 178.11262344103307],
       [-97.73574910306276, 30.28753297590637, 183.22085260879248],
       [-97.73575362302181, 30.28750368442936, 168.20936281047761],
       [-97.73574706597303, 30.28751797140970, 163.42430513165891],
       [-97.73573237800977, 30.28753306986453, 162.31016081944108],
       [-97.73573682444778, 30.28757675433318, 174.61974353715777],
       [-97.73574465043156, 30.28754344564398, 161.20059846248478],
       [-97.73573561996881, 30.28753569820207, 156.24534191191196],
       [-97.73571552445577, 30.28753008191089, 158.31757857557386],
       [-97.73574005720937, 30.28750272681463, 160.78967726789415],
       [-97.73575048448622, 30.28749599204680, 169.61231186520308],
       [-97.73569252401120, 30.28754115225872, 183.97683904413134],
       [-97.73570237089824, 30.28753580894240, 179.43059589248151],
       [-97.73570700731995, 30.28750187762508, 180.42998006660491],
       [-97.73573089451394, 30.28749756657060, 180.43349705729634],
       [-97.73576389343650, 30.28750383813545, 170.01377739664167],
       [-97.73574592339875, 30.28748777500108, 162.67995984852314],
       [-97.73574395239270, 30.28752490258778, 162.32960366271436],
       [-97.73575051335230, 30.28752349700046, 157.38659274578094],
       [-97.73580608755545, 30.28750805955127, 160.36046248115599],
       [-97.73581588722489, 30.28749931326552, 159.16551619302481],
       [-97.73575380104185, 30.28749974606382, 160.49740381725132],
       [-97.73574401539223, 30.28749718743604, 164.62240171339363],
       [-97.73578357209561, 30.28750027740647, 163.95014789234847],
       [-97.73575825587268, 30.28754525963248, 166.22122988570482],
       [-97.73575079910600, 30.28750536105274, 165.48960172943771],
       [-97.73575298705401, 30.28749618603054, 163.16197370924056],
       [-97.73571878125090, 30.28752252694085, 164.28419990744442],
       [-97.73573944807212, 30.28754625372844, 170.62034905888140],
       [-97.73571119660619, 30.28752432707304, 164.53316472563893],
       [-97.73573318059526, 30.28752989541828, 165.49222179595381],
       [-97.73573222462780, 30.28753601149544, 169.58429586607963],
       [-97.73575543520819, 30.28752342539812, 165.76740423869342],
       [-97.73576671249718, 30.28751630845505, 168.13380551058799],
       [-97.73577428800718, 30.28749552112759, 175.91045957803726],
       [-97.73579227544067, 30.28746527155038, 170.74554251693189],
       [-97.73578956013931, 30.28746086012093, 168.58763279952109],
       [-97.73576481935406, 30.28749528390781, 164.63371443096548],
       [-97.73573102049041, 30.28748677080285, 170.26599649619311],
       [-97.73572514397773, 30.28748927443522, 167.78348282538354],
       [-97.73571606753536, 30.28752158017277, 156.11362672876567],
       [-97.73570267129502, 30.28750141655751, 147.46067406889051],
       [-97.73569172734697, 30.28753891849298, 164.56637553405017],
       [-97.73568145407688, 30.28757231839771, 178.44264595862478],
       [-97.73571580852509, 30.28752481067578, 173.13040937855840],
       [-97.73569811403732, 30.28750932583575, 177.15687380451709],
       [-97.73573501428463, 30.28751917147877, 170.29438476637006],
       [-97.73574565007921, 30.28750448786973, 168.68179405294359],
       [-97.73580651319936, 30.28750946856366, 173.23163992632180],
       [-97.73579937918319, 30.28753725102478, 172.67482857685536],
       [-97.73578767082597, 30.28751026096350, 171.44448089227080],
       [-97.73575598803171, 30.28752857820146, 161.42214480601251],
       [-97.73577694950471, 30.28751245797421, 161.10367576219141],
       [-97.73579885356051, 30.28753033004413, 156.04459704458714],
       [-97.73578620644085, 30.28752281560071, 148.94682037085295],
       [-97.73573018120064, 30.28751807163264, 159.80856660939753],
       [-97.73570991434632, 30.28752547352649, 167.43631515931338],
       [-97.73577393544265, 30.28748372298072, 168.01724645122886],
       [-97.73574590760062, 30.28750384088014, 164.82261577248573],
       [-97.73573428866081, 30.28752805777574, 168.22800514660776],
       [-97.73571084405609, 30.28748474750640, 155.01971655245870],
       [-97.73571153677743, 30.28749748567653, 160.80956610478461],
       [-97.73572610861761, 30.28747956014914, 160.01418087352067],
       [-97.73571441439165, 30.28752815946573, 158.22559249401093],
       [-97.73571853878548, 30.28755237224313, 150.61258001625538],
       [-97.73577483606122, 30.28753378987310, 148.53422251995653],
       [-97.73572352513960, 30.28757456603316, 165.57870896253735],
       [-97.73575696352471, 30.28756316522001, 173.51707529649138],
       [-97.73574307188424, 30.28753783061004, 160.83310454618186],
       [-97.73574907720499, 30.28755710722435, 161.95607335027307],
       [-97.73571852556645, 30.28755167929518, 160.71094810217619],
       [-97.73572408585595, 30.28752211633316, 174.04555557668209],
       [-97.73570373021482, 30.28752155768709, 182.58559231553227],
       [-97.73576050756090, 30.28751334439601, 168.92437488120049],
       [-97.73571510532116, 30.28754690915529, 165.00818802230060],
       [-97.73568587170426, 30.28757730489858, 163.82922367379069],
       [-97.73571838736801, 30.28759146186339, 169.34061338938773],
       [-97.73568210924026, 30.28757528231352, 167.80061588250101],
       [-97.73568997032291, 30.28750535674994, 168.72008157614619],
       [-97.73571914851075, 30.28748779188493, 169.59025471005589],
       [-97.73574781583665, 30.28751522381452, 173.02459712792188],
       [-97.73578406100167, 30.28748960729764, 155.53236928768456],
       [-97.73573379901980, 30.28754241336483, 172.59853910934180],
       [-97.73572046800440, 30.28757958621807, 174.21197862923145],
       [-97.73572087106025, 30.28757594907369, 171.76164088025689],
       [-97.73572720867631, 30.28758302407970, 166.83415366988629],
       [-97.73569937941933, 30.28760158749972, 164.16097411327064],
       [-97.73573517190532, 30.28755968614351, 154.01885479688644],
       [-97.73570452891026, 30.28754968326536, 164.16886743716896],
       [-97.73570461033358, 30.28756511509775, 168.59095849189907],
       [-97.73571895320626, 30.28756965607454, 175.25593964383006],
       [-97.73571512138395, 30.28751823694138, 176.93006859347224],
       [-97.73572013807119, 30.28750914216000, 173.64482825063169],
       [-97.73575645967885, 30.28753812283739, 161.27246399223804],
       [-97.73578465371133, 30.28753707334136, 178.24980603810400],
       [-97.73576361637758, 30.28754600428292, 159.70222239475697],
       [-97.73573642481033, 30.28752297263193, 149.23065013717860],
       [-97.73580592983288, 30.28753535909940, 152.25027143675834],
       [-97.73577476347647, 30.28754575978497, 163.66884853132069],
       [-97.73571896218846, 30.28756323985776, 172.94596169423312],
       [-97.73569488387396, 30.28759001752307, 174.48180062323809],
       [-97.73572857499056, 30.28753549439304, 177.03123514819890],
       [-97.73572734032020, 30.28757213740430, 176.93966961372644],
       [-97.73570637414538, 30.28758409432566, 180.85819946788251],
       [-97.73570331879273, 30.28757022357539, 174.21480208728462],
       [-97.73571746892047, 30.28755709487234, 170.19389897584915],
       [-97.73576606079627, 30.28752960296757, 159.86505240388215],
       [-97.73573121813371, 30.28753942790098, 163.86269882600754],
       [-97.73570583070091, 30.28756932298523, 184.80348164867610],
       [-97.73571599518426, 30.28756229922077, 181.97646128106862],
       [-97.73574927534074, 30.28753204193017, 169.72696436103433],
       [-97.73577188814588, 30.28749010006755, 161.06445413175970],
       [-97.73580018192743, 30.28747151378425, 150.23134264443070],
       [-97.73576099590488, 30.28752568836031, 164.72109530307353],
       [-97.73574923389432, 30.28755565937389, 169.32326973136514],
       [-97.73572074205148, 30.28752726594415, 156.66590230818838],
       [-97.73571818021215, 30.28752767328459, 152.99342142511159],
       [-97.73574234155180, 30.28751809214303, 149.14829705003649],
       [-97.73569052559415, 30.28757590597326, 174.86544744390994],
       [-97.73572609876047, 30.28753819480909, 178.25858769100159],
       [-97.73570262043148, 30.28752576728992, 180.51890274044126],
       [-97.73574346941724, 30.28754020428326, 170.87305989302695],
       [-97.73573600401225, 30.28755898151528, 172.21025178208947],
       [-97.73574117427104, 30.28752005941630, 179.23225350212306],
       [-97.73573882132888, 30.28750853693337, 183.56863198429346],
       [-97.73570614071635, 30.28755878722417, 186.68193316832185],
       [-97.73578408748969, 30.28752232633296, 178.31105935480446],
       [-97.73573913899227, 30.28752855050887, 162.57330344803631],
       [-97.73572824528759, 30.28753453387954, 165.82434205990285],
       [-97.73566662367253, 30.28758332313450, 176.70451360102743],
       [-97.73568859441323, 30.28757317576516, 189.30262634903193],
       [-97.73571077020162, 30.28751232470306, 176.88104589935392],
       [-97.73574546396401, 30.28750655879301, 170.45564252603799],
       [-97.73572759751394, 30.28751385679032, 169.96144923195243],
       [-97.73571074849571, 30.28751687073011, 173.03303315211087],
       [-97.73570749790194, 30.28756041073333, 174.63716648053378],
       [-97.73567415980224, 30.28758356077154, 183.32689557876438],
       [-97.73568009766510, 30.28755016220661, 182.11018909141421],
       [-97.73567839180126, 30.28756077168293, 165.15017408225685],
       [-97.73575512809384, 30.28749556461438, 170.18247613497078],
       [-97.73573958367128, 30.28754996699219, 171.26586023159325],
       [-97.73578026946142, 30.28750260074175, 169.28090147674084],
       [-97.73579401102046, 30.28750848750793, 152.65281285624951],
       [-97.73578595714754, 30.28752582713519, 159.55300353746861],
       [-97.73577290582389, 30.28753363111991, 174.77435631118715],
       [-97.73573888959505, 30.28750561345664, 168.42304579541087],
       [-97.73572697630662, 30.28749581127100, 166.02774676959962],
       [-97.73569254397653, 30.28756476558018, 172.86568276211619],
       [-97.73571369108890, 30.28755663184759, 163.95230732485652],
       [-97.73572111394890, 30.28753905352715, 168.58588356710970],
       [-97.73572951358007, 30.28752561995779, 172.60042330250144],
       [-97.73574204489583, 30.28755723004425, 175.22137557622045],
       [-97.73574539739785, 30.28754300875918, 171.44979028869420],
       [-97.73575206541383, 30.28757790554437, 164.59714895766228],
       [-97.73575155047187, 30.28752700586870, 155.96823204122484],
       [-97.73578816133444, 30.28748190235900, 151.12065303698182],
       [-97.73577829758156, 30.28755345819505, 158.13725777715445],
       [-97.73579215572677, 30.28755101774455, 153.27889617253095],
       [-97.73574515918051, 30.28752939078029, 156.82359376177192],
       [-97.73573446660986, 30.28751038929065, 163.73067608289421],
       [-97.73574300002686, 30.28752176892098, 173.11735502444208],
       [-97.73572060139793, 30.28750866285550, 173.30526770371944],
       [-97.73572616792970, 30.28751920980120, 162.64370748307556],
       [-97.73574826490054, 30.28753676597143, 144.18431754503399],
       [-97.73572053672738, 30.28757118765684, 158.74280946794897],
       [-97.73569742731725, 30.28754787020724, 155.00136511400342],
       [-97.73571250517720, 30.28755023574456, 154.46785219851881],
       [-97.73574552827048, 30.28752156475362, 160.51590467896312],
       [-97.73573976220557, 30.28754900838473, 164.07610692735761],
       [-97.73573967100589, 30.28754119429809, 159.88820810522884],
       [-97.73572989142789, 30.28755923126586, 155.18415808957070],
       [-97.73575244008116, 30.28757125052098, 157.49187675584108],
       [-97.73576082546197, 30.28752995543190, 154.40130849834532],
       [-97.73572926488295, 30.28753039214334, 170.54680475965142],
       [-97.73572244262941, 30.28754020849208, 162.02098183520138],
       [-97.73567865054923, 30.28754178045650, 156.62423881422728],
       [-97.73569563165687, 30.28756133132750, 152.91310397163033],
       [-97.73569503918253, 30.28758981310903, 167.98964011482894],
       [-97.73571645636375, 30.28751616224003, 153.75114867743105],
       [-97.73572941662860, 30.28749472211166, 162.00108727812767],
       [-97.73575218791990, 30.28749397899061, 156.87803184613585],
       [-97.73572105029712, 30.28751436850638, 163.43812762387097],
       [-97.73570373160493, 30.28755183973631, 175.41614359989762],
       [-97.73575767264040, 30.28752587273220, 155.97348892409354],
       [-97.73576156285993, 30.28749611053959, 150.59354669693857],
       [-97.73576995194583, 30.28746870316123, 150.87846361566335],
       [-97.73571065749510, 30.28755777417012, 160.13617067504674],
       [-97.73575593511644, 30.28756784405362, 151.35939295776188],
       [-97.73574058292225, 30.28754845128018, 159.33183424174786],
       [-97.73569541566089, 30.28753567822179, 161.20310856681317],
       [-97.73570307436039, 30.28751619872256, 157.99155370425433],
       [-97.73572415726586, 30.28748172379039, 144.25993139017373],
       [-97.73565128608331, 30.28752098265771, 152.00487319286913],
       [-97.73567799865735, 30.28753037172792, 159.64405747782439],
       [-97.73577036178747, 30.28751854237688, 153.85108431708068],
       [-97.73578303191525, 30.28752124632513, 138.27670652791858],
       [-97.73575138855755, 30.28752674761668, 147.18921517767012],
       [-97.73573385077559, 30.28751108765888, 149.60403180122375],
       [-97.73576359568615, 30.28750479409172, 148.21807332057506],
       [-97.73580613574207, 30.28752831580306, 157.68465791735798],
       [-97.73576074813273, 30.28752718947006, 158.27413373067975],
       [-97.73571705557278, 30.28753792428346, 159.98432622570544],
       [-97.73572346317611, 30.28753324530118, 161.83065821044147],
       [-97.73571590967975, 30.28753961021846, 166.57930580247194],
       [-97.73571578687333, 30.28750481463336, 149.26660268660635],
       [-97.73569005292082, 30.28750598778744, 144.98715482652187],
       [-97.73571669792645, 30.28750662599360, 144.65886425692588],
       [-97.73575268153178, 30.28751790387946, 155.75863082148135],
       [-97.73576019520816, 30.28752244316612, 163.64800664409995],
       [-97.73576127497532, 30.28751649673159, 153.14616876933724],
       [-97.73578662738606, 30.28753572124441, 164.14432609733194],
       [-97.73576869094958, 30.28754015314359, 156.79528569523245],
       [-97.73577096297579, 30.28753109331806, 161.77365749794990],
       [-97.73578285028536, 30.28751929576690, 156.51249198429286],
       [-97.73576955827596, 30.28751702489384, 151.61519929021597],
       [-97.73575937932628, 30.28754769787061, 153.20722504425794],
       [-97.73576453287873, 30.28752647691195, 150.42881930153817],
       [-97.73569616747672, 30.28752280730890, 163.04510313831270],
       [-97.73567701758529, 30.28752214349004, 168.66422593593597],
       [-97.73569815323395, 30.28753767338022, 168.24227147083730],
       [-97.73574752195907, 30.28749432430561, 161.54862336348742],
       [-97.73576511765802, 30.28752712280108, 159.48802628181875],
       [-97.73572913422414, 30.28752777701592, 160.48395619820803],
       [-97.73571395808059, 30.28752635988076, 163.55041054729372],
       [-97.73574811327295, 30.28754089631670, 163.93654967658222],
       [-97.73576225983010, 30.28751561029706, 145.07328753173351],
       [-97.73575618097641, 30.28753859297727, 155.79892208706588],
       [-97.73575169313727, 30.28754737793563, 169.15243695583194],
       [-97.73576902257730, 30.28755802234650, 157.75075342785567],
       [-97.73570695083998, 30.28758790060495, 167.71906336210668],
       [-97.73567509014738, 30.28757391664677, 177.70780398882926],
       [-97.73569935493705, 30.28751511155830, 172.93226875830442],
       [-97.73570170239537, 30.28753102419444, 174.54441522061825],
       [-97.73573293963024, 30.28750144747059, 171.08482325449586],
       [-97.73572693874799, 30.28747714538994, 169.93111628107727],
       [-97.73569538795516, 30.28752199166821, 161.91746644303203],
       [-97.73568236812966, 30.28757248094287, 162.03266075812280],
       [-97.73570303402123, 30.28758980626348, 165.59207580331713],
       [-97.73569498446936, 30.28761727874543, 168.83291323017329],
       [-97.73572309555763, 30.28757091087874, 165.31459105294198],
       [-97.73571566830060, 30.28755477086373, 167.33250827714801],
       [-97.73572138209924, 30.28755400133467, 173.46407466102391],
       [-97.73572492390953, 30.28756063130917, 170.83444205950946],
       [-97.73570982252758, 30.28754546974436, 180.95129719190300],
       [-97.73575416301199, 30.28756214285596, 178.98709833808243],
       [-97.73574457559185, 30.28754317662591, 164.37947223614901],
       [-97.73574135109747, 30.28756663716140, 166.19017403479666],
       [-97.73566193546891, 30.28758880005532, 176.19132661446929],
       [-97.73569682901434, 30.28756080856518, 169.71588138304651],
       [-97.73573262763882, 30.28751135017106, 164.77366739977151],
       [-97.73572046046731, 30.28754467623685, 153.56782707665116],
       [-97.73574197745788, 30.28757833948649, 177.73361051734537],
       [-97.73573680500876, 30.28759236140932, 175.00704064127058],
       [-97.73570376855051, 30.28755587910360, 178.45070743840188],
       [-97.73570817232488, 30.28752625756168, 183.57431320007890],
       [-97.73573263001255, 30.28753666991778, 179.83145052939653],
       [-97.73577262881396, 30.28753265908574, 166.27095780614763],
       [-97.73577889409563, 30.28753971297980, 149.34634811058640],
       [-97.73572360041364, 30.28756984168662, 164.63465564139187],
       [-97.73576616791156, 30.28755735169565, 167.28660344146192],
       [-97.73580412491675, 30.28752780616397, 164.03068661596626],
       [-97.73582005258071, 30.28752533455652, 153.80879831593484],
       [-97.73577589751778, 30.28755840628216, 160.73851849604398],
       [-97.73572154412400, 30.28755173272330, 164.31293458119035],
       [-97.73571248537850, 30.28754467980496, 154.14903175830841],
       [-97.73572935984181, 30.28760175444160, 166.23750973679125],
       [-97.73575223811712, 30.28760243249888, 171.95192526374012],
       [-97.73578280075584, 30.28754047050396, 166.17089647799730],
       [-97.73578263818091, 30.28754571654568, 154.36317785177380],
       [-97.73580216546829, 30.28756523521094, 158.66868360806257],
       [-97.73580021828313, 30.28754684010590, 161.13493432570249],
       [-97.73575797398729, 30.28752508284077, 162.80972247757018],
       [-97.73573426892223, 30.28755788453894, 164.17198859248310],
       [-97.73573371780721, 30.28756196057673, 173.99686159193516],
       [-97.73573072362569, 30.28755807834671, 165.46475612930954],
       [-97.73571608554995, 30.28753925899819, 163.47580519132316],
       [-97.73569459244939, 30.28757826363101, 173.96031839307398],
       [-97.73567604725960, 30.28759451159598, 176.25371972750872],
       [-97.73567384226143, 30.28756407287226, 165.21354472637177],
       [-97.73570985386463, 30.28753385921994, 146.39076125156134],
       [-97.73572755735172, 30.28755599002228, 164.44427673611790],
       [-97.73575420675415, 30.28753531314807, 173.13545446936041],
       [-97.73577035927725, 30.28750724202742, 156.81767731532454],
       [-97.73577681124550, 30.28753585619946, 158.48141768481582],
       [-97.73576785459265, 30.28756393927049, 153.70996429771185],
       [-97.73574210244310, 30.28756532594299, 153.36270931921899],
       [-97.73570383598559, 30.28754080321395, 161.27226946968585],
       [-97.73569842767336, 30.28751555529355, 152.54445025324821],
       [-97.73571723945496, 30.28750499329707, 150.28902031295002],
       [-97.73572376387251, 30.28750181738716, 158.61828240193427],
       [-97.73574826855372, 30.28753363843429, 162.27993053384125],
       [-97.73569384340999, 30.28753937464669, 158.55571310129017],
       [-97.73569434882155, 30.28754271784448, 158.85978880152106],
       [-97.73576845564664, 30.28752165953427, 164.31321802269667],
       [-97.73576514716481, 30.28751246122959, 154.23991960659623],
       [-97.73576573621594, 30.28747572835630, 150.49891116935760],
       [-97.73570765464837, 30.28751214967496, 150.20796662289649],
       [-97.73568377507434, 30.28753424237406, 156.03223805408925],
       [-97.73572046263538, 30.28750384319992, 163.03792934305966],
       [-97.73575428472736, 30.28753497906278, 168.14598037116230],
       [-97.73573812961722, 30.28751657000065, 171.14803643710911],
       [-97.73567967162299, 30.28750294437281, 164.31614314019680],
       [-97.73573708608238, 30.28750898943215, 162.94568556267768],
       [-97.73575850677041, 30.28750630890146, 155.97675505932420],
       [-97.73571630347138, 30.28750326242424, 146.67486066836864],
       [-97.73568103794966, 30.28751711675439, 156.34590650722384],
       [-97.73573848853547, 30.28747093733942, 144.53182778321207],
       [-97.73571848034290, 30.28751496554712, 167.12822078540921],
       [-97.73574839010639, 30.28746064338297, 162.33746389020234],
       [-97.73577128847600, 30.28748524671708, 151.06778329517692],
       [-97.73573039118659, 30.28751635114564, 149.34824449289590],
       [-97.73573713956817, 30.28752396057882, 160.35074047185481],
       [-97.73576501196312, 30.28749787566867, 164.15040219016373],
       [-97.73579794223555, 30.28748977497384, 154.88409646134824],
       [-97.73577233968130, 30.28752926576040, 149.06232257559896],
       [-97.73573078159365, 30.28757004516820, 152.64861274883151],
       [-97.73568579410706, 30.28756080461786, 166.53598347585648],
       [-97.73570527627220, 30.28754740129915, 157.58250800240785],
       [-97.73571027640340, 30.28752877750192, 158.95355641283095],
       [-97.73572799878993, 30.28746530938908, 169.93446337152272],
       [-97.73568650162586, 30.28751913860695, 177.28483203891665],
       [-97.73567742101966, 30.28753658963734, 191.63726902659982],
       [-97.73574249081935, 30.28748004773376, 174.06258427165449],
       [-97.73573503905627, 30.28748527051558, 162.51351274829358],
       [-97.73572942006767, 30.28752566349023, 166.31475682184100],
       [-97.73569083661974, 30.28756230049144, 164.91335500590503],
       [-97.73572855024661, 30.28753082701305, 162.34171575307846],
       [-97.73574268607770, 30.28752113456739, 158.75459781661630],
       [-97.73571161915881, 30.28753512042543, 166.51173992734402],
       [-97.73571972213101, 30.28751287510849, 158.09177533909678],
       [-97.73570751466814, 30.28752664609977, 175.57954949326813],
       [-97.73576162506164, 30.28750438467886, 168.80770528130233],
       [-97.73574772181389, 30.28750133161397, 165.70814324077219],
       [-97.73567538585982, 30.28755909314713, 186.86918969452381],
       [-97.73570619810840, 30.28753124189344, 175.73928867653012],
       [-97.73567206072917, 30.28750966994673, 155.44933781586587],
       [-97.73574801430706, 30.28747411205092, 153.63426981866360],
       [-97.73572664127569, 30.28753297472439, 158.86691365204751],
       [-97.73570130881603, 30.28754009159100, 177.12861586920917],
       [-97.73569032274079, 30.28751079425237, 168.50732478126884],
       [-97.73573324857762, 30.28753071204432, 167.58457393944263],
       [-97.73572247774098, 30.28752258634900, 165.89266574941576],
       [-97.73571322133726, 30.28754232536160, 161.66184756346047],
       [-97.73572376890894, 30.28755511972389, 174.90781597699970],
       [-97.73574655467560, 30.28751045562257, 169.97860842570662],
       [-97.73572665773968, 30.28751130631722, 153.49911716952920],
       [-97.73575418327587, 30.28752102586753, 155.86535825207829],
       [-97.73573836441132, 30.28755118729606, 167.32130380161107],
       [-97.73568471040147, 30.28758844326254, 170.33868138678372],
       [-97.73570582076078, 30.28758166402692, 163.82685634214431],
       [-97.73570280448219, 30.28755138762962, 162.20159827172756],
       [-97.73571564786430, 30.28752961047710, 170.28733815345913],
       [-97.73572566871563, 30.28752246667198, 175.27952368743718],
       [-97.73571103112776, 30.28753730371288, 173.23095468431711],
       [-97.73568113455035, 30.28752777468079, 172.11207303591073],
       [-97.73568885729119, 30.28753723246366, 172.90999046061188],
       [-97.73571297686233, 30.28755173465607, 167.69609693437815],
       [-97.73571929261507, 30.28756851744984, 171.16757621522993],
       [-97.73572558736339, 30.28754870687451, 168.41146149300039],
       [-97.73573662002619, 30.28754669166661, 167.85269967094064],
       [-97.73572766599405, 30.28752367553455, 165.55786486435682],
       [-97.73571692933578, 30.28753665647948, 170.40657859761268],
       [-97.73572794570229, 30.28753907486641, 167.73333881329745],
       [-97.73572561048280, 30.28753758123722, 169.22321866732091],
       [-97.73568957167625, 30.28752511234502, 170.06926720775664],
       [-97.73573076859857, 30.28754444483585, 176.02155992481858],
       [-97.73573197037256, 30.28754262877616, 173.92054407019168],
       [-97.73571536141266, 30.28752353062482, 161.60343511402607],
       [-97.73570905028895, 30.28753836218441, 167.29543085861951],
       [-97.73569140340250, 30.28758616411986, 173.66346172615886],
       [-97.73571605636999, 30.28756722743372, 166.07694420870394],
       [-97.73570452044207, 30.28756929824769, 169.41282172407955],
       [-97.73568493989386, 30.28757599330225, 173.53820060007274],
       [-97.73573010651134, 30.28756698767539, 170.49465661961585],
       [-97.73575670380600, 30.28754236694641, 170.56687595322728],
       [-97.73574025711473, 30.28756178918040, 180.96472357120365],
       [-97.73574070738999, 30.28757789318542, 178.23137828242034],
       [-97.73574807210132, 30.28752625660481, 155.66453225817531],
       [-97.73573631359318, 30.28752828881744, 155.26089322380722],
       [-97.73573288804386, 30.28751012161009, 157.69008030928671],
       [-97.73574749142665, 30.28753329398834, 171.31227367557585],
       [-97.73568145631469, 30.28757447667089, 176.49021725822240],
       [-97.73564055665283, 30.28758902202854, 167.99978367332369],
       [-97.73563942549464, 30.28756701779632, 169.89563495013863],
       [-97.73569074374609, 30.28754912851649, 177.54962729290128],
       [-97.73566803550735, 30.28757704877797, 187.37876579258591],
       [-97.73570449585186, 30.28754501591083, 175.50972246658057],
       [-97.73573436750500, 30.28755665401507, 167.48495275899768],
       [-97.73569387949702, 30.28753511353070, 165.37351396307349],
       [-97.73568493263994, 30.28757332947263, 175.33854633569717],
       [-97.73573188505151, 30.28752094922319, 171.55818170029670],
       [-97.73572618354295, 30.28754189751015, 173.42887042183429],
       [-97.73571194852329, 30.28755433992847, 165.35800243820995],
       [-97.73569483709983, 30.28756235487025, 177.06408215314150],
       [-97.73570307107745, 30.28758398447624, 179.69897801615298],
       [-97.73569623826447, 30.28759017880315, 188.67080938071012],
       [-97.73570852054876, 30.28753850681188, 177.19065034668893],
       [-97.73566295788918, 30.28754951626694, 179.01960464287549],
       [-97.73566809414361, 30.28756194782605, 161.72652743197978],
       [-97.73568401345514, 30.28757884991263, 153.36412659846246],
       [-97.73563715537719, 30.28761993177086, 152.39273532852530],
       [-97.73567293082830, 30.28755521487798, 153.31271622143686],
       [-97.73566558787425, 30.28755819170051, 161.83014944568276],
       [-97.73567784184509, 30.28761680795308, 171.00591191742569],
       [-97.73566150796619, 30.28759270288650, 175.73044006898999],
       [-97.73567406378305, 30.28754418196919, 169.55319229047745],
       [-97.73569267146641, 30.28758158007049, 175.43365280237049],
       [-97.73573905732000, 30.28757279952687, 178.41638270393014],
       [-97.73572546841653, 30.28758200322162, 169.54272030852735],
       [-97.73574479768013, 30.28755996807705, 161.59118618443608],
       [-97.73573209478437, 30.28755047066281, 158.93606537021697],
       [-97.73573160023598, 30.28756327881934, 151.88206486683339],
       [-97.73572831416338, 30.28759899558134, 144.30021902173758],
       [-97.73570498227026, 30.28760756503512, 153.15167582314461],
       [-97.73569897691453, 30.28755175830879, 158.17563345562667],
       [-97.73571130849386, 30.28752495780433, 154.78877313248813],
       [-97.73571304568814, 30.28754551151198, 160.53392812144011],
       [-97.73573849443034, 30.28755807069711, 170.99546961393207],
       [-97.73573756724373, 30.28755032948666, 166.17219601292163],
       [-97.73571951234362, 30.28752953365787, 155.60928119719028],
       [-97.73568986960912, 30.28753796049950, 159.68842033576220],
       [-97.73571625182741, 30.28755787574035, 159.11912077013403],
       [-97.73572298971165, 30.28756838615003, 153.84051011968404],
       [-97.73570086974469, 30.28759221264918, 159.56644406449050],
       [-97.73575713414252, 30.28755443860290, 145.51095389574766],
       [-97.73581776209154, 30.28752297980709, 136.19337760843337],
       [-97.73580335377916, 30.28755287653405, 147.50805942714214],
       [-97.73579680860658, 30.28757319576973, 164.67351611703634],
       [-97.73577883714961, 30.28755983466872, 153.17607570812106],
       [-97.73574522927791, 30.28755898139518, 158.66406338289380],
       [-97.73567415091830, 30.28757306094455, 175.34296540170908],
       [-97.73568751288882, 30.28756770692230, 169.65316421817988],
       [-97.73570064871943, 30.28754426023719, 156.98762799985707],
       [-97.73573424293392, 30.28751816655170, 154.88216824736446],
       [-97.73572440894119, 30.28754191752771, 158.07429868634790],
       [-97.73571420598626, 30.28757066425453, 157.25949865765870],
       [-97.73571882713564, 30.28753333789879, 156.86286619771272],
       [-97.73572836798202, 30.28754152857809, 156.11141316778958],
       [-97.73570453611084, 30.28758725258565, 161.68530136160553],
       [-97.73569630481236, 30.28760531757786, 164.21848446037620],
       [-97.73574918704912, 30.28757745228076, 168.84140954632312],
       [-97.73573074303673, 30.28754129016563, 148.26767793297768],
       [-97.73572593337263, 30.28753493815320, 154.30539032258093],
       [-97.73576444419101, 30.28753509915061, 157.80490083806217],
       [-97.73581826983568, 30.28750398232317, 154.17026589810848],
       [-97.73577591803245, 30.28756546431142, 159.76737299095839],
       [-97.73574479275055, 30.28754739951037, 151.00228021852672],
       [-97.73568543312855, 30.28752828643173, 158.96268084179610],
       [-97.73573611943998, 30.28752519218433, 163.36792668048292],
       [-97.73574192718333, 30.28754735003310, 163.04757364187390],
       [-97.73570467416087, 30.28755916916978, 179.87419073004276],
       [-97.73572794891368, 30.28751730573582, 170.91775682009757],
       [-97.73568066595554, 30.28755644701706, 164.28160621132702],
       [-97.73567173583484, 30.28759347728729, 158.99146890919656],
       [-97.73568736501537, 30.28758483052173, 161.94618598558009],
       [-97.73570928679442, 30.28759638899459, 168.23816465772688],
       [-97.73570172257131, 30.28757281088600, 164.11549056787044],
       [-97.73573514929952, 30.28753037662483, 156.69485148042440],
       [-97.73571743901395, 30.28752369769482, 163.83145166561007],
       [-97.73571612482068, 30.28755879140901, 169.22964793629944],
       [-97.73568082325650, 30.28757951850041, 184.05948161985725],
       [-97.73571912538632, 30.28755455476552, 172.15283774584532],
       [-97.73577321058379, 30.28751150280610, 159.34619823005050],
       [-97.73571351496810, 30.28753798663701, 160.46595674566925],
       [-97.73569304088305, 30.28756575410949, 168.76295779924840],
       [-97.73572083610006, 30.28756856112085, 165.43788161035627],
       [-97.73571590901308, 30.28755867428572, 168.45330081973225],
       [-97.73565030037216, 30.28758556516184, 171.46611508727074],
       [-97.73562060831304, 30.28761328615650, 178.33365685213357],
       [-97.73564688496928, 30.28760293675331, 176.51223009917885],
       [-97.73569945989203, 30.28756354220275, 173.73279209993780],
       [-97.73570434646557, 30.28757314566957, 171.15772108919919],
       [-97.73571202611282, 30.28754763540981, 160.52744227368385],
       [-97.73573411462981, 30.28753757360904, 161.49421329982579],
       [-97.73570953943467, 30.28760091442236, 175.98145254980773],
       [-97.73572895002796, 30.28763404478259, 161.58072725962847],
       [-97.73567790468167, 30.28758999786659, 158.28005824796855],
       [-97.73567215412723, 30.28754752316505, 155.04308330360800],
       [-97.73571450598843, 30.28754394810698, 148.17124406620860],
       [-97.73572592746841, 30.28759826006459, 157.31613922864199],
       [-97.73570926344861, 30.28756821226228, 161.40726101864129],
       [-97.73566787202358, 30.28756686093735, 177.72334912884980],
       [-97.73571459081977, 30.28758077881012, 171.17708653490990],
       [-97.73570097978524, 30.28758761398805, 160.45020768418908],
       [-97.73569492608524, 30.28757906317390, 163.39467161428183],
       [-97.73568991389428, 30.28755647345986, 157.26877443678677],
       [-97.73570487991857, 30.28754411839807, 157.84815291129053],
       [-97.73571044922856, 30.28760530732582, 161.82976655103266],
       [-97.73569694294004, 30.28758077626363, 159.09077177383006],
       [-97.73573299859721, 30.28753284213812, 154.43813030607998],
       [-97.73575084393303, 30.28753308463800, 150.73548526503146],
       [-97.73574000146751, 30.28754768546261, 159.40286224242300],
       [-97.73572016116373, 30.28755685054817, 175.97652134578675],
       [-97.73569105968363, 30.28757948588060, 175.83483454491943],
       [-97.73571805821298, 30.28754540651608, 169.61942842230201],
       [-97.73573469506265, 30.28755500493442, 167.12970917858183],
       [-97.73573620638474, 30.28752995507237, 158.25132997892797],
       [-97.73569004856151, 30.28754758623138, 160.23514164891094],
       [-97.73569153812825, 30.28756422591142, 159.61148029193282],
       [-97.73570721957273, 30.28756470058187, 166.66612902842462],
       [-97.73574314587935, 30.28754671549641, 170.58450866676867],
       [-97.73573739582312, 30.28756154884771, 172.17684633098543],
       [-97.73571354272244, 30.28749916129417, 164.75681452360004],
       [-97.73572064943235, 30.28753312872270, 161.70546080358326],
       [-97.73573993466715, 30.28757784333822, 169.82049389276654],
       [-97.73573419839363, 30.28760269362587, 164.48591804970056],
       [-97.73573396185192, 30.28757211507664, 153.79349759686738],
       [-97.73568719211103, 30.28758852592762, 158.97437274735421],
       [-97.73571452419206, 30.28756825354836, 167.69298226572573],
       [-97.73573328965638, 30.28754652902412, 160.71536734420806],
       [-97.73575154942588, 30.28752726534903, 162.57131895702332],
       [-97.73572879679901, 30.28752281988528, 162.50451187416911],
       [-97.73567124355409, 30.28753944604289, 152.86029224004596],
       [-97.73565815695957, 30.28758979481994, 172.04302404820919],
       [-97.73571164855127, 30.28757125121080, 168.76099385414273],
       [-97.73569741225728, 30.28753291495833, 162.03207806684077],
       [-97.73572608109457, 30.28749051417451, 153.69476919807494],
       [-97.73567886964270, 30.28749589607157, 151.22725797351450],
       [-97.73569042032592, 30.28757133644493, 150.52416130807251],
       [-97.73575332322216, 30.28755376009009, 152.28940615337342],
       [-97.73573156190727, 30.28754294748418, 157.32490427698940],
       [-97.73573711560185, 30.28753011523597, 156.87480859272182],
       [-97.73574743239131, 30.28748658164915, 146.25615919753909],
       [-97.73576046995474, 30.28751504247124, 156.81106983218342],
       [-97.73573305008995, 30.28755586091641, 158.59945307578892],
       [-97.73575250063055, 30.28750537128010, 160.40717420820147]
       ]
   }
}
