{
  "type":  "Feature",
  "properties": {
       "name": "Locations generated by GNSS-SDR" 
   },
  "geometry": {
      "type": "MultiPoint",
      "coordinates": [
       [-97.73575027969513, 30.28747459546803, 152.19360538758337],
       [-97.73576304559192, 30.28745526537732, 159.10113822296262],
       [-97.73576661291298, 30.28749539422279, 174.68075550533831],
       [-97.73577725862884, 30.28749647842254, 162.51082445774227],
       [-97.73580145562711, 30.28745568930782, 152.31169180478901],
       [-97.73579345185918, 30.28744193622427, 162.32377638760954],
       [-97.73576213674205, 30.28749385657011, 180.67976552620530],
       [-97.73578140341911, 30.28746727068464, 180.03578125964850],
       [-97.73579315458200, 30.28745829671371, 167.76069875154644],
       [-97.73577708485652, 30.28745796505951, 170.31694423034787],
       [-97.73578827565461, 30.28743799291281, 169.03057301510125],
       [-97.73577832270527, 30.28749509044387, 169.70571332145482],
       [-97.73575021021112, 30.28751054908267, 161.93535617366433],
       [-97.73581372348170, 30.28750461073271, 156.86440225876868],
       [-97.73580649049393, 30.28748893219350, 148.90234149061143],
       [-97.73578834080841, 30.28748081058815, 160.78572968393564],
       [-97.73574849685541, 30.28749031628540, 165.63013243209571],
       [-97.73575621903635, 30.28751906089017, 165.89612350333482],
       [-97.73578715015543, 30.28748340712983, 166.63760985247791],
       [-97.73577257446426, 30.28750459016918, 170.75850546639413],
       [-97.73577448297632, 30.28752363305471, 166.04786084685475],
       [-97.73575411505254, 30.28753731358679, 158.68976337742060],
       [-97.73576984840011, 30.28753841212733, 171.37236699461937],
       [-97.73578741360167, 30.28748773509545, 172.28402014262974],
       [-97.73581081511688, 30.28748334950964, 173.01512784883380],
       [-97.73578915484602, 30.28749489811247, 162.60584942810237],
       [-97.73578753706327, 30.28750607362380, 164.36100915540010],
       [-97.73576062038237, 30.28749211559368, 169.37733623385429],
       [-97.73575696940560, 30.28745930815396, 161.43534423038363],
       [-97.73576907485679, 30.28745493118239, 154.15640764869750],
       [-97.73574690750425, 30.28747480314668, 155.09940364770591],
       [-97.73574607969238, 30.28750496857535, 153.50979424268007],
       [-97.73575388788478, 30.28752387775309, 161.19637261517346],
       [-97.73578960800144, 30.28752250622717, 157.45609879028052],
       [-97.73579940582543, 30.28747431896887, 163.38140023406595],
       [-97.73577707937221, 30.28752247763775, 170.92989148478955],
       [-97.73578925019639, 30.28751291519435, 176.18495610356331],
       [-97.73580691523590, 30.28745748243932, 177.70479251910001],
       [-97.73578073176418, 30.28749570198686, 181.52369983028620],
       [-97.73574658571710, 30.28751098843025, 170.59911625832319],
       [-97.73572496877686, 30.28754993319726, 169.49538823030889],
       [-97.73572648866298, 30.28753589140593, 165.73294259142131],
       [-97.73573249190433, 30.28747805617450, 166.95412912778556],
       [-97.73573651403868, 30.28746786840295, 159.92576257511973],
       [-97.73573575270326, 30.28753275503302, 173.87544518057257],
       [-97.73576357403222, 30.28748269976795, 163.27510447520763],
       [-97.73571917999956, 30.28752627079828, 164.67834984976798],
       [-97.73571516284278, 30.28751599140984, 166.81618245691061],
       [-97.73573516422694, 30.28748021559682, 162.83229795563966],
       [-97.73572377478395, 30.28751231665243, 161.50026230420917],
       [-97.73574207512929, 30.28746052002660, 161.91213747207075],
       [-97.73575247115595, 30.28746949140925, 162.98633188661188],
       [-97.73571829614831, 30.28752321258279, 168.35351443663239],
       [-97.73573686474212, 30.28753452104563, 178.48140737973154],
       [-97.73576718391499, 30.28751486441128, 174.90891697816551],
       [-97.73576068337599, 30.28754660581786, 169.27511776331812],
       [-97.73577539458047, 30.28751253602768, 173.78357504587620],
       [-97.73576399496032, 30.28749688519590, 166.25926188845187],
       [-97.73568118024066, 30.28751767695318, 176.59204387757927],
       [-97.73567183603983, 30.28751208585640, 168.08946593198925],
       [-97.73571265874273, 30.28752249632734, 169.07964314892888],
       [-97.73571020002925, 30.28752694242342, 172.02471904177219],
       [-97.73573555165980, 30.28750050959368, 163.14233019948006],
       [-97.73573330202933, 30.28749119729648, 167.05526493210346],
       [-97.73574910696304, 30.28750678831280, 164.21856014803052],
       [-97.73573825241296, 30.28753401767621, 164.10244152788073],
       [-97.73572845427937, 30.28753602667305, 171.50228929892182],
       [-97.73571424416869, 30.28752722502342, 176.68844206910580],
       [-97.73570927341895, 30.28750271214331, 172.91966873314232],
       [-97.73574801267888, 30.28749099277113, 158.65049211867154],
       [-97.73574848981541, 30.28746643806280, 164.87127626966685],
       [-97.73574741280562, 30.28748260039390, 178.13791339471936],
       [-97.73573466060000, 30.28753824370159, 180.05668054614216],
       [-97.73570378076009, 30.28753166576003, 172.74590259511024],
       [-97.73572478680371, 30.28749997806120, 169.93590976390988],
       [-97.73569276141195, 30.28751160339991, 173.19279255997390],
       [-97.73569332326822, 30.28746682705870, 166.06430078390986],
       [-97.73571775174564, 30.28745366405736, 162.93127749860287],
       [-97.73569586325095, 30.28746050773529, 162.24137771781534],
       [-97.73572869029280, 30.28747764517817, 163.62766968179494],
       [-97.73573044735743, 30.28750747933258, 166.61138385254890],
       [-97.73571403188230, 30.28753667736516, 165.35051957704127],
       [-97.73574511252222, 30.28748681072581, 154.04874047636986],
       [-97.73574436926422, 30.28748249631442, 164.17296303715557],
       [-97.73573355880710, 30.28748432069205, 164.89273423980922],
       [-97.73568664559551, 30.28749007880295, 159.57181354798377],
       [-97.73571078392200, 30.28748221860091, 176.51279765367508],
       [-97.73570602804375, 30.28750757028217, 178.73234554845840],
       [-97.73571787682400, 30.28749603313967, 177.28955380339175],
       [-97.73574321395512, 30.28746491645035, 168.26514740660787],
       [-97.73575139748939, 30.28748744392601, 165.93674181681126],
       [-97.73577377752414, 30.28750070338263, 165.55573574081063],
       [-97.73582348398175, 30.28746811101276, 159.61963370628655],
       [-97.73577352310009, 30.28749194993534, 158.03211539238691],
       [-97.73569589276111, 30.28750396121671, 154.23493908438832],
       [-97.73570537773563, 30.28747761806959, 153.06241962034255],
       [-97.73571939916440, 30.28750145533476, 160.34285523276776],
       [-97.73573055346637, 30.28752936991025, 151.89045904111117],
       [-97.73570535303881, 30.28753980215438, 161.48363459017128],
       [-97.73573982952703, 30.28749392453410, 158.05366738233715],
       [-97.73572581118876, 30.28751028330029, 166.56565607525408],
       [-97.73572449883203, 30.28746933447012, 167.86245322134346],
       [-97.73572713861375, 30.28746566054436, 177.35228041838855],
       [-97.73569991104620, 30.28752668609944, 176.09157884679735],
       [-97.73569680564206, 30.28750772139652, 175.70054234564304],
       [-97.73571378678128, 30.28749843530314, 166.14040466398001],
       [-97.73573796767877, 30.28753813276909, 165.45943683478981],
       [-97.73574349623082, 30.28749857936197, 154.97639022674412],
       [-97.73573806886878, 30.28753576511169, 154.96519086789340],
       [-97.73575912938246, 30.28750832113514, 147.42945940699428],
       [-97.73572756876352, 30.28751670213306, 156.53780666831881],
       [-97.73565851397940, 30.28751654449993, 163.32845414523035],
       [-97.73567303419892, 30.28750112956578, 170.01632822304964],
       [-97.73568343670442, 30.28750669746705, 168.62086095102131],
       [-97.73571320500483, 30.28754391030424, 157.67581324093044],
       [-97.73574014247008, 30.28753317359177, 154.27524231187999],
       [-97.73574806218939, 30.28751372385774, 163.64930117595941],
       [-97.73579105307559, 30.28752120422065, 169.50226767547429],
       [-97.73582030134878, 30.28748950987396, 159.08353350777179],
       [-97.73575455676406, 30.28751428106178, 152.71412879507989],
       [-97.73568064617525, 30.28755247099816, 174.81183930113912],
       [-97.73569399473148, 30.28750178942039, 164.13736573234200],
       [-97.73569832931302, 30.28756012169315, 156.89654693007469],
       [-97.73574133938538, 30.28756052018851, 140.79751508589834],
       [-97.73574765629014, 30.28757125865820, 146.73503155354410],
       [-97.73575118963321, 30.28756390016060, 159.63515528850257],
       [-97.73577212100155, 30.28748123869470, 158.45898693799973],
       [-97.73574864402562, 30.28751508250554, 170.54324710182846],
       [-97.73574710653763, 30.28753886830620, 167.48413378372788],
       [-97.73574137893119, 30.28751894819190, 165.42948778625578],
       [-97.73575504880709, 30.28754129304800, 170.85893132071942],
       [-97.73575953972811, 30.28756303717747, 167.15511059574783],
       [-97.73570780114568, 30.28751505107802, 165.14954732451588],
       [-97.73571147756242, 30.28752928181193, 168.73965488374233],
       [-97.73568840504983, 30.28756453148954, 168.80045670177788],
       [-97.73567252870453, 30.28754438296622, 169.02802615053952],
       [-97.73569707444206, 30.28751290222739, 174.11453915666789],
       [-97.73570918294548, 30.28752010298770, 165.61601123865694],
       [-97.73573006068484, 30.28754878113058, 160.28508252743632],
       [-97.73576808391597, 30.28752685845977, 168.39863052405417],
       [-97.73574280402214, 30.28754355345346, 170.51943285576999],
       [-97.73576104978198, 30.28752531726514, 165.99699546676129],
       [-97.73571240131757, 30.28753694363634, 171.35954661946744],
       [-97.73567301867017, 30.28755211343931, 178.71203196048737],
       [-97.73566228462398, 30.28749932838179, 184.94589797314256],
       [-97.73576186872532, 30.28751066750903, 164.82662837300450],
       [-97.73569944715904, 30.28755633096712, 176.38373002596200],
       [-97.73573962689952, 30.28759492813134, 173.86824012175202],
       [-97.73576380072787, 30.28755343495260, 170.73735504783690],
       [-97.73575901979653, 30.28752878492608, 168.77530677895993],
       [-97.73576794677527, 30.28749340176584, 172.20952339563519],
       [-97.73574310530982, 30.28744943585869, 169.44877456687391],
       [-97.73569909763685, 30.28750675142103, 171.89056511502713],
       [-97.73568642671853, 30.28753975371071, 177.71390423178673],
       [-97.73566534444502, 30.28754817599367, 167.91340844612569],
       [-97.73571414760676, 30.28751403683497, 165.07238643523306],
       [-97.73575400901078, 30.28754006676449, 174.23403153289109],
       [-97.73574875433189, 30.28754660796508, 169.58342828042805],
       [-97.73570232001806, 30.28758527816517, 176.19244631286711],
       [-97.73568308196415, 30.28755203502078, 179.00728716235608],
       [-97.73569733957112, 30.28755025965058, 172.95972758717835],
       [-97.73570429126373, 30.28756186510590, 177.70266118086874],
       [-97.73567440816157, 30.28752760907026, 188.68731659650803],
       [-97.73568323166317, 30.28748290308033, 179.68590829987079],
       [-97.73574027972570, 30.28752034167837, 167.78370310552418],
       [-97.73573936008471, 30.28754058091128, 175.72365336865187],
       [-97.73573858405365, 30.28758181943468, 174.50345879793167],
       [-97.73573079790235, 30.28755469273750, 168.70040267892182],
       [-97.73573791762507, 30.28755675801038, 166.14627989009023],
       [-97.73570975149657, 30.28756950046139, 183.27569719310850],
       [-97.73570613179851, 30.28756583546730, 177.37294289283454],
       [-97.73573838357441, 30.28755451135563, 192.00269678328186],
       [-97.73570609254590, 30.28752692693447, 193.19064226001501],
       [-97.73570848839054, 30.28754621797443, 179.86443396471441],
       [-97.73571579850277, 30.28756570912917, 179.83810349274427],
       [-97.73574061317514, 30.28754962082352, 188.35086213517934],
       [-97.73569951825056, 30.28756615209890, 188.73317573685199],
       [-97.73570935738724, 30.28752801398277, 179.19811462517828],
       [-97.73575642215947, 30.28750303060809, 174.56804954074323],
       [-97.73569918019327, 30.28759597040036, 182.64012361038476],
       [-97.73566457930080, 30.28761685331845, 171.31317340303212],
       [-97.73569290474482, 30.28757157041679, 174.89438081905246],
       [-97.73570364659923, 30.28759193549821, 184.15605836547911],
       [-97.73570155458583, 30.28758631619953, 176.22739344276488],
       [-97.73573782786735, 30.28760115540948, 179.44086335320026],
       [-97.73573597242097, 30.28755996253021, 178.59050694759935],
       [-97.73571106100576, 30.28756022500030, 187.44726494606584],
       [-97.73563942187525, 30.28758058398070, 183.42241096217185],
       [-97.73568299557832, 30.28757938989948, 180.81551118195057],
       [-97.73570476521495, 30.28757637235028, 176.84815818071365],
       [-97.73569580461022, 30.28759230803113, 178.99424127303064],
       [-97.73571100095178, 30.28762279063939, 183.02936674933881],
       [-97.73568513515214, 30.28761706024184, 180.39564471039921],
       [-97.73566510149899, 30.28763468902914, 173.27111631352454],
       [-97.73564622080076, 30.28762731811799, 172.63398570660502],
       [-97.73567061605331, 30.28760791349736, 175.57443270925432],
       [-97.73566649475708, 30.28758348416929, 176.50360899977386],
       [-97.73568172434292, 30.28757308926538, 173.84436561539769],
       [-97.73567741230872, 30.28761303885413, 191.17623842880130],
       [-97.73567864801345, 30.28762985492805, 188.38692846801132],
       [-97.73569275917328, 30.28760464275819, 180.37736510485411],
       [-97.73566921131946, 30.28761821792758, 183.27934122737497],
       [-97.73568151501524, 30.28756826368495, 179.08579140435904],
       [-97.73568554239043, 30.28757061161252, 171.56757476273924],
       [-97.73567139244790, 30.28758708625218, 163.42850503884256],
       [-97.73566789945447, 30.28760056664165, 168.86741168890148],
       [-97.73568239779262, 30.28760463320956, 174.27425283007324],
       [-97.73570172655057, 30.28754811029186, 169.98109718132764],
       [-97.73560588825778, 30.28754880514019, 186.20395755581558],
       [-97.73563521326109, 30.28759085828180, 178.24345579370856],
       [-97.73571705098534, 30.28759089521780, 177.29733486659825],
       [-97.73573391398776, 30.28758105967686, 176.91218142025173],
       [-97.73568938571606, 30.28754780786164, 171.05483984574676],
       [-97.73571764041915, 30.28757295846204, 173.55025836359710],
       [-97.73573798116003, 30.28757950878400, 163.48343924432993],
       [-97.73572257520959, 30.28756203444473, 164.81777118518949],
       [-97.73573144192362, 30.28753379876343, 162.31579039059579],
       [-97.73570492027282, 30.28756277498242, 160.13205380551517],
       [-97.73568408687537, 30.28756127023821, 166.75281294807792],
       [-97.73571479278110, 30.28756695484816, 161.66892182175070],
       [-97.73568387293649, 30.28755003666305, 158.84103566128761],
       [-97.73572579513848, 30.28751877367381, 162.15775031782687],
       [-97.73571683025824, 30.28752915499292, 179.48206094466150],
       [-97.73572917849270, 30.28749842552041, 167.17365608736873],
       [-97.73571362212650, 30.28753677536835, 173.98007841501385],
       [-97.73568891991275, 30.28754859589843, 174.04409009870142],
       [-97.73567589760295, 30.28754817410713, 172.71568442601711],
       [-97.73571086487077, 30.28753246976071, 167.34759582206607],
       [-97.73573368854325, 30.28748837536239, 158.68380492459983],
       [-97.73571189036437, 30.28753265396803, 167.86705467291176],
       [-97.73566718638386, 30.28753583871540, 174.98862822167575],
       [-97.73566111628737, 30.28757261332067, 163.51058176346123],
       [-97.73570495555391, 30.28756430319186, 185.46718959324062],
       [-97.73572402876459, 30.28757576562009, 180.36486332211643],
       [-97.73578311632316, 30.28751103645236, 169.51368900295347],
       [-97.73573856833900, 30.28754837973068, 167.36599516309798],
       [-97.73570366218199, 30.28760279451392, 175.94562155380845],
       [-97.73570406268007, 30.28756749050054, 173.81342036463320],
       [-97.73569386610231, 30.28755249853479, 169.70397888403386],
       [-97.73568492340125, 30.28751074597671, 165.47216939460486],
       [-97.73568069383143, 30.28753287068612, 177.82206183299422],
       [-97.73569055039260, 30.28753212015832, 177.04903265181929],
       [-97.73568060019242, 30.28754717167163, 172.50103715714067],
       [-97.73570551122160, 30.28755911622032, 165.98134650755674],
       [-97.73568124271038, 30.28757979929491, 175.03193869348615],
       [-97.73571288454937, 30.28758503775272, 176.16480751428753],
       [-97.73570766300274, 30.28758714575367, 160.75933557562530],
       [-97.73575322610587, 30.28754515857599, 159.07343959901482],
       [-97.73572194375549, 30.28755349697311, 181.51532446872443],
       [-97.73567330889806, 30.28755613663437, 191.71539898775518],
       [-97.73567246939022, 30.28756023414446, 172.67362080421299],
       [-97.73570778774513, 30.28755426676215, 166.26459779404104],
       [-97.73568930290517, 30.28752069919920, 172.94046201184392],
       [-97.73565162817347, 30.28756220089588, 186.47677089925855],
       [-97.73567964769566, 30.28756719489666, 178.86401974316686],
       [-97.73572181969777, 30.28756218655286, 166.34010119363666],
       [-97.73572900627171, 30.28755984853570, 158.57740555424243],
       [-97.73571338037391, 30.28757527018654, 164.60116362664849],
       [-97.73570791451006, 30.28757586018506, 172.58878197520971],
       [-97.73572350470697, 30.28756202657003, 167.15812951698899],
       [-97.73568641673135, 30.28754288730779, 174.88162676617503],
       [-97.73569060709217, 30.28754620751410, 175.83287867531180],
       [-97.73569144701870, 30.28757081076164, 171.58275266923010],
       [-97.73572515488272, 30.28754725115453, 180.59442917443812],
       [-97.73579804244021, 30.28750737415046, 172.19518734980375],
       [-97.73580969438848, 30.28751036996946, 164.87474927306175],
       [-97.73573869858983, 30.28752273832281, 165.43513541109860],
       [-97.73572933722353, 30.28748738727503, 181.42100803460926],
       [-97.73572703003363, 30.28749751968352, 172.18279739934951],
       [-97.73568708387815, 30.28753902484534, 167.32680839113891],
       [-97.73569764685359, 30.28754952954444, 170.93990643229336],
       [-97.73569333121524, 30.28753102042415, 177.44136153440922],
       [-97.73572164238317, 30.28755369301021, 178.03591633681208],
       [-97.73573260298372, 30.28752008980125, 176.48262585327029],
       [-97.73573634462028, 30.28750600806832, 164.16725172381848],
       [-97.73576549248696, 30.28750235057129, 164.68718940578401],
       [-97.73575284132464, 30.28751266824819, 172.75062206201255],
       [-97.73575242800521, 30.28751774278505, 176.25870476942509],
       [-97.73572468051167, 30.28754999419045, 165.77173578459769],
       [-97.73571811904935, 30.28752634294799, 163.38399518188089],
       [-97.73568341519706, 30.28752319588792, 162.64454986993223],
       [-97.73570094650418, 30.28752876705679, 170.24571365769953],
       [-97.73569313779562, 30.28752277725594, 165.62713789381087],
       [-97.73568607059177, 30.28752623336781, 157.96604657359421],
       [-97.73570566959813, 30.28756058364856, 174.25305623747408],
       [-97.73572359919154, 30.28755111342521, 172.00492741167545],
       [-97.73574286852373, 30.28755390508749, 156.64400857500732],
       [-97.73572413614373, 30.28753051336812, 161.28924043290317],
       [-97.73571948183627, 30.28750392535407, 171.18924285471439],
       [-97.73568797779281, 30.28751409432830, 156.26733452267945],
       [-97.73569795929215, 30.28753382889100, 169.81304568797350],
       [-97.73569996161415, 30.28757374795627, 169.62585246842355],
       [-97.73570508289455, 30.28753551254957, 164.25632108561695],
       [-97.73566453560450, 30.28755760367397, 161.70086615812033],
       [-97.73568192251983, 30.28755811342150, 170.12749014236033],
       [-97.73570214538714, 30.28751258971592, 168.81531003024429],
       [-97.73571207473690, 30.28755629468863, 167.91355633549392],
       [-97.73567639989113, 30.28752134192733, 182.41897385567427],
       [-97.73568989343732, 30.28754501641951, 166.49495950900018],
       [-97.73571130943438, 30.28750695907415, 168.71093518566340],
       [-97.73570573904632, 30.28752722497631, 160.20137518923730],
       [-97.73572526637220, 30.28754168011896, 158.75074985902756],
       [-97.73571355048001, 30.28753977018362, 154.74264972191304],
       [-97.73568098748034, 30.28757821422434, 152.53921277262270],
       [-97.73568626009296, 30.28756689069576, 165.07964192423970],
       [-97.73568801954694, 30.28750481514212, 165.34024616889656],
       [-97.73566506569068, 30.28754217749409, 172.52167729195207],
       [-97.73569830113316, 30.28755810468515, 173.23751350771636],
       [-97.73570049428481, 30.28754150131775, 176.22186668496579],
       [-97.73568035858511, 30.28753270766310, 172.20326511096209],
       [-97.73567309943523, 30.28753301460865, 165.33496408537030],
       [-97.73571369022206, 30.28753763045659, 154.01828530523926],
       [-97.73572676313123, 30.28754296334779, 157.85078896209598],
       [-97.73571300731608, 30.28754801312852, 167.25182013399899],
       [-97.73567705490680, 30.28754104899615, 169.13546352274716],
       [-97.73574728179071, 30.28749857000719, 156.85923857148737],
       [-97.73574161772976, 30.28751335929158, 144.98567897081375],
       [-97.73571713498414, 30.28750464338314, 143.55956188961864],
       [-97.73567088656290, 30.28754504604452, 152.16753512341529],
       [-97.73571694884112, 30.28755527299151, 162.83216656371951],
       [-97.73572430534716, 30.28754455956182, 155.78844248317182],
       [-97.73572611912101, 30.28752118779074, 160.46865765377879],
       [-97.73569399105118, 30.28748829630995, 155.24185743276030],
       [-97.73568750104235, 30.28753008636762, 164.03042380232364],
       [-97.73570241150972, 30.28752713926004, 157.97165562026203],
       [-97.73569087394027, 30.28751332110961, 159.79931215941906],
       [-97.73567419786039, 30.28755464894023, 164.04830837529153],
       [-97.73567719453374, 30.28758561371349, 164.13979374151677],
       [-97.73573722485374, 30.28755837544992, 163.43114407453686],
       [-97.73574043052915, 30.28754331645832, 159.58324659615755],
       [-97.73569259759519, 30.28757436595784, 160.09950602054596],
       [-97.73567798364326, 30.28756097316677, 144.57482682447881],
       [-97.73567935071101, 30.28756282146623, 145.31486728135496],
       [-97.73571855789415, 30.28749849381272, 148.84602988418192],
       [-97.73570413238913, 30.28750847770630, 149.70755276270211],
       [-97.73573204747727, 30.28756883867097, 153.88300650473684],
       [-97.73570398612488, 30.28755569825356, 160.12797833885998],
       [-97.73570632700745, 30.28751455566337, 160.72468850482255],
       [-97.73569236365823, 30.28758080917562, 164.21450727339834],
       [-97.73569859324056, 30.28754131916000, 169.17029993608594],
       [-97.73568049573603, 30.28754681883064, 164.48548153974116],
       [-97.73571049293683, 30.28751390700128, 154.23131793644279],
       [-97.73570558363161, 30.28753576240886, 151.60887666512281],
       [-97.73565885197209, 30.28754701408830, 153.87516120634973],
       [-97.73562017827251, 30.28757697302671, 156.78412726614624],
       [-97.73561982199975, 30.28757226760255, 158.54603677615523],
       [-97.73565680684257, 30.28758082118384, 157.23345962166786],
       [-97.73568870613562, 30.28760218918242, 155.61460819002241],
       [-97.73572301527766, 30.28755341053386, 156.87407991569489],
       [-97.73569741182258, 30.28758687273392, 161.37285342812538],
       [-97.73571133205645, 30.28756030949353, 157.45067960489541],
       [-97.73574470998662, 30.28754144898261, 157.89188723266125],
       [-97.73571794278537, 30.28753509029573, 166.78321622684598],
       [-97.73571915734783, 30.28754987536206, 172.22712198272347],
       [-97.73571900882902, 30.28756570397868, 173.94469829369336],
       [-97.73569971386239, 30.28757230894890, 175.95869752205908],
       [-97.73570574930135, 30.28755474161799, 175.24247152730823],
       [-97.73569175431871, 30.28756726061538, 169.88688627164811],
       [-97.73570489703160, 30.28759240831669, 168.33362271264195],
       [-97.73573605377406, 30.28758873880998, 172.29554397519678],
       [-97.73568790425259, 30.28762173575368, 176.61920228134841],
       [-97.73570233134436, 30.28756108573181, 176.86939059384167],
       [-97.73569278950674, 30.28756613562992, 171.87873094622046],
       [-97.73570227387754, 30.28755145948735, 167.87256321962923],
       [-97.73573149248556, 30.28757908094518, 178.77948524430394],
       [-97.73574737987660, 30.28757233929640, 170.25759115722030],
       [-97.73575107334086, 30.28760078743055, 177.04888208024204],
       [-97.73573322273882, 30.28758147634149, 182.69530230760574],
       [-97.73575376904392, 30.28753342696401, 179.81228256411850],
       [-97.73574156044025, 30.28751188774466, 177.79587194975466],
       [-97.73571127253568, 30.28756800569765, 176.35233830288053],
       [-97.73568559363294, 30.28756809666675, 180.74194230791181],
       [-97.73571317233802, 30.28758188563692, 165.18211129494011],
       [-97.73574917083637, 30.28761193161982, 158.00751968286932],
       [-97.73575270202832, 30.28757953010958, 156.55499524157494],
       [-97.73578853982995, 30.28753495421751, 155.65584307070822],
       [-97.73569983424856, 30.28759821084681, 173.96762096602470],
       [-97.73568166206151, 30.28756848499233, 182.13161654118448],
       [-97.73571153898649, 30.28751619675792, 179.12407519668341],
       [-97.73572574491621, 30.28750756013271, 170.47201412450522],
       [-97.73574653670286, 30.28753928440720, 171.56102307047695],
       [-97.73573919724292, 30.28756050936128, 168.91467379778624],
       [-97.73579534469151, 30.28750220829150, 163.95488592702895],
       [-97.73574925141297, 30.28750768274452, 164.52689751423895],
       [-97.73572147249305, 30.28756072384274, 183.43460722174495],
       [-97.73570659140309, 30.28759835634882, 170.66070413030684],
       [-97.73572355726188, 30.28758436661890, 161.66731545701623],
       [-97.73571330790658, 30.28756067039697, 163.50086781103164],
       [-97.73571180386462, 30.28757892151823, 168.47790309228003],
       [-97.73575172370963, 30.28751562088650, 157.72723361756653],
       [-97.73576811186172, 30.28750262283737, 176.57826704997569],
       [-97.73573299905895, 30.28753989873704, 177.77943113166839],
       [-97.73572618700250, 30.28754095451504, 171.31265991739929],
       [-97.73573549584873, 30.28755284120021, 165.49699106439948],
       [-97.73574294539972, 30.28753363669725, 158.07851795293391],
       [-97.73575511388430, 30.28754173348413, 160.02842086553574],
       [-97.73575537469230, 30.28753365336259, 164.09754417743534],
       [-97.73571048607874, 30.28755196644864, 170.20929972641170],
       [-97.73570009194557, 30.28754846363844, 173.87044094596058],
       [-97.73571200203251, 30.28757748987026, 169.59031032677740],
       [-97.73569887013983, 30.28757099586998, 159.59959107264876],
       [-97.73571987267557, 30.28755934566530, 162.05545203201473],
       [-97.73573293249851, 30.28755897148708, 169.15529606770724],
       [-97.73575910787106, 30.28753987563295, 174.67647849954665],
       [-97.73578579544917, 30.28751559872579, 168.42817984614521],
       [-97.73578702357499, 30.28756071138641, 173.30628269631416],
       [-97.73573617787827, 30.28754426482633, 167.02223016414791],
       [-97.73571079052923, 30.28756447599945, 169.64615930244327],
       [-97.73570011208226, 30.28758450154472, 175.47218257468194],
       [-97.73570647062503, 30.28755778685041, 170.69987231865525],
       [-97.73576669892526, 30.28753460682985, 168.19677987601608],
       [-97.73575245999238, 30.28753501856260, 167.07953292317688],
       [-97.73574306711288, 30.28755749028974, 165.03421620000154],
       [-97.73574503311153, 30.28754238253320, 162.62918448820710],
       [-97.73572477137110, 30.28756237403259, 167.90753673855215],
       [-97.73571923015979, 30.28756953900480, 159.53126604855061],
       [-97.73574119277309, 30.28751745856193, 162.80581029504538],
       [-97.73575338694097, 30.28751375916727, 155.88757940474898],
       [-97.73575746635440, 30.28751354230420, 149.94768489338458],
       [-97.73571163853747, 30.28752405963643, 163.67086974810809],
       [-97.73576507314819, 30.28757010696552, 165.09324583597481],
       [-97.73574204861301, 30.28755374323742, 165.68044282775372],
       [-97.73574510927935, 30.28753530374552, 169.52800627332181],
       [-97.73570910909825, 30.28754342778935, 175.55107399914414],
       [-97.73572923547783, 30.28754528253583, 167.82392525766045],
       [-97.73567628220134, 30.28754586705595, 159.33454325329512],
       [-97.73570427880901, 30.28754298725171, 171.60749057494104],
       [-97.73573587131416, 30.28756749594134, 163.33125567156821],
       [-97.73572925934278, 30.28759933556805, 162.23864918015897],
       [-97.73572027686663, 30.28756841144124, 160.42095926403999],
       [-97.73573010566238, 30.28755771976974, 167.54570409096777],
       [-97.73573860252139, 30.28753294456620, 169.65015349071473],
       [-97.73568668373882, 30.28758273524380, 175.97827993426472],
       [-97.73572835319732, 30.28754778821177, 166.07154346629977],
       [-97.73578213002841, 30.28748945993938, 148.97905317600816],
       [-97.73577027663174, 30.28751311947241, 155.47430765908211],
       [-97.73572545593674, 30.28753660037983, 166.50899340212345],
       [-97.73572008176951, 30.28753733558662, 170.21795972995460],
       [-97.73569635443019, 30.28752473769711, 167.53304852824658],
       [-97.73571569726366, 30.28754502449664, 171.50640337262303],
       [-97.73575720730231, 30.28754610953485, 165.26478395983577],
       [-97.73577849315176, 30.28752191863873, 159.78367646969855],
       [-97.73573178415494, 30.28756409819546, 167.38964882306755],
       [-97.73576087898846, 30.28751518955136, 146.86467143148184],
       [-97.73574583060550, 30.28748337074990, 143.86431344226003],
       [-97.73567084449812, 30.28758859268025, 164.85912674479187],
       [-97.73566347466647, 30.28759470154998, 154.91381846647710],
       [-97.73571037488806, 30.28757060124412, 148.82821206469089],
       [-97.73573949501196, 30.28756386400745, 150.65785296075046],
       [-97.73572564182597, 30.28752706889820, 159.39823866169900],
       [-97.73572507249777, 30.28754803292585, 170.89309483207762],
       [-97.73574895011745, 30.28754786970528, 163.72743767593056],
       [-97.73576203280415, 30.28753885678604, 162.57651320565492],
       [-97.73568973067775, 30.28754010863865, 167.75072697550058],
       [-97.73573508651913, 30.28756912648445, 163.43394285533577],
       [-97.73574952914623, 30.28756455164226, 163.47967727016658],
       [-97.73572613955608, 30.28758212782150, 157.34958026744425],
       [-97.73575614579319, 30.28757955518845, 153.42739261873066],
       [-97.73580226005654, 30.28754233692127, 141.97229367215186],
       [-97.73576617502805, 30.28756565959343, 152.54018420167267],
       [-97.73569812850494, 30.28754828758883, 160.59710451215506],
       [-97.73574314050268, 30.28754652753331, 158.53215890657157],
       [-97.73575668775699, 30.28755157793753, 156.14516550768167],
       [-97.73570280229524, 30.28753937107306, 163.05721593741328],
       [-97.73568155580706, 30.28754098788415, 169.93376792687923],
       [-97.73569420685330, 30.28752211005506, 170.10578558407724],
       [-97.73572760449638, 30.28755832087186, 172.98536197282374],
       [-97.73573881809676, 30.28756137303230, 175.61701050307602],
       [-97.73575786992974, 30.28757345424555, 165.12395798787475],
       [-97.73570982395707, 30.28760639845138, 168.61409033089876],
       [-97.73566626514901, 30.28759821134199, 166.92167957965285],
       [-97.73569341179760, 30.28758854458170, 164.71194584295154],
       [-97.73569838959338, 30.28755166087977, 157.04039318673313],
       [-97.73568945165569, 30.28757133656591, 150.57181621808559],
       [-97.73571845171099, 30.28757221893370, 148.90399008244276],
       [-97.73571723469023, 30.28756404703945, 162.63893165532500],
       [-97.73572440125164, 30.28759638262365, 174.29707907605916],
       [-97.73571664083701, 30.28760659161514, 175.82045926060528],
       [-97.73567874310662, 30.28759223369652, 167.90297418646514],
       [-97.73575243697607, 30.28756498014939, 163.33689109329134],
       [-97.73572356082859, 30.28757096288575, 171.39922229945660],
       [-97.73567900389965, 30.28758409336977, 161.30751487053931],
       [-97.73567250727854, 30.28756420411911, 156.12144838087261],
       [-97.73569674783786, 30.28755564347569, 149.03167869336903],
       [-97.73568396519543, 30.28755236906471, 144.01787351816893],
       [-97.73571608152470, 30.28756534778170, 149.00209126435220],
       [-97.73573130723442, 30.28756532790598, 157.25553764309734],
       [-97.73574082091297, 30.28754230374284, 155.27827367279679],
       [-97.73574648127502, 30.28752250076223, 155.94596380088478],
       [-97.73572842522132, 30.28755310377962, 163.69685236923397],
       [-97.73570916775181, 30.28751622865966, 163.60294430982322],
       [-97.73573852057083, 30.28752529174513, 156.35401208419353],
       [-97.73570311519320, 30.28754119393717, 170.69590347725898],
       [-97.73573431432430, 30.28751542025110, 171.37345097865909],
       [-97.73575840174583, 30.28747326281302, 159.96392866130918],
       [-97.73575659219595, 30.28748283353429, 156.33463624864817],
       [-97.73569719959644, 30.28751222210593, 157.10371739324182],
       [-97.73569010277485, 30.28753834195148, 156.62687380891293],
       [-97.73574423650325, 30.28754035881337, 148.47783130872995],
       [-97.73573278427281, 30.28750890139179, 143.77746019978076],
       [-97.73570278349887, 30.28753482000489, 146.77935030870140],
       [-97.73568926049545, 30.28754078403820, 156.79181281942874],
       [-97.73571702587945, 30.28756081632353, 158.77095931116492],
       [-97.73572371842440, 30.28755925369231, 159.36607588920742],
       [-97.73572171407658, 30.28751660625403, 151.35794020444155],
       [-97.73573690244966, 30.28751879602019, 150.39709636382759],
       [-97.73575245010505, 30.28750495890248, 150.00089337863028],
       [-97.73572568443159, 30.28750446986626, 159.04845488164574],
       [-97.73568513809180, 30.28751971541757, 157.75638090260327],
       [-97.73568397374865, 30.28750442927480, 168.96132133062929],
       [-97.73567881350723, 30.28750549255890, 158.95361142884940],
       [-97.73570298064912, 30.28752398979949, 161.85242241248488],
       [-97.73570996320552, 30.28750063082432, 167.53784569445997],
       [-97.73575146005082, 30.28745916538020, 151.32967390492558],
       [-97.73577396110079, 30.28745969904803, 146.45677113998681],
       [-97.73577355683251, 30.28751100165017, 154.09698032122105],
       [-97.73570614063985, 30.28750230405725, 153.53699588216841],
       [-97.73568411543489, 30.28752531621807, 154.45999418664724],
       [-97.73569222221174, 30.28754021190671, 150.94435163587332],
       [-97.73568507759596, 30.28751279794446, 148.79303555283695],
       [-97.73572936874797, 30.28746861154075, 151.47488133795559],
       [-97.73571954263480, 30.28748880786017, 157.14664062112570],
       [-97.73575616583445, 30.28746343521543, 152.90377598349005],
       [-97.73575218755033, 30.28746669271164, 157.80205618496984],
       [-97.73576633658273, 30.28750302660703, 149.20639631524682],
       [-97.73572043774537, 30.28752911421289, 164.37609263695776],
       [-97.73571298573094, 30.28749493128112, 164.63156187441200],
       [-97.73565952557884, 30.28752316974360, 156.08861567080021],
       [-97.73569933342903, 30.28750710087180, 148.77006004936993],
       [-97.73570146344566, 30.28752280215369, 156.95295684132725],
       [-97.73565086550987, 30.28755040249813, 171.21841451060027],
       [-97.73565495187860, 30.28753991333598, 158.42592745739967],
       [-97.73565523815931, 30.28753302481358, 150.57025309838355],
       [-97.73570483326387, 30.28747599634222, 161.06633295584470],
       [-97.73573858450401, 30.28750434760457, 166.15170193836093],
       [-97.73576320922656, 30.28752858025060, 167.43864196166396],
       [-97.73574265671211, 30.28748403707954, 164.65262433327734],
       [-97.73573197401404, 30.28748594675698, 164.14429754111916],
       [-97.73574783875904, 30.28750500033985, 156.71015657763928],
       [-97.73571349472671, 30.28750331080975, 161.44479236658663],
       [-97.73569127012087, 30.28750147088211, 162.84132759645581],
       [-97.73570110772083, 30.28751490001123, 160.05073655769229],
       [-97.73569380418340, 30.28755285976355, 142.96270730998367],
       [-97.73573231432898, 30.28751237330660, 149.24763928912580],
       [-97.73571902100274, 30.28747707253697, 141.58351344987750],
       [-97.73572991387999, 30.28749604579911, 149.69573204498738],
       [-97.73575463933946, 30.28751317272702, 153.43117841053754],
       [-97.73575104834515, 30.28753225105043, 153.89264512434602],
       [-97.73570969159533, 30.28750965303761, 160.05074124503881],
       [-97.73566074900839, 30.28748972090109, 166.94845276512206],
       [-97.73567595422358, 30.28746674399008, 179.23117474187165],
       [-97.73570694131533, 30.28746672801324, 179.17003329750150],
       [-97.73571067841459, 30.28749170534288, 169.53406555298716],
       [-97.73577013858245, 30.28751556561357, 156.26103959977627],
       [-97.73576635697954, 30.28749268702822, 163.37485486082733],
       [-97.73575930478481, 30.28750655527952, 158.25270305294544],
       [-97.73573949540604, 30.28752084604205, 156.90713078249246],
       [-97.73573466167696, 30.28750263414283, 159.64723383914679],
       [-97.73575370213298, 30.28745343294113, 149.40068615786731],
       [-97.73568944026906, 30.28751690285800, 170.00509128253907],
       [-97.73568394785478, 30.28750473372240, 167.81629388220608],
       [-97.73577080251755, 30.28749824470925, 169.94013361725956],
       [-97.73578008637968, 30.28751543963585, 159.73272567801178],
       [-97.73574472456907, 30.28751433530086, 162.69207616522908],
       [-97.73574000174935, 30.28748961469441, 166.10425903368741],
       [-97.73574078068751, 30.28745928223247, 159.03976590186357],
       [-97.73574497824232, 30.28747563454901, 154.00880995672196],
       [-97.73574211385440, 30.28747076779672, 151.34394421614707],
       [-97.73571634183781, 30.28747863526868, 160.00841150619090],
       [-97.73571972235787, 30.28748639253518, 167.12763299234211],
       [-97.73571519005296, 30.28749732129359, 156.01153201516718],
       [-97.73572092718103, 30.28745725739001, 150.12717443332076],
       [-97.73573863436602, 30.28748226106675, 144.36876457929611],
       [-97.73579221639734, 30.28746478100219, 144.47869066800922],
       [-97.73578068972542, 30.28748261814351, 140.43537975847721],
       [-97.73578804860186, 30.28746719246101, 150.06602391600609],
       [-97.73573745602322, 30.28749335969598, 159.24353746138513],
       [-97.73571790516831, 30.28749659244918, 163.85295973345637],
       [-97.73574219433196, 30.28743969900452, 164.30929142981768],
       [-97.73572109616947, 30.28743257008532, 167.09957912657410],
       [-97.73570278817104, 30.28745634686896, 166.65568344388157],
       [-97.73576015955962, 30.28746215585327, 164.47143171634525],
       [-97.73575047958741, 30.28748092128815, 162.52418620698154],
       [-97.73572266445741, 30.28748552845621, 155.93769221659750],
       [-97.73574909303927, 30.28746382884292, 166.99493892583996],
       [-97.73579318031678, 30.28747892224928, 159.49631530046463],
       [-97.73581582456299, 30.28747875806017, 155.91663372423500],
       [-97.73578331265814, 30.28746586446272, 155.27396737225354],
       [-97.73578754094682, 30.28746511426868, 151.34632420539856],
       [-97.73576266144757, 30.28749926362590, 144.35755681898445],
       [-97.73576008916102, 30.28748063750026, 142.89359256811440],
       [-97.73577843786558, 30.28748301838818, 149.31817085761577],
       [-97.73575832601259, 30.28748827763122, 159.86232215818018],
       [-97.73570990403763, 30.28748154738444, 165.68036944419146],
       [-97.73575533625728, 30.28746183476546, 156.90834446530789],
       [-97.73577383055725, 30.28747899176890, 159.98753148689866],
       [-97.73575819891161, 30.28750516805534, 156.44203084707260],
       [-97.73574677385469, 30.28748335112876, 158.84411903470755],
       [-97.73578487286269, 30.28750375522415, 151.41356056928635],
       [-97.73576697928959, 30.28749375685612, 145.00301530957222],
       [-97.73572931691152, 30.28753106388475, 149.16680540610105],
       [-97.73577132223731, 30.28752315187906, 151.55871851835400],
       [-97.73577961225396, 30.28748574266889, 144.32654418982565],
       [-97.73571885731683, 30.28746597723273, 148.65469093061984],
       [-97.73570612522953, 30.28745765530393, 165.89069115277380],
       [-97.73571881640243, 30.28747199888652, 159.93797788769007],
       [-97.73573207122355, 30.28749493602382, 161.47655776422471],
       [-97.73577771536303, 30.28750158987705, 166.24316397402436],
       [-97.73574504690875, 30.28750162525065, 176.32337608747184],
       [-97.73576787401527, 30.28753670026481, 167.64675254281610],
       [-97.73576567009225, 30.28751730985621, 163.97095082513988],
       [-97.73573467502713, 30.28749363964884, 166.11759478598833],
       [-97.73575906662754, 30.28749001239776, 162.44298317562789],
       [-97.73575686969369, 30.28750551266828, 152.86996032856405],
       [-97.73573936290913, 30.28752599492970, 150.19572476949543],
       [-97.73577459179782, 30.28748038571927, 159.41729027405381],
       [-97.73572559104159, 30.28750377594638, 158.84657259285450],
       [-97.73572509644306, 30.28753242901453, 175.82938835211098],
       [-97.73574556933541, 30.28752891366365, 184.08211690653116],
       [-97.73581320731094, 30.28745705194468, 173.66971473302692],
       [-97.73574806061720, 30.28751906514577, 171.01030316762626],
       [-97.73571420721839, 30.28752110430522, 162.01537575665861],
       [-97.73576805216859, 30.28748263908556, 153.31655385531485],
       [-97.73574857029803, 30.28749031962731, 168.84587289299816],
       [-97.73575293351331, 30.28747940600700, 162.07361918967217],
       [-97.73573870231317, 30.28748901307121, 151.00152371637523],
       [-97.73573371280195, 30.28750649524640, 165.02258507534862],
       [-97.73576131578155, 30.28751982849913, 161.04899978730828],
       [-97.73576363195174, 30.28754640901992, 158.86744027864188],
       [-97.73575659516619, 30.28757114010302, 150.41091954894364],
       [-97.73576455983176, 30.28752288882525, 154.61316824983805],
       [-97.73577316808721, 30.28754408067964, 166.48127132281661],
       [-97.73579839739857, 30.28751772832022, 169.30355019029230],
       [-97.73576243509511, 30.28748972054660, 175.04237744025886],
       [-97.73578710866845, 30.28747077055017, 161.05909213889390],
       [-97.73580324522916, 30.28748286659852, 152.51920439489186],
       [-97.73579496103568, 30.28747391384127, 169.53690417669713],
       [-97.73577021430229, 30.28748455561126, 159.89525810908526],
       [-97.73574249882159, 30.28754496659859, 172.34503896348178],
       [-97.73578577871241, 30.28754233158245, 165.25765023659915],
       [-97.73579218583814, 30.28751965528811, 167.78180143516511],
       [-97.73580939900347, 30.28749022457890, 163.97540667001158],
       [-97.73576696759496, 30.28748807483010, 166.39465155825019],
       [-97.73576425773449, 30.28748875202933, 166.42239161673933],
       [-97.73574086901159, 30.28748724973802, 168.84569740109146],
       [-97.73573557772565, 30.28751675745637, 174.81308366730809],
       [-97.73570620202054, 30.28749278293937, 178.09942451119423],
       [-97.73574045365588, 30.28746856147924, 158.16929801460356],
       [-97.73574083313942, 30.28750991425063, 157.94541015569121],
       [-97.73575426263612, 30.28749514152220, 168.85500282887369],
       [-97.73577228091079, 30.28749463860578, 172.56745626777411],
       [-97.73576669008516, 30.28749400567472, 171.31832003779709],
       [-97.73577672560369, 30.28750983459811, 170.14096258673817],
       [-97.73577790281004, 30.28749367793919, 165.28265494294465],
       [-97.73575635846214, 30.28750653637015, 170.87401949800551],
       [-97.73569031675342, 30.28752494744033, 181.93372667580843],
       [-97.73569245613629, 30.28754514384076, 167.73809996526688],
       [-97.73570278074871, 30.28750971475703, 174.76772846002132],
       [-97.73572914770169, 30.28750107348745, 173.38972122501582],
       [-97.73575522268347, 30.28749445722163, 172.42054940853268],
       [-97.73574341661434, 30.28749107094088, 175.23778414353728],
       [-97.73575662069246, 30.28749815156550, 167.05332405958325],
       [-97.73575795484849, 30.28754071530452, 167.35735539067537],
       [-97.73577568760749, 30.28750583535262, 158.65493737440556],
       [-97.73577242453383, 30.28753110428214, 163.11246399860829],
       [-97.73571984130560, 30.28756656160034, 175.15684622991830],
       [-97.73574024661046, 30.28751525811582, 177.31247064843774],
       [-97.73571075188262, 30.28752972035514, 177.11515857279301],
       [-97.73575543280850, 30.28751378610493, 174.30446923244745],
       [-97.73574369069176, 30.28750080295142, 175.49819857999682],
       [-97.73575341823691, 30.28750428732678, 167.60484667960554],
       [-97.73576416943291, 30.28746670885242, 169.55401018075645],
       [-97.73576044496015, 30.28748398068977, 176.28386393934488],
       [-97.73572848451006, 30.28750638740437, 164.45892879460007],
       [-97.73574092381062, 30.28749335087095, 149.81715183611959],
       [-97.73572528948935, 30.28752120560345, 162.56633951235563],
       [-97.73571829207570, 30.28756509169436, 169.02010581362993],
       [-97.73573104358215, 30.28755141655160, 171.58983696345240],
       [-97.73569391715367, 30.28757560166084, 171.04447362571955],
       [-97.73568011684938, 30.28757611078761, 164.05926418863237],
       [-97.73567358253975, 30.28755247277550, 175.60636786837131],
       [-97.73570006881850, 30.28746368040323, 175.14263896085322],
       [-97.73578297503953, 30.28745571535392, 171.21642854902893],
       [-97.73572480251303, 30.28752037926751, 180.55454801116139],
       [-97.73572107006152, 30.28757250299272, 186.93000924773514],
       [-97.73572972669130, 30.28756015414709, 180.41180511377752],
       [-97.73576859851696, 30.28753640138396, 178.92089854180813],
       [-97.73579186030132, 30.28750469420829, 170.57625135872513],
       [-97.73575639651206, 30.28752447018354, 168.52868816256523],
       [-97.73575845283180, 30.28752574329355, 166.91234739590436],
       [-97.73574154991492, 30.28748969053053, 165.73604429513216],
       [-97.73571464358849, 30.28749497071895, 155.39640905708075],
       [-97.73570853704022, 30.28752784157807, 161.57905164267868],
       [-97.73575125979414, 30.28753135484094, 169.53063151240349],
       [-97.73575327233803, 30.28752881802685, 156.34789190441370],
       [-97.73577627665425, 30.28754147698546, 170.47605531010777],
       [-97.73575923862897, 30.28754260977648, 185.07942325808108],
       [-97.73578353987303, 30.28754793575904, 178.62973044719547],
       [-97.73573224457687, 30.28752120844156, 174.30454843211919],
       [-97.73574206789947, 30.28746934502964, 168.25257419887930],
       [-97.73569196163044, 30.28751588836452, 167.99832827970386],
       [-97.73573456445048, 30.28750204245155, 176.17720567714423],
       [-97.73573444596147, 30.28752760248105, 174.45309272129089],
       [-97.73570559804482, 30.28755103813785, 175.55106870271266],
       [-97.73572135547634, 30.28753947935109, 172.61021784041077],
       [-97.73572895589022, 30.28755831532406, 173.93867092300206],
       [-97.73573545305049, 30.28759061635215, 169.02029086742550],
       [-97.73574522107285, 30.28753452663798, 156.92100171092898],
       [-97.73572115808584, 30.28753325534811, 159.93606232013553],
       [-97.73569649992842, 30.28753511421973, 155.86270277481526],
       [-97.73573051336729, 30.28753915720446, 166.93160550482571],
       [-97.73568018394242, 30.28757399964803, 173.58997640945017],
       [-97.73563873971331, 30.28756520011963, 183.76675729546696],
       [-97.73566142474965, 30.28755558535178, 183.11330143827945],
       [-97.73571263536058, 30.28760262677313, 171.49981934018433],
       [-97.73574202426522, 30.28757004228873, 173.88418569881469],
       [-97.73570853344197, 30.28754565476611, 171.60514206625521],
       [-97.73566403196327, 30.28756642719339, 175.24021940492094],
       [-97.73571261206608, 30.28756720665267, 177.92981956526637],
       [-97.73572889480985, 30.28755089722349, 172.53832102380693],
       [-97.73569547581808, 30.28755042004179, 169.75010073650628],
       [-97.73567717967801, 30.28754922286758, 169.05910078249872],
       [-97.73567766516476, 30.28757325967609, 170.15190017223358],
       [-97.73568216784790, 30.28762770604069, 173.21729199215770],
       [-97.73568417130062, 30.28756179370981, 177.60259534977376],
       [-97.73570345295710, 30.28757969249558, 174.14557224325836],
       [-97.73571870251962, 30.28756226164159, 170.66642542369664],
       [-97.73575659628756, 30.28757293032073, 164.02993060275912],
       [-97.73571924595979, 30.28757859388153, 176.31032821722329],
       [-97.73571922232178, 30.28757785425289, 174.19116806611419],
       [-97.73575160813760, 30.28754559149947, 170.72219609934837],
       [-97.73575303885086, 30.28753715452987, 162.86165476217866],
       [-97.73567215413159, 30.28757381930356, 177.53812671266496],
       [-97.73567445731517, 30.28759573201712, 178.63506630714983],
       [-97.73566229471582, 30.28759226509953, 176.98794760555029],
       [-97.73567918334797, 30.28759960291211, 172.52227090951055],
       [-97.73570302364669, 30.28757309562846, 173.09467038977891],
       [-97.73571828319355, 30.28758118488050, 181.42661501094699],
       [-97.73572821650920, 30.28757651915602, 169.21181573905051],
       [-97.73575573466961, 30.28757504086573, 170.99759813956916],
       [-97.73575329980109, 30.28758216607406, 162.32942250836641],
       [-97.73573514253826, 30.28754242210707, 167.50675052125007],
       [-97.73571016092966, 30.28753423990711, 174.32453802227974],
       [-97.73571345487152, 30.28757417629459, 171.84887123107910],
       [-97.73572066452749, 30.28753955314363, 164.79207576718181],
       [-97.73573342032576, 30.28757178254429, 171.13344395626336],
       [-97.73573512902573, 30.28753036906226, 179.81205892655998],
       [-97.73573094989491, 30.28749499162027, 173.74287379439920],
       [-97.73570628209420, 30.28755045048296, 174.92636361811310],
       [-97.73573679617630, 30.28754882368134, 168.03792444244027],
       [-97.73572691787376, 30.28752922021147, 178.20669563114643],
       [-97.73570827896224, 30.28753323647909, 176.40367083810270],
       [-97.73571504021295, 30.28750168011951, 182.06232961174101],
       [-97.73569825650678, 30.28752853491642, 169.51062639430165],
       [-97.73568519439713, 30.28756171774957, 167.57333417981863],
       [-97.73571106106563, 30.28756181595176, 172.59489262849092],
       [-97.73575350774021, 30.28752732774213, 168.49001310300082],
       [-97.73577409805415, 30.28752613474748, 169.00483361259103],
       [-97.73579040304308, 30.28752703961398, 184.79658475425094],
       [-97.73577766140116, 30.28751199412198, 174.46657488401979],
       [-97.73576749865714, 30.28748778701701, 168.61751822289079],
       [-97.73574189722561, 30.28750396418546, 175.37720914930105],
       [-97.73572125110213, 30.28754871254458, 183.31455530133098],
       [-97.73572026262761, 30.28753092709795, 175.08911575935781],
       [-97.73570166998232, 30.28752393781175, 173.25984003487974],
       [-97.73574087036549, 30.28751153175353, 176.69557920936495],
       [-97.73574684003655, 30.28751949848533, 177.61716926656663],
       [-97.73573739034070, 30.28753850216622, 170.44964043796062],
       [-97.73570611515969, 30.28758703445626, 170.97731311153620],
       [-97.73573878703228, 30.28755030373776, 165.78745654691011],
       [-97.73577211846269, 30.28754402890856, 179.99426022171974],
       [-97.73575558869787, 30.28750978564539, 178.21278128027916],
       [-97.73575887580235, 30.28748257997485, 181.37138199619949],
       [-97.73576872199810, 30.28746977969576, 173.15763546619564],
       [-97.73577388999705, 30.28746449226342, 166.60457108169794],
       [-97.73575485088223, 30.28745662188956, 180.42069797776639],
       [-97.73571758492164, 30.28755344107323, 185.00561755616218],
       [-97.73573660793014, 30.28751217686413, 176.20458918530494],
       [-97.73576301277207, 30.28748891252056, 172.66306146234274],
       [-97.73577127154154, 30.28752849252102, 179.49579746648669],
       [-97.73575032313624, 30.28750749314547, 177.46005299780518],
       [-97.73573084854762, 30.28751094893772, 169.12430119980127],
       [-97.73569925576959, 30.28753246333956, 160.76627823058516],
       [-97.73575809407487, 30.28749600344155, 167.74015256296843],
       [-97.73575997109580, 30.28750235521762, 181.14392887055874],
       [-97.73571482506921, 30.28753656610680, 174.26090130582452],
       [-97.73576018316064, 30.28751995041260, 183.07572639361024],
       [-97.73575071900565, 30.28750719546677, 186.62952117249370],
       [-97.73576383228900, 30.28751288461133, 175.87161507457495],
       [-97.73578667455271, 30.28748879291326, 162.60121398698539],
       [-97.73580390533162, 30.28745553016886, 169.96477820537984],
       [-97.73573980151193, 30.28751101916756, 177.30163410771638],
       [-97.73575098661577, 30.28748248107929, 175.44271430745721],
       [-97.73576939577869, 30.28750724168876, 163.24626382254064],
       [-97.73571262857779, 30.28752991845277, 158.82557467278093],
       [-97.73572237171487, 30.28752665632664, 171.92249773722142],
       [-97.73569386367011, 30.28751214521241, 176.18000736273825],
       [-97.73574126458354, 30.28747818779661, 172.91027195565403],
       [-97.73574820577961, 30.28751764242813, 176.12589725293219],
       [-97.73576904592717, 30.28749104686226, 164.34476434253156],
       [-97.73575318160395, 30.28750080667508, 166.99257942754775],
       [-97.73573288943355, 30.28755525916911, 165.29571903217584],
       [-97.73574954802817, 30.28753086543937, 170.03778034448624],
       [-97.73570158026097, 30.28751928974777, 182.15499232243747],
       [-97.73571133236592, 30.28750076677340, 167.59659982006997],
       [-97.73570576727919, 30.28751632566994, 172.11335377581418],
       [-97.73574612200179, 30.28749949300497, 163.38014867901802],
       [-97.73574022863075, 30.28750651323945, 158.69537075702101],
       [-97.73574411484670, 30.28752512591489, 159.74916491098702],
       [-97.73575924079955, 30.28751713469078, 171.23527737520635],
       [-97.73575272651134, 30.28749824489984, 176.34505058079958],
       [-97.73576282812260, 30.28748690863348, 174.08158097509295],
       [-97.73572717512917, 30.28751454268422, 167.84023193176836],
       [-97.73569591729940, 30.28751004981861, 165.60378817096353],
       [-97.73569193399319, 30.28752702171694, 182.02564358524978],
       [-97.73570245256136, 30.28751722052572, 173.08472936507314],
       [-97.73571762372070, 30.28752420131931, 173.64826475270092],
       [-97.73570747728340, 30.28754212490633, 170.61757887434214],
       [-97.73570625578631, 30.28753864497013, 177.78643194958568],
       [-97.73571449994195, 30.28752779608827, 173.38755279406905],
       [-97.73572924867419, 30.28753668115572, 173.46272028982639],
       [-97.73570879692949, 30.28751998504617, 155.98980266693980],
       [-97.73567267126386, 30.28751582156815, 165.37472993228585],
       [-97.73570740561107, 30.28751677575458, 167.63980414811522],
       [-97.73570985786019, 30.28754593732537, 168.52860475610942],
       [-97.73568476858743, 30.28755685536903, 171.06856982596219],
       [-97.73572451340429, 30.28755027387657, 159.90706072933972],
       [-97.73571713623664, 30.28751996100193, 162.57837782427669],
       [-97.73571773880003, 30.28750799452116, 169.23767030145973],
       [-97.73573372431285, 30.28748887820047, 155.88627525884658],
       [-97.73574328589383, 30.28753168094681, 164.53692026715726],
       [-97.73573363504480, 30.28754942820968, 163.21538072451949],
       [-97.73573589666526, 30.28753686313289, 158.07758195232600],
       [-97.73569700098980, 30.28755385536365, 170.09757415950298],
       [-97.73570041066266, 30.28761771661479, 167.74760249815881],
       [-97.73566218562148, 30.28759754115083, 172.11128675751388],
       [-97.73568611760854, 30.28755139938683, 163.54403581656516],
       [-97.73568733466054, 30.28753601733865, 162.95540505647659],
       [-97.73571806605936, 30.28752084667921, 172.91662826295942],
       [-97.73574410625432, 30.28748495808377, 167.09118548687547],
       [-97.73569116193067, 30.28751491787612, 176.14549704175442],
       [-97.73566348209741, 30.28752134935473, 178.23759690579027],
       [-97.73571556101271, 30.28750105349972, 175.60096452757716],
       [-97.73574709433252, 30.28747108420253, 174.86032962054014],
       [-97.73568011486081, 30.28750866558937, 164.01066863071173],
       [-97.73568286169903, 30.28756205148855, 165.09728465136141],
       [-97.73570585680112, 30.28754586543417, 165.74862726870924],
       [-97.73569218540587, 30.28756968626214, 163.73802156932652],
       [-97.73570489987409, 30.28754934533653, 155.16030932869762],
       [-97.73572744442838, 30.28755453712674, 159.04927810654044],
       [-97.73572738935178, 30.28753538586834, 162.41284337639809],
       [-97.73572920253244, 30.28752070473063, 172.26779028866440],
       [-97.73565193955110, 30.28757493318570, 172.12595444452018],
       [-97.73567438118320, 30.28754048760620, 183.67941798362881],
       [-97.73571051330519, 30.28748267695446, 169.16891304124147],
       [-97.73570892268454, 30.28750695859797, 168.45979825779796],
       [-97.73566558892526, 30.28753390143466, 171.69957810826600],
       [-97.73566233829251, 30.28754090250529, 171.81858314480633],
       [-97.73567817504944, 30.28754161943132, 166.26903567463160],
       [-97.73572311964125, 30.28754152463742, 164.16466650925577],
       [-97.73574673616062, 30.28752776056898, 166.61984650325030],
       [-97.73569221683168, 30.28753539670694, 165.62491255998611],
       [-97.73566757303564, 30.28754407902125, 160.21314133424312],
       [-97.73567320897818, 30.28753922405662, 166.52885283622891],
       [-97.73567530191686, 30.28753827921512, 155.79471861012280],
       [-97.73568170999123, 30.28749608913738, 169.46676550805569],
       [-97.73568334394258, 30.28749379352311, 164.67352564074099],
       [-97.73570786810821, 30.28750935083039, 171.88477941229939],
       [-97.73572522143920, 30.28753200686786, 173.20273629575968],
       [-97.73570699390869, 30.28757443865691, 171.22374377492815],
       [-97.73569805722889, 30.28756885439654, 173.90654038358480],
       [-97.73571107047256, 30.28752051821532, 163.34510817099363],
       [-97.73574803314722, 30.28750337317919, 161.82326211500913],
       [-97.73572298730984, 30.28753578102503, 180.64147379714996],
       [-97.73568074109215, 30.28753957195462, 183.26847523357719],
       [-97.73569687281392, 30.28749558194486, 179.17319212388247],
       [-97.73572622729870, 30.28750062355438, 182.20829123165458],
       [-97.73572005465957, 30.28749853091531, 177.00248154718429],
       [-97.73571062145648, 30.28752767238525, 172.41047654394060],
       [-97.73573267786051, 30.28748248652386, 154.64067348558456],
       [-97.73571218684141, 30.28754749817774, 163.59407088253647],
       [-97.73573944719469, 30.28750240558453, 162.77589151542634],
       [-97.73574221389639, 30.28749607084045, 160.13817190937698],
       [-97.73574697263858, 30.28748064731597, 161.32565789576620],
       [-97.73576657571930, 30.28749848064533, 166.96630775183439],
       [-97.73572883772590, 30.28750740975708, 172.54664681013674],
       [-97.73572871089262, 30.28754467764977, 171.95684111956507],
       [-97.73567973624421, 30.28749315115535, 168.53576535545290],
       [-97.73569644260404, 30.28751371845851, 169.71329257078469],
       [-97.73575105145133, 30.28752150350239, 169.58271610550582],
       [-97.73572977802263, 30.28748990836127, 173.23890624474734],
       [-97.73570418719852, 30.28752314357658, 168.91044850461185],
       [-97.73574830078040, 30.28752181510167, 163.02453988138586],
       [-97.73575029010159, 30.28749991071921, 160.35777128767222],
       [-97.73571648969052, 30.28753249738174, 156.54997331742197],
       [-97.73569731001471, 30.28750722123782, 158.08928129635751],
       [-97.73573368783677, 30.28748174665701, 163.34340628888458],
       [-97.73570530515974, 30.28751875477645, 165.78027380164713],
       [-97.73570332655571, 30.28750989330196, 170.79439457040280],
       [-97.73572260853989, 30.28751451507187, 177.26378884259611],
       [-97.73572011256763, 30.28750383793985, 174.40803980175406],
       [-97.73571175190514, 30.28754387232585, 170.43811301793903],
       [-97.73575821048424, 30.28750184369577, 169.96880230680108],
       [-97.73573225647684, 30.28753588069640, 177.49431169126183],
       [-97.73573966551203, 30.28755330037063, 170.19236387964338],
       [-97.73573137098275, 30.28747356366201, 155.77379585988820],
       [-97.73569711286271, 30.28747369829003, 166.96216626837850],
       [-97.73572799311735, 30.28750835680665, 173.55830550566316],
       [-97.73577093287896, 30.28750237963981, 166.98880958557129],
       [-97.73573288420971, 30.28749363711058, 167.99360934458673],
       [-97.73573293097171, 30.28751562714375, 162.39726942125708],
       [-97.73574027510742, 30.28751680435896, 160.51056765485555],
       [-97.73574490309285, 30.28752110401998, 168.09087003301829],
       [-97.73573724709904, 30.28755073756840, 166.56979618687183],
       [-97.73572015013086, 30.28751652753968, 165.06460829731077],
       [-97.73571049246620, 30.28756180008763, 166.45795202162117],
       [-97.73569054006160, 30.28760311136014, 173.11683837510645],
       [-97.73573560328849, 30.28757713430384, 169.96156182885170],
       [-97.73574431135850, 30.28752943942803, 169.07902592886239],
       [-97.73574060785216, 30.28751763098783, 178.14395691361278],
       [-97.73571150415528, 30.28751481498363, 173.53627103939652],
       [-97.73573439692430, 30.28754028642224, 166.75927231833339],
       [-97.73573646518545, 30.28756397038977, 169.40565004572272],
       [-97.73571535635017, 30.28758494248989, 161.61517691705376],
       [-97.73572620163772, 30.28756514038105, 164.70131122134626],
       [-97.73575202818860, 30.28754873040711, 158.91575833223760],
       [-97.73577235877981, 30.28751931497591, 153.45678340829909],
       [-97.73576596572660, 30.28751593812552, 155.50535209104419],
       [-97.73570941962818, 30.28755210175071, 162.29160144831985],
       [-97.73571375129228, 30.28756223502300, 173.08581872656941],
       [-97.73571206012402, 30.28755308176154, 172.00102552864701],
       [-97.73571683103690, 30.28754189512413, 168.48945237416774],
       [-97.73573390782789, 30.28756107763506, 172.28181734774262],
       [-97.73576284943584, 30.28754957791038, 175.51927916146815],
       [-97.73577565693131, 30.28753900678264, 169.43804599344730],
       [-97.73575378953542, 30.28753356881644, 171.61796600464731],
       [-97.73574271205706, 30.28753184353063, 163.63923614285886],
       [-97.73575608118674, 30.28753137264484, 159.05657357722521],
       [-97.73574771009572, 30.28753854331537, 153.85929779335856],
       [-97.73570506284889, 30.28754807945220, 159.20752831455320],
       [-97.73571334880913, 30.28756029805728, 173.53730274084955],
       [-97.73574483410459, 30.28747652364448, 168.69466596096754],
       [-97.73572424115071, 30.28756051291640, 184.58202710654587],
       [-97.73577033449816, 30.28751122512533, 166.49808689206839],
       [-97.73577193126421, 30.28748269389718, 162.52540880069137],
       [-97.73574334433677, 30.28752309581694, 165.88617778290063],
       [-97.73572274661691, 30.28755133237728, 163.54469950124621],
       [-97.73576339754329, 30.28756224170773, 172.13568263500929],
       [-97.73568601759800, 30.28754159084780, 173.32334425859153],
       [-97.73569278500609, 30.28749901622744, 162.09541032277048],
       [-97.73576795308396, 30.28753595860414, 161.05222404096276],
       [-97.73575855460683, 30.28750050985750, 155.66052255406976],
       [-97.73580475570058, 30.28749062160545, 157.31428913399577],
       [-97.73581584592418, 30.28753568566593, 153.65970463491976],
       [-97.73574624122799, 30.28755088525772, 163.06349702365696],
       [-97.73573245080705, 30.28750766273469, 169.98196403402835],
       [-97.73570785544783, 30.28755893142019, 175.15885062702000],
       [-97.73574885674437, 30.28756565422723, 175.68350398261100],
       [-97.73573864966798, 30.28752825028843, 159.51853073760867],
       [-97.73570083980938, 30.28754567355506, 170.74745296407491],
       [-97.73573792810362, 30.28748474823948, 158.01333153154701],
       [-97.73574576221034, 30.28750967098800, 158.06054208520800],
       [-97.73574266179081, 30.28753310136115, 163.06831640470773],
       [-97.73571083010701, 30.28753444227988, 160.45813827589154],
       [-97.73571031741278, 30.28750126021474, 159.89007122907788],
       [-97.73574326772011, 30.28752053583260, 176.24613404180855],
       [-97.73575763368622, 30.28752535972014, 165.34783975966275],
       [-97.73574332266527, 30.28750662504810, 171.61388195119798],
       [-97.73576479162689, 30.28751997483734, 173.18802261631936],
       [-97.73570765220801, 30.28754788842128, 180.79802539572120],
       [-97.73571558316479, 30.28752902816783, 182.17225984297693],
       [-97.73572130917938, 30.28752706500933, 170.60651656892151],
       [-97.73576549640859, 30.28752505591083, 160.54417768865824],
       [-97.73576778341601, 30.28752088591406, 164.75583525467664],
       [-97.73570641183075, 30.28756049656741, 177.76540317852050],
       [-97.73571903288855, 30.28749420986016, 166.67622930835932],
       [-97.73570296222456, 30.28754202727737, 158.40132994763553],
       [-97.73572897018617, 30.28756502564127, 164.76507376227528],
       [-97.73571677077244, 30.28750946403456, 164.74258554819971],
       [-97.73574633392465, 30.28748699747858, 162.64631197135895],
       [-97.73570619102297, 30.28750565656112, 173.47454704809934],
       [-97.73572476695249, 30.28748847296857, 170.67671746388078],
       [-97.73574107140210, 30.28745302651634, 165.27730090729892],
       [-97.73575434323749, 30.28747813403670, 170.85104800481349],
       [-97.73568342646649, 30.28751496854940, 166.82578505203128],
       [-97.73570903777062, 30.28749776397530, 165.57751778792590],
       [-97.73570724754207, 30.28747621594361, 170.50554698891938],
       [-97.73570302940344, 30.28752780746723, 175.92863774951547],
       [-97.73572593364342, 30.28749140630240, 158.24145112652332],
       [-97.73575349630207, 30.28747409974694, 158.42233897745609],
       [-97.73573686434356, 30.28752858046781, 165.94421720970422],
       [-97.73573025294795, 30.28751974867092, 170.19739494472742],
       [-97.73572882747784, 30.28747138370803, 174.93681679479778],
       [-97.73574126721662, 30.28746774894250, 172.21251047775149],
       [-97.73571045127305, 30.28746109026676, 175.15217571239918],
       [-97.73569180111095, 30.28750815015899, 172.77234257664531],
       [-97.73572314514574, 30.28751030924460, 165.88982102181762],
       [-97.73571770741097, 30.28750200677335, 164.12761776987463],
       [-97.73572211452826, 30.28751517820761, 163.88947479613125],
       [-97.73569593542325, 30.28756154942740, 161.15363878384233],
       [-97.73572966858454, 30.28751373168327, 151.43724669981748],
       [-97.73572969197620, 30.28746018512815, 159.81338645424694],
       [-97.73574668947441, 30.28744615044542, 160.15197683777660],
       [-97.73575850919147, 30.28746018540716, 161.27879456151277],
       [-97.73578698426596, 30.28749816355128, 160.24065547902137],
       [-97.73580878379209, 30.28746568257767, 143.38062833249569],
       [-97.73577289107529, 30.28747327225266, 155.97850962541997],
       [-97.73576520171865, 30.28747856984048, 149.70977440942079],
       [-97.73572791059307, 30.28750370012720, 162.01150371320546],
       [-97.73568254889264, 30.28754434786171, 163.99878024309874],
       [-97.73568799186717, 30.28752630011095, 168.88866611663252],
       [-97.73569115137109, 30.28754078139165, 171.00530312396586],
       [-97.73566328711493, 30.28756255956434, 171.50969228520989],
       [-97.73571248396027, 30.28750318240728, 173.26863186806440],
       [-97.73574611566188, 30.28749508522576, 177.56211138423532],
       [-97.73576856655832, 30.28747930827488, 177.31942023523152],
       [-97.73578546942259, 30.28744720449534, 166.31948396470398],
       [-97.73578465026887, 30.28749787664201, 163.50916461553425],
       [-97.73574072549479, 30.28749702709809, 166.92211293987930],
       [-97.73574077262796, 30.28748946446516, 170.42158013116568],
       [-97.73573824043009, 30.28750626290041, 162.03375260531902],
       [-97.73570916505705, 30.28749242144485, 162.64856959600002],
       [-97.73570690666722, 30.28753054054695, 163.36701552662998],
       [-97.73569502122078, 30.28753269386797, 171.06910831388086],
       [-97.73572419182324, 30.28749609580642, 171.68904823064804],
       [-97.73573596919951, 30.28752319200921, 156.20117440912873],
       [-97.73574832292950, 30.28752743949936, 155.80126694682986],
       [-97.73572906216286, 30.28748047230665, 164.48623648099601],
       [-97.73569514149480, 30.28751800742618, 179.74719676747918],
       [-97.73568747346449, 30.28753808282689, 184.16384481824934],
       [-97.73572053445965, 30.28754057084709, 180.59834980405867],
       [-97.73570181379257, 30.28750930941601, 167.06315889675170],
       [-97.73569032472683, 30.28750352353301, 163.32724997960031],
       [-97.73572500284379, 30.28751889235714, 164.68503536656499],
       [-97.73574730141593, 30.28751829375713, 158.15266466140747],
       [-97.73574686256779, 30.28753468544726, 157.28551574703306],
       [-97.73574352992212, 30.28751075749127, 156.66283719986677],
       [-97.73577477127222, 30.28748323278635, 156.59604998026043],
       [-97.73576824975527, 30.28749241167344, 166.12007404211909],
       [-97.73569628046064, 30.28752694941670, 173.88670729380101],
       [-97.73570057966809, 30.28752197009340, 170.30499564763159],
       [-97.73572622207772, 30.28748119164396, 166.53518139198422],
       [-97.73573539456069, 30.28746321811037, 168.04680048022419],
       [-97.73575898175257, 30.28746263780531, 169.03410302568227],
       [-97.73570577994387, 30.28748797407805, 163.95449234824628],
       [-97.73570218729988, 30.28750153243879, 166.96171610150486],
       [-97.73575976328499, 30.28748790244606, 157.70675613544881],
       [-97.73579507427898, 30.28752287398577, 158.99423560965806],
       [-97.73575874477285, 30.28750302272026, 152.01708427630365],
       [-97.73572341263116, 30.28752232285905, 148.55450509302318],
       [-97.73575389195105, 30.28749696104040, 157.30685591883957],
       [-97.73574857469120, 30.28747192110677, 158.26041931007057],
       [-97.73567021684411, 30.28752433442873, 168.67144286725670],
       [-97.73568043695352, 30.28751112777854, 166.29126820433885],
       [-97.73572703491449, 30.28750463327659, 153.50724341813475],
       [-97.73573736504470, 30.28749538975433, 156.25225375033915],
       [-97.73575925187117, 30.28749762764994, 165.50209418032318],
       [-97.73574370827401, 30.28750892140305, 162.06574597768486],
       [-97.73574702486104, 30.28750975354304, 166.49293705634773],
       [-97.73573192552314, 30.28752527713002, 172.20283211860806],
       [-97.73575521191364, 30.28749900245528, 161.39422603510320],
       [-97.73574859712119, 30.28748474205203, 166.68098143301904],
       [-97.73575331040075, 30.28750767288943, 170.32999978680164],
       [-97.73568848337617, 30.28751245496774, 154.52061824314296],
       [-97.73573038608541, 30.28746073499084, 145.26878110785037],
       [-97.73571057711443, 30.28749097582165, 153.20092846825719],
       [-97.73574373603614, 30.28749780882996, 148.52766474150121],
       [-97.73575560685646, 30.28750216129853, 158.63069195300341],
       [-97.73578623054136, 30.28750267487971, 158.69198844209313],
       [-97.73577588326910, 30.28749958865914, 162.28729949519038],
       [-97.73573919535049, 30.28748678505955, 164.83160169795156],
       [-97.73572260245547, 30.28749710108263, 170.12696053739637],
       [-97.73570706088576, 30.28746514350517, 161.40552405454218],
       [-97.73569238963188, 30.28750081767722, 172.05887726414949],
       [-97.73571217113204, 30.28753278305402, 178.06435375660658],
       [-97.73570308130952, 30.28750923845218, 169.17645217385143],
       [-97.73571605448349, 30.28751011182829, 154.88075937144458],
       [-97.73574809141864, 30.28751242143231, 150.66105952952057],
       [-97.73575322795091, 30.28749558413081, 145.98835619818419],
       [-97.73568045064827, 30.28752872844765, 154.06296689342707],
       [-97.73574143455855, 30.28749730480321, 158.90966016147286],
       [-97.73573284029818, 30.28750372927679, 157.59872701298445],
       [-97.73572284814708, 30.28751147163704, 164.66645438317209],
       [-97.73569890858201, 30.28751229436293, 179.13803232274950],
       [-97.73574051378790, 30.28750509302548, 165.88674397487193],
       [-97.73572721681603, 30.28750440832233, 167.20678576640785],
       [-97.73571553053502, 30.28750041137926, 154.67781808227301],
       [-97.73571970777972, 30.28752770818232, 152.94127914123237],
       [-97.73570967210870, 30.28751800298561, 145.65730027109385],
       [-97.73568851291765, 30.28753143241612, 151.81056951172650],
       [-97.73568539769482, 30.28755432420572, 164.96780080627650],
       [-97.73569439974040, 30.28750320069391, 165.92343822959810],
       [-97.73577005685533, 30.28754226666986, 165.86512253712863],
       [-97.73579504993806, 30.28751669486114, 157.48393130581826],
       [-97.73569845780271, 30.28751803067650, 161.28927478939295],
       [-97.73573867961314, 30.28751660231154, 175.54025199357420],
       [-97.73575375906911, 30.28751585341725, 164.69027164485306],
       [-97.73577178535288, 30.28749452453132, 151.58576587680727],
       [-97.73577508335656, 30.28748158513352, 171.56156860385090],
       [-97.73582087806210, 30.28746375338357, 168.97636975627393],
       [-97.73579771017830, 30.28749086834057, 170.59475762117654],
       [-97.73575355319672, 30.28750851119112, 173.02591310255229],
       [-97.73573294260535, 30.28750876368331, 168.96119351498783],
       [-97.73572266059296, 30.28751030019157, 163.15053697768599],
       [-97.73575207954208, 30.28752462484065, 160.66072368528694],
       [-97.73576807521469, 30.28750411076884, 163.48987122811377],
       [-97.73573342578744, 30.28751709815489, 166.72573256026953],
       [-97.73573418960869, 30.28754250676783, 156.28310583252460],
       [-97.73580262949631, 30.28748947718573, 160.06303426623344],
       [-97.73577355839201, 30.28748811308987, 164.89269191864878],
       [-97.73575911402878, 30.28749436053719, 160.05823691934347],
       [-97.73568071050460, 30.28746485330731, 172.20938571915030],
       [-97.73573238921257, 30.28744966000073, 171.04491267260164],
       [-97.73576176454793, 30.28746813016600, 159.31943088583648],
       [-97.73578266044973, 30.28745973139224, 158.58503812272102],
       [-97.73577331296460, 30.28748101153269, 163.32227867003530],
       [-97.73579169843791, 30.28747998285273, 166.60745646525174],
       [-97.73579334676691, 30.28747451069556, 158.46834292169660],
       [-97.73576284483967, 30.28751024519483, 159.89714159537107],
       [-97.73576046258523, 30.28748341625005, 159.86765216942877],
       [-97.73576727680158, 30.28747896684613, 162.75933652743697],
       [-97.73577591659907, 30.28747721148768, 165.40932763554156],
       [-97.73576030748313, 30.28747810424477, 166.26681892853230],
       [-97.73574110774447, 30.28748516349277, 169.61993890348822],
       [-97.73575680050641, 30.28750669829962, 169.22470880486071],
       [-97.73576393079207, 30.28749293351132, 159.97812518570572],
       [-97.73578289517087, 30.28745360802014, 164.96529246307909],
       [-97.73576462344640, 30.28746533231373, 160.14515833649784],
       [-97.73575837757048, 30.28748335559117, 160.91877776850015],
       [-97.73579114053928, 30.28747389484633, 169.35171233769506],
       [-97.73577517411732, 30.28748009180329, 171.50119833834469],
       [-97.73574532530118, 30.28748541795133, 162.11564731318504],
       [-97.73569656538162, 30.28747368509774, 159.14515902940184],
       [-97.73570925491755, 30.28748517314775, 153.58739178534597],
       [-97.73568908301020, 30.28747664353991, 158.96875270083547],
       [-97.73570384834748, 30.28750512499144, 169.59496912267059],
       [-97.73575249891134, 30.28748578951003, 169.69738909695297],
       [-97.73575114618072, 30.28749702136037, 171.30926533322781],
       [-97.73572012266948, 30.28753260123196, 163.98651840444654],
       [-97.73574459861554, 30.28750243885410, 156.56966871395707],
       [-97.73571631978419, 30.28751422474258, 170.05414711032063],
       [-97.73574545853612, 30.28751823039709, 178.15036560967565],
       [-97.73574275999829, 30.28745236369030, 169.16694164276123],
       [-97.73571050607981, 30.28749042018894, 163.57888620439917],
       [-97.73568409030936, 30.28747995517142, 170.48054067697376],
       [-97.73573322747953, 30.28746484009142, 163.95382149890065],
       [-97.73571953126988, 30.28748456540115, 166.92230956163257],
       [-97.73572412316712, 30.28750286813805, 166.75039206724614],
       [-97.73572263239684, 30.28747625892740, 165.91076108440757],
       [-97.73570282673903, 30.28748525912913, 165.01932581607252],
       [-97.73573206622885, 30.28744747333839, 162.11855781078339],
       [-97.73578043216946, 30.28742336325845, 171.73585414793342],
       [-97.73573125685371, 30.28745403251681, 174.90861334744841],
       [-97.73571509083277, 30.28743849348759, 180.70358874928206],
       [-97.73575288664102, 30.28746087935764, 174.08962677512318],
       [-97.73574408403000, 30.28746683297443, 171.88031226675957],
       [-97.73573555288257, 30.28746368059691, 174.93746039550751],
       [-97.73574344920166, 30.28747675941877, 166.14792949799448],
       [-97.73576210133024, 30.28745015174947, 161.72264029644430],
       [-97.73569953541946, 30.28750842873598, 168.28723759297282],
       [-97.73572855148541, 30.28750040231138, 166.36699461005628],
       [-97.73574668407070, 30.28747120398860, 179.71857137419283],
       [-97.73571252765289, 30.28748498810294, 174.05891493894160],
       [-97.73568107477648, 30.28751965712011, 188.38361277151853],
       [-97.73570154661549, 30.28748939342503, 190.72634046617895],
       [-97.73570315157266, 30.28750458657605, 181.97445800341666],
       [-97.73574770011940, 30.28748832855478, 180.22739129327238],
       [-97.73573458545569, 30.28752565825246, 180.35619767662138],
       [-97.73578178562131, 30.28749203435563, 171.24106479249895],
       [-97.73576802126288, 30.28749483069494, 180.11025338340551],
       [-97.73574998756844, 30.28747779426143, 174.35810548625886],
       [-97.73575994933788, 30.28747636430681, 162.82392715290189],
       [-97.73572705680452, 30.28751127650740, 170.96895229816437],
       [-97.73568078151999, 30.28751436591269, 189.32535851188004],
       [-97.73571800035522, 30.28748233639752, 178.01418748591095],
       [-97.73574325297471, 30.28749032710342, 176.74142690747976],
       [-97.73570356300061, 30.28752945438114, 180.68543943949044],
       [-97.73569005663687, 30.28753633276234, 181.21670710667968],
       [-97.73572228447492, 30.28753005888483, 185.27868884056807],
       [-97.73568904831990, 30.28751978902186, 181.11050919909030],
       [-97.73572871429336, 30.28747430061633, 180.24886051006615],
       [-97.73570744429381, 30.28748244354752, 167.75274178478867],
       [-97.73570777295144, 30.28752980541235, 168.89917679037899],
       [-97.73572378745406, 30.28756612736343, 178.35901235695928],
       [-97.73572167989225, 30.28752496334722, 160.56042367313057],
       [-97.73567413763143, 30.28750115722713, 168.34029898326844],
       [-97.73565890575733, 30.28753475048053, 171.02232150174677],
       [-97.73566056141046, 30.28755862439343, 178.98727896064520],
       [-97.73570702612184, 30.28754805922011, 176.38375676423311],
       [-97.73573625063945, 30.28755662720634, 168.66708868928254],
       [-97.73573520900351, 30.28755103454789, 155.96913362108171],
       [-97.73569956759783, 30.28754794910393, 159.36565628461540],
       [-97.73573097929761, 30.28751519078654, 175.77432706113905],
       [-97.73573669608081, 30.28753620579706, 175.82888804376125],
       [-97.73571382965156, 30.28756560643680, 170.45894264522940],
       [-97.73572947280064, 30.28754782216694, 172.95820476952940],
       [-97.73574086936436, 30.28757156012916, 167.81729216966778],
       [-97.73569932818482, 30.28755771255275, 169.40373067371547],
       [-97.73572686365439, 30.28753904519089, 163.93741326685995],
       [-97.73571814215882, 30.28755468286185, 165.49737417791039],
       [-97.73572904321257, 30.28751386085700, 167.60495277587324],
       [-97.73572833110734, 30.28752503564015, 170.53602263052016],
       [-97.73571498804375, 30.28756442998469, 170.48042610473931],
       [-97.73572041217363, 30.28754844863489, 168.04295645747334],
       [-97.73569263349118, 30.28758119605566, 175.80772733036429],
       [-97.73569909878447, 30.28752833833677, 177.81847422849387],
       [-97.73571709801561, 30.28751016476848, 172.90005375444889],
       [-97.73577045432542, 30.28752853327873, 174.29386925976723],
       [-97.73572910263397, 30.28755897805801, 169.42894212529063],
       [-97.73573623401039, 30.28754651359304, 161.95772534329444],
       [-97.73571915804932, 30.28751997015060, 159.64434677176178],
       [-97.73573407653748, 30.28750272778552, 166.43226343672723],
       [-97.73574877827015, 30.28751959976321, 154.53470530919731],
       [-97.73572140557121, 30.28755759115023, 162.76781721599400],
       [-97.73571659412579, 30.28752451854873, 155.32882039994001],
       [-97.73571526695690, 30.28752454371326, 155.02808922529221],
       [-97.73577117421507, 30.28750811696029, 163.95573907997459],
       [-97.73572999284858, 30.28755032025888, 168.96586860436946],
       [-97.73570156573805, 30.28757598728330, 174.21682437695563],
       [-97.73573532130511, 30.28754373706111, 152.99725552368909],
       [-97.73573224911222, 30.28754137188654, 156.93615425098687],
       [-97.73574941633412, 30.28750678528885, 171.72434954438359],
       [-97.73573798121973, 30.28751218696558, 167.91694302670658],
       [-97.73573647673562, 30.28755383169380, 159.30169872380793],
       [-97.73573165446831, 30.28751768998709, 152.24131876602769],
       [-97.73572064683012, 30.28755103613414, 159.90740366373211],
       [-97.73572830740410, 30.28751883127645, 164.08079600706697],
       [-97.73569385259999, 30.28751039726284, 170.54307125601918],
       [-97.73573813633870, 30.28754708695686, 163.53016832005233],
       [-97.73575416143598, 30.28754038087019, 165.13964629918337],
       [-97.73575043579372, 30.28751700424584, 164.62911676615477],
       [-97.73576252750382, 30.28749720113116, 164.62260309234262],
       [-97.73576222800328, 30.28746869257549, 160.00701958499849],
       [-97.73576998405188, 30.28750566724389, 166.53045084327459],
       [-97.73576599620588, 30.28750326583760, 170.99561167228967],
       [-97.73572712412732, 30.28749688642888, 176.31972151994705],
       [-97.73568600927489, 30.28752157183249, 171.20054777059704],
       [-97.73566283151065, 30.28749224294128, 161.48401187360287],
       [-97.73570838838874, 30.28753086537658, 166.57560515031219],
       [-97.73571781712307, 30.28751077302726, 155.81107785552740],
       [-97.73570737244575, 30.28750561816486, 157.17710668779910],
       [-97.73574686324298, 30.28747804069705, 158.74865569919348],
       [-97.73573840934610, 30.28745894404067, 170.19886528328061],
       [-97.73572644162411, 30.28750312255263, 168.01165598724037],
       [-97.73575718341746, 30.28748526614556, 145.41225961223245],
       [-97.73572605560932, 30.28750254479457, 158.44716750271618],
       [-97.73571993539566, 30.28747275313507, 163.35596547927707],
       [-97.73572400916268, 30.28747047101859, 164.32165428902954],
       [-97.73573292769532, 30.28748764917800, 158.79326399136335],
       [-97.73572848306807, 30.28749262281612, 156.61543125007302],
       [-97.73570024778427, 30.28750923424261, 166.81771748512983],
       [-97.73576480667880, 30.28751248872653, 150.10822977218777],
       [-97.73577904592474, 30.28746841496993, 143.59217627067119],
       [-97.73576733609927, 30.28746837048954, 146.77885266114026],
       [-97.73573686213210, 30.28749104845218, 151.71289334632456],
       [-97.73572829094542, 30.28756822014646, 156.21256652008742],
       [-97.73576494903995, 30.28750117948203, 151.79916233662516],
       [-97.73572947893389, 30.28749238541321, 154.23932631872594],
       [-97.73568728001743, 30.28750592689149, 168.63978983554989],
       [-97.73569324476698, 30.28752259992997, 168.46048142388463],
       [-97.73568694974985, 30.28753437541859, 172.59075229521841],
       [-97.73570958015016, 30.28750755991627, 156.21159585658461],
       [-97.73569394321876, 30.28751162921678, 159.26664282102138],
       [-97.73575042176813, 30.28751441200561, 151.26959356199950],
       [-97.73577078369023, 30.28750762297593, 140.94412275869399],
       [-97.73572061367278, 30.28754805418404, 155.22151310555637],
       [-97.73570440177697, 30.28754790230668, 160.58265571668744],
       [-97.73569038969478, 30.28752235895582, 163.01871569734067],
       [-97.73571535682076, 30.28752308497927, 167.90311562456191],
       [-97.73569267362694, 30.28754808249275, 164.46044456306845],
       [-97.73567252853151, 30.28753212077710, 160.11682062968612],
       [-97.73567439470887, 30.28752733543950, 173.59289382211864],
       [-97.73572148611736, 30.28753599034604, 167.74148083943874],
       [-97.73573015037928, 30.28754626970412, 163.24644847586751],
       [-97.73574797915509, 30.28751007435081, 165.08145210053772],
       [-97.73569494180327, 30.28751934537565, 174.00688637141138],
       [-97.73573178456168, 30.28749568510057, 165.61324468161911],
       [-97.73573263168205, 30.28748891866256, 159.11719101108611],
       [-97.73569073982942, 30.28752754487829, 167.98608569055796],
       [-97.73567283858380, 30.28753755838653, 163.07807761523873],
       [-97.73566853933056, 30.28750722450046, 158.59732540696859],
       [-97.73564103576697, 30.28753458567562, 159.19553858041763],
       [-97.73566468644356, 30.28752410092278, 155.92274507228285],
       [-97.73573642850567, 30.28750703563894, 149.23446130659431],
       [-97.73575457117030, 30.28752633079126, 158.53433178737760],
       [-97.73572668062101, 30.28754047422761, 167.19828244205564],
       [-97.73570045920565, 30.28756894523750, 173.27387300319970],
       [-97.73570894422085, 30.28752871611281, 169.74347642809153],
       [-97.73569767272998, 30.28754303073601, 179.83530988730490],
       [-97.73567046252498, 30.28753685752482, 178.39511721115559],
       [-97.73568266778973, 30.28750559020546, 167.16126133780926],
       [-97.73565576719542, 30.28754627778635, 171.63847437966615],
       [-97.73570946386872, 30.28754297345030, 164.55740287527442],
       [-97.73570974071312, 30.28753904080485, 169.21174103394151],
       [-97.73573708750325, 30.28753851407514, 152.04166060872376],
       [-97.73576080672234, 30.28751603814474, 155.47650794591755],
       [-97.73571564627819, 30.28755018902341, 157.86639039870352],
       [-97.73569020514692, 30.28755032160909, 164.15594532154500],
       [-97.73568711942497, 30.28753449270197, 166.09561429359019],
       [-97.73569522987322, 30.28754492169579, 177.63157939352095],
       [-97.73572923897900, 30.28750812889596, 172.68251850083470],
       [-97.73571307662166, 30.28749884890594, 168.42259297799319],
       [-97.73568973367105, 30.28754116793209, 172.04178674332798],
       [-97.73565343406027, 30.28756168876443, 176.65082240756601],
       [-97.73567336523743, 30.28755569553240, 172.50992244854569],
       [-97.73573172201074, 30.28749502990155, 158.73039684444666],
       [-97.73574952947695, 30.28751171971778, 153.11076797731221],
       [-97.73571578472189, 30.28750746626356, 165.11081537045538],
       [-97.73571549801382, 30.28752216331170, 172.31634296290576],
       [-97.73570123125732, 30.28751507052396, 172.13923372235149],
       [-97.73570048852714, 30.28758001544248, 186.55458220653236],
       [-97.73565944571351, 30.28756686572101, 185.79164634458721],
       [-97.73569133167514, 30.28754671514702, 173.31434153579175],
       [-97.73570990936847, 30.28754422056061, 177.36753002740443],
       [-97.73567506825938, 30.28756738945208, 172.34458321519196],
       [-97.73567505680087, 30.28757579978868, 175.97497590910643],
       [-97.73570634753483, 30.28754495701692, 169.20120973419398],
       [-97.73569390080864, 30.28757403945365, 172.05041439086199],
       [-97.73573554401101, 30.28755776541856, 172.27107659634203],
       [-97.73572373684205, 30.28752931005690, 169.88894068356603],
       [-97.73567396342285, 30.28752562990779, 170.93625510390848],
       [-97.73565660270442, 30.28756425618982, 193.41152547113597],
       [-97.73567461190667, 30.28756306639016, 183.83817811030895],
       [-97.73569039255253, 30.28751453097140, 168.53040043078363],
       [-97.73570091535392, 30.28748925518984, 172.81765575613827],
       [-97.73568356888687, 30.28750713313401, 166.43309290986508],
       [-97.73569562285321, 30.28754314108906, 176.81571341957897],
       [-97.73569728967047, 30.28757661938623, 169.22414909210056],
       [-97.73571080658554, 30.28756498167452, 172.94255327805877],
       [-97.73573623957799, 30.28750840621795, 158.84636726509780],
       [-97.73570499751646, 30.28753583256862, 175.17565818969160],
       [-97.73565994026842, 30.28756598167335, 180.42032711766660],
       [-97.73565559126801, 30.28757679642604, 171.34193526022136],
       [-97.73569775388036, 30.28756616683474, 169.25631935335696],
       [-97.73570667886877, 30.28752537665308, 172.52707698568702],
       [-97.73568721726683, 30.28752389884922, 176.56164113711566],
       [-97.73572377457602, 30.28755440385538, 174.89179393928498],
       [-97.73570977192654, 30.28757787202553, 180.92502206936479],
       [-97.73565365013515, 30.28756923873938, 183.83915861323476],
       [-97.73568591863561, 30.28755626352636, 179.52090136148036],
       [-97.73566825498708, 30.28756042861899, 169.53197984397411],
       [-97.73565822095269, 30.28753573926578, 179.00838790368289],
       [-97.73568791450205, 30.28752121578401, 181.67321622185409],
       [-97.73570626847152, 30.28751953582959, 181.57478577364236],
       [-97.73571180338105, 30.28753329915289, 168.94053998775780],
       [-97.73566043433431, 30.28752272475081, 163.66474794503301],
       [-97.73566560957474, 30.28751135807285, 166.68438313528895],
       [-97.73571733775415, 30.28753034607157, 168.40359267033637],
       [-97.73572490545519, 30.28757302850652, 176.62138920463622],
       [-97.73571235728036, 30.28756243138231, 179.71019343193620],
       [-97.73565954461824, 30.28753717335349, 188.05804987251759],
       [-97.73569952441308, 30.28750759449742, 167.28488447424024],
       [-97.73566339039255, 30.28752073725563, 159.87496283650398],
       [-97.73569568572039, 30.28757231809630, 155.54331088345498],
       [-97.73571201772013, 30.28762609256531, 148.42129841912538],
       [-97.73576950548798, 30.28756455501374, 154.56456490326673],
       [-97.73568815048669, 30.28756879510451, 158.78321237955242],
       [-97.73567340051927, 30.28759969577433, 171.07118792086840],
       [-97.73569710919689, 30.28756919397211, 169.60600626561791],
       [-97.73569569324607, 30.28758496132762, 167.65941783040762],
       [-97.73571606420623, 30.28753195251473, 176.39891516324133],
       [-97.73570543377733, 30.28754756374952, 185.85960657522082],
       [-97.73572470777961, 30.28754549361676, 173.31872391141951],
       [-97.73572834210148, 30.28754672327900, 168.28700763080269],
       [-97.73574894226488, 30.28754765187180, 163.79698436055332],
       [-97.73569236657065, 30.28754206318011, 157.08118253108114],
       [-97.73571722398728, 30.28753033718701, 162.52226508967578],
       [-97.73577453014599, 30.28754126745794, 158.45556741580367],
       [-97.73578255763660, 30.28758636854674, 158.55227003991604],
       [-97.73572040439031, 30.28752970837686, 157.50274339318275],
       [-97.73573243590549, 30.28752481440777, 154.89403101336211],
       [-97.73573902344535, 30.28747895501969, 150.77791353128850],
       [-97.73571398518999, 30.28751611807895, 167.24456180725247],
       [-97.73566914337138, 30.28757325155969, 179.05531141627580],
       [-97.73565869437445, 30.28758291652963, 180.61615999601781],
       [-97.73572622713164, 30.28757384422954, 181.49423833191395],
       [-97.73573576939204, 30.28753753545896, 177.16187326982617],
       [-97.73570626912398, 30.28753502046433, 178.42920582834631],
       [-97.73569856095615, 30.28753662816800, 164.00586425233632],
       [-97.73571024485297, 30.28756532089503, 153.15301305800676],
       [-97.73575015329494, 30.28749137831305, 147.24327827896923],
       [-97.73568840522506, 30.28754225862134, 155.82501400541514],
       [-97.73570260768444, 30.28753616662582, 147.95298042055219],
       [-97.73567402363601, 30.28757572987278, 153.21478920895606],
       [-97.73568947610894, 30.28755997149235, 166.74915473349392],
       [-97.73570978559859, 30.28756514392066, 174.65155299101025],
       [-97.73568752966692, 30.28756824770568, 168.73219474218786],
       [-97.73567264221613, 30.28755562818010, 163.69653361570090],
       [-97.73567843385665, 30.28754281293852, 161.25472405366600],
       [-97.73569532082692, 30.28756402452575, 171.74992203433067],
       [-97.73572563329674, 30.28753552534780, 177.45900298282504],
       [-97.73572854308247, 30.28753726244685, 167.75432959944010],
       [-97.73570115215470, 30.28753144586864, 162.45935471635312],
       [-97.73573248483527, 30.28751852836966, 156.68905948195606],
       [-97.73571204862121, 30.28758600985672, 165.46801028773189],
       [-97.73570200503963, 30.28760322784768, 162.55543720908463],
       [-97.73570672666736, 30.28757635359615, 155.78806618880481],
       [-97.73569776074631, 30.28752651009453, 163.43419635202736],
       [-97.73573663221485, 30.28752804186856, 157.08765839319676],
       [-97.73576201479986, 30.28749677797942, 159.50914551131427],
       [-97.73576022774655, 30.28748059454523, 166.54793664067984],
       [-97.73573365366398, 30.28750436420573, 169.27994902525097],
       [-97.73571811137295, 30.28753882673085, 161.16575647331774],
       [-97.73571522419074, 30.28756849251451, 154.99195761699229],
       [-97.73571658320819, 30.28757214993693, 152.55947339069098],
       [-97.73571717370059, 30.28754308526009, 158.70323697105050],
       [-97.73572945339743, 30.28753258589651, 161.50547845941037],
       [-97.73570699120219, 30.28752327347539, 154.42433555331081],
       [-97.73570022502088, 30.28753050038390, 158.12549560330808],
       [-97.73570159480767, 30.28752191221082, 159.92692396230996],
       [-97.73573245964823, 30.28751870184746, 153.73467035125941],
       [-97.73575679483230, 30.28750061497015, 155.61798372864723],
       [-97.73574291702732, 30.28749894875147, 160.97858118731529],
       [-97.73575533857384, 30.28754754835152, 159.16180703602731],
       [-97.73576206868022, 30.28756117163288, 151.66413577087224],
       [-97.73574825773343, 30.28756519819634, 156.77197502460331],
       [-97.73572264149732, 30.28755466771619, 158.63933191355318],
       [-97.73573572242250, 30.28754033920892, 163.60651371907443],
       [-97.73576441399833, 30.28751181241057, 160.88964457623661],
       [-97.73576094326066, 30.28748695755820, 158.78317396529019],
       [-97.73574275321134, 30.28751991777953, 160.24271115753800],
       [-97.73572246660002, 30.28757599226503, 172.03283117059618],
       [-97.73577872257950, 30.28757040222624, 159.22206890303642],
       [-97.73580233886449, 30.28753099179811, 147.19957625679672],
       [-97.73570753272460, 30.28757090487501, 157.91898057237267],
       [-97.73566529320216, 30.28760336898866, 163.35018310230225],
       [-97.73571131814241, 30.28759926002829, 156.76764837745577],
       [-97.73576244182919, 30.28759180623220, 165.41833852417767],
       [-97.73573601643139, 30.28757206698775, 169.08438778575510],
       [-97.73571673717851, 30.28750345452972, 169.28393784817308],
       [-97.73570719054955, 30.28756188059466, 160.53624012973160],
       [-97.73572581012027, 30.28758400439305, 165.22312337253243],
       [-97.73572979477709, 30.28754249684414, 164.04768167156726],
       [-97.73571856415386, 30.28753598385491, 158.00510241556913],
       [-97.73571810518304, 30.28753344213461, 154.54292563535273],
       [-97.73574019533136, 30.28752186600967, 153.11050474829972],
       [-97.73575951380812, 30.28753967740170, 159.87812654767185],
       [-97.73572037390450, 30.28758677602367, 162.88279613759369],
       [-97.73572750168826, 30.28757476655942, 164.21025189105421],
       [-97.73574735961481, 30.28754476810235, 160.97351482324302],
       [-97.73573505822475, 30.28755996552601, 159.72682704310864],
       [-97.73574605830443, 30.28752756524649, 164.41552100889385],
       [-97.73569336402637, 30.28753303385604, 165.91296616569161],
       [-97.73570867060833, 30.28756243797142, 175.42645328678191],
       [-97.73572768060608, 30.28750463645974, 168.66449743881822],
       [-97.73571209731142, 30.28750978998696, 171.15503917168826],
       [-97.73569379707178, 30.28755840164211, 171.55777756031603],
       [-97.73574898664319, 30.28755593004848, 169.88991716783494],
       [-97.73575334577907, 30.28760487711479, 165.71672494988889],
       [-97.73573734706878, 30.28759181888197, 156.66780392825603],
       [-97.73573284109209, 30.28748838685487, 145.74171309173107],
       [-97.73576259102923, 30.28749643398453, 144.01768769416958],
       [-97.73574153352428, 30.28754217718540, 153.58091716561466],
       [-97.73575035238353, 30.28755014552253, 159.59986170101911],
       [-97.73573520234143, 30.28752880317893, 153.46454245317727],
       [-97.73581344631374, 30.28750799339614, 149.99222449865192],
       [-97.73580316349010, 30.28751165379443, 156.15030834171921],
       [-97.73573512031422, 30.28752084263906, 163.08905976451933],
       [-97.73572836416180, 30.28756587756854, 158.89709138963372],
       [-97.73574681626856, 30.28755651839206, 152.28127204999328],
       [-97.73574492081767, 30.28752379073570, 152.17406295798719],
       [-97.73567275522798, 30.28757337464670, 159.03700232692063],
       [-97.73578892837899, 30.28746067448667, 141.92209567595273],
       [-97.73583808230293, 30.28747140728244, 154.38415040913969],
       [-97.73580754478427, 30.28752792250966, 158.15388238336891],
       [-97.73580874782655, 30.28753089544943, 156.66764509119093],
       [-97.73573642649447, 30.28753410000704, 157.07896272931248],
       [-97.73571125395878, 30.28754490203298, 158.16920370701700],
       [-97.73572908451089, 30.28748284743563, 156.70220315176994],
       [-97.73577953240014, 30.28750529226264, 159.70437417086214],
       [-97.73575010792803, 30.28753188234577, 147.71065777540207],
       [-97.73569025673295, 30.28756687570865, 163.22770982235670],
       [-97.73572288168333, 30.28753195923328, 167.06075747031718],
       [-97.73573288534898, 30.28749666597567, 165.82930205576122],
       [-97.73572694188000, 30.28755173973671, 159.73417586274445],
       [-97.73577682737915, 30.28752735985734, 159.15558951441199],
       [-97.73577536628967, 30.28751119104137, 152.95386742614210],
       [-97.73577355473196, 30.28751084736304, 158.01621589716524],
       [-97.73579140435982, 30.28749707479779, 156.70290355850011],
       [-97.73577201066988, 30.28752499100738, 168.39697400387377],
       [-97.73571530369507, 30.28750735288117, 174.94635260663927],
       [-97.73569012138186, 30.28755766227362, 172.54457412473857],
       [-97.73573917244245, 30.28752974298943, 158.19384023081511],
       [-97.73572984031227, 30.28752859137249, 149.68948106747121],
       [-97.73573786471471, 30.28750299907101, 152.08448752388358],
       [-97.73573065924496, 30.28754325789391, 165.67319078277797],
       [-97.73571705670300, 30.28748802558090, 160.25934837386012],
       [-97.73569761092196, 30.28751803706691, 158.82166511472315],
       [-97.73571099766626, 30.28755663350072, 173.90586409531534],
       [-97.73568604987624, 30.28756839638351, 177.35732886567712],
       [-97.73570832368149, 30.28746513771276, 169.32142241019756],
       [-97.73563129465684, 30.28753691868828, 169.64589553792030],
       [-97.73570887879207, 30.28748492809726, 156.82724065147340],
       [-97.73572755721105, 30.28752539458320, 157.25841305404902],
       [-97.73574969796987, 30.28753007743839, 160.43869608920068],
       [-97.73575125669812, 30.28750256811081, 159.48417750094086],
       [-97.73571576445872, 30.28751156490787, 159.61434493213892],
       [-97.73575274932206, 30.28752416797462, 154.13159267511219],
       [-97.73577214197070, 30.28748312222402, 157.59921886213124],
       [-97.73576796908658, 30.28750141123010, 157.52287608291954],
       [-97.73571038037902, 30.28753240949895, 174.98475085664541],
       [-97.73571704596438, 30.28750157288880, 172.74172757565975],
       [-97.73572620754244, 30.28752917035699, 171.68878751806915],
       [-97.73570849596638, 30.28750787756952, 174.97239456791431],
       [-97.73573555769890, 30.28754641476125, 164.48431763704866],
       [-97.73574321760428, 30.28756983247955, 168.49963775277138],
       [-97.73574601681361, 30.28756886693693, 162.97914903983474],
       [-97.73572552571979, 30.28755780344097, 165.84812036063522],
       [-97.73574147055569, 30.28754234800909, 150.79515630565584],
       [-97.73574955200255, 30.28751784029384, 152.90858213882893],
       [-97.73572516655982, 30.28751627509524, 153.05425877217203],
       [-97.73566556035124, 30.28752813561425, 171.22834264859557],
       [-97.73570861677096, 30.28751696873623, 169.91042092908174],
       [-97.73570965443112, 30.28755651616692, 173.87107417266816],
       [-97.73569166462522, 30.28755937370383, 183.73962782509625],
       [-97.73573681099315, 30.28750229104404, 173.40587734524161],
       [-97.73574368693711, 30.28749449001408, 162.97534538991749],
       [-97.73575265734335, 30.28750530946352, 164.32026577461511],
       [-97.73575297391432, 30.28751438827112, 162.17291812226176],
       [-97.73576650433341, 30.28748715039707, 151.08280579186976],
       [-97.73574178395025, 30.28752425097733, 157.75618014857173],
       [-97.73575193949048, 30.28753145476191, 156.53837986290455],
       [-97.73571416078889, 30.28755177580775, 165.27897726837546],
       [-97.73569328231920, 30.28756870519679, 173.57530494406819],
       [-97.73572260103352, 30.28751426159730, 168.24097413197160],
       [-97.73568060401510, 30.28754333871294, 181.03176718298346],
       [-97.73568467720119, 30.28754297611723, 173.68354951590300],
       [-97.73572245696965, 30.28753450664061, 170.36266883090138],
       [-97.73576170046449, 30.28752890390475, 160.01493707112968],
       [-97.73572182429379, 30.28755080662554, 156.52652954123914],
       [-97.73574527048820, 30.28753897360650, 169.98764937929809],
       [-97.73571033913184, 30.28754719288311, 167.59264097269624],
       [-97.73569734051630, 30.28756181173221, 164.09432583954185],
       [-97.73572996056951, 30.28755185473736, 162.14467200357467],
       [-97.73567258927768, 30.28754268772943, 169.51321521773934],
       [-97.73568490717506, 30.28752592489712, 175.30913435574621],
       [-97.73569246620129, 30.28752830987897, 171.02307382877916],
       [-97.73566167837085, 30.28757499750276, 166.61934197600931],
       [-97.73567145623169, 30.28757302020635, 175.63015497568995],
       [-97.73572540094325, 30.28754073549080, 176.51521744206548],
       [-97.73575055852370, 30.28756295307944, 160.59652333613485],
       [-97.73575055466506, 30.28752665363587, 159.84358910471201],
       [-97.73577275338137, 30.28752186312660, 153.64685465488583],
       [-97.73572736694553, 30.28756111681090, 164.30826999060810],
       [-97.73574068621748, 30.28753710924056, 164.64151048660278],
       [-97.73573025910478, 30.28751916621479, 159.09235087968409],
       [-97.73574130794142, 30.28753514956409, 162.20968977548182],
       [-97.73569205357241, 30.28752556600395, 164.51833732519299],
       [-97.73570319449635, 30.28752573750635, 165.54540801513940],
       [-97.73568397174918, 30.28757979579172, 172.69537185691297],
       [-97.73570211321734, 30.28752419769577, 161.26066098921001],
       [-97.73571673897567, 30.28751365734115, 155.30945751164109],
       [-97.73571671883401, 30.28751269592403, 164.59045001212507],
       [-97.73573956925347, 30.28753975877489, 167.04713373072445],
       [-97.73575539068521, 30.28752801839673, 164.31408599577844],
       [-97.73575360320403, 30.28749609534387, 155.17891197372228],
       [-97.73571629338831, 30.28750952438004, 171.89443945232779],
       [-97.73571776188628, 30.28753024198681, 170.04644178971648],
       [-97.73574032220837, 30.28750651573940, 167.18861283548176],
       [-97.73570950983111, 30.28751930990447, 167.24114090297371],
       [-97.73570601518101, 30.28747171676041, 152.94239796232432],
       [-97.73570606497464, 30.28749803998527, 159.10975553374738],
       [-97.73571736489600, 30.28751082753022, 150.68028174154460],
       [-97.73573844556512, 30.28747149298925, 170.46367737837136],
       [-97.73573886309261, 30.28749666032038, 164.79751453176141],
       [-97.73575812125276, 30.28752037475584, 165.27331978920847],
       [-97.73577834142259, 30.28750340702032, 161.73476389516145],
       [-97.73574100191865, 30.28753722138060, 173.33686129655689],
       [-97.73572557496757, 30.28749931889884, 167.91215728409588],
       [-97.73570859792611, 30.28755783436578, 175.91841068305075],
       [-97.73568099547457, 30.28757196441234, 167.87397698406130],
       [-97.73568606942979, 30.28753188569286, 166.16563310567290],
       [-97.73566552879932, 30.28752728329138, 180.74727443326265],
       [-97.73571502519412, 30.28750162869478, 173.20499952416867],
       [-97.73573805235422, 30.28751682731973, 168.15911780390888],
       [-97.73574700837806, 30.28749560913054, 150.25833567697555],
       [-97.73572543965292, 30.28748881640173, 151.97592781670392],
       [-97.73572220472326, 30.28751933431062, 162.43719162140042],
       [-97.73574699470778, 30.28751523062456, 169.50221434980631],
       [-97.73574381095472, 30.28750235376273, 166.77474828530103],
       [-97.73572659571329, 30.28751868943858, 178.71944665722549],
       [-97.73573921170448, 30.28750396409283, 176.35955127514899],
       [-97.73576851273698, 30.28747445048925, 166.47299544513226],
       [-97.73573967203430, 30.28749952591903, 159.28163092862815],
       [-97.73574746829310, 30.28751738424075, 158.05434299632907],
       [-97.73573702465706, 30.28754554678667, 158.98741445131600],
       [-97.73574011835034, 30.28752980197412, 163.86905944440514],
       [-97.73572240991325, 30.28749873837149, 161.72208463307470],
       [-97.73576464541401, 30.28752036547503, 165.62127068266273],
       [-97.73578963317600, 30.28754098157011, 165.85769725032151],
       [-97.73579234335942, 30.28749771925493, 171.12949142698199],
       [-97.73575728349103, 30.28750360653805, 167.35627522971481],
       [-97.73576196622972, 30.28746481432607, 162.17387321591377],
       [-97.73575402126561, 30.28746271183582, 166.29891544952989],
       [-97.73576178812139, 30.28747751341296, 176.57491257414222],
       [-97.73570162462197, 30.28749029733235, 182.92226965818554],
       [-97.73574037441962, 30.28744550685825, 173.18228374887258],
       [-97.73572673889518, 30.28751649374474, 172.35085543058813],
       [-97.73571488090964, 30.28753436262157, 175.05384184885770],
       [-97.73572314693506, 30.28751528514130, 166.33375122584403],
       [-97.73575058231499, 30.28751830947261, 159.12957816198468],
       [-97.73575913713995, 30.28750301372192, 152.90442414022982],
       [-97.73574225267024, 30.28750574066584, 164.89457426127046],
       [-97.73575561448538, 30.28749511882791, 176.10065123438835],
       [-97.73572710186784, 30.28750532939402, 182.19896212592721],
       [-97.73574535646674, 30.28746976344091, 178.95232437178493],
       [-97.73573889525089, 30.28749234389941, 184.74291098583490],
       [-97.73576995217422, 30.28745922892586, 165.18049763981253],
       [-97.73577444168419, 30.28749239068728, 160.71921583078802],
       [-97.73574924583119, 30.28749228899600, 163.14819297380745],
       [-97.73575004778830, 30.28751199404501, 163.66826634015888],
       [-97.73579633593188, 30.28752972993470, 156.97545500751585],
       [-97.73580256675979, 30.28749521992038, 154.79920192621648],
       [-97.73576837521023, 30.28750565137768, 161.25449688266963],
       [-97.73574308609750, 30.28750642390249, 176.02492267731577],
       [-97.73571431299486, 30.28750460609251, 166.25094677507877],
       [-97.73572006825512, 30.28753043262882, 173.81360704731196],
       [-97.73574300556892, 30.28755206893783, 164.88646314572543],
       [-97.73573183183370, 30.28752175741127, 156.80169359594584],
       [-97.73572358059302, 30.28750982500929, 164.98147002886981],
       [-97.73573922014744, 30.28753896416946, 172.75062355864793],
       [-97.73576025666165, 30.28753867448903, 170.86380811035633],
       [-97.73575757594743, 30.28753690654285, 170.95906249992549],
       [-97.73570376263471, 30.28753461991701, 169.29535056464374],
       [-97.73572919784576, 30.28756282681735, 184.13177296612412],
       [-97.73574770810653, 30.28755195785717, 174.25458852481097],
       [-97.73573047059885, 30.28753553064211, 167.45082419458777],
       [-97.73571063954967, 30.28751851909551, 161.65011215209961],
       [-97.73572221024715, 30.28752389487820, 172.16212242376059],
       [-97.73573941558158, 30.28754424534264, 173.91941488161683],
       [-97.73577579211965, 30.28752397754515, 159.53557818382978],
       [-97.73575171199720, 30.28752600662193, 158.45320969820023],
       [-97.73569878639810, 30.28752226246585, 161.93356702476740],
       [-97.73578361345135, 30.28750498280104, 179.29183919169009],
       [-97.73577464271801, 30.28752809570959, 180.36586109083146],
       [-97.73572877253726, 30.28753547693546, 166.63567758072168],
       [-97.73573078831913, 30.28752376893663, 165.61791166104376],
       [-97.73575500442135, 30.28750963208092, 172.53048982843757],
       [-97.73576704749551, 30.28754284919271, 176.99766903836280],
       [-97.73573962040592, 30.28753026061067, 175.18213654123247],
       [-97.73573174412857, 30.28753366922732, 171.31436792574823],
       [-97.73570250785302, 30.28753498652435, 173.00944365654141],
       [-97.73574698954728, 30.28756011276577, 175.29562721960247],
       [-97.73569387446192, 30.28758739801515, 178.45188811607659],
       [-97.73571341918687, 30.28753898007319, 173.60201958566904],
       [-97.73576132131663, 30.28754204125973, 159.68784087058157],
       [-97.73574690861973, 30.28754149931878, 157.37487852387130],
       [-97.73572740834724, 30.28753886486627, 171.00257487688214],
       [-97.73570010580752, 30.28753036762873, 177.58836377225816],
       [-97.73572325295267, 30.28750932997428, 175.63758112117648],
       [-97.73573822194376, 30.28747296457665, 174.73332090768963],
       [-97.73571281953488, 30.28753787782280, 177.28445617761463],
       [-97.73569460113113, 30.28752396336569, 179.21715231239796],
       [-97.73574364031596, 30.28750428997665, 182.19497303850949],
       [-97.73575225600243, 30.28753777656465, 169.02127031888813],
       [-97.73573884836030, 30.28756052753009, 160.42484460957348],
       [-97.73572030108588, 30.28752769768051, 165.61533832456917],
       [-97.73573378073795, 30.28753570146736, 162.06034634355456],
       [-97.73574158525192, 30.28751286490597, 158.71335305925459],
       [-97.73572934972367, 30.28750673600697, 161.37505968566984],
       [-97.73571760945578, 30.28753510630391, 163.67155642807484],
       [-97.73571254207013, 30.28756000875815, 165.98174923285842],
       [-97.73571811555149, 30.28753507024164, 161.15781057346612],
       [-97.73570499958053, 30.28756254487451, 172.62616517767310],
       [-97.73568339937272, 30.28757439139266, 179.72701005823910],
       [-97.73567937451381, 30.28755249280008, 161.46954241488129],
       [-97.73569554725375, 30.28753731475009, 161.16013616323471],
       [-97.73569743330077, 30.28752834411227, 160.77837656997144],
       [-97.73570173089574, 30.28756385437649, 164.41124504152685],
       [-97.73571367543830, 30.28757482894203, 170.13547417055815],
       [-97.73572376544695, 30.28754567461717, 164.59906091820449],
       [-97.73571912424569, 30.28752689049117, 155.67433770745993],
       [-97.73569955798423, 30.28755326650279, 169.08487908449024],
       [-97.73570030549102, 30.28757882477207, 165.86175808589906],
       [-97.73575307751740, 30.28755825865219, 161.18087296932936],
       [-97.73578077671203, 30.28748294628674, 148.68236130941659],
       [-97.73573023581883, 30.28753135346946, 165.65307187847793],
       [-97.73574805155185, 30.28748996451197, 163.69191762618721],
       [-97.73571553433827, 30.28748843309195, 163.09113945253193],
       [-97.73571370031168, 30.28751764606259, 159.86111570056528],
       [-97.73571254294184, 30.28751437227584, 169.82644690759480],
       [-97.73568946536929, 30.28758569711371, 167.62362076807767],
       [-97.73571631956962, 30.28756353128284, 161.13375120144337],
       [-97.73572214599018, 30.28751463643711, 157.98570441268384],
       [-97.73570213430231, 30.28751413848311, 145.34401028603315],
       [-97.73571856913674, 30.28750365178518, 152.07714762911201],
       [-97.73572323589990, 30.28750295395948, 149.02359444182366],
       [-97.73573622349745, 30.28754029694831, 156.51306980010122],
       [-97.73572362565881, 30.28749671003557, 160.30801456142217],
       [-97.73569619576176, 30.28753262201784, 166.64160148426890],
       [-97.73572726429542, 30.28752492123428, 171.71149004064500],
       [-97.73570351149948, 30.28749222703137, 172.44217351078987],
       [-97.73569730717571, 30.28749649863911, 161.07891380134970],
       [-97.73568535082764, 30.28750389330254, 165.98341479990631],
       [-97.73565899657248, 30.28755147924091, 174.48437562212348],
       [-97.73567473746752, 30.28757870711789, 168.75424602162093],
       [-97.73567244888820, 30.28753362865445, 156.58855662401766],
       [-97.73569737155154, 30.28753041062091, 158.82333777286112],
       [-97.73569540077995, 30.28753051145150, 166.55933967325836],
       [-97.73572215574893, 30.28751849499720, 163.79383078403771],
       [-97.73569407634574, 30.28755534844439, 166.71827198937535],
       [-97.73563577653562, 30.28755758852529, 169.99689318705350],
       [-97.73562163311711, 30.28750552799623, 161.82879642862827],
       [-97.73565095012077, 30.28752895050236, 163.41244135424495],
       [-97.73569298976363, 30.28749037362569, 168.19322159234434],
       [-97.73570109183484, 30.28751958118326, 173.78604013379663],
       [-97.73566409066362, 30.28757008404687, 177.08197991922498],
       [-97.73569916858354, 30.28752355484053, 168.59282230306417],
       [-97.73570077790251, 30.28753831155494, 167.87155249062926],
       [-97.73570664149106, 30.28752008640333, 153.55985502153635],
       [-97.73572773365279, 30.28747115300465, 145.73891618661582],
       [-97.73568817811831, 30.28749925432123, 145.12869818694890],
       [-97.73568395445008, 30.28751144899229, 149.14794951491058],
       [-97.73574320540614, 30.28749211358122, 150.94404196273535],
       [-97.73569722860802, 30.28752286564020, 156.56322293076664],
       [-97.73568414238245, 30.28751840128386, 162.14877771493047],
       [-97.73566675269321, 30.28746982986949, 172.11158387362957],
       [-97.73569883607664, 30.28748885855603, 176.08929548878223],
       [-97.73570039290317, 30.28753624960034, 176.59213311877102],
       [-97.73567120392869, 30.28753940581379, 172.63759081996977],
       [-97.73569473008560, 30.28755828177002, 168.14490422140807],
       [-97.73570271400482, 30.28754841198333, 160.38439133390784],
       [-97.73574096122759, 30.28751531603558, 166.72572338860482],
       [-97.73569731959900, 30.28754101787759, 163.50478709209710],
       [-97.73567894353421, 30.28755022259255, 169.33177564106882],
       [-97.73566684050921, 30.28755378379127, 153.06538500357419],
       [-97.73569575095839, 30.28753294127011, 152.98261199891567],
       [-97.73568080042460, 30.28754105734015, 168.84898003842682],
       [-97.73567494768463, 30.28754613116836, 176.94058251660317],
       [-97.73566816193775, 30.28749247106451, 166.64779938291758],
       [-97.73566637431206, 30.28745978010082, 166.00456949044019],
       [-97.73566671927369, 30.28753143093678, 184.50337782036513],
       [-97.73566341796004, 30.28756415283093, 177.66580593585968],
       [-97.73568901754412, 30.28756148311502, 171.04591132886708],
       [-97.73571962421589, 30.28755763109581, 157.70198692753911],
       [-97.73571493253600, 30.28750668544588, 156.70528792962432],
       [-97.73571801547915, 30.28751912886563, 163.48817118071020],
       [-97.73572834565644, 30.28749503441755, 160.63054223265499],
       [-97.73572073651187, 30.28754549672814, 156.46779690962285],
       [-97.73569418790038, 30.28752157244675, 153.16766974423081],
       [-97.73565509635637, 30.28750755349456, 166.51584224775434],
       [-97.73568203993318, 30.28747145045783, 161.65009857993573],
       [-97.73569519302379, 30.28749896445348, 150.91351964790374],
       [-97.73567764897616, 30.28753867334484, 155.95389632508159],
       [-97.73567423396828, 30.28753636443456, 164.95823953486979],
       [-97.73564209183581, 30.28751012799504, 170.21920030657202],
       [-97.73565134077386, 30.28751969596687, 171.77353692427278],
       [-97.73570171211504, 30.28749118321886, 153.08818148542196],
       [-97.73568278420744, 30.28749621337798, 161.10026462748647],
       [-97.73566184796860, 30.28749922182940, 180.92243351787329],
       [-97.73568049886001, 30.28750027905002, 172.29584753140807],
       [-97.73569575003144, 30.28748658468654, 165.91083352826536],
       [-97.73565390788590, 30.28751697094506, 162.11847272235900],
       [-97.73564767098178, 30.28752181454731, 161.74520565103740],
       [-97.73562770181172, 30.28752157874827, 170.44441628642380],
       [-97.73562513843919, 30.28751877324816, 163.00309825036675],
       [-97.73565215578434, 30.28748354193227, 164.28854676242918],
       [-97.73566144952302, 30.28752411717557, 165.95342637691647],
       [-97.73563986256221, 30.28756170358815, 171.63320014812052],
       [-97.73565675388453, 30.28757699236744, 181.22984134405851],
       [-97.73568380507017, 30.28753638626839, 181.94885429181159],
       [-97.73568693338508, 30.28751699383330, 183.74802927393466],
       [-97.73570119910525, 30.28751141371828, 175.89374122302979],
       [-97.73570214446717, 30.28747390824513, 162.21233209315687],
       [-97.73567623272839, 30.28753922749933, 165.07372324354947],
       [-97.73568119265943, 30.28752474815978, 163.91161366924644],
       [-97.73565323078878, 30.28748710877981, 161.13802315853536],
       [-97.73565496338645, 30.28749832503018, 157.47341750003397],
       [-97.73566545207129, 30.28750406720033, 158.16096447408199],
       [-97.73565100787485, 30.28751496681119, 157.89337648078799],
       [-97.73565142960695, 30.28753510365492, 158.00416039209813],
       [-97.73566086112692, 30.28756706916446, 171.04385619703680],
       [-97.73569007081792, 30.28756240061113, 171.35984940361232],
       [-97.73576197632786, 30.28751584004533, 171.53112889267504],
       [-97.73572954907527, 30.28753413984946, 163.39591478835791],
       [-97.73567335673121, 30.28757014438697, 165.81965091824532],
       [-97.73567539287323, 30.28753291151111, 163.70180955529213],
       [-97.73566022094101, 30.28754367362723, 173.35397844668478],
       [-97.73564366644320, 30.28757840562433, 176.26476012170315],
       [-97.73564458307879, 30.28755147791505, 167.98151132650673],
       [-97.73566781975305, 30.28756167948271, 165.30276443157345],
       [-97.73571864904102, 30.28755077520203, 157.10029206704348],
       [-97.73573006834833, 30.28750139400742, 158.05881767906249],
       [-97.73570008978682, 30.28755577936221, 162.73315974976867],
       [-97.73570514361933, 30.28759585836346, 157.45837714150548],
       [-97.73575660282688, 30.28756030266129, 160.85650897957385],
       [-97.73574384826351, 30.28754672800212, 165.10487826541066],
       [-97.73575202328838, 30.28751745285557, 163.26387290842831],
       [-97.73575704393681, 30.28745645841348, 154.92362240143120],
       [-97.73574834532238, 30.28749103424674, 159.56869027111679],
       [-97.73571557959336, 30.28753771799938, 164.57470773812383],
       [-97.73571560593902, 30.28751430902502, 162.02586480230093],
       [-97.73571717306496, 30.28753669649894, 157.08218232914805],
       [-97.73570856179691, 30.28754444499910, 154.42954733222723],
       [-97.73570078351848, 30.28753528892027, 154.57479932345450],
       [-97.73574929919481, 30.28749974185722, 147.61057333368808],
       [-97.73576530891756, 30.28749013365183, 143.87312469631433],
       [-97.73577907256036, 30.28753792181612, 162.63552454579622],
       [-97.73573418536530, 30.28750555970121, 167.28677566722035],
       [-97.73568101430848, 30.28756006440753, 171.02428367733955],
       [-97.73570360663689, 30.28754888157552, 173.75272671412677],
       [-97.73569582496175, 30.28751556408559, 168.40878728497773],
       [-97.73569237259446, 30.28751928607380, 172.63051424920559],
       [-97.73571838661196, 30.28748927680764, 173.39991993363947],
       [-97.73570275475633, 30.28750137616332, 167.43254460301250],
       [-97.73572630658158, 30.28750784498396, 165.85607008263469],
       [-97.73570625062315, 30.28755090570562, 172.23196122795343],
       [-97.73573765781816, 30.28755639019966, 170.00624855235219],
       [-97.73575228457878, 30.28750077543167, 160.49041081499308],
       [-97.73576388313300, 30.28753918777385, 166.19431608263403],
       [-97.73573845773393, 30.28751082028528, 154.47524204850197],
       [-97.73572324128202, 30.28750523063220, 166.89768744353205],
       [-97.73571508394976, 30.28751333481443, 181.88787325471640],
       [-97.73569757105236, 30.28752958718468, 174.65652034804225],
       [-97.73571771839167, 30.28750273510304, 177.98837799765170],
       [-97.73570201641901, 30.28754397659844, 181.12300409749150],
       [-97.73573022670341, 30.28751390193832, 169.65046421345323],
       [-97.73573058310195, 30.28750594634752, 160.49810800887644],
       [-97.73573135487587, 30.28747830236602, 150.65385869983584],
       [-97.73569794424918, 30.28755067332742, 159.87672520149499],
       [-97.73571615105884, 30.28753548879774, 160.94727217871696],
       [-97.73577219221562, 30.28748725097990, 160.69378995336592],
       [-97.73577252036851, 30.28747340214609, 161.09177220892161],
       [-97.73570574169368, 30.28754271457883, 159.68114500027150],
       [-97.73567498592624, 30.28755525862604, 177.27582905348390],
       [-97.73574598905162, 30.28755215762916, 179.19228476472199],
       [-97.73570188937285, 30.28756631474088, 181.53183885756880],
       [-97.73570701324410, 30.28751970773735, 171.91762452851981],
       [-97.73570584807877, 30.28751275472107, 172.05625211633742],
       [-97.73572799357304, 30.28752545847130, 174.58112555928528],
       [-97.73579635454733, 30.28750486659057, 163.50244438461959],
       [-97.73576692149915, 30.28753232712128, 164.67701106239110],
       [-97.73575409046470, 30.28751762466721, 167.65773736964911],
       [-97.73575109234469, 30.28751651445328, 169.68452057149261],
       [-97.73572158338790, 30.28752909097971, 166.98746708221734],
       [-97.73572175279071, 30.28752025842803, 163.33739393390715],
       [-97.73571110158180, 30.28749638433462, 158.11039851605892],
       [-97.73572455703975, 30.28752145057764, 165.19312166143209],
       [-97.73575590105176, 30.28752833638716, 165.54193006269634],
       [-97.73575001419529, 30.28750427816097, 165.71619861945510],
       [-97.73571827736120, 30.28754726476291, 172.59558403585106],
       [-97.73571039085130, 30.28753818992334, 176.85380229353905],
       [-97.73574442117045, 30.28749169853286, 172.79694068152457],
       [-97.73575160156038, 30.28749889768354, 176.55192547012120],
       [-97.73576190679174, 30.28749086690103, 175.66698122117668],
       [-97.73578073550598, 30.28749609680949, 178.84119055047631],
       [-97.73578557736597, 30.28746909680241, 165.65022910013795],
       [-97.73580986930023, 30.28746957765115, 152.71197364293039],
       [-97.73578418961954, 30.28747837477120, 153.60883503872901],
       [-97.73574900836186, 30.28748799172365, 159.71330326702446],
       [-97.73577023994332, 30.28749875269706, 156.36302520520985],
       [-97.73577795935331, 30.28750496327939, 168.85214897803962],
       [-97.73572980663863, 30.28747303685345, 170.82640168350190],
       [-97.73575499454351, 30.28745269490044, 166.57161423470825],
       [-97.73575805921784, 30.28752738012424, 179.94791196566075],
       [-97.73575389232107, 30.28750830283888, 170.25466880481690],
       [-97.73577476285124, 30.28749425722089, 167.04914347920567],
       [-97.73577056772817, 30.28752366519436, 175.53684257436544],
       [-97.73580349291015, 30.28751047507157, 164.33082636259496],
       [-97.73578170381870, 30.28754533300091, 160.89974436722696],
       [-97.73577702297771, 30.28754946883798, 162.70025327429175],
       [-97.73576551113672, 30.28750502246242, 157.09685431234539],
       [-97.73577297263897, 30.28750850566314, 159.32413575239480],
       [-97.73575852819231, 30.28749444877155, 169.59532057959586],
       [-97.73573956891268, 30.28756095193503, 177.19739467091858],
       [-97.73573858625195, 30.28751965385819, 180.78641312662512],
       [-97.73573754250351, 30.28747957751018, 179.20975156314671],
       [-97.73574125797617, 30.28754239243678, 169.27703995350748],
       [-97.73575356545578, 30.28755663930227, 156.92471765819937],
       [-97.73575861546695, 30.28755586880010, 155.01974923629314],
       [-97.73573603931850, 30.28751726577100, 158.37024931237102],
       [-97.73572600424649, 30.28753246969494, 164.44452919811010],
       [-97.73573926789558, 30.28748944070430, 169.31819575373083],
       [-97.73572351684176, 30.28753031740348, 174.41800296865404],
       [-97.73574379094090, 30.28750572926760, 172.29263695422560],
       [-97.73577767318172, 30.28750084045684, 171.58817799016833],
       [-97.73576484150433, 30.28749021083317, 171.63689015153795],
       [-97.73571996069312, 30.28751851934364, 186.00936450343579],
       [-97.73571385787983, 30.28753969816326, 168.83646324370056],
       [-97.73577204994085, 30.28750565537339, 167.53086396306753],
       [-97.73574694470966, 30.28749054396138, 171.75456829369068],
       [-97.73576226984173, 30.28752118001662, 164.82863347698003],
       [-97.73576145913945, 30.28750631278580, 169.13482648599893],
       [-97.73575953660506, 30.28749121580615, 173.20736167207360],
       [-97.73574962098256, 30.28751643304591, 163.36279796157032],
       [-97.73579797583038, 30.28747520677403, 168.89384507387877],
       [-97.73575658307165, 30.28746771298122, 171.03439869266003],
       [-97.73573760870276, 30.28749540052575, 171.30145236570388],
       [-97.73572488203504, 30.28750238504167, 178.79757404513657],
       [-97.73573716687149, 30.28751583985456, 177.76139110699296],
       [-97.73579341450004, 30.28749812693083, 170.47412285767496],
       [-97.73578355640139, 30.28752179180863, 170.63030408788472],
       [-97.73577331309755, 30.28749009236229, 177.82144096028060],
       [-97.73575196723003, 30.28750934233433, 172.84280428662896],
       [-97.73572652130989, 30.28753276401661, 175.72687316127121],
       [-97.73571431657939, 30.28754538793714, 171.37280036043376],
       [-97.73569000001991, 30.28753234538310, 171.98571626376361],
       [-97.73568017330003, 30.28752078604759, 178.33886859100312],
       [-97.73571038570431, 30.28750344150683, 167.82555914856493],
       [-97.73571321432253, 30.28748448239275, 168.22246733773500],
       [-97.73570883473961, 30.28754176456681, 173.83850522246212],
       [-97.73574267947940, 30.28753101650557, 177.60659644939005],
       [-97.73572090617986, 30.28758793658485, 176.07077210117131],
       [-97.73574925667123, 30.28753826880467, 164.48588955961168],
       [-97.73571107885905, 30.28751180892084, 171.65663096774369],
       [-97.73572607732227, 30.28752542544754, 165.09216482564807],
       [-97.73573278402654, 30.28751346019537, 177.21979662217200],
       [-97.73575278472730, 30.28751720741865, 173.48978248890489],
       [-97.73571762398454, 30.28750467383183, 170.13935763202608],
       [-97.73577106195884, 30.28750476961972, 161.31212297733873],
       [-97.73574182401396, 30.28751740306807, 169.86318993754685],
       [-97.73574029171034, 30.28753471527919, 172.75728191528469],
       [-97.73576361986160, 30.28752856930762, 174.99983218312263],
       [-97.73572376759411, 30.28754678865812, 186.39410332031548],
       [-97.73570780248706, 30.28754913992914, 180.18641676940024],
       [-97.73578497563183, 30.28750745931924, 164.83406137395650],
       [-97.73575817992464, 30.28754360975844, 163.05788408219814],
       [-97.73576103639842, 30.28754370215311, 168.43554580304772],
       [-97.73568693441958, 30.28755564993527, 166.40176075417548],
       [-97.73572055808832, 30.28755549678656, 170.61198882386088],
       [-97.73572353990519, 30.28754304680313, 177.30772883351892],
       [-97.73577169917657, 30.28750713623795, 171.31623725313693],
       [-97.73580183222117, 30.28747681061058, 169.03445087838918],
       [-97.73582367867527, 30.28745534226471, 163.95993918273598],
       [-97.73576667590125, 30.28751580365347, 170.72812952566892],
       [-97.73573543842096, 30.28750645071289, 167.82401678618044],
       [-97.73577766665903, 30.28751765803028, 171.78777874633670],
       [-97.73573832704061, 30.28752667461858, 162.20497097726911],
       [-97.73570546289164, 30.28755014179942, 168.29058978706598],
       [-97.73567818184739, 30.28752344308770, 168.83536579459906],
       [-97.73569167734735, 30.28755360637836, 174.14914187043905],
       [-97.73571372157139, 30.28752605656085, 172.85505589656532],
       [-97.73573840704093, 30.28750555360612, 168.35946874693036],
       [-97.73573388959308, 30.28754364275307, 166.33967242855579],
       [-97.73575381301296, 30.28753263130774, 176.33327743690461],
       [-97.73578646004849, 30.28749693819884, 169.19531393330544],
       [-97.73574209575798, 30.28751945975126, 158.07611003145576],
       [-97.73575748100946, 30.28749260878125, 163.14806214161217],
       [-97.73572812742209, 30.28749630297768, 169.71552840340883],
       [-97.73572340889208, 30.28752990818282, 170.09158270526677],
       [-97.73574928864788, 30.28751133476201, 161.52624577935785],
       [-97.73578238794599, 30.28755705653865, 171.53867168910801],
       [-97.73577508494343, 30.28755521047921, 168.70099043473601],
       [-97.73576343521374, 30.28753302212691, 177.14157121628523],
       [-97.73576074718952, 30.28753918875849, 176.62168214377016],
       [-97.73574846405820, 30.28755154524305, 181.52708582207561],
       [-97.73576445017839, 30.28754733644272, 178.91852263640612],
       [-97.73572283061988, 30.28754278049471, 174.62011883500963],
       [-97.73570424310905, 30.28749994478330, 176.23175126872957],
       [-97.73569838849325, 30.28758106516852, 171.00767299719155],
       [-97.73574015361829, 30.28756698943928, 176.62109077628702],
       [-97.73578014441550, 30.28753351595053, 169.88097712676972],
       [-97.73577176773398, 30.28756917158217, 171.48722857050598],
       [-97.73573732159966, 30.28753695912962, 180.36210029851645],
       [-97.73571359563624, 30.28752252796581, 177.15639818646014],
       [-97.73574770751470, 30.28757046769998, 175.42793511413038],
       [-97.73578339704805, 30.28756492661007, 168.64735993463546],
       [-97.73572452567396, 30.28754983382978, 167.09063014108688],
       [-97.73572396849275, 30.28756012108225, 170.79206080175936],
       [-97.73568212122680, 30.28760324971579, 159.49944836739451],
       [-97.73574609046044, 30.28757304087297, 163.45488162711263],
       [-97.73576503984967, 30.28758354332836, 160.80755350831896],
       [-97.73571895790764, 30.28757521050879, 165.91618297901005],
       [-97.73569292548009, 30.28757958652499, 180.24169470183551],
       [-97.73571915963998, 30.28759909232817, 175.44382913410664],
       [-97.73571433415260, 30.28755529680965, 177.65246591530740],
       [-97.73569236899988, 30.28754443596072, 184.23166537377983],
       [-97.73568242199295, 30.28755443319480, 178.14778344705701],
       [-97.73573407591302, 30.28756563208781, 174.46182446554303],
       [-97.73573561743481, 30.28758234038652, 163.34615667443722],
       [-97.73572247585432, 30.28756150101042, 177.11538002360612],
       [-97.73569946676973, 30.28756463293501, 164.72798758186400],
       [-97.73574164699473, 30.28757552431149, 158.73925908096135],
       [-97.73573965489115, 30.28754972278384, 162.95179527997971],
       [-97.73573513241581, 30.28753584252236, 167.65119262412190],
       [-97.73571597317709, 30.28753951161274, 179.28067320398986],
       [-97.73577152484471, 30.28751818390085, 165.93973062932491],
       [-97.73577329621007, 30.28755397974261, 170.09680065698922],
       [-97.73575202145757, 30.28753614047118, 175.19000498391688],
       [-97.73567658381492, 30.28754048695977, 173.96616838034242],
       [-97.73569870035521, 30.28755613249667, 171.10474699363112],
       [-97.73567562313860, 30.28757938200106, 169.92872459627688],
       [-97.73571940366844, 30.28755584979388, 162.59113823156804],
       [-97.73571310177621, 30.28754600007180, 164.45338309369981],
       [-97.73573047684103, 30.28754564083854, 178.11518876161426],
       [-97.73574045722702, 30.28753582702018, 184.64732914138585],
       [-97.73574080365056, 30.28758322833310, 176.69410412572324],
       [-97.73575286358674, 30.28755655088563, 168.30945271160454],
       [-97.73573179296808, 30.28755029901430, 176.04090003110468],
       [-97.73569678825022, 30.28753380402392, 186.81741480436176],
       [-97.73569293841678, 30.28755163185908, 176.27454952895641],
       [-97.73571633492445, 30.28760063464200, 184.72150666359812],
       [-97.73573229402706, 30.28758603734721, 169.75505768880248],
       [-97.73571263492444, 30.28759360808687, 171.11480794008821],
       [-97.73570551611246, 30.28759608688288, 171.81545218359679],
       [-97.73572305683297, 30.28756923251191, 167.91615185234696],
       [-97.73575200023397, 30.28756398489832, 176.08203596156090],
       [-97.73575359630379, 30.28754559376844, 174.28191792313010],
       [-97.73570867414919, 30.28754454455958, 180.06350636761636],
       [-97.73575459188153, 30.28754094902030, 173.94908192660660],
       [-97.73572741377329, 30.28755991222047, 169.97898796945810],
       [-97.73566666649670, 30.28753728233005, 167.44222020264715],
       [-97.73567213233265, 30.28752499755989, 171.71007021050900],
       [-97.73571951435019, 30.28755410101164, 167.30437344964594],
       [-97.73573649796359, 30.28757681801826, 166.91078628785908],
       [-97.73575012445626, 30.28755669568663, 165.59702899027616],
       [-97.73577403766929, 30.28753533174709, 161.20777899958193],
       [-97.73578067683518, 30.28752990299963, 166.20285711158067],
       [-97.73579732157529, 30.28754356490503, 167.02342845685780],
       [-97.73573347224617, 30.28754475365687, 179.43676930014044],
       [-97.73572801267102, 30.28749893818388, 171.26196303591132],
       [-97.73572430987531, 30.28750810268607, 178.10959348641336],
       [-97.73571002605618, 30.28752362266854, 175.61307722423226],
       [-97.73570275576274, 30.28751164727038, 165.67673266772181],
       [-97.73567433734708, 30.28760120664035, 177.12744954973459],
       [-97.73567594752949, 30.28760349580490, 181.15579135250300],
       [-97.73572704080414, 30.28755257051839, 172.11030986905098],
       [-97.73572585945628, 30.28755248271480, 168.90462384466082],
       [-97.73576194068160, 30.28752622138425, 160.70944151282310],
       [-97.73574599841713, 30.28752109175850, 152.79655047692358],
       [-97.73572056469963, 30.28751973066217, 161.41332916170359],
       [-97.73575525105323, 30.28754149858892, 173.91870215442032],
       [-97.73573920443373, 30.28754686667979, 173.17803311627358],
       [-97.73571409743673, 30.28754567002848, 180.88810444809496],
       [-97.73574259237134, 30.28750644571681, 173.81409103237092],
       [-97.73572972615915, 30.28751184060724, 173.75893848948181],
       [-97.73574876633636, 30.28752814744366, 175.94377621449530],
       [-97.73572582444697, 30.28752635495386, 173.19958496280015],
       [-97.73571334055887, 30.28751214138740, 161.24229299463332],
       [-97.73568957939627, 30.28752419510180, 164.66191240586340],
       [-97.73573474415510, 30.28752549595985, 164.98914567567408],
       [-97.73577303346983, 30.28751822621604, 158.98222865257412],
       [-97.73575720519938, 30.28752207176058, 162.35761650837958],
       [-97.73572617586774, 30.28752723814957, 164.26983575522900],
       [-97.73571979493208, 30.28755682624896, 166.11355099081993],
       [-97.73572906314926, 30.28755126057795, 172.05984751135111],
       [-97.73571360107063, 30.28755406409741, 191.45988816395402],
       [-97.73568850268784, 30.28752930542280, 175.82768346462399],
       [-97.73576060693939, 30.28751438481794, 176.50481336284429],
       [-97.73572538848116, 30.28752097026003, 177.31209764257073],
       [-97.73571110721002, 30.28748761497939, 168.05668425932527],
       [-97.73572978870631, 30.28751284669927, 159.31568594463170],
       [-97.73572685181344, 30.28753318791262, 165.95593098551035],
       [-97.73572700636882, 30.28755181763188, 163.22089111804962],
       [-97.73575675263170, 30.28754579548933, 167.82970475871116],
       [-97.73576741892133, 30.28751875389591, 149.74492566473782],
       [-97.73576035513139, 30.28753312828249, 164.97660462837666],
       [-97.73578372084465, 30.28753170108895, 175.45746925659478],
       [-97.73574027079174, 30.28750931898997, 177.07788870390505],
       [-97.73570383213683, 30.28743942904465, 174.66868782229722],
       [-97.73571801767905, 30.28746328141078, 167.86530299950391],
       [-97.73568825457049, 30.28751158198089, 180.86769397649914],
       [-97.73575677651989, 30.28749584919378, 169.13762514013797],
       [-97.73577055433914, 30.28746966990072, 156.58106426987797],
       [-97.73570078631711, 30.28751999360702, 152.77475563623011],
       [-97.73568206448995, 30.28753191619241, 156.06154486443847],
       [-97.73573533301598, 30.28756732018788, 164.04744878783822],
       [-97.73577796052327, 30.28754337633811, 158.65368298441172],
       [-97.73579899279858, 30.28750658993312, 153.84129028953612],
       [-97.73575558986488, 30.28751774831950, 158.80482488032430],
       [-97.73580860190735, 30.28748566422103, 159.52913317643106],
       [-97.73577709478755, 30.28749309615303, 161.52515858132392],
       [-97.73577932287860, 30.28747098866008, 155.01669402047992],
       [-97.73573861796251, 30.28742412356068, 158.97145971376449],
       [-97.73574153242949, 30.28746843371592, 157.06130506284535],
       [-97.73576397398195, 30.28748435619800, 160.11366380658001],
       [-97.73571460431226, 30.28751247481338, 159.86925921589136],
       [-97.73567909652894, 30.28754489478903, 158.76011077594012],
       [-97.73572072509438, 30.28754583752367, 157.40603603236377],
       [-97.73578365499606, 30.28753564477597, 155.99237956758589],
       [-97.73577330470096, 30.28750366624422, 155.36572309117764],
       [-97.73575068510513, 30.28751625665407, 162.58142532408237],
       [-97.73571863770921, 30.28752794410843, 171.85064039658755],
       [-97.73572591076974, 30.28752852619479, 171.46413969993591],
       [-97.73570384261150, 30.28748656998580, 167.23455160204321],
       [-97.73571547339861, 30.28747095612286, 174.16805623192340],
       [-97.73571062643862, 30.28744454551809, 162.39734403695911],
       [-97.73573588927077, 30.28746913076372, 153.17778435349464],
       [-97.73575603778355, 30.28746379711723, 154.62514344323426],
       [-97.73572457601905, 30.28752536922335, 157.00350758805871],
       [-97.73569683610449, 30.28754497179837, 160.68622246757150],
       [-97.73568905717399, 30.28754080444198, 155.13427727669477],
       [-97.73573764463517, 30.28751588945821, 153.40380785614252],
       [-97.73573134921114, 30.28754010259770, 159.22428708523512],
       [-97.73569557252914, 30.28753815191818, 163.27948984038085],
       [-97.73573930070273, 30.28747362341710, 161.08641470596194],
       [-97.73574792797241, 30.28751075285320, 159.92158501595259],
       [-97.73571761043866, 30.28755087823513, 178.78062443248928],
       [-97.73567381344614, 30.28754676608068, 171.84440804272890],
       [-97.73568871316741, 30.28755181104086, 164.31653591152281],
       [-97.73574470794422, 30.28749869887815, 160.07088146824390],
       [-97.73576376525220, 30.28747869806055, 155.46809140499681],
       [-97.73576607801853, 30.28746008884354, 151.87789813615382],
       [-97.73573551767622, 30.28749341314219, 166.11239358689636],
       [-97.73575384955598, 30.28749942507512, 149.05218027438968],
       [-97.73574365135890, 30.28749783390320, 150.58098169323057],
       [-97.73573405890465, 30.28750735747965, 163.92726137209684],
       [-97.73570639863746, 30.28752561146133, 165.29401268903166],
       [-97.73572075593195, 30.28749693940717, 154.69777096435428],
       [-97.73575701704057, 30.28750365360617, 160.23239461611956],
       [-97.73572329092140, 30.28752299178885, 173.43665492441505],
       [-97.73568368645017, 30.28754219084399, 168.15143248718232],
       [-97.73570788887962, 30.28756369664332, 163.51431852672249],
       [-97.73571921380950, 30.28758367641488, 167.72608147747815],
       [-97.73573032065133, 30.28751393751911, 159.14536639582366],
       [-97.73567671129493, 30.28751284867781, 156.22173152863979],
       [-97.73571332710880, 30.28747566782769, 158.91020609717816],
       [-97.73575732164434, 30.28747087842938, 152.14149767067283],
       [-97.73574874102943, 30.28749932733322, 150.33559819031507],
       [-97.73575896140751, 30.28750629790803, 154.37245551217347],
       [-97.73574040695772, 30.28751416014272, 163.31488070450723],
       [-97.73575240992585, 30.28751072428908, 158.58315591327846],
       [-97.73572641974734, 30.28746378416812, 149.90928667318076],
       [-97.73575734671412, 30.28745315861721, 159.53176916856319],
       [-97.73573667316326, 30.28745880838286, 170.31000618450344],
       [-97.73573423540562, 30.28746507976742, 161.97572472039610],
       [-97.73570148887377, 30.28750527994206, 165.42986881081015],
       [-97.73570938104380, 30.28749222353491, 162.11378138884902],
       [-97.73574029706769, 30.28749606391012, 163.71780069638044],
       [-97.73574432260853, 30.28749115834995, 173.68655398208648],
       [-97.73577650426132, 30.28749009636835, 162.43045658711344],
       [-97.73576402241937, 30.28746380052637, 157.60382717661560],
       [-97.73572535588960, 30.28749756956235, 149.39925048593432],
       [-97.73575500870757, 30.28749393762788, 149.49189499206841],
       [-97.73575009544473, 30.28750266655798, 157.43174570053816],
       [-97.73576485582379, 30.28747168216966, 154.20166429132223],
       [-97.73573465474367, 30.28747911317942, 156.68499544635415],
       [-97.73573188916180, 30.28747838476377, 167.42865255475044],
       [-97.73574145046007, 30.28747110621888, 167.95220100693405],
       [-97.73571584883629, 30.28750864307916, 163.61173036694527],
       [-97.73570880914812, 30.28752672714767, 167.54684822168201],
       [-97.73574441866593, 30.28747760680845, 152.69904369022697],
       [-97.73574095840964, 30.28751969413130, 154.95113391336054],
       [-97.73571890667364, 30.28751972792397, 149.85901906248182],
       [-97.73575280200471, 30.28746195515207, 148.46134851872921],
       [-97.73575701036123, 30.28746236719574, 148.03253805078566],
       [-97.73578944916953, 30.28746092788870, 152.71113412082195],
       [-97.73576055263270, 30.28748930538541, 153.66670375689864],
       [-97.73573651563996, 30.28750169179764, 153.25883509218693],
       [-97.73569624323495, 30.28746871961942, 165.41147512570024],
       [-97.73565450492151, 30.28749217605705, 166.83746972214431],
       [-97.73566704246858, 30.28749599232982, 167.10896688234061],
       [-97.73567299525850, 30.28750031734571, 170.10793991480023],
       [-97.73570245507750, 30.28750312657048, 167.02573010604829],
       [-97.73570564786890, 30.28754376475227, 176.54991978686303],
       [-97.73571975404018, 30.28756531824737, 172.85032987035811],
       [-97.73575491958380, 30.28752716181497, 160.38367671705782],
       [-97.73572246591644, 30.28748707364802, 156.88489369023591],
       [-97.73570512801376, 30.28749024725169, 150.24338968656957],
       [-97.73569373715625, 30.28748758229467, 148.75174368079752],
       [-97.73570436691482, 30.28753786538867, 156.51171689201146],
       [-97.73565846829244, 30.28755624015178, 174.74664615280926],
       [-97.73569722305749, 30.28746741358901, 175.63338856492192],
       [-97.73571548012977, 30.28744132944604, 167.88822493236512],
       [-97.73573664407968, 30.28748167724961, 169.76270905695856],
       [-97.73572588947029, 30.28751121929133, 175.95099228620529],
       [-97.73574378473519, 30.28749975805585, 168.35973182693124],
       [-97.73576429708724, 30.28749132719908, 156.17793184053153],
       [-97.73570693699054, 30.28751882364619, 160.31458911485970],
       [-97.73569330828329, 30.28754215805407, 166.54673479963094],
       [-97.73572848192131, 30.28748942812117, 158.75378748215735],
       [-97.73574359520777, 30.28750445307739, 155.75195319671184],
       [-97.73577328415936, 30.28750567128624, 145.24187314976007],
       [-97.73573792845255, 30.28752187880246, 170.44794614054263],
       [-97.73570471389758, 30.28753880082063, 173.35477032419294],
       [-97.73573214807001, 30.28751679984673, 163.99308324232697],
       [-97.73573075681506, 30.28753119656919, 173.39945143088698],
       [-97.73572546776879, 30.28753600614497, 173.75174742471427],
       [-97.73572689995102, 30.28753618722914, 170.76235988177359],
       [-97.73572169340260, 30.28753814894069, 170.32888385094702],
       [-97.73569438947831, 30.28753441299530, 169.43166068941355],
       [-97.73570229364489, 30.28750569238288, 173.40397039614618],
       [-97.73567843513115, 30.28753306282184, 174.42088858317584],
       [-97.73572897049642, 30.28758080036637, 159.32307064253837],
       [-97.73579997306771, 30.28752206718995, 159.53817582223564],
       [-97.73577166384639, 30.28755125368893, 158.90488742850721],
       [-97.73572832588194, 30.28755818067067, 167.18645987939090],
       [-97.73576160550307, 30.28753737645537, 170.02179839275777],
       [-97.73576131761887, 30.28752157903257, 174.69617362506688],
       [-97.73569684815801, 30.28752817979100, 181.36072525382042],
       [-97.73573179568024, 30.28758795023693, 164.77521182782948],
       [-97.73571059686138, 30.28757460221340, 159.40819382108748],
       [-97.73575551305561, 30.28755231684519, 159.98248984944075],
       [-97.73575312892415, 30.28757744439305, 162.07159236073494],
       [-97.73574369867929, 30.28756910663596, 164.28783902246505],
       [-97.73576024721095, 30.28757431540190, 167.64255363587290],
       [-97.73571698165755, 30.28755859927688, 173.34658517595381],
       [-97.73572920173008, 30.28755856288479, 176.85300702694803],
       [-97.73576284213178, 30.28754669233193, 176.11097333766520],
       [-97.73574707380025, 30.28754400810868, 175.28416514862329],
       [-97.73569817428485, 30.28753025394886, 183.26041390281171],
       [-97.73573089254094, 30.28754386031473, 181.62291207350791],
       [-97.73571047960340, 30.28757881557577, 183.00672504957765],
       [-97.73573982967920, 30.28759338922296, 162.18797744996846],
       [-97.73573408447125, 30.28758635555509, 175.06281810998917],
       [-97.73576464439770, 30.28756394810623, 167.42221591155976],
       [-97.73572452506303, 30.28758745312439, 166.97111742570996],
       [-97.73575618585828, 30.28755597795310, 163.21514877397567],
       [-97.73574425806022, 30.28757627730552, 168.68139696028084],
       [-97.73573031837870, 30.28756759182830, 175.06354182958603],
       [-97.73569098282459, 30.28759987442511, 183.14736091252416],
       [-97.73570545481458, 30.28751788534575, 178.35455127432942],
       [-97.73569453124755, 30.28749765986608, 178.85859239939600],
       [-97.73568432917565, 30.28754638791074, 170.38033984228969],
       [-97.73572340530264, 30.28756039680118, 169.95415534637868],
       [-97.73571588221861, 30.28757051447848, 173.55440978147089],
       [-97.73575091028688, 30.28756810719959, 169.58220879547298],
       [-97.73577750777801, 30.28753262285730, 162.50060454662889],
       [-97.73573616416233, 30.28754916774678, 165.58939330931753],
       [-97.73571678641574, 30.28754572946277, 176.14192919060588],
       [-97.73575223854415, 30.28752703726924, 179.42597834300250],
       [-97.73574821847590, 30.28753950786272, 181.66184994392097],
       [-97.73571807596716, 30.28750177616885, 167.19169792905450],
       [-97.73567340669042, 30.28757317343463, 181.14216419961303],
       [-97.73566101818238, 30.28758224353511, 178.76756542082876],
       [-97.73571727405535, 30.28754952379560, 168.41425271425396],
       [-97.73575148883401, 30.28755574774674, 163.64054899662733],
       [-97.73574399493617, 30.28753141124787, 174.99213431496173],
       [-97.73575562498418, 30.28753988445797, 174.40419724304229],
       [-97.73572003220806, 30.28757062033912, 166.33266692329198],
       [-97.73573974809516, 30.28757626655815, 168.07377987634391],
       [-97.73573472503914, 30.28752699739118, 163.44178709201515],
       [-97.73576558666906, 30.28749785123764, 170.21953853592277],
       [-97.73576467447813, 30.28751097868547, 174.15309177059680],
       [-97.73576092886876, 30.28754330792502, 169.02486383449286],
       [-97.73575707443710, 30.28749616281993, 165.82635224144906],
       [-97.73573658823763, 30.28747512844728, 164.65063923038542],
       [-97.73577152863403, 30.28749792250358, 156.26929217297584],
       [-97.73576666976324, 30.28752325362136, 160.57792476285249],
       [-97.73578802867131, 30.28751422279945, 148.74668941088021],
       [-97.73577476745801, 30.28750701485707, 140.44186037871987],
       [-97.73574543704565, 30.28751863406583, 148.77866632863879],
       [-97.73574299487727, 30.28756266290031, 159.51090966537595],
       [-97.73575345162375, 30.28753108552055, 161.86841585487127],
       [-97.73577686001593, 30.28748741972374, 157.45097411423922],
       [-97.73575020218621, 30.28751871094094, 165.04096624627709],
       [-97.73575089063993, 30.28751517709803, 175.20685653109103],
       [-97.73570857488028, 30.28755225172944, 175.53295776993036],
       [-97.73574344233116, 30.28752454749405, 158.16801379062235],
       [-97.73574460567627, 30.28753416497752, 155.92040800768882],
       [-97.73573403502097, 30.28751301782744, 151.90002123918384],
       [-97.73575394589258, 30.28750285635525, 158.61773210484535],
       [-97.73575495233291, 30.28750748895427, 154.19696635939181],
       [-97.73573424838466, 30.28751469220841, 152.93174453638494],
       [-97.73571323009607, 30.28751418741567, 160.67083877976984],
       [-97.73571747232403, 30.28751186733918, 170.20310277305543],
       [-97.73570104519293, 30.28751677816140, 168.68139989860356],
       [-97.73576084903908, 30.28751482537458, 170.29231880046427],
       [-97.73571727814064, 30.28751582572429, 173.76060638390481],
       [-97.73568824750400, 30.28752877105010, 173.31744670588523],
       [-97.73569804921826, 30.28750805446512, 159.59210132900625],
       [-97.73571094134810, 30.28749866866239, 164.48023208696395],
       [-97.73573275871239, 30.28751379836567, 161.81942794565111],
       [-97.73573020400987, 30.28751272014095, 161.65023254510015],
       [-97.73573897324988, 30.28753047193640, 159.76369967125356],
       [-97.73576188253000, 30.28753159640464, 157.78616710100323],
       [-97.73577844111011, 30.28752880942529, 162.34884548746049],
       [-97.73573986966900, 30.28752261468986, 168.21446566004306],
       [-97.73575148708765, 30.28750676001170, 177.32439822237939],
       [-97.73572991340779, 30.28748607596432, 172.48982398025692],
       [-97.73572534632422, 30.28751983804013, 166.60297033283859],
       [-97.73566755640840, 30.28753444009363, 175.87729044631124],
       [-97.73571842979533, 30.28750049210572, 163.11983154620975],
       [-97.73573856536366, 30.28750668555867, 157.54365602880716],
       [-97.73575691838323, 30.28749572486949, 155.80497237294912],
       [-97.73575009962322, 30.28750311191015, 161.34844056330621],
       [-97.73573847604713, 30.28747993593228, 160.76815761625767],
       [-97.73575742112563, 30.28749346545005, 161.36328884493560],
       [-97.73577973942479, 30.28747815203497, 157.40989525988698],
       [-97.73574439499230, 30.28751109880328, 174.15958266239613],
       [-97.73573408455101, 30.28751851162800, 183.86925183422863],
       [-97.73572571255674, 30.28750162216420, 177.31218138057739],
       [-97.73571250836329, 30.28750068503044, 169.60548825282604],
       [-97.73568524090028, 30.28751990505720, 168.37609802279621],
       [-97.73571826255959, 30.28748145728440, 175.61457554902881],
       [-97.73574065720317, 30.28749864027017, 169.93942472711205],
       [-97.73571348168868, 30.28750016293123, 156.83249471057206],
       [-97.73572902564013, 30.28749884055104, 158.52032672241330],
       [-97.73575070506286, 30.28751736609226, 157.58060812577605],
       [-97.73576087014929, 30.28755991400529, 163.99557297956198],
       [-97.73576242855552, 30.28754393015519, 170.88836390618235],
       [-97.73573116526231, 30.28754843248322, 162.54676990862936],
       [-97.73573671525266, 30.28750834494623, 156.92534097190946],
       [-97.73572409609562, 30.28754248552265, 177.81073089875281],
       [-97.73570757317270, 30.28751646094497, 175.79864874295890],
       [-97.73568864131791, 30.28751717178042, 169.51003882568330],
       [-97.73572262837523, 30.28749620610976, 167.90948533546180],
       [-97.73569639179551, 30.28751098003938, 176.95837781112641],
       [-97.73573670362541, 30.28752772525633, 169.78954143263400],
       [-97.73570727807606, 30.28752267405142, 163.68163575325161],
       [-97.73569244749162, 30.28755293608812, 170.68526936601847],
       [-97.73572774239219, 30.28755308952952, 169.49188341293484],
       [-97.73574948193152, 30.28753737952793, 163.66016828268766],
       [-97.73575281520711, 30.28752962371656, 162.11709573119879],
       [-97.73571888428620, 30.28750219363447, 158.06273373495787],
       [-97.73576726925646, 30.28744364156036, 163.83282483182847],
       [-97.73574979362205, 30.28747624855739, 181.83762742392719],
       [-97.73575356263228, 30.28749594866786, 173.03430991526693],
       [-97.73570733193644, 30.28751542280576, 174.71626679413021],
       [-97.73569540735551, 30.28754727308646, 179.98198819532990],
       [-97.73568556225182, 30.28755549496977, 181.58485200162977],
       [-97.73569827582020, 30.28753370624214, 171.71972673665732],
       [-97.73567985839051, 30.28751379781947, 170.19790973514318],
       [-97.73570446922236, 30.28752154237531, 157.85769062209874],
       [-97.73571227327996, 30.28755131161503, 163.52550639398396],
       [-97.73571273240040, 30.28759177873490, 164.17508064955473],
       [-97.73570396474601, 30.28754866595078, 170.47429720964283],
       [-97.73567231702309, 30.28756836185852, 173.52841865457594],
       [-97.73570682455558, 30.28750798205157, 169.99926444329321],
       [-97.73575713175505, 30.28750969018479, 178.45163626968861],
       [-97.73573874641635, 30.28754223564818, 180.61180967092514],
       [-97.73568845081364, 30.28752750595973, 172.34077637549490],
       [-97.73568030260587, 30.28755244070634, 175.20062292646617],
       [-97.73572487620413, 30.28753298994546, 178.30081170890480],
       [-97.73572167983646, 30.28752355224472, 178.97102731093764],
       [-97.73561201563751, 30.28758190332459, 183.73969476949424],
       [-97.73565880015217, 30.28757871851771, 168.55909169651568],
       [-97.73574650117654, 30.28756987810457, 169.46963687427342],
       [-97.73576356601228, 30.28753326372158, 177.89434803556651],
       [-97.73573528572381, 30.28756840490254, 176.96006653737277],
       [-97.73571827533848, 30.28754448365182, 168.81854932010174],
       [-97.73574815426137, 30.28752468267099, 171.69699090439826],
       [-97.73571230815212, 30.28755076061061, 177.64797062426805],
       [-97.73572528744778, 30.28756809036388, 168.09666774328798],
       [-97.73573217028067, 30.28753084380811, 165.87277299538255],
       [-97.73571537759393, 30.28752456851343, 166.77303530462086],
       [-97.73570712636609, 30.28752085952841, 160.71245556045324],
       [-97.73571737583268, 30.28758117921547, 173.48826990462840],
       [-97.73570714226943, 30.28759429671003, 179.80603112466633],
       [-97.73569468872246, 30.28760135407036, 180.38112562708557],
       [-97.73573019632596, 30.28756994086318, 180.53896765690297],
       [-97.73577101044353, 30.28752276032072, 174.04302618373185],
       [-97.73573880403690, 30.28755335839282, 169.14604768995196],
       [-97.73571127333446, 30.28758392324839, 180.46433177869767],
       [-97.73571964383936, 30.28760376138033, 182.10042538121343],
       [-97.73576533974941, 30.28758852034840, 171.99378685839474],
       [-97.73571493925920, 30.28755044746395, 171.51893027964979],
       [-97.73571408817627, 30.28753915866757, 167.03779651876539],
       [-97.73577368805995, 30.28752611746569, 167.18579218070954],
       [-97.73578556961617, 30.28756508469435, 176.35811470821500],
       [-97.73571305501670, 30.28752863711193, 166.08822507970035],
       [-97.73574972134229, 30.28753391441137, 177.82308327686042],
       [-97.73576258861745, 30.28753813998813, 170.65558853093535],
       [-97.73572447427595, 30.28755114355230, 177.30262358672917],
       [-97.73567320382622, 30.28757071076125, 170.75222899578512],
       [-97.73570000623482, 30.28757903594210, 167.10589225962758],
       [-97.73570700741234, 30.28751913991659, 174.33913299813867],
       [-97.73574767135096, 30.28753891707161, 183.27593082841486],
       [-97.73576341160876, 30.28754636213337, 175.44472956098616],
       [-97.73572062780767, 30.28754830291428, 184.45360002014786],
       [-97.73572586596076, 30.28752542304182, 174.58128619845957],
       [-97.73572853132265, 30.28754802343007, 173.39114914461970],
       [-97.73575590917416, 30.28755924542502, 169.32376988418400],
       [-97.73573903959299, 30.28759733303414, 180.99843753315508],
       [-97.73573310839978, 30.28757939021413, 176.10574722755700],
       [-97.73575489905343, 30.28754226547226, 164.80796569492668],
       [-97.73574838097191, 30.28756138962221, 165.55218922812492],
       [-97.73572517185455, 30.28753863972301, 176.70289056468755],
       [-97.73568197604330, 30.28755597225783, 177.31699239835143],
       [-97.73567286586234, 30.28755313529119, 175.44956489279866],
       [-97.73573196248203, 30.28752780000402, 172.07721172273159],
       [-97.73576487185530, 30.28756076315802, 179.68630197830498],
       [-97.73575272591575, 30.28754750542716, 177.96295080613345],
       [-97.73576357955569, 30.28751359228456, 174.82474892679602],
       [-97.73577324726308, 30.28749230356900, 163.90879112482071],
       [-97.73581388208736, 30.28752140547508, 172.14397252909839],
       [-97.73575955023226, 30.28754438690099, 172.51330007240176],
       [-97.73574554335650, 30.28753174704167, 165.61209578998387],
       [-97.73576708705856, 30.28750980582643, 165.08752429578453],
       [-97.73576148625862, 30.28749236276217, 165.32817095424980],
       [-97.73572074934275, 30.28748439704226, 171.66428982838988],
       [-97.73570982853197, 30.28751496170110, 174.74105904716998],
       [-97.73570614269097, 30.28755460539840, 178.51211365219206],
       [-97.73576207134396, 30.28748164693781, 168.20000213105232],
       [-97.73572808591605, 30.28752873354078, 173.50318071618676],
       [-97.73574591952145, 30.28753416329215, 178.39703674148768],
       [-97.73580207873873, 30.28748494677955, 170.24761837627739],
       [-97.73579906580744, 30.28745235490999, 157.56071586441249],
       [-97.73577082846812, 30.28745434804151, 158.28630653209984],
       [-97.73573758417491, 30.28747094104421, 159.48805098235607],
       [-97.73576775384109, 30.28750284616033, 161.84166328236461],
       [-97.73578403899995, 30.28749521739972, 155.24622293654829],
       [-97.73574508799119, 30.28748498679034, 156.47181472554803],
       [-97.73573878688765, 30.28755468903070, 171.61945256125182],
       [-97.73575617689619, 30.28756760349414, 178.25050620082766],
       [-97.73573583184623, 30.28755257677516, 173.66484297439456],
       [-97.73575094038689, 30.28752708656448, 172.25678202509880],
       [-97.73573153697470, 30.28750203640364, 165.11179443448782],
       [-97.73575444334348, 30.28752146561870, 178.83729006722569],
       [-97.73575834234713, 30.28752341435965, 166.18501745723188],
       [-97.73577777223157, 30.28753030910806, 160.43961457628757],
       [-97.73577761073075, 30.28750525114006, 145.60604941006750],
       [-97.73577158827734, 30.28749339614245, 145.58197707962245],
       [-97.73574036705011, 30.28753971547486, 148.31371091213077],
       [-97.73578596562389, 30.28755777426607, 156.47241482976824],
       [-97.73575514398757, 30.28753996411119, 156.52449283748865],
       [-97.73571686215942, 30.28755248772515, 161.89286859892309],
       [-97.73576989699907, 30.28751265652521, 156.23554302565753],
       [-97.73578752371769, 30.28751994665004, 176.24024131800979],
       [-97.73575871278909, 30.28755249214505, 170.68136752955616],
       [-97.73572892108282, 30.28752527153302, 166.92806362919509],
       [-97.73570110397331, 30.28751374722464, 162.64430965483189],
       [-97.73574905726640, 30.28752480053594, 156.19941722229123],
       [-97.73574476914588, 30.28756254825547, 167.75776812527329],
       [-97.73575108568426, 30.28757015075843, 166.78506849892437],
       [-97.73572293468465, 30.28757754186838, 154.37634730432183],
       [-97.73572072875014, 30.28758432190502, 154.97279185615480],
       [-97.73577457287327, 30.28754483418000, 150.79348557256162],
       [-97.73573309087745, 30.28754635805846, 155.09635178651661],
       [-97.73568969138346, 30.28756107296119, 166.99481539521366],
       [-97.73569983111213, 30.28753952587290, 159.88637631200254],
       [-97.73572580341538, 30.28750647682394, 163.93796484172344],
       [-97.73575182326233, 30.28749694849458, 171.05613858532161],
       [-97.73572524996138, 30.28753160597168, 169.73699949216098],
       [-97.73574919372975, 30.28753495962349, 159.68724800553173],
       [-97.73576146094507, 30.28751233036587, 155.47543438151479],
       [-97.73577389661071, 30.28751799775412, 160.75156012736261],
       [-97.73577589677350, 30.28753965059718, 165.15371678583324],
       [-97.73574728748147, 30.28756616693682, 160.57795456983149],
       [-97.73578693981101, 30.28753791120189, 148.58981169294566],
       [-97.73580570905020, 30.28751779680029, 148.96975482068956],
       [-97.73576402385386, 30.28755412849718, 164.20208623912185],
       [-97.73575381431320, 30.28755462930422, 163.31945696752518],
       [-97.73579262768814, 30.28752080374496, 159.13736386597157],
       [-97.73579644985304, 30.28749840566683, 153.88856821972877],
       [-97.73576927744615, 30.28750714004771, 168.53927423898131],
       [-97.73574759109715, 30.28755672531377, 176.46615086961538],
       [-97.73576320566015, 30.28753102676056, 174.95071066077799],
       [-97.73578649059773, 30.28750148367409, 168.41943694837391],
       [-97.73578945785655, 30.28751015466258, 162.17091381642967],
       [-97.73577854039770, 30.28758052439336, 168.43808642029762],
       [-97.73579372534215, 30.28758082810801, 160.10105464141816],
       [-97.73578343322815, 30.28755938982873, 152.94310716632754],
       [-97.73576379490554, 30.28755843475555, 143.35949284117669],
       [-97.73577246144768, 30.28757744928248, 160.89905199222267],
       [-97.73577347412329, 30.28755370238830, 156.23243922740221],
       [-97.73576580757927, 30.28755218005164, 155.60613142885268],
       [-97.73575897113382, 30.28752647066648, 161.88719966914505],
       [-97.73574211556847, 30.28754566180434, 169.09011531900615],
       [-97.73574386518672, 30.28754855911430, 172.24031707830727],
       [-97.73577479411982, 30.28754946510066, 166.54275870602578],
       [-97.73577462197196, 30.28756789626143, 159.67831517942250],
       [-97.73581870999789, 30.28754057634320, 160.69595588184893],
       [-97.73578926220439, 30.28757615945265, 166.69619699567556],
       [-97.73576780523022, 30.28758719019432, 171.50873618014157],
       [-97.73577116881886, 30.28755403058685, 165.77540341019630],
       [-97.73577616186365, 30.28754105822256, 152.14547962881625],
       [-97.73576647807457, 30.28756851218782, 150.27595809008926],
       [-97.73578283773227, 30.28754981920043, 144.27924757264555],
       [-97.73576687786671, 30.28753995632181, 145.63597151357681],
       [-97.73573719468712, 30.28754737709244, 152.05089010670781],
       [-97.73574383160987, 30.28753483979491, 154.07859053649008],
       [-97.73573845268422, 30.28751737463991, 154.78038209490478],
       [-97.73577328512343, 30.28756749446106, 171.68965013138950],
       [-97.73576689716090, 30.28757375087096, 164.24351650755852],
       [-97.73575910294392, 30.28755608172780, 157.88059103395790],
       [-97.73575741518783, 30.28757557841172, 155.39149350300431],
       [-97.73577737977456, 30.28757395872930, 159.18646843172610],
       [-97.73576892033630, 30.28754651837680, 150.65378348901868],
       [-97.73578752724934, 30.28754027597676, 146.86513005383313],
       [-97.73579380763337, 30.28756630664244, 156.72911802958697],
       [-97.73580487032910, 30.28758622425533, 176.23984619509429],
       [-97.73580487695970, 30.28753753305704, 171.51819539908320],
       [-97.73576633276238, 30.28753654889612, 166.48540525604039],
       [-97.73576992083150, 30.28755059600893, 153.65853928681463],
       [-97.73574734052421, 30.28755826479306, 168.20512666832656],
       [-97.73572975948998, 30.28754856661409, 175.35834321752191],
       [-97.73572549235254, 30.28755769788045, 168.67546988558024],
       [-97.73571855504372, 30.28753765746091, 164.43179801106453],
       [-97.73572201644184, 30.28756203864269, 151.11986550316215],
       [-97.73571541829277, 30.28756243002310, 162.43067972920835],
       [-97.73574344023439, 30.28753365749513, 167.38271187897772],
       [-97.73577817635221, 30.28756269433072, 162.96683191042393],
       [-97.73578561538201, 30.28755999290762, 171.69480551313609],
       [-97.73579408750548, 30.28757683276369, 171.96034912765026],
       [-97.73575775679811, 30.28760192963363, 178.74186164233834],
       [-97.73574504791267, 30.28757628410331, 176.84911242872477],
       [-97.73574510878660, 30.28756500652645, 167.44000522885472],
       [-97.73573215173347, 30.28756001521116, 165.53118038829416],
       [-97.73570605456348, 30.28760705576368, 172.91801705397666],
       [-97.73571632588775, 30.28758841331497, 171.90272611565888],
       [-97.73570719055949, 30.28757045618602, 175.05196140985936],
       [-97.73574622628880, 30.28757086546482, 172.88552587293088],
       [-97.73571299775173, 30.28755634211381, 175.91206601820886],
       [-97.73575581776626, 30.28752782786550, 167.87942615151405],
       [-97.73576893624251, 30.28755693473224, 157.97322054672986],
       [-97.73576483176608, 30.28755122610136, 164.79838097933680],
       [-97.73576005070200, 30.28756256253464, 169.11365078575909],
       [-97.73578223242016, 30.28754672156358, 172.27327078860253],
       [-97.73575026027649, 30.28753263317056, 172.95889207068831],
       [-97.73573100120313, 30.28755218874948, 164.36043682601303],
       [-97.73572007712987, 30.28752099516672, 172.07211133185774],
       [-97.73576895306134, 30.28750433722866, 168.64394340943545],
       [-97.73575259694337, 30.28752527149036, 167.18458983674645],
       [-97.73577131839380, 30.28751955062693, 165.79612219985574],
       [-97.73577821861106, 30.28752566269510, 164.96476572658867],
       [-97.73574507876769, 30.28755418000643, 174.19280359614640],
       [-97.73577209876873, 30.28748114571852, 169.92347326036543],
       [-97.73579441624430, 30.28748169755086, 158.94401250313967],
       [-97.73573608448899, 30.28753238729949, 175.01864686794579],
       [-97.73575548812904, 30.28752038718267, 179.78920734487474],
       [-97.73572220975187, 30.28751825611174, 184.79965200740844],
       [-97.73571682798695, 30.28752821704199, 177.11406988371164],
       [-97.73577583086002, 30.28748079441794, 163.12889221869409],
       [-97.73579428850813, 30.28747601944024, 146.40141375921667],
       [-97.73576528987817, 30.28749665843253, 171.57130997814238],
       [-97.73576160232662, 30.28747766611440, 160.72880100179464],
       [-97.73583440338946, 30.28746497237466, 155.66921606194228],
       [-97.73571782013643, 30.28753184048071, 167.21670887060463],
       [-97.73574213933648, 30.28753558275318, 155.79838083032519],
       [-97.73576879297730, 30.28751731205337, 172.55965824797750],
       [-97.73572248019292, 30.28749762493459, 171.12892772164196],
       [-97.73571711858960, 30.28747824012398, 168.38932836148888],
       [-97.73576714881251, 30.28746079802868, 171.33046000450850],
       [-97.73573052369974, 30.28753166471235, 177.90361540019512],
       [-97.73571950591291, 30.28749316314521, 168.68304703384638],
       [-97.73570422110102, 30.28750038628909, 160.56031475216150],
       [-97.73571505598208, 30.28749317749160, 153.19610441289842],
       [-97.73575295573535, 30.28749969958968, 165.76295153051615],
       [-97.73575597846444, 30.28748660159831, 175.77304384298623],
       [-97.73576394187802, 30.28750003362793, 183.36086618527770],
       [-97.73578040978479, 30.28749119032469, 173.01424345653504],
       [-97.73580184879643, 30.28746047110954, 160.57812528032809],
       [-97.73575065666678, 30.28747368745818, 170.46509157679975],
       [-97.73573663994119, 30.28748626961024, 170.73347989656031],
       [-97.73573145140091, 30.28752506673229, 164.85542078129947],
       [-97.73573101193703, 30.28751023025829, 165.80241169687361],
       [-97.73570760528727, 30.28751411549595, 172.79216472618282],
       [-97.73575758314252, 30.28750258444470, 163.26606627274305],
       [-97.73573962741303, 30.28749592878097, 166.97832885012031],
       [-97.73575714506384, 30.28743462639459, 158.56543226819485],
       [-97.73578151977851, 30.28743087957634, 155.12096041720361],
       [-97.73578290528370, 30.28743916791455, 170.13194588012993],
       [-97.73577753127539, 30.28745192721059, 172.51034514233470],
       [-97.73577281656485, 30.28748007636772, 173.98903465084732],
       [-97.73577578962870, 30.28753860366939, 176.31254918873310],
       [-97.73573809632516, 30.28755957114920, 170.45675004832447],
       [-97.73574135266756, 30.28753507963570, 178.00685007311404],
       [-97.73573609366400, 30.28750268632426, 160.64168569445610],
       [-97.73571999383248, 30.28747894842888, 156.03866509441286],
       [-97.73570145831420, 30.28746961605424, 162.15200585126877],
       [-97.73572403204368, 30.28747044289847, 160.01827749423683],
       [-97.73575726403465, 30.28747876124471, 167.16169959213585],
       [-97.73571135818030, 30.28749298887876, 163.03232618793845],
       [-97.73568344960132, 30.28751560210275, 170.39617696125060],
       [-97.73572266978387, 30.28753023245622, 172.76667205523700],
       [-97.73577644471192, 30.28748105433788, 166.75499838683754],
       [-97.73582110487446, 30.28745599928673, 167.64477997086942],
       [-97.73578846334212, 30.28747705741873, 160.84623465407640],
       [-97.73578028915337, 30.28751224938771, 159.48230605106801],
       [-97.73572077451428, 30.28752947768324, 159.06202030740678],
       [-97.73574146529350, 30.28750206569693, 161.79246971290559],
       [-97.73574255569258, 30.28747972237380, 153.49638963118196],
       [-97.73571917422962, 30.28748506176107, 166.22890163771808],
       [-97.73570596738388, 30.28752986274576, 185.59727994073182],
       [-97.73577347814096, 30.28750015141717, 164.44546056631953],
       [-97.73576556948983, 30.28749882463418, 162.34177725948393],
       [-97.73575701346476, 30.28753531955134, 163.90176100190729],
       [-97.73573628319843, 30.28751861544892, 169.33664752170444],
       [-97.73572679425369, 30.28750724740470, 154.32798942551017],
       [-97.73576396146447, 30.28752108679079, 152.78731493744999],
       [-97.73578532783253, 30.28754114073174, 156.98187048081309],
       [-97.73576532451284, 30.28752112790415, 154.71381577849388],
       [-97.73574664379097, 30.28752055673376, 160.73281932994723],
       [-97.73574252804171, 30.28748402891423, 165.42499138601124],
       [-97.73572646206406, 30.28752269373858, 168.96129469852895],
       [-97.73573842683393, 30.28755361640239, 180.53371719270945],
       [-97.73571803099060, 30.28750538801619, 177.32164122816175],
       [-97.73574339409170, 30.28750183665103, 164.24937504716218],
       [-97.73571661425558, 30.28755945557246, 167.28562828432769],
       [-97.73570540169928, 30.28753592487873, 163.97986184805632],
       [-97.73574863980831, 30.28754573545304, 158.00765918567777],
       [-97.73577481161453, 30.28753625500668, 150.59670252911747],
       [-97.73576175668239, 30.28753686174597, 160.80997252091765],
       [-97.73576003707240, 30.28756237953395, 170.14732890762389],
       [-97.73572873013957, 30.28755162880912, 167.56310519296676],
       [-97.73575594522204, 30.28753428027023, 166.21268232073635],
       [-97.73572977982387, 30.28751069304343, 167.62063495535403],
       [-97.73573411340467, 30.28749783849110, 166.97683460079134],
       [-97.73569726140724, 30.28753522578880, 174.26928269583732],
       [-97.73570633835224, 30.28751228514295, 175.64651463460177],
       [-97.73570103398396, 30.28752090851354, 174.06851250771433],
       [-97.73569020544039, 30.28752344053904, 171.28938631154597],
       [-97.73572275346656, 30.28753531366660, 169.59284378122538],
       [-97.73576390989064, 30.28757599678344, 168.40037202369422],
       [-97.73579020128902, 30.28750344238592, 149.41370894573629],
       [-97.73574481591345, 30.28750004974702, 153.20553576108068],
       [-97.73574882749726, 30.28751523321571, 163.32969251833856],
       [-97.73578009096920, 30.28751869799413, 163.35374036617577],
       [-97.73578277981412, 30.28752126275939, 157.71792531106621],
       [-97.73576585027519, 30.28751164538830, 165.28847158420831],
       [-97.73573916631349, 30.28754393489146, 167.53725621849298],
       [-97.73576074268496, 30.28753356209720, 169.55600627325475],
       [-97.73575420832579, 30.28752498278526, 176.37527531292289],
       [-97.73571306958050, 30.28754172760915, 174.12244436051697],
       [-97.73574507031864, 30.28749819526009, 166.21108638029546],
       [-97.73579142256257, 30.28751769708427, 156.08754207100719],
       [-97.73581835529734, 30.28751408084667, 152.50240531098098],
       [-97.73577806550590, 30.28752568020172, 160.86583075020462],
       [-97.73575727560728, 30.28753402992444, 168.55305907037109],
       [-97.73580249292166, 30.28752411540101, 160.39935026504099],
       [-97.73583040732373, 30.28753811548164, 158.58195449784398],
       [-97.73578285959022, 30.28756522699375, 159.97756069339812],
       [-97.73575819989078, 30.28753830389865, 174.18573832046241],
       [-97.73573605085295, 30.28755272411130, 177.62677363771945],
       [-97.73574466348717, 30.28755135844840, 169.43921052198857],
       [-97.73578519205033, 30.28753937080320, 166.88500605709851],
       [-97.73576867023073, 30.28750952051352, 155.70678357779980],
       [-97.73572856624531, 30.28755538693275, 158.54142119642347],
       [-97.73579022997362, 30.28758138674354, 159.83248620294034],
       [-97.73577722861354, 30.28758292634527, 156.88048138562590],
       [-97.73574388432164, 30.28757208503196, 168.74597088992596],
       [-97.73581082916452, 30.28754431308667, 166.99963125586510],
       [-97.73577962395422, 30.28753343365437, 165.46205996442586],
       [-97.73578020399341, 30.28750690342955, 163.96513533126563],
       [-97.73576077373245, 30.28750237316051, 165.24134371615946],
       [-97.73575234304982, 30.28750980754945, 157.04042959399521],
       [-97.73574607059676, 30.28753260522383, 160.06458433065563],
       [-97.73570612183248, 30.28756762647275, 161.02501810342073],
       [-97.73572626553189, 30.28753743334285, 154.98028765711933],
       [-97.73571530665475, 30.28755047202734, 161.04420606698841],
       [-97.73572362713759, 30.28755475400444, 164.20923883095384],
       [-97.73571514002904, 30.28756869608709, 170.55544539913535],
       [-97.73576543058350, 30.28752630381994, 160.44593738112599],
       [-97.73579776816825, 30.28754344295709, 165.75184645876288],
       [-97.73579843708680, 30.28752032756191, 175.99545648321509],
       [-97.73576285604901, 30.28753012068740, 178.45137335173786],
       [-97.73574296157608, 30.28753073095896, 167.51573539152741],
       [-97.73575531294405, 30.28754927109479, 174.25012678932399],
       [-97.73572363656687, 30.28755983719941, 169.86537995748222],
       [-97.73573548016284, 30.28755785194182, 171.38710561580956],
       [-97.73574356246500, 30.28755012025723, 168.98798274062574],
       [-97.73571013413782, 30.28755415587834, 162.97055424377322],
       [-97.73570834878564, 30.28755312789559, 163.73669854272157],
       [-97.73569704309139, 30.28755770561109, 165.82634577061981],
       [-97.73569883552419, 30.28755361147668, 176.19381670933217],
       [-97.73571467559906, 30.28755139864095, 179.32279467955232],
       [-97.73571317541386, 30.28754982180891, 170.56147054582834],
       [-97.73570405984366, 30.28753715767368, 171.30034783016890],
       [-97.73568235567564, 30.28755531826990, 171.03290784452111],
       [-97.73567805033422, 30.28757706170150, 177.95979436021298],
       [-97.73571056653782, 30.28752978313970, 164.08546558674425],
       [-97.73572841360574, 30.28755308640696, 168.32322972547263],
       [-97.73569755376614, 30.28758192727084, 173.48821223992854],
       [-97.73570029357035, 30.28758491466671, 171.69132706895471],
       [-97.73567482923720, 30.28760524703027, 172.90792563837022],
       [-97.73568780157215, 30.28755532132834, 168.06043480150402],
       [-97.73571541130603, 30.28751567114089, 165.14112052787095],
       [-97.73577823015445, 30.28749704072757, 165.62605382129550],
       [-97.73577024477018, 30.28749639552723, 173.75644364859909],
       [-97.73571827906180, 30.28754967218360, 170.14632753189653],
       [-97.73570306488385, 30.28755485549090, 160.36030727252364],
       [-97.73569388662571, 30.28757306222922, 164.31023151893169],
       [-97.73573036835428, 30.28755560308772, 155.47818606067449],
       [-97.73573465133424, 30.28752990338655, 162.28274914436042],
       [-97.73568810859341, 30.28758459435037, 163.12968512997031],
       [-97.73572916512295, 30.28752549859346, 156.77693428844213],
       [-97.73572465305736, 30.28751117025752, 153.92622916679829],
       [-97.73572100406125, 30.28752408328892, 170.62162713427097],
       [-97.73573125782123, 30.28754471667119, 175.37144134100527],
       [-97.73573197277490, 30.28751913140835, 166.53726580552757],
       [-97.73574338178780, 30.28754237814994, 163.42966715339571],
       [-97.73570831365865, 30.28755060586337, 168.46786288265139],
       [-97.73570000026105, 30.28756667085160, 166.88271334301680],
       [-97.73569051869789, 30.28759286622749, 159.70633228309453],
       [-97.73570288032607, 30.28756400896400, 159.73430959042162],
       [-97.73572506398278, 30.28753373391178, 166.88108379300684],
       [-97.73571065805149, 30.28754258317096, 175.01511189807206],
       [-97.73576535214468, 30.28749151204676, 167.07148815412074],
       [-97.73572889543624, 30.28753169644472, 157.90428550448269],
       [-97.73569426149591, 30.28756609081044, 162.15419442858547],
       [-97.73566936230489, 30.28756294174779, 170.06517128087580],
       [-97.73566633495909, 30.28755157963046, 175.42256739363074],
       [-97.73571630618135, 30.28753928381189, 170.91926435381174],
       [-97.73571430970759, 30.28756939080860, 172.54917853511870],
       [-97.73572917172254, 30.28751535771934, 169.91456440836191],
       [-97.73572689762956, 30.28755470468951, 175.65501099545509],
       [-97.73574130854647, 30.28756540477669, 160.44260500185192],
       [-97.73570704357626, 30.28757136595116, 164.77472413890064],
       [-97.73568408708810, 30.28757759483811, 176.07497857976705],
       [-97.73568240689484, 30.28758338771510, 174.27161653060466],
       [-97.73572854333493, 30.28752104143167, 168.44612560700625],
       [-97.73573263523086, 30.28752302310481, 161.38004123419523],
       [-97.73569819955057, 30.28753224225249, 168.73083546757698],
       [-97.73571135039175, 30.28754384223975, 167.45632076263428],
       [-97.73569728463434, 30.28757164194054, 172.49872027337551],
       [-97.73570152603556, 30.28754520147765, 166.34604162443429],
       [-97.73570369339114, 30.28748446502689, 158.35808325000107],
       [-97.73569559049703, 30.28750919896170, 162.20286819618195],
       [-97.73569501707004, 30.28753652331250, 172.67980174534023],
       [-97.73565532349713, 30.28758773372848, 168.36707923747599],
       [-97.73567303459544, 30.28755730617333, 155.24387644883245],
       [-97.73569895389210, 30.28754343323006, 156.76320840790868],
       [-97.73571596331745, 30.28752309017854, 160.73415309283882],
       [-97.73575575918900, 30.28750420290210, 157.19812752213329],
       [-97.73568547912556, 30.28753750125300, 161.85101526789367],
       [-97.73570368712807, 30.28751745655004, 155.14950937405229],
       [-97.73572124801285, 30.28750328251521, 158.80313412100077],
       [-97.73570600966158, 30.28751367561383, 172.75092483218759],
       [-97.73571878841229, 30.28752641959093, 174.51891398150474],
       [-97.73566220022151, 30.28754741554038, 172.89293231163174],
       [-97.73567503269427, 30.28754802470872, 163.35651682596654],
       [-97.73567461116518, 30.28755828293991, 158.28548887837678],
       [-97.73565371537971, 30.28756130191703, 174.61091205850244],
       [-97.73570529329477, 30.28751636141300, 169.98398694582283],
       [-97.73572632438052, 30.28756297900047, 166.98277556896210],
       [-97.73569345372697, 30.28756279266639, 173.60496959462762],
       [-97.73572963717281, 30.28752577433226, 163.63769024983048],
       [-97.73575610310455, 30.28752018229815, 164.62589355930686],
       [-97.73574081683016, 30.28752710596283, 168.35550359357148],
       [-97.73574212430429, 30.28751938820512, 159.23824950400740],
       [-97.73568895448689, 30.28754089608036, 173.05481042154133],
       [-97.73567286801674, 30.28753142287684, 168.41169217880815],
       [-97.73568517558112, 30.28752257264624, 167.00418611895293],
       [-97.73566683075103, 30.28754394819237, 170.83314321283251],
       [-97.73570929333941, 30.28753180388149, 172.13886708393693],
       [-97.73570224451340, 30.28752721653807, 171.34175852127373],
       [-97.73570043081091, 30.28753933094900, 161.86418836191297],
       [-97.73569908151067, 30.28755079750432, 161.53151087183505],
       [-97.73569923545350, 30.28754295286580, 176.70942487660795],
       [-97.73568971546518, 30.28754505843030, 179.89229781180620],
       [-97.73572221182231, 30.28756963521490, 171.90074024628848],
       [-97.73572581478346, 30.28754935429826, 165.86583177186549],
       [-97.73571731642075, 30.28753353645250, 164.18093615770340],
       [-97.73566979975075, 30.28759305838950, 162.97296434640884],
       [-97.73571983650754, 30.28757439226096, 166.93798341136426],
       [-97.73569990991828, 30.28754357446960, 161.56459760665894],
       [-97.73568048239966, 30.28755353648743, 167.57811517268419],
       [-97.73570249885434, 30.28753571831942, 177.09635165054351],
       [-97.73568633682349, 30.28755508949271, 172.77965092007071],
       [-97.73568788432023, 30.28755874022437, 174.13446933869272],
       [-97.73571403008170, 30.28754754402588, 168.86198964715004],
       [-97.73567705664983, 30.28755075344963, 159.10431353654712],
       [-97.73566557493027, 30.28754608249375, 175.40099185518920],
       [-97.73571813655228, 30.28753394222277, 183.68233937025070],
       [-97.73571476693409, 30.28753083764917, 172.30004294682294],
       [-97.73571978728533, 30.28752519519283, 166.33773336932063],
       [-97.73571717465838, 30.28750252108316, 170.38070799782872],
       [-97.73570743872619, 30.28755042893598, 169.12956788204610],
       [-97.73573308687789, 30.28754294244350, 174.48960802052170],
       [-97.73567540723241, 30.28759784668830, 181.95069792401046],
       [-97.73566200954370, 30.28758436243177, 188.34566108789295],
       [-97.73568780717669, 30.28753385393114, 187.84442905988544],
       [-97.73571933261123, 30.28753714016886, 181.38716475572437],
       [-97.73570395463931, 30.28751105592562, 185.16987900063396],
       [-97.73567685525700, 30.28748669155928, 185.34895585663617],
       [-97.73563369827149, 30.28752575943288, 182.55039630457759],
       [-97.73570248760623, 30.28755305525885, 172.91395713388920],
       [-97.73574316923410, 30.28756920931501, 176.10161593463272],
       [-97.73574199666753, 30.28754577655054, 178.25571190379560],
       [-97.73570505588202, 30.28755783105279, 181.09243731666356],
       [-97.73571463417686, 30.28752015328990, 181.27041795849800],
       [-97.73574950579436, 30.28751047717729, 162.92203190550208],
       [-97.73572818377617, 30.28753727308000, 184.55700432322919],
       [-97.73570905154331, 30.28754239728220, 180.06630544643849],
       [-97.73570441814988, 30.28751759221775, 166.13450063765049],
       [-97.73570233462716, 30.28753302081930, 173.47852911334485],
       [-97.73572813569140, 30.28751661085384, 174.58816551044583],
       [-97.73571593985238, 30.28754084201424, 181.77148602996022],
       [-97.73568567245846, 30.28754008859300, 184.31129125133157],
       [-97.73569337566256, 30.28754086750011, 178.36726635321975],
       [-97.73573397874918, 30.28751784603135, 178.56063037272543],
       [-97.73576151855096, 30.28751517158837, 186.49885367043316],
       [-97.73574132292850, 30.28750137789744, 179.19212260749191],
       [-97.73576435838145, 30.28749470261491, 170.64703653845936],
       [-97.73576475225036, 30.28749400125929, 159.76171046681702],
       [-97.73573850829040, 30.28753714620196, 169.84123028069735],
       [-97.73574423721291, 30.28756462621351, 174.45075856242329],
       [-97.73569916613796, 30.28757726945398, 169.13201327901334],
       [-97.73567336261391, 30.28757157230125, 174.45398319326341],
       [-97.73569668027999, 30.28750184131477, 181.29623558837920],
       [-97.73571938724888, 30.28745204317014, 178.94382842630148],
       [-97.73568701442878, 30.28752188132983, 178.29227151442319],
       [-97.73571384944204, 30.28753044192585, 178.59269324317575],
       [-97.73573079177402, 30.28756913511606, 178.51501783542335],
       [-97.73571656643142, 30.28755935448858, 163.41489476338029],
       [-97.73572444122485, 30.28755488888601, 161.83802595268935],
       [-97.73571532178264, 30.28757812211830, 164.59560633264482],
       [-97.73570049109318, 30.28753825871481, 177.08732294850051],
       [-97.73573484003633, 30.28752457312192, 178.66681215912104],
       [-97.73572692182731, 30.28751138242534, 179.90343183372170],
       [-97.73572873823177, 30.28746984722315, 176.81617805361748],
       [-97.73569934161816, 30.28749573681162, 175.02698452770710],
       [-97.73571951164811, 30.28752474278086, 187.61618680600077],
       [-97.73576588922496, 30.28748055300082, 193.13556714635342],
       [-97.73571752975381, 30.28752082535257, 183.66374291479588],
       [-97.73567778003864, 30.28755306941384, 174.72908202372491],
       [-97.73570008925550, 30.28753149078336, 168.53619447071105],
       [-97.73576918242867, 30.28753612702437, 162.36470196302980],
       [-97.73576968690956, 30.28753932832525, 165.25525903608650],
       [-97.73576127170067, 30.28752944782858, 169.91195204108953],
       [-97.73577385389282, 30.28750535456216, 168.69144836440682],
       [-97.73578068216192, 30.28751562480226, 178.03951690718532],
       [-97.73575957804310, 30.28752845980068, 173.75824247114360],
       [-97.73571894001023, 30.28749614860170, 171.47198905982077],
       [-97.73573004264033, 30.28747157509119, 184.43296284694225],
       [-97.73571064881803, 30.28750058102160, 181.93492706120014],
       [-97.73571280866972, 30.28749353302494, 180.42566572315991],
       [-97.73570768903056, 30.28750421486692, 161.43130121659487],
       [-97.73573140830902, 30.28754900814673, 174.06429772824049],
       [-97.73572376330765, 30.28753107489348, 174.66225035022944],
       [-97.73573381692285, 30.28750777315834, 170.56377467978746],
       [-97.73575412709982, 30.28752531402540, 167.38936609774828],
       [-97.73579833095900, 30.28750356759561, 167.98749318066984],
       [-97.73572418375025, 30.28752488725773, 160.02463687770069],
       [-97.73573418329893, 30.28751018822546, 165.10277996398509],
       [-97.73570700515076, 30.28746801322094, 167.73334681894630],
       [-97.73571848606692, 30.28749122550951, 169.90936975181103],
       [-97.73571013069008, 30.28749699960706, 168.94232978485525],
       [-97.73574145761430, 30.28753360030062, 171.57655181549489],
       [-97.73573942403198, 30.28749782672624, 164.50892610661685],
       [-97.73572794614192, 30.28748116377847, 158.83255182486027],
       [-97.73573391268970, 30.28746680137698, 160.92139763012528],
       [-97.73576226491780, 30.28746956374680, 162.20430293399841],
       [-97.73573977136100, 30.28749924390985, 159.51464627124369],
       [-97.73570958779133, 30.28749837364426, 159.21810492221266],
       [-97.73571729152394, 30.28747799157594, 165.83145748637617],
       [-97.73572578773282, 30.28748011157887, 168.63779749348760],
       [-97.73571970451258, 30.28749034528574, 154.10269802622497],
       [-97.73568458433158, 30.28749825671108, 176.54834798723459],
       [-97.73569779376274, 30.28749521751775, 182.60167367942631],
       [-97.73573593217037, 30.28748100303408, 180.89236128609627],
       [-97.73573897363231, 30.28749574169994, 173.26187824737281],
       [-97.73574306818237, 30.28748404708605, 164.99092568457127],
       [-97.73573286661868, 30.28749914886080, 175.76074254326522],
       [-97.73569879490462, 30.28754073883480, 180.41104048769921],
       [-97.73576465807587, 30.28749297906104, 171.96714251302183],
       [-97.73578679080028, 30.28748812714101, 166.35762529354542],
       [-97.73573727765636, 30.28749235291994, 180.01113122142851],
       [-97.73571170990502, 30.28745339889447, 173.01505342684686],
       [-97.73573008308165, 30.28745251443587, 168.94106183201075],
       [-97.73575660839543, 30.28746864889103, 161.75544216670096],
       [-97.73576158234891, 30.28745477370481, 164.83458537887782],
       [-97.73573583837712, 30.28746527725482, 172.04605187475681],
       [-97.73568352771962, 30.28751472135479, 176.09816937986761],
       [-97.73573091828042, 30.28749877404200, 180.73770385049284],
       [-97.73572942987462, 30.28748609329213, 184.94899240136147],
       [-97.73573555464483, 30.28745216904975, 181.16105206217617],
       [-97.73574918795745, 30.28742488903104, 171.27660474646837],
       [-97.73575986292273, 30.28747752714435, 164.56021826528013],
       [-97.73574748575187, 30.28752997865086, 166.96571959741414],
       [-97.73571361559620, 30.28750613435536, 167.17751274257898],
       [-97.73572036730101, 30.28744447781442, 161.58093951176852],
       [-97.73571360436570, 30.28748444736199, 161.15593221224844],
       [-97.73573390834072, 30.28749802059378, 170.98141457699239],
       [-97.73569157268254, 30.28749606566837, 180.89129658881575],
       [-97.73571433439812, 30.28748770220415, 175.75760817434639],
       [-97.73569968638984, 30.28749579950600, 176.83260413818061],
       [-97.73571247328640, 30.28750435031206, 175.95525655709207],
       [-97.73570673194173, 30.28747093633941, 186.93561541475356],
       [-97.73570555185452, 30.28749627161403, 185.99456792417914],
       [-97.73573585751099, 30.28749113842185, 163.10268528014421],
       [-97.73577584474985, 30.28744911215081, 147.88392690755427],
       [-97.73569874642759, 30.28752708793185, 169.55373861826956],
       [-97.73571239434069, 30.28748537120159, 167.28928046952933],
       [-97.73572512157716, 30.28747222312862, 164.28031671419740],
       [-97.73571232080890, 30.28747086553729, 169.29721711389720],
       [-97.73572869452356, 30.28747705868181, 179.09809709805995],
       [-97.73569034719550, 30.28745903328369, 179.19360389932990],
       [-97.73570326909937, 30.28746180962965, 176.67178106307983],
       [-97.73569322970855, 30.28749784310217, 180.21544615365565],
       [-97.73569237631213, 30.28750915351646, 172.50828865543008],
       [-97.73569142709569, 30.28750385009073, 174.27591718360782],
       [-97.73571662794257, 30.28748538351662, 175.90860040672123],
       [-97.73568931611921, 30.28752642054045, 172.45782590750605],
       [-97.73572527290530, 30.28747512701231, 169.34005333390087],
       [-97.73577203477814, 30.28744404194545, 171.06958445813507],
       [-97.73575553573481, 30.28751129616306, 179.33917858637869],
       [-97.73574409946573, 30.28749591356173, 178.07457422837615],
       [-97.73572371743141, 30.28747751979199, 170.41274394001812],
       [-97.73567297613855, 30.28745636298379, 161.92402856983244],
       [-97.73566513162423, 30.28747151578494, 162.02240055054426],
       [-97.73568016642993, 30.28746772420910, 166.42558626923710],
       [-97.73569145112351, 30.28747878725256, 168.46024477481842],
       [-97.73569810334223, 30.28749886601393, 174.30131980031729],
       [-97.73566881753069, 30.28751686494434, 174.04764225706458],
       [-97.73573661223679, 30.28750538959222, 168.10613680630922],
       [-97.73572445657217, 30.28747733145183, 166.83109203353524],
       [-97.73573647100174, 30.28743563225109, 158.27793959435076],
       [-97.73573452761676, 30.28745686436847, 151.28885497432202],
       [-97.73572889429894, 30.28745754355065, 151.02825734391809],
       [-97.73579176165114, 30.28741229902565, 146.95670509245247],
       [-97.73571155921594, 30.28747653682880, 166.59647345170379],
       [-97.73572859684917, 30.28746638953798, 159.33878097031265],
       [-97.73570950674652, 30.28746757361292, 162.57431354746222],
       [-97.73574349496519, 30.28742790723614, 155.98283031862229],
       [-97.73569178640808, 30.28744469760713, 166.82532807998359],
       [-97.73567679100427, 30.28751402716538, 179.51690155267715],
       [-97.73568957338541, 30.28752149230078, 175.20917222276330],
       [-97.73571892374090, 30.28747584216628, 154.01388054527342],
       [-97.73571996768148, 30.28748443987419, 153.07560702227056],
       [-97.73572934021315, 30.28746224366148, 153.55227618757635],
       [-97.73575007010962, 30.28745491696101, 156.12612529098988],
       [-97.73570458260009, 30.28746802437852, 162.24187115859240],
       [-97.73567908161951, 30.28749164352634, 170.64437410794199],
       [-97.73567042831141, 30.28752553991302, 176.33076328411698],
       [-97.73571320807200, 30.28748372645614, 163.69618772063404],
       [-97.73568473408655, 30.28748033363852, 169.29360310826451],
       [-97.73565879336215, 30.28751952047832, 176.83018789626658],
       [-97.73571067845013, 30.28749854332518, 169.40228691231459],
       [-97.73571955946755, 30.28750291893726, 154.25055639259517],
       [-97.73572088343606, 30.28751165955187, 159.17541074007750],
       [-97.73568576737976, 30.28755635158924, 160.98309297207743],
       [-97.73572616454679, 30.28752715755397, 165.22168111894280],
       [-97.73575256594305, 30.28750596588542, 150.26282814424485],
       [-97.73570039056489, 30.28750499522445, 157.04589032661170],
       [-97.73568682995904, 30.28747659172232, 164.68782497849315],
       [-97.73563918882402, 30.28750836322763, 171.28399241250008],
       [-97.73567038878740, 30.28753055912635, 172.29452754836529],
       [-97.73564106244528, 30.28752032451508, 171.06550854723901],
       [-97.73564225621642, 30.28751399643878, 168.59534304402769],
       [-97.73569661500032, 30.28748541486821, 175.52401048503816],
       [-97.73570126256486, 30.28749094920052, 173.75427225325257],
       [-97.73572337109654, 30.28750193095275, 165.42594212386757],
       [-97.73565440370820, 30.28754825706667, 170.07701495010406],
       [-97.73565730627327, 30.28753128141214, 169.03999752365053],
       [-97.73568867304579, 30.28753661253432, 169.38069188781083],
       [-97.73573208451677, 30.28752637782223, 176.04632725566626],
       [-97.73570551113454, 30.28752535883914, 172.90063565410674],
       [-97.73568450076833, 30.28752725985317, 174.47678568679839],
       [-97.73569279724585, 30.28753134185531, 174.42644896544516],
       [-97.73569843159690, 30.28753671902632, 170.13010720442981],
       [-97.73569794265016, 30.28751092361273, 173.24196726363152],
       [-97.73571958227267, 30.28750227347848, 173.75066071376204],
       [-97.73568033260624, 30.28755097146369, 171.99639489967376],
       [-97.73569328620505, 30.28752498696072, 174.23076334409416],
       [-97.73567390406488, 30.28754792485223, 167.58305729925632],
       [-97.73570775278419, 30.28751391659266, 160.53837466891855],
       [-97.73572119098745, 30.28751487101644, 165.70154466666281],
       [-97.73572297530148, 30.28752901245956, 173.77900323271751],
       [-97.73573148822423, 30.28753619284499, 178.68057207111269],
       [-97.73573313595054, 30.28752964250481, 180.36892369668931],
       [-97.73572022529704, 30.28752897674066, 174.82586241234094],
       [-97.73574205422530, 30.28750647150648, 162.19489320646971],
       [-97.73574044397060, 30.28752673186843, 176.24500406626612],
       [-97.73571688516978, 30.28755644580016, 182.68863318208605],
       [-97.73569866686576, 30.28752779269615, 169.75653052795678],
       [-97.73571101026123, 30.28755824692526, 175.64013177901506],
       [-97.73564951029660, 30.28754740701502, 168.33842220157385],
       [-97.73569796829879, 30.28751161268534, 167.93471350613981],
       [-97.73573286622390, 30.28752374559199, 174.96035362686962],
       [-97.73571551036699, 30.28756289723831, 173.89097594190389],
       [-97.73571449068064, 30.28751896234891, 164.63954630494118],
       [-97.73572691788880, 30.28748727924950, 166.38670707400888],
       [-97.73573217101519, 30.28753437726630, 182.82859152182937],
       [-97.73577224780873, 30.28750876110708, 163.95522177871317],
       [-97.73574436954146, 30.28752311511117, 163.49131587706506],
       [-97.73568552334491, 30.28756288739112, 170.43516376521438],
       [-97.73572272622305, 30.28751774453619, 175.45350816193968],
       [-97.73570863329547, 30.28750669702435, 183.62163362745196],
       [-97.73571017729761, 30.28749329875489, 175.56214910093695],
       [-97.73573039706538, 30.28748441043378, 170.35209967195988],
       [-97.73569219638762, 30.28750721173843, 175.64547007903457],
       [-97.73573002631547, 30.28749556473685, 175.74219925608486],
       [-97.73575601238689, 30.28750182673104, 171.34438680671155],
       [-97.73575687144219, 30.28749574153242, 169.84174081310630],
       [-97.73575592819773, 30.28749018064653, 165.50344084948301],
       [-97.73569833710596, 30.28750710219132, 167.96538829337806],
       [-97.73573528053693, 30.28754259957731, 171.87913802918047],
       [-97.73576042452250, 30.28753767666012, 175.16521435789764],
       [-97.73574279568803, 30.28753261281280, 169.83870202023536],
       [-97.73571738915918, 30.28752769593687, 170.65028709918261],
       [-97.73573498964980, 30.28746649297653, 159.48296470474452],
       [-97.73572595545504, 30.28752475765019, 171.61755702458322],
       [-97.73575625456606, 30.28749936032582, 174.57739862520248],
       [-97.73573966341525, 30.28750824237008, 168.90348356403410],
       [-97.73576384643810, 30.28749861144011, 163.43221369571984],
       [-97.73578987770466, 30.28745172215528, 160.89296347741038],
       [-97.73578604131256, 30.28746370168760, 158.23859239928424],
       [-97.73575343031268, 30.28752650027977, 170.45925556588918],
       [-97.73577619806551, 30.28750242371406, 155.94632154889405],
       [-97.73577738550541, 30.28752443730671, 151.40676792617887],
       [-97.73579366832735, 30.28753210373831, 157.27594237960875],
       [-97.73577468250839, 30.28753136468561, 160.18768159672618],
       [-97.73573424540255, 30.28753401102785, 173.78268178831786],
       [-97.73575122497179, 30.28748522216181, 176.76789368316531],
       [-97.73573027964808, 30.28751486063750, 174.39403563272208],
       [-97.73571291801720, 30.28752475322797, 167.67221259418875],
       [-97.73568662315130, 30.28753196352758, 172.42663120385259],
       [-97.73568092044067, 30.28753377978138, 168.49814034160227],
       [-97.73573321017065, 30.28749555721281, 160.39895680733025],
       [-97.73575167801452, 30.28749587827689, 161.27529984340072],
       [-97.73574487021968, 30.28751025209242, 169.42690478824079],
       [-97.73577319868751, 30.28749514826740, 169.27468322776258],
       [-97.73579483836089, 30.28749742276401, 162.61389816366136],
       [-97.73579654858709, 30.28749787478731, 156.14409752748907],
       [-97.73576548097833, 30.28745478011638, 166.38890767097473],
       [-97.73576869254818, 30.28748761047401, 168.38668504357338],
       [-97.73576814725477, 30.28747981226999, 156.51034732069820],
       [-97.73577193776310, 30.28748348608846, 165.83555110171437],
       [-97.73572275780616, 30.28753193831912, 164.93577131256461],
       [-97.73571972184475, 30.28754368639366, 175.95466994866729],
       [-97.73574366547346, 30.28753791953409, 169.83211738802493],
       [-97.73575555073158, 30.28751808263160, 166.75581852626055],
       [-97.73577752663877, 30.28751056073685, 163.66443113517016],
       [-97.73574217661518, 30.28751414029610, 163.81212275288999],
       [-97.73576368683516, 30.28747339689722, 159.19522740412503],
       [-97.73577011155784, 30.28747413321725, 150.12320001237094],
       [-97.73577683754277, 30.28748715093843, 162.13418126944453],
       [-97.73575244701568, 30.28751577378257, 161.82034343481064],
       [-97.73576755077792, 30.28754023995571, 168.08966863155365],
       [-97.73572899142806, 30.28756088332970, 165.33305083587766],
       [-97.73570988745448, 30.28753417775583, 165.02047403808683],
       [-97.73571291056497, 30.28753810775403, 175.81550453044474],
       [-97.73573217676933, 30.28757345216370, 174.57832320034504],
       [-97.73574849977550, 30.28755650384176, 173.76883053407073],
       [-97.73578019263675, 30.28751807256288, 164.48037029802799],
       [-97.73576987439789, 30.28752855420921, 159.41943362075835],
       [-97.73572014118746, 30.28752177889666, 142.91482248157263],
       [-97.73569174485037, 30.28752461638611, 149.49408082477748],
       [-97.73565631115000, 30.28757243901777, 165.97878558747470],
       [-97.73567788473187, 30.28758212684904, 165.82528459001333],
       [-97.73573624894243, 30.28750913438539, 175.65643258206546],
       [-97.73572111669986, 30.28750433648158, 170.08284198772162],
       [-97.73570349706105, 30.28749645415311, 159.37444987986237],
       [-97.73571335455919, 30.28752377508378, 159.50708764884621],
       [-97.73570786058643, 30.28754044826293, 162.39320651348680],
       [-97.73570920586228, 30.28758304836400, 173.64271273557097],
       [-97.73572435292702, 30.28755866289967, 162.71368165779859],
       [-97.73573654061407, 30.28754618675122, 156.29640584997833],
       [-97.73575144994240, 30.28754898783394, 160.93192534334958],
       [-97.73576461045039, 30.28753867959797, 167.94457810372114],
       [-97.73576438915053, 30.28754940675986, 168.51265937089920],
       [-97.73575249428795, 30.28753402275456, 165.92128687351942],
       [-97.73571470050815, 30.28748447877983, 159.04939135350287],
       [-97.73567696256437, 30.28752811656460, 173.05617992859334],
       [-97.73568389947793, 30.28756752462460, 178.17338288668543],
       [-97.73570635530622, 30.28756436073873, 170.33151103369892],
       [-97.73569238774797, 30.28757271645974, 158.56422406714410],
       [-97.73568819131343, 30.28759183329553, 172.58091708738357],
       [-97.73577278838356, 30.28756124946903, 161.37520189769566],
       [-97.73578792923679, 30.28754688538882, 155.60293947346509],
       [-97.73577280762052, 30.28753235820404, 158.61353133711964],
       [-97.73574080409237, 30.28754401220383, 156.90163935255259],
       [-97.73576116752470, 30.28751863296825, 160.85243069753051],
       [-97.73577234479323, 30.28758165821589, 171.06898319534957],
       [-97.73574934523121, 30.28756701964231, 166.62523649260402],
       [-97.73571165578575, 30.28757674331249, 169.04974504373968],
       [-97.73571038144320, 30.28755583344531, 165.39650433138013],
       [-97.73570008755516, 30.28756526239582, 171.65464174468070],
       [-97.73570895402563, 30.28758122030420, 165.37639351375401],
       [-97.73575582015354, 30.28757858998862, 169.87431751936674],
       [-97.73577389808443, 30.28753216094593, 175.17113063950092],
       [-97.73574135303107, 30.28756547479595, 174.99368648044765],
       [-97.73572180556029, 30.28757304391101, 173.64884880650789],
       [-97.73570273821802, 30.28759603477529, 166.20310945343226],
       [-97.73570689501739, 30.28757249321319, 168.35440052207559],
       [-97.73574805255046, 30.28753567380030, 167.66533972695470],
       [-97.73569498851639, 30.28756336554705, 170.18753049243242],
       [-97.73570838146800, 30.28754048063318, 164.47568500321358],
       [-97.73572542947841, 30.28752855939999, 161.48751423042268],
       [-97.73570444818314, 30.28759380570181, 173.04323789291084],
       [-97.73573654270498, 30.28756479796577, 168.51483031082898],
       [-97.73573896943037, 30.28759013958217, 166.18599922303110],
       [-97.73574722710858, 30.28755793430764, 175.51519944053143],
       [-97.73572656088884, 30.28757996246773, 172.07469767145813],
       [-97.73571874725744, 30.28752755905725, 173.44214128144085],
       [-97.73575080633934, 30.28753405523428, 170.99124423041940],
       [-97.73576384119781, 30.28754980415752, 170.84003621805459],
       [-97.73574933516181, 30.28754170851061, 162.72268389817327],
       [-97.73576527385838, 30.28753757022676, 161.19019884429872],
       [-97.73573438776073, 30.28758971785906, 167.79143580701202],
       [-97.73573744950701, 30.28756209242293, 156.14383540768176],
       [-97.73569425526750, 30.28755654900227, 152.22084613051265],
       [-97.73569297214549, 30.28754616618318, 162.96183505188674],
       [-97.73573382778866, 30.28751871409472, 161.36703444086015],
       [-97.73572922553400, 30.28752672059342, 181.33378935605288],
       [-97.73571382287690, 30.28755573082352, 170.40556638129056],
       [-97.73573631143296, 30.28757356161371, 172.22439820691943],
       [-97.73574628399646, 30.28758272150275, 164.78798377700150],
       [-97.73572240516144, 30.28757465767367, 157.79948330949992],
       [-97.73575858044541, 30.28756801319761, 160.70078650210053],
       [-97.73573292331976, 30.28754669632298, 151.38462753500789],
       [-97.73571539852145, 30.28758129686004, 160.51919879112393],
       [-97.73572939736250, 30.28753612888962, 167.74929888918996],
       [-97.73571765510923, 30.28752701773444, 166.30027653276920],
       [-97.73571829995819, 30.28752813405456, 161.70107287075371],
       [-97.73573553669419, 30.28754756035014, 173.51087544672191],
       [-97.73570931949405, 30.28756569138708, 187.51516523398459],
       [-97.73566809371708, 30.28753472209567, 182.52452625241131],
       [-97.73569469929009, 30.28754760049099, 175.12105266470462],
       [-97.73572155392625, 30.28757746109760, 172.99912161659449],
       [-97.73567700624280, 30.28757054299518, 178.89930281694978],
       [-97.73569263163583, 30.28755306856328, 162.11949693597853],
       [-97.73567712707268, 30.28758289836902, 160.55222514644265],
       [-97.73573593067326, 30.28754805219186, 165.04482995346189],
       [-97.73573071635906, 30.28758213464551, 180.84111685771495],
       [-97.73567605481897, 30.28761257904824, 186.94094873685390],
       [-97.73572866321190, 30.28755601955742, 176.76494023948908],
       [-97.73572810119705, 30.28752705750541, 168.52164530288428],
       [-97.73574548331597, 30.28755702900816, 185.20948993880302],
       [-97.73574347734149, 30.28753896682354, 185.17194713465869],
       [-97.73569530432270, 30.28756885156548, 167.85699979122728],
       [-97.73570958307683, 30.28754305902919, 180.82095565274358],
       [-97.73573416348962, 30.28753393325945, 162.59514954034239],
       [-97.73574472387750, 30.28755132371731, 179.45233366079628],
       [-97.73577781667433, 30.28754674231409, 176.05978210084140],
       [-97.73577598676626, 30.28751052808401, 165.31779807712883],
       [-97.73576766774799, 30.28756383029997, 172.97680852841586],
       [-97.73570631202411, 30.28756054272953, 175.89117611385882],
       [-97.73568656573896, 30.28754242818561, 169.62102822680026],
       [-97.73567709869687, 30.28753981024719, 168.65526772942394],
       [-97.73572309973970, 30.28760637268248, 166.48041864298284],
       [-97.73574922892244, 30.28760294821138, 168.06669726222754],
       [-97.73571716903400, 30.28759949476616, 181.68291491735727],
       [-97.73576176192353, 30.28752351086695, 173.22805924806744],
       [-97.73573456374623, 30.28751179717528, 174.47683015279472],
       [-97.73569130851727, 30.28753532092668, 186.03343695122749],
       [-97.73568865820080, 30.28753818544615, 188.67804659344256],
       [-97.73571555500560, 30.28756308182855, 175.29913946334273],
       [-97.73571928160156, 30.28756093040450, 174.26638279762119],
       [-97.73571855661092, 30.28752627547160, 173.99869691487402],
       [-97.73574331755191, 30.28753156768905, 176.85204393509775],
       [-97.73574999832302, 30.28755079291229, 170.95582438632846],
       [-97.73576077136140, 30.28757921320205, 166.56076254416257],
       [-97.73576569689990, 30.28754836265140, 158.33431910257787],
       [-97.73571659124987, 30.28753702710665, 163.34076977800578],
       [-97.73572772471061, 30.28752721599762, 160.63047441095114],
       [-97.73574769749342, 30.28755105213964, 160.57059701997787],
       [-97.73571216794522, 30.28757950263418, 166.86169963423163],
       [-97.73569518149142, 30.28756316787874, 161.75519561674446],
       [-97.73568425947475, 30.28757027160471, 155.52677451726049],
       [-97.73576069315470, 30.28755275418122, 161.19206838216633],
       [-97.73568740956622, 30.28754209421457, 163.47553976904601],
       [-97.73572508987769, 30.28754007704174, 166.71698731463403],
       [-97.73572615133163, 30.28752329181797, 173.14704762212932],
       [-97.73568257174293, 30.28752865924926, 179.95178474765271],
       [-97.73567532157034, 30.28753518560404, 175.04301566630602],
       [-97.73570685103263, 30.28749329721490, 164.63930200412869],
       [-97.73578624729682, 30.28747696238851, 150.67361349985003],
       [-97.73574517137666, 30.28751208166385, 164.65070319920778],
       [-97.73571462873666, 30.28751519207069, 159.37301643937826],
       [-97.73575998013435, 30.28753598047686, 152.50540199503303],
       [-97.73573384415729, 30.28754621288477, 159.94804367981851],
       [-97.73569712703559, 30.28752812758635, 172.13116127718240],
       [-97.73568395699967, 30.28752939157752, 165.12951447814703],
       [-97.73576619976131, 30.28753958188722, 151.95852543786168],
       [-97.73573874351551, 30.28752446637866, 154.66430763527751],
       [-97.73572220188504, 30.28754871335705, 152.61644751485437],
       [-97.73570460413801, 30.28751213138636, 157.02849911805242],
       [-97.73570224335282, 30.28750425926141, 162.68519787490368],
       [-97.73567796525153, 30.28755658935711, 169.05710535310209],
       [-97.73574018159916, 30.28751249791993, 155.11756963189691],
       [-97.73574666774486, 30.28751069539688, 159.87378890439868],
       [-97.73574936344401, 30.28749055416123, 163.77650396898389],
       [-97.73573202255781, 30.28750562247504, 172.63692805450410],
       [-97.73569526265787, 30.28751158322322, 159.80008248053491],
       [-97.73574583460039, 30.28750296049488, 154.07825117371976],
       [-97.73570805410033, 30.28751672093394, 157.95926199480891],
       [-97.73568813382671, 30.28750819741804, 151.14523570239544],
       [-97.73571341357375, 30.28753198993174, 161.08824446611106],
       [-97.73570858831782, 30.28750907338085, 162.64847871940583],
       [-97.73571154184491, 30.28750516468637, 162.96050942875445],
       [-97.73570933108989, 30.28752012973479, 173.91023072414100],
       [-97.73572686592780, 30.28751806455091, 171.71295905858278],
       [-97.73570631253558, 30.28752383155637, 169.74822794087231],
       [-97.73575645398510, 30.28750659624960, 170.76537781674415],
       [-97.73571524999016, 30.28753144857691, 156.23569534998387],
       [-97.73571560704893, 30.28754369541589, 152.29643381386995],
       [-97.73572172020057, 30.28752802826742, 155.72865776624531],
       [-97.73572823440098, 30.28747756018272, 150.03915476240218],
       [-97.73575843362087, 30.28748683608898, 156.55008068960160],
       [-97.73572313942934, 30.28749567645265, 172.19227231759578],
       [-97.73569873964516, 30.28752251781026, 170.21387441735715],
       [-97.73570819840523, 30.28752900278593, 171.65481761377305],
       [-97.73568931945891, 30.28746522710607, 169.22016971465200],
       [-97.73566691702894, 30.28752064512435, 164.53350190538913],
       [-97.73567024895399, 30.28752450227221, 166.26839043479413],
       [-97.73570877566792, 30.28748955668470, 163.83396644052118],
       [-97.73570046856366, 30.28748831104084, 163.80123310070485],
       [-97.73573618206652, 30.28750888331115, 158.31465038750321],
       [-97.73570972878241, 30.28751125845997, 154.54056804534048],
       [-97.73571291897564, 30.28750945255327, 153.86877708323300],
       [-97.73578476460058, 30.28754303345569, 162.22032908163965],
       [-97.73576386927002, 30.28754612040377, 160.35970226489007],
       [-97.73569912423169, 30.28751825416188, 172.19804635178298],
       [-97.73569115954935, 30.28749296694317, 177.46467726118863],
       [-97.73565981509546, 30.28755519280049, 177.27343362849206],
       [-97.73570682226455, 30.28756839708495, 175.03282303269953],
       [-97.73567010819731, 30.28760015201307, 164.39251684676856],
       [-97.73565172499880, 30.28759946061028, 163.20625746157020],
       [-97.73566663577373, 30.28754886714277, 165.69142904505134],
       [-97.73569731466333, 30.28752939832273, 156.85945975314826],
       [-97.73572728145075, 30.28752175921024, 151.21752898488194],
       [-97.73577107135756, 30.28746845281366, 153.66049053985626],
       [-97.73570937024074, 30.28751477390001, 156.26778900343925],
       [-97.73570782110853, 30.28749753357710, 161.23672063089907],
       [-97.73572722476924, 30.28747141800322, 159.11785123217851],
       [-97.73569203188102, 30.28747062036137, 163.48710923548788],
       [-97.73571465943458, 30.28749907350830, 165.86026388686150],
       [-97.73570873049243, 30.28753807334727, 170.68335923179984],
       [-97.73573577164348, 30.28750297484194, 153.70170405600220],
       [-97.73579830999954, 30.28750060282292, 151.54656410217285],
       [-97.73573322041065, 30.28755118342161, 161.45936260186136],
       [-97.73573246987441, 30.28751518843587, 152.29941329080611],
       [-97.73571111392137, 30.28749446941832, 178.01192970480770],
       [-97.73569166395590, 30.28750098654224, 169.21180077083409],
       [-97.73574404243485, 30.28745574878842, 161.45497569907457],
       [-97.73576455293775, 30.28746720170703, 159.27851126808673],
       [-97.73575074009986, 30.28748443137982, 158.40956858638674],
       [-97.73573971876748, 30.28748224592920, 156.95320259872824],
       [-97.73575618996968, 30.28746867628195, 152.29982771165669],
       [-97.73576441435181, 30.28753083880291, 160.76097813528031],
       [-97.73573156520027, 30.28755787374117, 171.28016561269760],
       [-97.73566763668664, 30.28756099737398, 162.42702703829855],
       [-97.73566120853597, 30.28758242408137, 175.16282840818167],
       [-97.73572681632007, 30.28753241063130, 165.36064697522670],
       [-97.73569358728327, 30.28755764836506, 171.35017369408160],
       [-97.73571918955339, 30.28752354999986, 167.80727753136307],
       [-97.73569792184814, 30.28754702836542, 158.62798862438649],
       [-97.73570776488327, 30.28756414222455, 160.99289819318801],
       [-97.73566935421226, 30.28760576307048, 168.17806159332395],
       [-97.73570086199118, 30.28760390452855, 167.81599814165384],
       [-97.73570168933084, 30.28760447088918, 169.50332314614207],
       [-97.73571662522008, 30.28752584504761, 165.59665321931243],
       [-97.73570814624024, 30.28749904971859, 169.73760013654828],
       [-97.73571684076929, 30.28758109300274, 159.30379850696772],
       [-97.73575696920760, 30.28756167033986, 162.73165598232299],
       [-97.73570809222350, 30.28758776774363, 169.86634310148656],
       [-97.73570594645565, 30.28754232034428, 175.85081078577787],
       [-97.73570916153756, 30.28750813213933, 175.65705345477909],
       [-97.73572032016823, 30.28756222929444, 172.97463251650333],
       [-97.73567269854321, 30.28757173161222, 172.08358191419393],
       [-97.73572151732995, 30.28752824723500, 179.78161044977605],
       [-97.73574106886029, 30.28751185587527, 167.74050187040120],
       [-97.73576310012442, 30.28750901564822, 162.86268091574311],
       [-97.73575325931527, 30.28753667430449, 166.57015225104988],
       [-97.73572708245749, 30.28756250842508, 167.37939480599016],
       [-97.73573344266484, 30.28758737936091, 176.92756206914783],
       [-97.73570715191237, 30.28755047002238, 177.12025241367519],
       [-97.73570509471176, 30.28752744532768, 168.87267676740885],
       [-97.73571814585399, 30.28755413798817, 173.85251834988594],
       [-97.73572036611000, 30.28758586736761, 180.54165411088616],
       [-97.73570116574990, 30.28755823528816, 176.19754188135266],
       [-97.73571488008834, 30.28755582050927, 161.94676625076681],
       [-97.73570685820793, 30.28756856293143, 153.11687826085836],
       [-97.73576092262097, 30.28752366792665, 154.91840735822916],
       [-97.73575619003670, 30.28752614613103, 156.73915444128215],
       [-97.73574321383099, 30.28753896780661, 173.37467980943620],
       [-97.73572450808231, 30.28755883283938, 175.56183803640306],
       [-97.73569802380061, 30.28756163965955, 182.68309357576072],
       [-97.73571285902216, 30.28754415542268, 175.25610738061368],
       [-97.73571764703442, 30.28757883010484, 170.12291605398059],
       [-97.73571609976584, 30.28758846943412, 167.65650897286832],
       [-97.73572581741148, 30.28757155226793, 160.45271683018655],
       [-97.73573086343862, 30.28755930427840, 171.38334216270596],
       [-97.73573018389054, 30.28755115084992, 172.00398143008351],
       [-97.73573356335024, 30.28757898206308, 179.55725282710046],
       [-97.73572044860640, 30.28754972830815, 177.98616276960820],
       [-97.73570239521734, 30.28752034814561, 170.73263760097325],
       [-97.73567173822990, 30.28752185313982, 178.42470640037209],
       [-97.73566308215914, 30.28756646568200, 181.33926618285477],
       [-97.73566776008921, 30.28759829534184, 172.26392857078463],
       [-97.73568544002320, 30.28752884822233, 164.33499076962471],
       [-97.73569536236035, 30.28751667402201, 171.14153753127903],
       [-97.73572329028254, 30.28752023959656, 166.61418472137302],
       [-97.73573836175203, 30.28752317010354, 154.30798466503620],
       [-97.73573409405974, 30.28759159144617, 168.02122639119625],
       [-97.73571079231560, 30.28761613631596, 176.78074983786792],
       [-97.73571856288486, 30.28758308015784, 177.44902518577874],
       [-97.73572095944048, 30.28757914314658, 171.10395301692188],
       [-97.73572801183339, 30.28758852622936, 175.79113739635795],
       [-97.73570240913016, 30.28758319494215, 181.41254033707082],
       [-97.73567125920674, 30.28757546657704, 178.09423135686666],
       [-97.73571444666236, 30.28757100441456, 165.37212781142443],
       [-97.73573852821234, 30.28759923389093, 167.78956548497081],
       [-97.73569013468135, 30.28760952428733, 186.77807233296335],
       [-97.73569235865554, 30.28757147332262, 179.16016002930701],
       [-97.73566153700030, 30.28758023392453, 176.04712965618819],
       [-97.73567966742294, 30.28756756282734, 166.69878222234547],
       [-97.73567007045685, 30.28756745329672, 177.06167933437973],
       [-97.73565908732877, 30.28760285065012, 180.73791971709579],
       [-97.73567439987801, 30.28755879328412, 178.92440902907401],
       [-97.73567995987831, 30.28757657946133, 177.22280950564891],
       [-97.73569348200493, 30.28760762886749, 183.70039096567780],
       [-97.73569474177762, 30.28756541101480, 185.29389169253409],
       [-97.73566071636245, 30.28764031548550, 182.78268663957715],
       [-97.73569659309754, 30.28760947247004, 172.76378949079663],
       [-97.73569408440906, 30.28759843309591, 166.90477921441197],
       [-97.73567927733976, 30.28763317151463, 171.65757055114955],
       [-97.73567557342139, 30.28761986657874, 179.64782963413745],
       [-97.73568852820736, 30.28756379068215, 176.28750439640135],
       [-97.73564348077034, 30.28758646571483, 191.08661923930049],
       [-97.73564313352749, 30.28757218173166, 189.28943709563464],
       [-97.73564584108152, 30.28762640680720, 188.26149591431022],
       [-97.73567896321600, 30.28760757804160, 176.04099074751139],
       [-97.73571024372832, 30.28757705825108, 169.75713500753045],
       [-97.73568098373352, 30.28755606255228, 164.10532696824521],
       [-97.73570561032714, 30.28758607203594, 163.05047114659101],
       [-97.73570516767259, 30.28761706252035, 163.28961641248316],
       [-97.73569741279006, 30.28767020387383, 163.50888464972377],
       [-97.73569154523813, 30.28760514023743, 161.79557200148702],
       [-97.73568200866949, 30.28760278299180, 172.30734293349087],
       [-97.73567947174811, 30.28760794652779, 183.89313870016485],
       [-97.73570994490770, 30.28760674726616, 183.89233539439738],
       [-97.73571713186071, 30.28758507161777, 179.94393559824675],
       [-97.73566114962664, 30.28760845886816, 180.22492727264762],
       [-97.73567802023497, 30.28762472872435, 176.10167534928769],
       [-97.73569749029770, 30.28762680708526, 169.80430708453059],
       [-97.73571573262520, 30.28758726396313, 161.17468779254705],
       [-97.73566645752189, 30.28762700057878, 170.94055166374892],
       [-97.73569489013609, 30.28762818423975, 180.43998124077916],
       [-97.73576708142757, 30.28757690481583, 177.84409269411117],
       [-97.73569469335067, 30.28759276529431, 181.37155696470290],
       [-97.73570900757468, 30.28758434348724, 173.18033126648515],
       [-97.73573963196044, 30.28755841854767, 162.93300370592624],
       [-97.73573889850536, 30.28755576825229, 173.47031435836107],
       [-97.73568478628643, 30.28760794280952, 186.06557177007198],
       [-97.73572839062236, 30.28754385807447, 175.57298593781888],
       [-97.73570439029530, 30.28753688776341, 170.42358561605215],
       [-97.73567381007742, 30.28759054196222, 175.81009200494736],
       [-97.73568563516173, 30.28756680675887, 168.69740217551589],
       [-97.73568993766551, 30.28757749250710, 171.23749777395278],
       [-97.73568796182137, 30.28757521949883, 168.89409682899714],
       [-97.73572184656209, 30.28753707733911, 177.47029281035066],
       [-97.73571856615060, 30.28753667213740, 184.64582897536457],
       [-97.73573242813897, 30.28757203998213, 187.96568676177412],
       [-97.73572376209873, 30.28758252378200, 172.43855471536517],
       [-97.73569816930876, 30.28758799184218, 180.40752873569727],
       [-97.73569022499696, 30.28759469726766, 185.10177893657237],
       [-97.73569157759756, 30.28761668468513, 185.07479269709438],
       [-97.73573350269714, 30.28757520506418, 171.23638313356787],
       [-97.73572178811298, 30.28756605303549, 157.44121920689940],
       [-97.73570780742830, 30.28756027019103, 172.41626396123320],
       [-97.73574972852840, 30.28753453097401, 173.76083019003272],
       [-97.73570325754258, 30.28756335986240, 182.37647185474634],
       [-97.73567848055683, 30.28759269738716, 188.44136357307434],
       [-97.73566283766733, 30.28756406423570, 183.54934945981950],
       [-97.73570127087466, 30.28755368133450, 181.14185964036733],
       [-97.73572789799857, 30.28754559656895, 183.49590410105884],
       [-97.73571922673167, 30.28754622190505, 171.10105679091066],
       [-97.73571045681493, 30.28754971981242, 165.82725731376559],
       [-97.73571710834608, 30.28755394261245, 171.15964684728533],
       [-97.73569444409306, 30.28759251038046, 176.24441200494766],
       [-97.73571971858078, 30.28762283987637, 167.01657927595079],
       [-97.73570616472819, 30.28760040644562, 165.99667255580425],
       [-97.73573110645587, 30.28754161242459, 169.58251442294568],
       [-97.73575487020490, 30.28756100587424, 179.02387679088861],
       [-97.73575172262795, 30.28759907686402, 182.79802977479994],
       [-97.73572087231638, 30.28757753024831, 180.48916945327073],
       [-97.73572630538325, 30.28756886772326, 168.49711156636477],
       [-97.73572539881353, 30.28751338109683, 162.42358242906630],
       [-97.73573775046759, 30.28748451110719, 159.11554060783237],
       [-97.73576306099034, 30.28751138698327, 158.81422552559525],
       [-97.73573989849376, 30.28754339499473, 167.20427085179836],
       [-97.73574737222670, 30.28753495510154, 161.59329100325704],
       [-97.73574406590842, 30.28755449928212, 163.17301184404641],
       [-97.73573074469874, 30.28757836813373, 172.65576119348407],
       [-97.73571928621418, 30.28759238090794, 176.61474506836385],
       [-97.73572244292636, 30.28756881753732, 183.68506661895663],
       [-97.73569408987252, 30.28762737943972, 172.57878445554525],
       [-97.73571821298802, 30.28758498979206, 167.03964234050363],
       [-97.73572184810000, 30.28758977615565, 158.30767528899014],
       [-97.73574401895974, 30.28756567722739, 167.65917188208550],
       [-97.73578042604498, 30.28754055668142, 165.27152586914599],
       [-97.73577223563041, 30.28753315383569, 163.38935662712902],
       [-97.73575369409170, 30.28753228002295, 158.09290271252394],
       [-97.73576711608976, 30.28750651823624, 157.55704117473215],
       [-97.73572189364107, 30.28752686939762, 166.45374756213278],
       [-97.73574059394132, 30.28751295185350, 159.29645677283406],
       [-97.73571434532836, 30.28753174505869, 157.37666910793632],
       [-97.73568837503473, 30.28754841930905, 166.13042341638356],
       [-97.73571586211797, 30.28755865549836, 178.14475956000388],
       [-97.73574888986353, 30.28753320198347, 183.33464408852160],
       [-97.73575332311988, 30.28750393689684, 168.29548811726272],
       [-97.73574700172330, 30.28751779208533, 163.38743379432708],
       [-97.73573227783284, 30.28753323158220, 162.27159590553492],
       [-97.73573683627566, 30.28757673061654, 174.64037528540939],
       [-97.73574482969205, 30.28754295123590, 161.06413760595024],
       [-97.73573567495031, 30.28753556308009, 156.30096185207367],
       [-97.73571546870075, 30.28753036231775, 158.35028603579849],
       [-97.73574012179982, 30.28750312449117, 160.90082580223680],
       [-97.73575004518885, 30.28749612541048, 169.63048942293972],
       [-97.73569248525665, 30.28754112598664, 184.00539329648018],
       [-97.73570268862092, 30.28753570919894, 179.39380643237382],
       [-97.73570714131439, 30.28750118282383, 180.34114917926490],
       [-97.73573103417048, 30.28749724940946, 180.37144583743066],
       [-97.73576366361162, 30.28750387733581, 170.02582188881934],
       [-97.73574614848367, 30.28748774890685, 162.63250043150038],
       [-97.73574401594384, 30.28752495441759, 162.32823164667934],
       [-97.73575058388700, 30.28752364539367, 157.40879729948938],
       [-97.73580608755542, 30.28750805955128, 160.36046248022467],
       [-97.73581574155391, 30.28749967775681, 159.24460852984339],
       [-97.73575417188837, 30.28749993222877, 160.63636126834899],
       [-97.73574418761243, 30.28749691390836, 164.46776346769184],
       [-97.73578348544601, 30.28750015504731, 163.71681614778936],
       [-97.73575835481266, 30.28754506967310, 166.15265339985490],
       [-97.73575068770160, 30.28750544717016, 165.49926612805575],
       [-97.73575295575148, 30.28749620178301, 163.16174262389541],
       [-97.73571878017444, 30.28752258385113, 164.24158881884068],
       [-97.73573953439936, 30.28754654178456, 170.58704942837358],
       [-97.73571142330114, 30.28752433186205, 164.51643193606287],
       [-97.73573351171720, 30.28752911279809, 165.44306511245668],
       [-97.73573211737713, 30.28753596025792, 169.65756441000849],
       [-97.73575540180144, 30.28752340652281, 165.83131373766810],
       [-97.73576673609372, 30.28751617566622, 168.11050943285227],
       [-97.73577459820693, 30.28749406287750, 175.64625149033964],
       [-97.73579224152155, 30.28746402716972, 170.58929389249533],
       [-97.73578940573830, 30.28746048789280, 168.56521654408425],
       [-97.73576518044227, 30.28749568914487, 164.80490150675178],
       [-97.73573089443363, 30.28748682562583, 170.31925500091165],
       [-97.73572488292530, 30.28748946297397, 167.80518341995776],
       [-97.73571578387534, 30.28752237417948, 156.14807210303843],
       [-97.73570199234899, 30.28750158932235, 147.66086817719042],
       [-97.73569201992390, 30.28753868699287, 164.64994613640010],
       [-97.73568151241605, 30.28757236251585, 178.61794109456241],
       [-97.73571618598193, 30.28752479966855, 173.16625899914652],
       [-97.73569778316759, 30.28750959331370, 177.31195684522390],
       [-97.73573526432897, 30.28751896364912, 170.37341657001525],
       [-97.73574585766760, 30.28750421844315, 168.69177354685962],
       [-97.73580679070430, 30.28750926151928, 173.13027213048190],
       [-97.73579980699073, 30.28753596300326, 172.31060797069222],
       [-97.73578767955303, 30.28750951557105, 171.29392584785819],
       [-97.73575594079932, 30.28752884391077, 161.46877571009099],
       [-97.73577663123994, 30.28751267560851, 161.14816947840154],
       [-97.73579845495104, 30.28753048467786, 156.08915997203439],
       [-97.73578592464072, 30.28752281607574, 148.96461340878159],
       [-97.73573009845634, 30.28751813161377, 159.76149968430400],
       [-97.73571017067330, 30.28752538328596, 167.44372841250151],
       [-97.73577400048191, 30.28748362696344, 168.02242647297680],
       [-97.73574603380131, 30.28750378588339, 164.76930704433471],
       [-97.73573408263560, 30.28752809407860, 168.16006877180189],
       [-97.73571110066344, 30.28748447287585, 155.03141152765602],
       [-97.73571154438376, 30.28749738396450, 160.75873443577439],
       [-97.73572568992876, 30.28747957783644, 159.89748911373317],
       [-97.73571392737698, 30.28752730951991, 157.95310086011887],
       [-97.73571821128135, 30.28755250064021, 150.40696575213224],
       [-97.73577466178041, 30.28753416719489, 148.59150401316583],
       [-97.73572356652838, 30.28757460294855, 165.60722145158798],
       [-97.73575698463675, 30.28756324068500, 173.51119000092149],
       [-97.73574314562100, 30.28753779129728, 160.83790675923228],
       [-97.73574868707286, 30.28755729198957, 162.02869357168674],
       [-97.73571844487188, 30.28755163009702, 160.78970337286592],
       [-97.73572411858450, 30.28752222631992, 174.22971469908953],
       [-97.73570336604001, 30.28752158545242, 182.68971390742809],
       [-97.73575999502930, 30.28751336374178, 168.95426518656313],
       [-97.73571492022310, 30.28754645290683, 164.84206702560186],
       [-97.73568571360259, 30.28757681510092, 163.66620191931725],
       [-97.73571804376347, 30.28759165782426, 169.30310449097306],
       [-97.73568289618514, 30.28757398872920, 167.80927226878703],
       [-97.73569073691600, 30.28750520721890, 168.86699509061873],
       [-97.73571910443447, 30.28748818266966, 169.65379695873708],
       [-97.73574817578206, 30.28751538918449, 172.89060904178768],
       [-97.73578411299697, 30.28748968275495, 155.51031761430204],
       [-97.73573358890087, 30.28754259883248, 172.64086190611124],
       [-97.73572013363643, 30.28757958934035, 174.18288217764348],
       [-97.73571955011768, 30.28757639026997, 171.58365108165890],
       [-97.73572617978395, 30.28758350758183, 166.65465635806322],
       [-97.73569868836812, 30.28760196872445, 164.12439597863704],
       [-97.73573514010292, 30.28755957221705, 154.07528830692172],
       [-97.73570463928195, 30.28754956027703, 164.15680984221399],
       [-97.73570458941748, 30.28756560778450, 168.68918488267809],
       [-97.73571865115645, 30.28757073329879, 175.46658757235855],
       [-97.73571525133902, 30.28751804505199, 176.94042741321027],
       [-97.73572060794787, 30.28750800460162, 173.53079510480165],
       [-97.73575694179466, 30.28753726023261, 161.21116094943136],
       [-97.73578469107689, 30.28753689819831, 178.19681244250387],
       [-97.73576321883388, 30.28754623498811, 159.86850572656840],
       [-97.73573564124622, 30.28752366389877, 149.40339436009526],
       [-97.73580602412743, 30.28753540944182, 152.32795115094632],
       [-97.73577395894272, 30.28754582124126, 163.87901309132576],
       [-97.73571832451597, 30.28756334524400, 173.06006204150617],
       [-97.73569493969757, 30.28758973686713, 174.44883697573096],
       [-97.73572919820579, 30.28753539629197, 177.07987734582275],
       [-97.73572669702973, 30.28757289485575, 177.14686762727797],
       [-97.73570602329393, 30.28758424938191, 180.94510240200907],
       [-97.73570289201366, 30.28757052605046, 174.07571616210043],
       [-97.73571763049243, 30.28755691812872, 170.21663352660835],
       [-97.73576612574134, 30.28752950706079, 159.87023153249174],
       [-97.73573143876982, 30.28753920225351, 163.90771695226431],
       [-97.73570593934707, 30.28756841000786, 184.96071562636644],
       [-97.73571608073686, 30.28756153276624, 182.02374042104930],
       [-97.73574895128877, 30.28753210991617, 169.68805514182895],
       [-97.73577191900678, 30.28749036126977, 161.00134476553649],
       [-97.73580103673085, 30.28747150919167, 150.06575259100646],
       [-97.73576106750377, 30.28752563790202, 164.66874048858881],
       [-97.73574927513384, 30.28755569658954, 169.35183835495263],
       [-97.73572073293631, 30.28752729469176, 156.73084079008549],
       [-97.73571819513009, 30.28752748360020, 152.97042940743268],
       [-97.73574179525507, 30.28751839786617, 149.14301370270550],
       [-97.73569051994211, 30.28757574831753, 174.81752705108374],
       [-97.73572602766214, 30.28753859420411, 178.32877904921770],
       [-97.73570284807889, 30.28752550173536, 180.44184225331992],
       [-97.73574375915651, 30.28753957705793, 170.82883958239108],
       [-97.73573556497310, 30.28755873503635, 172.29407532885671],
       [-97.73574143195613, 30.28751960738915, 179.14303068257868],
       [-97.73573861781014, 30.28750876798252, 183.55349946115166],
       [-97.73570627844211, 30.28755876965960, 186.57776101864874],
       [-97.73578407200894, 30.28752216713545, 178.31622419226915],
       [-97.73573903911824, 30.28752830542361, 162.46413953416049],
       [-97.73572843286482, 30.28753409081567, 165.66777178552002],
       [-97.73566649528442, 30.28758407975551, 176.81525533460081],
       [-97.73568852570864, 30.28757319348858, 189.22602780163288],
       [-97.73571091325306, 30.28751231070984, 176.93652498163283],
       [-97.73574569459464, 30.28750646306273, 170.48617683071643],
       [-97.73572773151159, 30.28751365790477, 169.97868550103158],
       [-97.73571087329285, 30.28751696189875, 173.06845461390913],
       [-97.73570752828047, 30.28756079971628, 174.70835658814758],
       [-97.73567407675451, 30.28758363822154, 183.11827661842108],
       [-97.73568010292077, 30.28755026899037, 182.07702897768468],
       [-97.73567812830252, 30.28756063179049, 165.10904462449253],
       [-97.73575534555303, 30.28749523571773, 170.21079063694924],
       [-97.73573953430653, 30.28755022204865, 171.25553107354790],
       [-97.73578235698066, 30.28750254642855, 168.81869956757873],
       [-97.73579505458757, 30.28750850300159, 152.45397731009871],
       [-97.73578574679790, 30.28752601298962, 159.59546709805727],
       [-97.73577189764083, 30.28753386031884, 174.87888783961535],
       [-97.73573838788373, 30.28750565162647, 168.58295790012926],
       [-97.73572713281376, 30.28749534829980, 165.98278671689332],
       [-97.73569185226538, 30.28756488808586, 173.03829354792833],
       [-97.73571312628987, 30.28755669848546, 164.07135795056820],
       [-97.73572032321049, 30.28753914683435, 168.75255822669715],
       [-97.73572959658838, 30.28752532474029, 172.58939037378877],
       [-97.73574239332248, 30.28755699434640, 175.25337103102356],
       [-97.73574563764427, 30.28754330147192, 171.65950174815953],
       [-97.73575206122075, 30.28757862783215, 164.80060713365674],
       [-97.73575181106249, 30.28752637062595, 156.02652745135128],
       [-97.73578827821925, 30.28748193969223, 151.15660754870623],
       [-97.73577816090337, 30.28755373735848, 158.09905952401459],
       [-97.73579216211780, 30.28755071367849, 153.20339040458202],
       [-97.73574513897456, 30.28752916791964, 156.83601552248001],
       [-97.73573422482525, 30.28751044708867, 163.75088869594038],
       [-97.73574292103936, 30.28752185220981, 173.18493911530823],
       [-97.73572036644356, 30.28750926171938, 173.27900537848473],
       [-97.73572638543669, 30.28751906487454, 162.66779447160661],
       [-97.73574805000442, 30.28753677537945, 144.22419523540884],
       [-97.73572028694700, 30.28757134770095, 158.81390206981450],
       [-97.73569704454592, 30.28754808182540, 155.06199833471328],
       [-97.73571113267720, 30.28755054164544, 154.54570264741778],
       [-97.73574553376129, 30.28752089584806, 160.39360404573381],
       [-97.73573972532265, 30.28754896371611, 164.05434012226760],
       [-97.73573980219174, 30.28754151052537, 159.96692099608481],
       [-97.73572995624961, 30.28755913550434, 155.18933631386608],
       [-97.73575239027171, 30.28757136252339, 157.45999648887664],
       [-97.73576084123262, 30.28752992434346, 154.42871676944196],
       [-97.73572925341858, 30.28752984267618, 170.55757369101048],
       [-97.73572239273270, 30.28754011445825, 161.99276845064014],
       [-97.73567830867808, 30.28754190104153, 156.67475005425513],
       [-97.73569513010887, 30.28756201944693, 153.12362137995660],
       [-97.73569506722036, 30.28759045942958, 168.16943755187094],
       [-97.73571648632124, 30.28751629445050, 153.74509763624519],
       [-97.73572805457621, 30.28749644174741, 161.92739283479750],
       [-97.73575232384104, 30.28749416960173, 156.79143889807165],
       [-97.73572107478505, 30.28751458422976, 163.43259074445814],
       [-97.73570409368457, 30.28755200352788, 175.28188678715378],
       [-97.73575762436734, 30.28752579040122, 156.00249843113124],
       [-97.73576186847167, 30.28749606713604, 150.58834283426404],
       [-97.73577019131160, 30.28746868211113, 150.88218460138887],
       [-97.73571045256809, 30.28755781518878, 160.24956992268562],
       [-97.73575609624480, 30.28756779658797, 151.42094750422984],
       [-97.73574104182450, 30.28754809312490, 159.16088193003088],
       [-97.73569630942201, 30.28753473604134, 161.14083422813565],
       [-97.73570301375081, 30.28751641622410, 158.03209528606385],
       [-97.73572408018047, 30.28748149438536, 144.21626909263432],
       [-97.73565078651198, 30.28752162564563, 152.02920525986701],
       [-97.73567534083703, 30.28753170240603, 159.57313781697303],
       [-97.73576966760896, 30.28751857761601, 153.81860286276788],
       [-97.73578380690353, 30.28752102370104, 138.22255433630198],
       [-97.73575159796439, 30.28752672101864, 147.29313755221665],
       [-97.73573419639249, 30.28751093221260, 149.61493613570929],
       [-97.73576373410184, 30.28750465906906, 148.22798998095095],
       [-97.73580625372944, 30.28752808693408, 157.74584554508328],
       [-97.73576057704177, 30.28752740157994, 158.28815222065896],
       [-97.73571573619490, 30.28753857848615, 159.91011448018253],
       [-97.73572273722603, 30.28753321290210, 161.89508745539933],
       [-97.73571590967975, 30.28753961021849, 166.57930580805987],
       [-97.73571607463917, 30.28750455434021, 149.29018427990377],
       [-97.73569069498438, 30.28750586227340, 144.82225979492068],
       [-97.73571733400452, 30.28750646798045, 144.60892866458744],
       [-97.73575208388169, 30.28751821482971, 155.73344685230404],
       [-97.73575962685038, 30.28752328819646, 163.70748367719352],
       [-97.73576118298486, 30.28751645709889, 153.12554566748440],
       [-97.73578700173250, 30.28753553029009, 164.04154542088509],
       [-97.73576845308190, 30.28754020414576, 156.82246709149331],
       [-97.73577089556294, 30.28753107896302, 161.77995904348791],
       [-97.73578305201244, 30.28751905311358, 156.47030714154243],
       [-97.73577066051828, 30.28751654972397, 151.46088340599090],
       [-97.73575935345610, 30.28754780284936, 153.33503872901201],
       [-97.73576386030379, 30.28752739165839, 150.51169443875551],
       [-97.73569518044403, 30.28752352583408, 163.15727239195257],
       [-97.73567711287897, 30.28752160932052, 168.57015409599990],
       [-97.73569801697023, 30.28753731101983, 168.12497159466147],
       [-97.73574724845399, 30.28749436708789, 161.55662255454808],
       [-97.73576467377160, 30.28752723307187, 159.58300025202334],
       [-97.73572901417207, 30.28752790509568, 160.61598202586174],
       [-97.73571434742553, 30.28752632777472, 163.63311636820436],
       [-97.73574826453802, 30.28754093979867, 163.99182880669832],
       [-97.73576239947315, 30.28751527822291, 144.95325627829880],
       [-97.73575608946577, 30.28753811151390, 155.72394970152527],
       [-97.73575194712043, 30.28754601113934, 168.94451992958784],
       [-97.73576876783359, 30.28755707921378, 157.73621010780334],
       [-97.73570472600196, 30.28758819650031, 168.16769170295447],
       [-97.73567400769356, 30.28757414596195, 177.97466943319887],
       [-97.73569749796084, 30.28751534003786, 173.44353111647069],
       [-97.73570000708709, 30.28753143443505, 175.01274775061756],
       [-97.73573280862642, 30.28750207877016, 171.05387918278575],
       [-97.73572697863602, 30.28747757849029, 169.84911127761006],
       [-97.73569411311433, 30.28752226869620, 162.13936054240912],
       [-97.73567997292507, 30.28757269797143, 162.57520226575434],
       [-97.73570046545197, 30.28758997887676, 166.16703230608255],
       [-97.73569504916195, 30.28761718313643, 168.83809070382267],
       [-97.73572370352284, 30.28757123059658, 165.24201542697847],
       [-97.73571742084216, 30.28755442855615, 166.84873274061829],
       [-97.73572149398606, 30.28755378512304, 173.41529287584126],
       [-97.73572491511170, 30.28756080187066, 170.99579041916877],
       [-97.73570971045272, 30.28754549551431, 181.03247386403382],
       [-97.73575420729445, 30.28756213015269, 179.04817560501397],
       [-97.73574457559185, 30.28754317662590, 164.37947223614901],
       [-97.73574143295895, 30.28756649521829, 166.14399710856378],
       [-97.73566205863000, 30.28758898429462, 176.26335621532053],
       [-97.73569683038652, 30.28756069158711, 169.73414349742234],
       [-97.73573301887140, 30.28751149770926, 164.88040946424007],
       [-97.73572152018930, 30.28754302554792, 153.68443028070033],
       [-97.73574157588649, 30.28757930566450, 177.75058723893017],
       [-97.73573620193160, 30.28759314558864, 174.96589086763561],
       [-97.73570366720364, 30.28755592969086, 178.42363695334643],
       [-97.73570812459327, 30.28752652492464, 183.62143113743514],
       [-97.73573280288990, 30.28753662698609, 179.85913963057101],
       [-97.73577306885673, 30.28753200190044, 166.22937909699976],
       [-97.73578026959427, 30.28753861139145, 149.23269928619266],
       [-97.73572386580983, 30.28756946994040, 164.80504429154098],
       [-97.73576618148405, 30.28755739370017, 167.32115569710732],
       [-97.73580406515285, 30.28752775814013, 164.02143175341189],
       [-97.73582006788779, 30.28752511305287, 153.86848307773471],
       [-97.73577641803281, 30.28755848054804, 160.78779550921172],
       [-97.73572116076471, 30.28755215265716, 164.29561916179955],
       [-97.73571278468502, 30.28754433581813, 154.19849249906838],
       [-97.73572998195874, 30.28760037943146, 166.37317407689989],
       [-97.73575250871896, 30.28760208724755, 171.92165422812104],
       [-97.73578255466842, 30.28754074307013, 166.10612313635647],
       [-97.73578235759604, 30.28754633007543, 154.29732814896852],
       [-97.73580169043203, 30.28756554093387, 158.74828015919775],
       [-97.73580025341296, 30.28754697803915, 161.19324756972492],
       [-97.73575746704212, 30.28752559407590, 162.75250770058483],
       [-97.73573425370951, 30.28755778607718, 164.10552040394396],
       [-97.73573412610554, 30.28756183542627, 174.03222503978759],
       [-97.73573110249674, 30.28755781172645, 165.46829495392740],
       [-97.73571632257688, 30.28753970213334, 163.58446798939258],
       [-97.73569483300390, 30.28757720611539, 173.70715606119484],
       [-97.73567615404674, 30.28759366372812, 176.09022818692029],
       [-97.73567416728045, 30.28756393348365, 165.07537385262549],
       [-97.73570981985709, 30.28753395580159, 146.27473816089332],
       [-97.73572739765510, 30.28755654289157, 164.44078843574971],
       [-97.73575368198715, 30.28753547632765, 173.31570837367326],
       [-97.73576987197006, 30.28750699315079, 157.00194653403014],
       [-97.73577589739860, 30.28753611386803, 158.70828378014266],
       [-97.73576744503229, 30.28756398492382, 153.78270010929555],
       [-97.73574232544904, 30.28756515911055, 153.31502831261605],
       [-97.73570369379405, 30.28754111140844, 161.27785568498075],
       [-97.73569859787675, 30.28751569485823, 152.43472193740308],
       [-97.73571725585536, 30.28750519862470, 150.32447028532624],
       [-97.73572353659119, 30.28750175944949, 158.49797431286424],
       [-97.73574827128668, 30.28753363539655, 162.25861178897321],
       [-97.73569383463685, 30.28753917219038, 158.56315581593663],
       [-97.73569480338374, 30.28754219279420, 158.86775692552328],
       [-97.73576844015479, 30.28752169052365, 164.28591976314783],
       [-97.73576506458133, 30.28751244442710, 154.23571689426899],
       [-97.73576548358359, 30.28747552726478, 150.49480238556862],
       [-97.73570761492800, 30.28751249233992, 150.11462441273034],
       [-97.73568361150532, 30.28753471736034, 156.09241089131683],
       [-97.73572036446279, 30.28750397215256, 163.08216376416385],
       [-97.73575432319745, 30.28753517954435, 168.24650340061635],
       [-97.73573882704608, 30.28751597901075, 171.16359799914062],
       [-97.73567948402227, 30.28750283834704, 164.28494181297719],
       [-97.73573636512143, 30.28750922355873, 163.02807358838618],
       [-97.73575824399683, 30.28750630384059, 156.05999429617077],
       [-97.73571659019910, 30.28750313356202, 146.56799427326769],
       [-97.73568103744222, 30.28751692620721, 156.37816388253123],
       [-97.73573838591886, 30.28747093451931, 144.54809414315969],
       [-97.73571848929979, 30.28751473285509, 167.03802805487067],
       [-97.73574842321402, 30.28746041934964, 162.32032183557749],
       [-97.73577101866795, 30.28748533655677, 151.09514661785215],
       [-97.73572984644989, 30.28751644740540, 149.38099236413836],
       [-97.73573737178938, 30.28752367421616, 160.22286348789930],
       [-97.73576527769920, 30.28749767051007, 164.04881428927183],
       [-97.73579785556596, 30.28748973343754, 154.95575236063451],
       [-97.73577226034530, 30.28752940503904, 149.08727428130805],
       [-97.73573059451590, 30.28757009820265, 152.66784891951829],
       [-97.73568564697568, 30.28756088329025, 166.52662374544889],
       [-97.73570524265882, 30.28754746626972, 157.54923154134303],
       [-97.73571046348772, 30.28752872446119, 158.93431721813977],
       [-97.73572792522620, 30.28746534872559, 169.92978480271995],
       [-97.73568692488207, 30.28751875894016, 177.39654909446836],
       [-97.73567757451296, 30.28753660155385, 191.58475185558200],
       [-97.73574240822104, 30.28748003099633, 174.05840682145208],
       [-97.73573506301203, 30.28748513653901, 162.48986713401973],
       [-97.73573007564416, 30.28752535257090, 166.11925793346018],
       [-97.73569094170249, 30.28756224366522, 164.94735683593899],
       [-97.73572869065343, 30.28753061193005, 162.37252182420343],
       [-97.73574225711775, 30.28752119791142, 158.84772083722055],
       [-97.73571154764258, 30.28753543597654, 166.41435626428574],
       [-97.73571922149847, 30.28751346121557, 158.08463760837913],
       [-97.73570748897060, 30.28752670644184, 175.61733771301806],
       [-97.73576171693755, 30.28750466334391, 168.74290194083005],
       [-97.73574769385283, 30.28750142199673, 165.54972547944635],
       [-97.73567623956635, 30.28755915898509, 186.95637323055416],
       [-97.73570702665553, 30.28753305459185, 176.30148950219154],
       [-97.73567165505520, 30.28751124545539, 155.71813592221588],
       [-97.73574813638908, 30.28747499980647, 153.76434151735157],
       [-97.73572669103369, 30.28753261323689, 158.78309680800885],
       [-97.73570130538081, 30.28753982221888, 177.08944150991738],
       [-97.73569020123665, 30.28751110168409, 168.54998871497810],
       [-97.73573360947211, 30.28753096979552, 167.50763032119721],
       [-97.73572308300983, 30.28752246436261, 165.67303304467350],
       [-97.73571349489524, 30.28754230065833, 161.51350240502506],
       [-97.73572344880941, 30.28755446839436, 174.82694878149778],
       [-97.73574664948588, 30.28751034942269, 169.88120187912136],
       [-97.73572578154996, 30.28751062399202, 153.04202025849372],
       [-97.73575349405202, 30.28752028755861, 155.49286233447492],
       [-97.73573801514462, 30.28755104252996, 167.35421104915440],
       [-97.73568492974559, 30.28758858536330, 170.43150803167373],
       [-97.73570673672887, 30.28758153342339, 163.75289960764349],
       [-97.73570289721020, 30.28755208486842, 162.19032382778823],
       [-97.73571535368298, 30.28752959311964, 170.25438741967082],
       [-97.73572540966627, 30.28752249829069, 175.24057120829821],
       [-97.73571012208160, 30.28753741394463, 173.42247148882598],
       [-97.73568018449328, 30.28752842099507, 172.19946526829153],
       [-97.73568777224925, 30.28753747160008, 173.09378241375089],
       [-97.73571301125054, 30.28755165293388, 167.69993336498737],
       [-97.73571946407984, 30.28756848204111, 171.06358546949923],
       [-97.73572571908450, 30.28754865913643, 168.39353840239346],
       [-97.73573725977484, 30.28754645623919, 167.71941616944969],
       [-97.73572796595029, 30.28752360348262, 165.42913221288472],
       [-97.73571669782059, 30.28753696161066, 170.25979380961508],
       [-97.73572730695457, 30.28753885069233, 167.76239767204970],
       [-97.73572499225679, 30.28753793724410, 169.36502304207534],
       [-97.73568696426005, 30.28752589386664, 170.63662280142307],
       [-97.73573057218984, 30.28754407587985, 176.07915996201336],
       [-97.73573150365472, 30.28754282798907, 174.16742715798318],
       [-97.73571557501980, 30.28752323043132, 161.59848045092076],
       [-97.73570934819098, 30.28753800648188, 167.28753458242863],
       [-97.73569136727642, 30.28758613200818, 173.69887236598879],
       [-97.73571590556699, 30.28756692330923, 166.01839036680758],
       [-97.73570445763012, 30.28756807131883, 169.21519141551107],
       [-97.73568467586699, 30.28757578376115, 173.53071105759591],
       [-97.73573000016528, 30.28756708366532, 170.48476371914148],
       [-97.73575447704158, 30.28754267270880, 171.06040200684220],
       [-97.73574002971847, 30.28756181682877, 181.01262872945517],
       [-97.73574077713052, 30.28757787378566, 178.28671506140381],
       [-97.73574809955757, 30.28752639194273, 155.68005889933556],
       [-97.73573630141229, 30.28752825497118, 155.20801940374076],
       [-97.73573292518921, 30.28751003679582, 157.67264692857862],
       [-97.73574742700835, 30.28753338927218, 171.30709672067314],
       [-97.73568140060394, 30.28757505241145, 176.61395849753171],
       [-97.73564038756909, 30.28758914118927, 167.97765066102147],
       [-97.73563908919789, 30.28756719483239, 169.79770692437887],
       [-97.73569092268676, 30.28754817291940, 177.37602986395359],
       [-97.73566766212643, 30.28757713733527, 187.42271183617413],
       [-97.73570305602432, 30.28754597635841, 175.96688386611640],
       [-97.73573509886540, 30.28755628057466, 167.58212507236749],
       [-97.73569573395412, 30.28753404377100, 165.43912478815764],
       [-97.73568523093606, 30.28757335216622, 175.29698855616152],
       [-97.73573179958041, 30.28752100888369, 171.49827455263585],
       [-97.73572629594135, 30.28754174793630, 173.41452940646559],
       [-97.73571178370698, 30.28755406307358, 165.30018795281649],
       [-97.73569459467492, 30.28756211808499, 176.92946822568774],
       [-97.73570284449380, 30.28758393510759, 179.65435993950814],
       [-97.73569719986023, 30.28759006896036, 188.47089921031147],
       [-97.73571070254347, 30.28753778613049, 176.72528760228306],
       [-97.73566426699811, 30.28754855445930, 179.07147273141891],
       [-97.73566786718281, 30.28756200697784, 161.69196694623679],
       [-97.73568335225197, 30.28757942274969, 153.47065548878163],
       [-97.73563700800713, 30.28762062708002, 152.54627881012857],
       [-97.73567225429909, 30.28755521133485, 153.48426836915314],
       [-97.73566429385427, 30.28755833971285, 162.00356915313751],
       [-97.73567704259213, 30.28761718846167, 171.02980773802847],
       [-97.73566109954007, 30.28759319620324, 175.80870667751878],
       [-97.73567412199145, 30.28754415992940, 169.47310061380267],
       [-97.73569281540161, 30.28758133147561, 175.35615595616400],
       [-97.73573995147713, 30.28757254227234, 178.28700763080269],
       [-97.73572616743789, 30.28758207963822, 169.39402286335826],
       [-97.73574456190468, 30.28756011702781, 161.55007383041084],
       [-97.73573146341614, 30.28755094350567, 158.83119040075690],
       [-97.73573104327708, 30.28756360909643, 151.85727576259524],
       [-97.73572730032666, 30.28759951553540, 144.26251766178757],
       [-97.73570541730120, 30.28760724392276, 153.20634948462248],
       [-97.73569976014048, 30.28755133743219, 158.31738702766597],
       [-97.73571252487416, 30.28752435368526, 154.83431339729577],
       [-97.73571404693232, 30.28754503316925, 160.58080512285233],
       [-97.73573927853474, 30.28755762661698, 171.07732776645571],
       [-97.73573730938082, 30.28755032448908, 166.21324352547526],
       [-97.73571881436460, 30.28752938536505, 155.70046846196055],
       [-97.73568949333726, 30.28753798445544, 159.71870379801840],
       [-97.73571596427193, 30.28755782946927, 159.18123302422464],
       [-97.73572266891036, 30.28756841841623, 153.92693077493459],
       [-97.73570110998416, 30.28759210553332, 159.71401442773640],
       [-97.73575798048790, 30.28755355594036, 145.55573458038270],
       [-97.73581800747122, 30.28752193296665, 136.17718214355409],
       [-97.73580249792006, 30.28755324225167, 147.37422584556043],
       [-97.73579663041581, 30.28757330488363, 164.69232231099159],
       [-97.73577906284449, 30.28755974674639, 153.19981773663312],
       [-97.73574482283129, 30.28755865149970, 158.73034150712192],
       [-97.73567433140649, 30.28757299817500, 175.46805657260120],
       [-97.73568727036682, 30.28756791121016, 169.66679568681866],
       [-97.73570109694315, 30.28754411430688, 156.95353533793241],
       [-97.73573392556369, 30.28751816834512, 154.79733936768025],
       [-97.73572423954198, 30.28754170992991, 157.95902345515788],
       [-97.73571421955050, 30.28757026428187, 157.12523105554283],
       [-97.73571881193691, 30.28753336879148, 156.83568738214672],
       [-97.73572803615383, 30.28754167147115, 156.15797709580511],
       [-97.73570446799940, 30.28758734030083, 161.61576961446553],
       [-97.73569650815665, 30.28760515655339, 164.21933486312628],
       [-97.73574892127144, 30.28757785532337, 168.99706052523106],
       [-97.73573087165256, 30.28754109986084, 148.27803214080632],
       [-97.73572590927421, 30.28753507259491, 154.32917277235538],
       [-97.73576482430251, 30.28753516292296, 157.68336501531303],
       [-97.73581843132557, 30.28750412981478, 154.09615906793624],
       [-97.73577648759799, 30.28756539446976, 159.64740262646228],
       [-97.73574555522863, 30.28754704423250, 150.89783820696175],
       [-97.73568624627461, 30.28752885807690, 159.23659159801900],
       [-97.73573638166489, 30.28752539059049, 163.54705674573779],
       [-97.73574107242226, 30.28754781219460, 163.01489164307714],
       [-97.73570453037915, 30.28755935832588, 179.85390575882047],
       [-97.73572833111355, 30.28751708089346, 170.87497945223004],
       [-97.73568091870972, 30.28755618693123, 164.34075039159507],
       [-97.73567221560067, 30.28759386909354, 159.13540526572615],
       [-97.73568729465006, 30.28758519369698, 162.01375425234437],
       [-97.73570905693607, 30.28759662980728, 168.47394320834428],
       [-97.73570152888719, 30.28757296488689, 164.16474258806556],
       [-97.73573505787039, 30.28753066319938, 156.76740635093302],
       [-97.73571728634084, 30.28752402242959, 163.84489715844393],
       [-97.73571622926958, 30.28755879715909, 168.99519747309387],
       [-97.73568158723950, 30.28758013782890, 183.85544519312680],
       [-97.73572120378530, 30.28755534432430, 171.70654280390590],
       [-97.73577434660339, 30.28751200435343, 159.12249531038105],
       [-97.73571326954131, 30.28753803440912, 160.45029302686453],
       [-97.73569295068810, 30.28756564766302, 168.82075679209083],
       [-97.73572075831484, 30.28756862090824, 165.48409223277122],
       [-97.73571598482486, 30.28755854057868, 168.42124977149069],
       [-97.73565036989045, 30.28758553215910, 171.46394691057503],
       [-97.73562061138045, 30.28761326910767, 178.25497485883534],
       [-97.73564675538088, 30.28760291685794, 176.39072804246098],
       [-97.73569915065012, 30.28756419800442, 173.75293085910380],
       [-97.73570388303881, 30.28757374417675, 171.19015273638070],
       [-97.73571214093963, 30.28754767208626, 160.56419393140823],
       [-97.73573342974082, 30.28753724223182, 161.43638329487294],
       [-97.73570967622433, 30.28760030775055, 175.90507836267352],
       [-97.73572953638001, 30.28763382387286, 161.58919764775783],
       [-97.73567816685630, 30.28758994169352, 158.26841838564724],
       [-97.73567194421341, 30.28754784440817, 155.19057951215655],
       [-97.73571464757281, 30.28754406942896, 148.16280228272080],
       [-97.73572587111799, 30.28759834249076, 157.32451324164867],
       [-97.73570909635970, 30.28756829682666, 161.44646490179002],
       [-97.73566806473868, 30.28756657572998, 177.73888094816357],
       [-97.73571468889251, 30.28758059065764, 171.10024225059897],
       [-97.73570081106007, 30.28758756520132, 160.38511112891138],
       [-97.73569480566228, 30.28757874517591, 163.28191226441413],
       [-97.73568986576184, 30.28755624714931, 157.20047628320754],
       [-97.73570471758272, 30.28754440166608, 157.91983377654105],
       [-97.73571034919053, 30.28760557580382, 161.88568873517215],
       [-97.73569692733517, 30.28758082138551, 159.12126763537526],
       [-97.73573296246576, 30.28753279627103, 154.41589090041816],
       [-97.73575105113359, 30.28753291717128, 150.74309079628438],
       [-97.73574012747859, 30.28754746740424, 159.46770843118429],
       [-97.73572085513648, 30.28755643168350, 176.05113572999835],
       [-97.73569256273984, 30.28757872800821, 175.82696689013392],
       [-97.73571963820270, 30.28754467646767, 169.48111499939114],
       [-97.73573474491299, 30.28755508590352, 167.10050874575973],
       [-97.73573576448432, 30.28753029407217, 158.21334335394204],
       [-97.73569012395798, 30.28754772333216, 160.15019047725946],
       [-97.73569147655054, 30.28756438582734, 159.61998826358467],
       [-97.73570720156395, 30.28756418511843, 166.56691564619541],
       [-97.73574338601942, 30.28754595592820, 170.52659238502383],
       [-97.73573794336551, 30.28756049343589, 172.19418321084231],
       [-97.73571565509933, 30.28749575854163, 164.90926561132073],
       [-97.73572144845440, 30.28753148661542, 161.93463462032378],
       [-97.73573986168284, 30.28757829339284, 169.93237065151334],
       [-97.73573410546955, 30.28760321131125, 164.35393498186022],
       [-97.73573323663022, 30.28757256432192, 153.74698881525546],
       [-97.73568618802392, 30.28758894226533, 158.88622938003391],
       [-97.73571374581098, 30.28756873635990, 167.59350230265409],
       [-97.73573409630872, 30.28754652019480, 160.48530430905521],
       [-97.73575241173587, 30.28752708606980, 162.46592768840492],
       [-97.73572871757143, 30.28752294573178, 162.47221921291202],
       [-97.73567083701791, 30.28753958336240, 152.92721660807729],
       [-97.73565819718989, 30.28758905098176, 172.09986938163638],
       [-97.73571262127413, 30.28757026992418, 169.00574826635420],
       [-97.73569400869602, 30.28753320985411, 162.72251698095351],
       [-97.73572563065748, 30.28749074072685, 153.70814181212336],
       [-97.73567874853441, 30.28749619039541, 151.21273591369390],
       [-97.73569040796845, 30.28757143205953, 150.51070452574641],
       [-97.73575319357315, 30.28755398427710, 152.21780597418547],
       [-97.73573135209786, 30.28754305020292, 157.30366815067828],
       [-97.73573725528287, 30.28753005491211, 156.87039997335523],
       [-97.73574781554747, 30.28748656450262, 146.15541515126824],
       [-97.73576083725413, 30.28751497883541, 156.72515480685979],
       [-97.73573322223602, 30.28755601745303, 158.48435896914452],
       [-97.73575298402743, 30.28750530513891, 160.33389388397336]
       ]
   }
}
