{
  "type":  "Feature",
  "properties": {
       "name": "Locations generated by GNSS-SDR" 
   },
  "geometry": {
      "type": "MultiPoint",
      "coordinates": [
       [-97.73573719332055, 30.28747390259651, 163.60115883313119],
       [-97.73574906220833, 30.28745606929440, 162.55460189469159],
       [-97.73576774059937, 30.28748539741369, 167.92118266597390],
       [-97.73576155168591, 30.28748559507593, 160.00431390106678],
       [-97.73578355280762, 30.28745398170490, 150.91086870525032],
       [-97.73576427334984, 30.28745506558259, 153.51665907539427],
       [-97.73575720358897, 30.28749553533891, 175.34771355893463],
       [-97.73578812817492, 30.28749088305853, 183.51632171124220],
       [-97.73581171986670, 30.28742440069023, 161.78234015405178],
       [-97.73578248186411, 30.28746994234822, 171.26093849539757],
       [-97.73578094436961, 30.28744708630335, 171.36282232310623],
       [-97.73577627791897, 30.28748379527049, 171.78500470053405],
       [-97.73576726416798, 30.28748987271929, 162.48048196546733],
       [-97.73583104519579, 30.28747878523990, 154.44669864512980],
       [-97.73581422507800, 30.28747564990949, 146.23317221645266],
       [-97.73579537068062, 30.28749217839221, 160.71726319473237],
       [-97.73577284182376, 30.28748444359900, 166.57066626381129],
       [-97.73574432855321, 30.28751542206112, 169.77850545477122],
       [-97.73576958683451, 30.28747734474817, 160.54349425435066],
       [-97.73575189285890, 30.28751631382425, 175.39247553143650],
       [-97.73577320553676, 30.28750552014879, 172.65052873361856],
       [-97.73576606394124, 30.28751257462602, 164.14685288909823],
       [-97.73578517786871, 30.28750436250745, 173.18497887812555],
       [-97.73578450036500, 30.28748588733824, 172.25584250967950],
       [-97.73575970620328, 30.28750449903914, 172.04407695215195],
       [-97.73577723153055, 30.28748864582534, 163.72109005879611],
       [-97.73578079880988, 30.28751687165780, 165.59558486007154],
       [-97.73575387614035, 30.28751746863163, 167.88732979074121],
       [-97.73575583278964, 30.28746516432760, 163.78882821369916],
       [-97.73577663624924, 30.28747205079593, 150.05683706328273],
       [-97.73574312271728, 30.28749045962842, 153.38783677387983],
       [-97.73574982844178, 30.28749817465706, 155.55635029263794],
       [-97.73574807973971, 30.28752771272526, 167.29850173275918],
       [-97.73579200034027, 30.28751529068258, 161.06418610550463],
       [-97.73580313919874, 30.28746543966112, 161.15927388146520],
       [-97.73577021174543, 30.28751212561989, 165.21389280632138],
       [-97.73579507365982, 30.28748290920519, 175.04020882863551],
       [-97.73577368693059, 30.28747296174505, 178.04260499496013],
       [-97.73575990880266, 30.28750813472678, 177.70747136697173],
       [-97.73572497337027, 30.28751350345832, 174.92009195592254],
       [-97.73571365492862, 30.28753018599284, 169.52567499876022],
       [-97.73572994162225, 30.28753516077442, 170.26076095271856],
       [-97.73572392062398, 30.28752052071146, 172.84183022938669],
       [-97.73573099844643, 30.28751943984762, 168.84304580371827],
       [-97.73573232739211, 30.28753151574389, 173.03906092513353],
       [-97.73575293191199, 30.28748781668130, 163.06617683265358],
       [-97.73571378441547, 30.28752524968603, 163.40891159698367],
       [-97.73575236622855, 30.28747610282180, 157.87319993972778],
       [-97.73576686188636, 30.28748012907257, 159.46083638910204],
       [-97.73574380795249, 30.28748851422521, 164.17586263734847],
       [-97.73573471747382, 30.28750001962002, 163.60256552137434],
       [-97.73572450483181, 30.28755111919509, 177.55023060087115],
       [-97.73573668433129, 30.28754075228348, 178.05283427052200],
       [-97.73575257878687, 30.28750891548159, 169.61177119147032],
       [-97.73575452711317, 30.28753019922315, 173.03398861642927],
       [-97.73575347309018, 30.28750552514189, 184.58682178147137],
       [-97.73571605858442, 30.28751345557014, 176.31462452840060],
       [-97.73569613969372, 30.28751154679565, 175.12036793399602],
       [-97.73566824446961, 30.28753097837798, 177.99053581897169],
       [-97.73568815912570, 30.28752207387226, 165.33718195650727],
       [-97.73572458536775, 30.28751385092773, 165.10826305020601],
       [-97.73572887162936, 30.28749485014247, 169.65550145506859],
       [-97.73576575979521, 30.28747529893595, 159.36857609357685],
       [-97.73574885157568, 30.28750205484387, 159.61829352844507],
       [-97.73575676191122, 30.28749861904042, 160.31330897565931],
       [-97.73573227835311, 30.28754807545734, 157.29337882716209],
       [-97.73570789102880, 30.28751786245797, 174.47481293138117],
       [-97.73568644161719, 30.28755644882670, 185.67943247407675],
       [-97.73571716522639, 30.28750244851506, 175.33199268020689],
       [-97.73574237520397, 30.28751326684147, 168.79892209917307],
       [-97.73573528558812, 30.28749472389515, 168.61242729984224],
       [-97.73573098136302, 30.28750653782198, 180.64673860277981],
       [-97.73572358936374, 30.28753274588206, 173.59459655266255],
       [-97.73572451446428, 30.28750710902030, 174.14691093005240],
       [-97.73572904464166, 30.28749395844191, 168.04618516843766],
       [-97.73568199764429, 30.28751162591014, 177.05227486323565],
       [-97.73569071577309, 30.28749265760093, 173.71573678124696],
       [-97.73570754351179, 30.28750114560921, 173.22105187736452],
       [-97.73571824788384, 30.28745597798195, 164.99641919042915],
       [-97.73572477900319, 30.28745075209369, 164.60663030669093],
       [-97.73573041145670, 30.28747771032043, 168.00727834925056],
       [-97.73570255324620, 30.28750184189991, 160.40441844053566],
       [-97.73574905944308, 30.28745693403502, 153.76332692429423],
       [-97.73572313068183, 30.28749566318933, 164.38812038302422],
       [-97.73571215278284, 30.28752011706885, 167.05920089781284],
       [-97.73568487872882, 30.28749942842132, 162.30649706721306],
       [-97.73568240554738, 30.28750512078391, 172.70048069767654],
       [-97.73571011587677, 30.28752499766308, 179.09122592955828],
       [-97.73571797741315, 30.28753414538056, 178.47543708514422],
       [-97.73574952632968, 30.28747648055332, 167.79282379895449],
       [-97.73575249069464, 30.28749686535364, 164.90812604781240],
       [-97.73576551151004, 30.28751222489376, 163.29317343048751],
       [-97.73579763200298, 30.28747690035515, 158.82495092321187],
       [-97.73576768546978, 30.28749223061513, 152.63059305585921],
       [-97.73570188267990, 30.28748553599679, 155.33678050152957],
       [-97.73571763412852, 30.28750271677664, 163.86946447007358],
       [-97.73570245945925, 30.28753026918402, 156.85272524040192],
       [-97.73568274563314, 30.28755246495940, 161.61644977051765],
       [-97.73569906165149, 30.28752312238303, 156.93077433109283],
       [-97.73571040859061, 30.28751725635381, 160.82431164849550],
       [-97.73573218895341, 30.28746961525220, 178.71959439851344],
       [-97.73571452007339, 30.28749904944813, 173.23332271818072],
       [-97.73571670244775, 30.28749962476259, 172.30562240257859],
       [-97.73573782208511, 30.28750779466015, 163.87351647671312],
       [-97.73573697019843, 30.28755681992564, 162.13569202926010],
       [-97.73573634020782, 30.28753610032005, 156.00063052400947],
       [-97.73570116446537, 30.28753030489204, 158.77485081832856],
       [-97.73572741664150, 30.28750649989960, 151.23538017924875],
       [-97.73572251879796, 30.28751313114351, 164.08073234278709],
       [-97.73567593773524, 30.28753205520733, 160.86829908192158],
       [-97.73567551868258, 30.28751299712169, 172.02869706228375],
       [-97.73567668434519, 30.28749280623633, 166.74813427217305],
       [-97.73574622052047, 30.28752619770868, 153.80296418163925],
       [-97.73574521426767, 30.28749521373065, 160.06634816806763],
       [-97.73576650046819, 30.28751055580477, 174.45095566846430],
       [-97.73579296866052, 30.28749037080653, 167.55340435821563],
       [-97.73573383520051, 30.28752222047637, 158.09785689320415],
       [-97.73567491707274, 30.28755300237259, 172.18915784265846],
       [-97.73576703825624, 30.28750554485140, 166.38814531359822],
       [-97.73567589818619, 30.28756010028204, 156.30373491346836],
       [-97.73573923603584, 30.28756787064085, 148.15907171089202],
       [-97.73575769980856, 30.28756351953589, 146.76625163294375],
       [-97.73574503683513, 30.28756285056016, 160.22808181308210],
       [-97.73573630657398, 30.28753067402535, 168.72841781005263],
       [-97.73576560158844, 30.28750713470624, 160.82551951706409],
       [-97.73576442759183, 30.28752342991760, 166.72152087371796],
       [-97.73575345166121, 30.28752214472351, 162.79538131132722],
       [-97.73575043717459, 30.28750173975410, 164.35950535908341],
       [-97.73575415331045, 30.28756099244940, 169.01410955656320],
       [-97.73574503500083, 30.28757938491783, 175.67728921864182],
       [-97.73571136827630, 30.28754135945286, 171.50385996513069],
       [-97.73571430120552, 30.28752502327799, 158.57458468340337],
       [-97.73566374027625, 30.28753785272063, 166.24260772392154],
       [-97.73569638650045, 30.28752870139638, 175.79834603704512],
       [-97.73570877362364, 30.28752113969561, 170.00217588711530],
       [-97.73572410694391, 30.28752914032037, 164.87617653328925],
       [-97.73575139786321, 30.28752355543363, 168.87989967782050],
       [-97.73570986749012, 30.28755971062449, 169.91372753772885],
       [-97.73572627973391, 30.28757017960158, 168.67662523873150],
       [-97.73570629372237, 30.28755594489033, 169.99979605711997],
       [-97.73566444891873, 30.28750070861380, 180.34730420913547],
       [-97.73574981666027, 30.28746816145582, 181.05358027853072],
       [-97.73580057524460, 30.28749835439605, 176.09191654343158],
       [-97.73576376791576, 30.28752295404433, 167.46034689433873],
       [-97.73569146404037, 30.28758629196145, 172.64424162730575],
       [-97.73574619142329, 30.28758291422773, 172.66155687253922],
       [-97.73576350295598, 30.28754923745838, 167.68778487294912],
       [-97.73575920234876, 30.28754805633123, 168.35113467182964],
       [-97.73573593715562, 30.28751628486430, 176.69920404907316],
       [-97.73572306287744, 30.28747322251100, 168.78415581397712],
       [-97.73570412427971, 30.28748440608741, 164.71723453234881],
       [-97.73571663881484, 30.28754941385580, 177.00139392632991],
       [-97.73574353839851, 30.28755932263505, 178.57234162837267],
       [-97.73575070352386, 30.28754622679480, 168.61752198636532],
       [-97.73570814175577, 30.28753995477628, 182.78458391502500],
       [-97.73571242953361, 30.28755950777276, 183.83942061197013],
       [-97.73572310615891, 30.28753022231852, 177.67515155859292],
       [-97.73567441833501, 30.28751287546739, 189.42045035865158],
       [-97.73567942645933, 30.28749130424185, 188.94941182434559],
       [-97.73569365208159, 30.28749372603326, 186.28746001981199],
       [-97.73577072497018, 30.28753477470107, 168.85927050188184],
       [-97.73575607217195, 30.28753393954355, 173.51423718687147],
       [-97.73574530180309, 30.28756366807768, 173.81930302549154],
       [-97.73572604398738, 30.28756172837443, 173.00474262703210],
       [-97.73571135875702, 30.28757302480309, 172.82855186052620],
       [-97.73570555064664, 30.28758355068862, 186.21235828846693],
       [-97.73569216123271, 30.28757262795052, 176.69064071215689],
       [-97.73574406126389, 30.28754514012759, 188.30915522575378],
       [-97.73573168429307, 30.28749996949731, 188.94309680536389],
       [-97.73571926256119, 30.28752633209583, 184.94328388944268],
       [-97.73572288667556, 30.28752621333742, 177.44866002723575],
       [-97.73573555837140, 30.28753175949137, 184.51812707073987],
       [-97.73569390714307, 30.28755115534629, 190.13453229889274],
       [-97.73568090282396, 30.28755706209483, 185.55782557558268],
       [-97.73571942818609, 30.28754874142387, 187.80145461577922],
       [-97.73568610917734, 30.28758147616029, 188.99081421177834],
       [-97.73567992374427, 30.28760432351645, 176.41271002311260],
       [-97.73571527146643, 30.28758564282055, 176.20534732565284],
       [-97.73570289100128, 30.28759115369013, 186.76811168901622],
       [-97.73566846693704, 30.28758836968412, 183.05903776083142],
       [-97.73568206747807, 30.28763457591825, 182.53371702786535],
       [-97.73570140888641, 30.28758349568284, 174.35074166022241],
       [-97.73569482218139, 30.28756795998353, 185.62523136101663],
       [-97.73567581902834, 30.28759266964015, 196.23299698252231],
       [-97.73569265554868, 30.28756924919114, 186.80038358084857],
       [-97.73570956616055, 30.28754196539058, 182.06156102754176],
       [-97.73571783316676, 30.28756553891676, 181.68723448272794],
       [-97.73572017749461, 30.28759745098498, 182.60614822432399],
       [-97.73568865929315, 30.28763033450420, 181.55742286611348],
       [-97.73567699245621, 30.28761998426130, 177.02132182940841],
       [-97.73567862221540, 30.28760791295075, 173.15167289506644],
       [-97.73568811883617, 30.28760474629136, 178.15002266038209],
       [-97.73565207024467, 30.28761483133806, 179.33644472993910],
       [-97.73566751836914, 30.28760374572552, 173.36876372806728],
       [-97.73568285172021, 30.28761040354888, 188.96076828148216],
       [-97.73569116832340, 30.28761954655371, 189.81520480755717],
       [-97.73568521663437, 30.28758918748209, 176.83820821717381],
       [-97.73565585968740, 30.28762585858687, 179.33074340410531],
       [-97.73563855556817, 30.28761294369314, 182.87851642258465],
       [-97.73565506000612, 30.28757852800006, 175.93116331938654],
       [-97.73566356223391, 30.28758317710244, 172.09600424021482],
       [-97.73567951449712, 30.28759653437950, 176.43159627821296],
       [-97.73568247057017, 30.28762140734177, 177.61265643220395],
       [-97.73569341745024, 30.28756750876189, 173.41140134911984],
       [-97.73567135674479, 30.28756689992622, 179.65044878982008],
       [-97.73566604302987, 30.28753876273084, 191.89496486261487],
       [-97.73565142455878, 30.28750507920601, 189.88571983855218],
       [-97.73566411198199, 30.28759276701133, 178.09343642368913],
       [-97.73570224293256, 30.28758672213516, 175.44998222775757],
       [-97.73572912193168, 30.28759470286004, 170.39578619785607],
       [-97.73570719719885, 30.28756295087507, 165.76705089397728],
       [-97.73574201426052, 30.28756487024176, 168.83656327147037],
       [-97.73573580361332, 30.28756768915425, 171.08684164378792],
       [-97.73571166223198, 30.28758061740314, 171.84077707678080],
       [-97.73572490953039, 30.28754662322835, 164.60949447564781],
       [-97.73570394386682, 30.28756062616275, 159.28247677721083],
       [-97.73567436839184, 30.28754927433946, 162.81486769020557],
       [-97.73572385733721, 30.28754862809642, 159.55058351811022],
       [-97.73568182046372, 30.28755366415113, 157.27325479872525],
       [-97.73571827820277, 30.28753660285406, 165.53963027708232],
       [-97.73567504023646, 30.28753772053916, 170.13272847328335],
       [-97.73568600702210, 30.28754668671366, 174.64147486723959],
       [-97.73570085946206, 30.28754656837990, 170.02170270122588],
       [-97.73568554310199, 30.28756507523125, 165.16301809530705],
       [-97.73567183434257, 30.28753850778583, 173.18024396989495],
       [-97.73570586427179, 30.28750967523727, 163.95413401350379],
       [-97.73575466036095, 30.28748086727117, 162.81732674967498],
       [-97.73570872463631, 30.28752676559823, 160.96528145391494],
       [-97.73566453784188, 30.28755131329826, 176.42348162923008],
       [-97.73566178019801, 30.28755927478823, 167.38560610450804],
       [-97.73564973270337, 30.28759328570273, 164.18257194850594],
       [-97.73568953109746, 30.28753217589983, 182.52905461098999],
       [-97.73570758630386, 30.28753836693603, 183.63971669785678],
       [-97.73573811519496, 30.28756002467256, 180.35948597826064],
       [-97.73575490754433, 30.28752404331440, 174.83536411821842],
       [-97.73572059320965, 30.28753935704567, 176.62674054317176],
       [-97.73570624369619, 30.28758291990007, 187.26411358080804],
       [-97.73572562417399, 30.28752717690091, 176.15225020516664],
       [-97.73572995963021, 30.28753157041341, 165.87736920826137],
       [-97.73571005770145, 30.28751862542292, 168.34605296887457],
       [-97.73569249597912, 30.28752383905762, 175.19068487081677],
       [-97.73568698929206, 30.28751774569889, 175.71370540186763],
       [-97.73565574616211, 30.28753363155618, 161.68136935401708],
       [-97.73568047690787, 30.28755600501121, 155.71226135082543],
       [-97.73567331534574, 30.28760663496361, 173.67847294174135],
       [-97.73568213769404, 30.28760724182954, 179.93004943430424],
       [-97.73571954287129, 30.28757136822162, 158.46739208046347],
       [-97.73573035679937, 30.28752674404335, 162.06349779013544],
       [-97.73570925472306, 30.28754664459013, 181.24741244129837],
       [-97.73570058785343, 30.28754138546396, 191.03874477744102],
       [-97.73568159240135, 30.28754788708756, 178.13080555852503],
       [-97.73569763329299, 30.28751848282547, 167.17294344492257],
       [-97.73567877740963, 30.28754912090262, 182.00223733857274],
       [-97.73567629327505, 30.28758374854692, 176.19651571661234],
       [-97.73571797183368, 30.28756184259336, 167.52120794728398],
       [-97.73571521628516, 30.28755342183231, 165.97726232465357],
       [-97.73572278410748, 30.28755586028638, 166.63877958804369],
       [-97.73571842906789, 30.28756874181853, 174.01986710727215],
       [-97.73572354842322, 30.28752495777240, 162.51487161871046],
       [-97.73570211091145, 30.28751326246051, 160.26122373249382],
       [-97.73567163475221, 30.28757169404313, 172.19054390862584],
       [-97.73569450495026, 30.28757534829601, 174.96251148078591],
       [-97.73570632058694, 30.28758340355527, 162.21089540235698],
       [-97.73571065824510, 30.28757198888963, 177.94308662135154],
       [-97.73576659903202, 30.28750078357846, 174.63307775277644],
       [-97.73581849288792, 30.28746954461253, 160.27476307284087],
       [-97.73573479351758, 30.28750090820916, 161.04162105172873],
       [-97.73571413848103, 30.28749276920587, 167.87333790771663],
       [-97.73571780005528, 30.28754565986771, 167.89330800157040],
       [-97.73571528194287, 30.28751034524170, 172.68862007278949],
       [-97.73572662526088, 30.28754292930879, 178.01906040869653],
       [-97.73572914505240, 30.28752908642845, 174.39690082147717],
       [-97.73573734344448, 30.28751303053493, 166.09780704323202],
       [-97.73576184081033, 30.28749921212064, 167.39880590885878],
       [-97.73575470958735, 30.28752135826958, 175.88181481976062],
       [-97.73575162928940, 30.28754383614494, 179.48932212777436],
       [-97.73573994148198, 30.28755324708878, 165.01116923149675],
       [-97.73571796246388, 30.28753861057843, 164.01675822492689],
       [-97.73567063255786, 30.28754043690256, 170.69955773930997],
       [-97.73569994254287, 30.28753702081842, 179.13313199114054],
       [-97.73568617554344, 30.28751647190108, 169.37535477057099],
       [-97.73571758185496, 30.28751022318896, 159.10536615177989],
       [-97.73570808819817, 30.28756154150158, 174.09674451220781],
       [-97.73571568651292, 30.28755042719563, 175.52833249419928],
       [-97.73571931636144, 30.28754109079782, 157.17211130261421],
       [-97.73571155793756, 30.28752517584696, 160.11840071994811],
       [-97.73570430357805, 30.28749692289591, 171.87349829357117],
       [-97.73567511188465, 30.28755427694008, 178.04715575743467],
       [-97.73568035875034, 30.28759732643730, 176.80065923277289],
       [-97.73568617033426, 30.28756724079766, 167.89237993489951],
       [-97.73566978927384, 30.28754897676825, 159.36925070546567],
       [-97.73569831270933, 30.28752784374684, 169.10406666435301],
       [-97.73570355714456, 30.28748907177194, 171.62178588937968],
       [-97.73570314490136, 30.28756298913495, 163.74397492315620],
       [-97.73564956637473, 30.28758740793740, 174.71289257798344],
       [-97.73565175296734, 30.28754991090764, 182.16793281678110],
       [-97.73569154503060, 30.28753934680723, 163.38583693653345],
       [-97.73572139402900, 30.28753203846411, 157.57587781641632],
       [-97.73574218411338, 30.28750446909806, 164.84617886785418],
       [-97.73574022954551, 30.28751094208117, 158.01772812008858],
       [-97.73574568187745, 30.28751939808078, 155.24615877680480],
       [-97.73575444578817, 30.28751213243639, 154.75985251460224],
       [-97.73566179030703, 30.28755784215324, 153.66557573899627],
       [-97.73566361975894, 30.28754293032189, 164.43821315187961],
       [-97.73568544980893, 30.28750405571601, 157.30864285025746],
       [-97.73566652698520, 30.28756073230246, 168.65326642431319],
       [-97.73569524831923, 30.28757053372366, 167.08652120735496],
       [-97.73572058334825, 30.28753779791322, 167.92497974168509],
       [-97.73570318194396, 30.28752307766082, 164.27404652908444],
       [-97.73568586246945, 30.28753696565656, 166.60236837528646],
       [-97.73567907417947, 30.28754614948613, 165.08196596149355],
       [-97.73570205301043, 30.28753738494846, 165.95382261276245],
       [-97.73571150046391, 30.28754197809596, 158.41975194402039],
       [-97.73569356472080, 30.28755115578905, 158.40611459035426],
       [-97.73574655185460, 30.28748850296473, 162.25883063301444],
       [-97.73574573258000, 30.28748445812191, 148.36348961200565],
       [-97.73573279179081, 30.28748471790936, 146.84158326685429],
       [-97.73568913586591, 30.28752553955018, 155.66848984733224],
       [-97.73572359279255, 30.28753753659099, 153.14704800024629],
       [-97.73573371076589, 30.28751101004377, 150.61912270635366],
       [-97.73570974408835, 30.28751669115570, 158.14880523830652],
       [-97.73566443511126, 30.28752280777119, 159.62311400286853],
       [-97.73568070207462, 30.28753630032225, 164.28086402267218],
       [-97.73571406230323, 30.28749802260062, 161.16863643471152],
       [-97.73569732719395, 30.28754894498802, 172.03487136773765],
       [-97.73570993352601, 30.28757923485229, 164.76535413786769],
       [-97.73574857199559, 30.28755265850031, 160.82979230210185],
       [-97.73573353307400, 30.28753808540329, 160.02789110317826],
       [-97.73570071005894, 30.28754925737410, 156.01569182239473],
       [-97.73567663427784, 30.28755753286254, 145.73437300231308],
       [-97.73568335090606, 30.28755606689878, 141.83667691331357],
       [-97.73568758460466, 30.28754006389346, 141.98327691014856],
       [-97.73568575075865, 30.28751762335339, 151.40880920831114],
       [-97.73570792332775, 30.28752482775546, 153.88084825314581],
       [-97.73571527259460, 30.28754444438131, 158.45172280911356],
       [-97.73568891057049, 30.28758160535800, 157.57523697521538],
       [-97.73568353504695, 30.28756245324174, 157.40107324346900],
       [-97.73570721041874, 30.28751055961235, 153.94156850222498],
       [-97.73572683299642, 30.28756042815415, 154.73451492376626],
       [-97.73572617024512, 30.28755220492163, 163.12343359459192],
       [-97.73570313007328, 30.28753754693999, 170.74560259655118],
       [-97.73569627118583, 30.28753853181810, 162.95310862548649],
       [-97.73569871799091, 30.28754466416619, 156.96493047289550],
       [-97.73567621161628, 30.28752347513543, 148.58173231780529],
       [-97.73566184558882, 30.28755057122452, 153.19041426386684],
       [-97.73564335716993, 30.28757946248921, 157.97190870810300],
       [-97.73565985430633, 30.28758329308909, 158.11710244044662],
       [-97.73570852791080, 30.28758116493217, 159.04959444887936],
       [-97.73574611410601, 30.28755405927570, 161.69804363232106],
       [-97.73570256646531, 30.28758491761024, 165.22653243690729],
       [-97.73570650031674, 30.28758567761225, 167.31638427916914],
       [-97.73573395567628, 30.28753792797219, 161.32541786041111],
       [-97.73570854294333, 30.28756547391537, 176.12180810887367],
       [-97.73571082818370, 30.28758475685640, 180.69830111507326],
       [-97.73574425890831, 30.28756619103536, 159.77936546318233],
       [-97.73568343608395, 30.28760438544610, 170.03178244922310],
       [-97.73568616185769, 30.28755923306637, 169.49484736379236],
       [-97.73568804932130, 30.28755792914697, 165.63751097582281],
       [-97.73571238362284, 30.28758231931739, 165.64373009745032],
       [-97.73575919697142, 30.28757959439232, 166.89788638334721],
       [-97.73571799490364, 30.28760548498810, 169.32755186874419],
       [-97.73572738720381, 30.28758036943745, 178.56511093862355],
       [-97.73571566540157, 30.28756883487581, 169.71228847187012],
       [-97.73570665469849, 30.28755018787324, 165.05485671665519],
       [-97.73573078032535, 30.28757021095656, 173.12173609808087],
       [-97.73575021645360, 30.28756936716858, 170.39464436471462],
       [-97.73569578828035, 30.28760798648822, 172.14754309970886],
       [-97.73567235801171, 30.28758868749689, 182.43919206690043],
       [-97.73571169678270, 30.28754780674933, 180.24887895490974],
       [-97.73574894798567, 30.28758532097484, 180.55545364413410],
       [-97.73575032667155, 30.28757185053843, 182.16306054312736],
       [-97.73577121355734, 30.28753096043007, 178.50793156400323],
       [-97.73576753681142, 30.28751106081561, 176.72086153086275],
       [-97.73574506682917, 30.28753680878107, 182.18933967594057],
       [-97.73569840547661, 30.28757006000476, 182.80385685991496],
       [-97.73572369876615, 30.28757014579251, 164.80142226535827],
       [-97.73570088451172, 30.28759934866047, 170.37434574496001],
       [-97.73570587778671, 30.28762009601204, 170.96474735904485],
       [-97.73572204618988, 30.28757057766633, 167.90277402661741],
       [-97.73575710227652, 30.28753512371712, 165.35398766677827],
       [-97.73571977008291, 30.28757141369596, 172.75542395468801],
       [-97.73569313118239, 30.28754285469763, 184.80002635158598],
       [-97.73572838608887, 30.28756466146796, 181.58882134500891],
       [-97.73576357502191, 30.28754986084000, 165.37492469325662],
       [-97.73575740139684, 30.28753171074868, 167.33076783455908],
       [-97.73572229716873, 30.28752829391160, 172.26633678749204],
       [-97.73573018294798, 30.28755225917052, 180.31085290666670],
       [-97.73575295910094, 30.28754897990492, 171.39274314604700],
       [-97.73572149181341, 30.28756261775275, 167.27944812737405],
       [-97.73574672993719, 30.28752778802328, 162.78776088356972],
       [-97.73571979301838, 30.28754438267582, 161.08933215029538],
       [-97.73575214163773, 30.28751003910262, 174.35142808966339],
       [-97.73576304463870, 30.28754163569943, 170.93623030651361],
       [-97.73576191641807, 30.28754092496517, 169.14467640873045],
       [-97.73574527242708, 30.28755833491514, 170.89742048736662],
       [-97.73574409663196, 30.28754276357990, 162.35665793064982],
       [-97.73575113333598, 30.28757075010241, 167.16622202005237],
       [-97.73574334690399, 30.28753756318863, 159.95931468717754],
       [-97.73573399940345, 30.28754992608206, 164.98200917989016],
       [-97.73573255216699, 30.28758357041494, 157.61264359392226],
       [-97.73575406942925, 30.28754712585162, 163.42726646456867],
       [-97.73573423510095, 30.28755877892926, 176.42901471816003],
       [-97.73574701361790, 30.28754390735588, 177.18653730768710],
       [-97.73574312686758, 30.28751092579445, 174.71435490436852],
       [-97.73574874742259, 30.28757653388497, 173.38521984219551],
       [-97.73572263196053, 30.28755511557616, 168.84792879130691],
       [-97.73573196491107, 30.28754427819011, 166.97930901590735],
       [-97.73571124277092, 30.28757570251370, 173.51976608484983],
       [-97.73570620566572, 30.28756830146709, 162.59924791101366],
       [-97.73572763899602, 30.28755310118110, 162.56127939000726],
       [-97.73578753313217, 30.28755144250925, 169.45166564639658],
       [-97.73579859253307, 30.28752245192309, 164.01941840350628],
       [-97.73575841865997, 30.28754232885609, 161.19258494302630],
       [-97.73575833171412, 30.28752606833195, 156.64064232632518],
       [-97.73572582013753, 30.28756351070552, 159.35416889842600],
       [-97.73571218858879, 30.28756034917028, 165.35390072688460],
       [-97.73570409720064, 30.28756650507072, 169.10243972577155],
       [-97.73571220786303, 30.28751822100423, 166.84942191001028],
       [-97.73574394674317, 30.28752277491008, 159.06103117205203],
       [-97.73573801512865, 30.28753617551405, 151.20961266756058],
       [-97.73569785883447, 30.28754773827850, 173.26277926471084],
       [-97.73570158189901, 30.28758261568625, 179.34721270296723],
       [-97.73576531238065, 30.28756593042008, 168.99207987356931],
       [-97.73576791110031, 30.28754449302408, 163.11438379436731],
       [-97.73575274654526, 30.28752334076608, 172.33260447345674],
       [-97.73571890878277, 30.28753420089118, 170.59436245355755],
       [-97.73571898460901, 30.28753365416953, 167.71956651285291],
       [-97.73573179368647, 30.28756085231663, 157.54366392362863],
       [-97.73570116030263, 30.28754215940142, 155.42870346270502],
       [-97.73571320184097, 30.28754766377919, 163.00131555087864],
       [-97.73573429753247, 30.28757461031789, 162.43881778791547],
       [-97.73571629216484, 30.28759798561038, 164.67548782844096],
       [-97.73571360261880, 30.28756782440648, 159.46030088607222],
       [-97.73573784658898, 30.28755738099482, 166.99596612714231],
       [-97.73573147755749, 30.28755846096110, 167.20871375873685],
       [-97.73567466738055, 30.28760142530843, 169.73456655256450],
       [-97.73571862284820, 30.28755860127251, 161.30194989871234],
       [-97.73573353522448, 30.28750324321611, 161.02531499508768],
       [-97.73576166626950, 30.28752007087164, 163.27844022680074],
       [-97.73571700450039, 30.28755021305061, 173.56426224950701],
       [-97.73574435084652, 30.28750999784391, 168.41645455174148],
       [-97.73570683326435, 30.28751435227293, 165.11563216615468],
       [-97.73571121663888, 30.28754497848059, 167.17115938384086],
       [-97.73573998621157, 30.28754942667129, 166.54359318036586],
       [-97.73576649260060, 30.28753449509965, 160.17116563208401],
       [-97.73574060517421, 30.28758049984876, 162.08812956791371],
       [-97.73574177976126, 30.28754497312108, 143.15377720259130],
       [-97.73570611362274, 30.28751312424848, 142.29420410562307],
       [-97.73566318172843, 30.28756703701731, 168.66397654917091],
       [-97.73567377045576, 30.28759303218152, 162.48755721282214],
       [-97.73574387451440, 30.28757147390364, 151.80768206249923],
       [-97.73577428828588, 30.28754164692495, 150.18857360444963],
       [-97.73574630092553, 30.28754363665632, 164.12936651613563],
       [-97.73572795683576, 30.28755597093150, 165.29741307068616],
       [-97.73572247774102, 30.28753794999483, 160.68896015547216],
       [-97.73572288225569, 30.28754901172411, 164.72548100072891],
       [-97.73567905193150, 30.28751068851914, 166.83462769631296],
       [-97.73573775224479, 30.28755693701349, 158.77409088332206],
       [-97.73574544432033, 30.28755721345234, 148.94165991526097],
       [-97.73575602652380, 30.28757640471426, 151.59448284935206],
       [-97.73580446367460, 30.28754434908169, 145.81012620870024],
       [-97.73574386617226, 30.28759034371032, 158.50316690746695],
       [-97.73568863524028, 30.28758417254313, 162.12984749488533],
       [-97.73569780822648, 30.28756705069208, 159.52580601163208],
       [-97.73574829641751, 30.28753206397196, 152.73244816437364],
       [-97.73570980563262, 30.28752683893883, 163.49074413441122],
       [-97.73568411311103, 30.28754202662132, 177.06230999808758],
       [-97.73566786332582, 30.28756162163579, 178.25253746099770],
       [-97.73569955966934, 30.28758979704121, 179.08493880927563],
       [-97.73570526635761, 30.28760234695727, 186.17167709581554],
       [-97.73575824742174, 30.28756648571921, 166.85055488906801],
       [-97.73571704226897, 30.28757777680357, 162.86230627540499],
       [-97.73569676051790, 30.28757117972716, 159.94158188346773],
       [-97.73571817095002, 30.28759414172240, 161.99810357578099],
       [-97.73572334693318, 30.28755994079541, 158.47143280506134],
       [-97.73573068042505, 30.28753096162084, 154.96077593415976],
       [-97.73569926840506, 30.28757035473842, 157.35496626794338],
       [-97.73572062332822, 30.28754629182442, 146.41205254197121],
       [-97.73573970371038, 30.28755623850789, 140.52036272548139],
       [-97.73575877265644, 30.28755232493130, 160.24902845360339],
       [-97.73572521159113, 30.28759593123269, 173.08139128424227],
       [-97.73570756971039, 30.28760823534108, 175.99054286628962],
       [-97.73569800829954, 30.28758291119471, 162.99481219984591],
       [-97.73575311832522, 30.28757133574731, 166.71390483621508],
       [-97.73571786280637, 30.28755779974176, 170.62326904572546],
       [-97.73567435314916, 30.28757259315720, 162.19142449460924],
       [-97.73568897802161, 30.28756947076742, 159.79603195469826],
       [-97.73570432695992, 30.28755082232327, 150.11656094063073],
       [-97.73573213597972, 30.28752303343965, 147.57837231736630],
       [-97.73574746331204, 30.28755095392719, 147.34758675936610],
       [-97.73573720716287, 30.28758426073194, 158.23005601763725],
       [-97.73573951608748, 30.28754701057898, 147.96152801625431],
       [-97.73572396604237, 30.28752419217667, 151.80921337846667],
       [-97.73572162128362, 30.28753310669996, 159.77778473962098],
       [-97.73571296008562, 30.28750783164769, 164.19657963421196],
       [-97.73573926659043, 30.28750985357204, 152.77906342223287],
       [-97.73568369709265, 30.28750471609943, 170.47627238091081],
       [-97.73573791915669, 30.28748818241389, 159.45220309682190],
       [-97.73572749067191, 30.28748754830402, 154.32287260703743],
       [-97.73574819265235, 30.28750500335327, 151.16782379802316],
       [-97.73571235237601, 30.28753382234476, 152.58356553874910],
       [-97.73569128788603, 30.28755268791617, 157.57817046064883],
       [-97.73569258918113, 30.28754445283641, 149.53944878559560],
       [-97.73571692378745, 30.28752882518653, 147.88634615950286],
       [-97.73569123802818, 30.28753576155149, 155.88606998044997],
       [-97.73572056396144, 30.28755477287056, 156.42841419484466],
       [-97.73573479046500, 30.28755348104410, 155.99561754520983],
       [-97.73572556861549, 30.28751868904196, 153.77099731471390],
       [-97.73574775040385, 30.28750325358995, 144.13242010865360],
       [-97.73576350002341, 30.28751415036989, 149.95442539919168],
       [-97.73574955882245, 30.28749505870887, 160.28813631180674],
       [-97.73568369539944, 30.28750602123061, 162.78023743070662],
       [-97.73568411211903, 30.28748871431509, 168.07422999106348],
       [-97.73567340904360, 30.28749996282694, 166.48496035020798],
       [-97.73567268449416, 30.28751974615192, 168.35340902488679],
       [-97.73569339104186, 30.28750676709657, 168.55889356881380],
       [-97.73575542386233, 30.28745603874899, 142.95087790954858],
       [-97.73577434740874, 30.28743996615801, 140.09095373749733],
       [-97.73574978842709, 30.28751356609306, 154.05176110286266],
       [-97.73569562869663, 30.28751319745789, 158.75686282478273],
       [-97.73569351291830, 30.28752663123297, 159.33400270994753],
       [-97.73569698588990, 30.28755050727809, 155.46936415135860],
       [-97.73571106036732, 30.28754501853678, 153.28256908338517],
       [-97.73570804263149, 30.28749795601871, 163.23340886645019],
       [-97.73570950948134, 30.28748814831507, 178.59631953388453],
       [-97.73572889382633, 30.28746915807639, 171.32546576578170],
       [-97.73571984769275, 30.28744904759015, 159.87313763983548],
       [-97.73572150322018, 30.28748888597146, 162.89525512326509],
       [-97.73576102915132, 30.28747746756253, 161.68364690337330],
       [-97.73574612826725, 30.28748428889480, 167.94725147821009],
       [-97.73577838775368, 30.28750990742642, 158.75955783203244],
       [-97.73576334737167, 30.28752283704781, 164.43010759074241],
       [-97.73572876910067, 30.28749209181397, 166.20166604500264],
       [-97.73569011403747, 30.28750865810937, 157.07189054321498],
       [-97.73571550116161, 30.28750193667400, 154.04871485847980],
       [-97.73570439555334, 30.28752139921958, 159.71028808504343],
       [-97.73567323939797, 30.28752309042450, 173.02375841978937],
       [-97.73566064388775, 30.28754424019005, 174.24193433206528],
       [-97.73566986197677, 30.28752561804884, 156.37813617940992],
       [-97.73568550971676, 30.28750380179882, 153.79621609300375],
       [-97.73572892895076, 30.28747954358211, 169.24879409465939],
       [-97.73575144214851, 30.28747727876980, 166.41608219500631],
       [-97.73576080296415, 30.28749574854641, 170.57891807798296],
       [-97.73576758280142, 30.28748666343890, 173.03722950164229],
       [-97.73572916921388, 30.28749199436393, 178.82358779199421],
       [-97.73574447203299, 30.28750324168857, 167.19650529045612],
       [-97.73573558721057, 30.28748132875185, 161.04059295728803],
       [-97.73571578585143, 30.28750877593537, 162.23508969508111],
       [-97.73571164883586, 30.28751227207338, 165.55563608184457],
       [-97.73572838230795, 30.28752552930755, 149.98775264900178],
       [-97.73575557063361, 30.28750024736281, 155.40461081545800],
       [-97.73572672681954, 30.28750367859709, 152.96749722398818],
       [-97.73572102111416, 30.28749712399732, 153.14511406142265],
       [-97.73573635687482, 30.28750106197966, 155.79093655757606],
       [-97.73576229658151, 30.28751458942790, 155.29097432456911],
       [-97.73575136347040, 30.28748787420743, 160.51072539575398],
       [-97.73571020866629, 30.28746575860932, 165.44739939272404],
       [-97.73569898699353, 30.28747468615069, 182.61012232117355],
       [-97.73573345613204, 30.28744887900736, 174.02331912238151],
       [-97.73572808521621, 30.28747019455593, 171.70277651771903],
       [-97.73575622122313, 30.28750547096145, 163.68317025806755],
       [-97.73576638335970, 30.28747336614877, 164.07689494267106],
       [-97.73575759117003, 30.28750420162015, 163.64222733583301],
       [-97.73575654678774, 30.28754169090239, 162.48970788437873],
       [-97.73575324791791, 30.28749614741863, 163.90290505811572],
       [-97.73575870761118, 30.28745743337425, 153.53668007254601],
       [-97.73570778598149, 30.28750254820015, 174.65706106089056],
       [-97.73570633653232, 30.28748981950172, 169.29922236874700],
       [-97.73571546265718, 30.28749420830937, 156.10842532850802],
       [-97.73572886302414, 30.28750697798909, 166.82511946279556],
       [-97.73573260719155, 30.28750328422834, 182.98375304415822],
       [-97.73576874087746, 30.28749088495575, 158.69968797545880],
       [-97.73575029580678, 30.28749467076165, 153.47370681818575],
       [-97.73575522222367, 30.28749234266357, 163.18927399069071],
       [-97.73574551446809, 30.28747164129381, 159.38192489743233],
       [-97.73575020353456, 30.28747870284526, 159.97200290765613],
       [-97.73573452911505, 30.28747419720614, 163.99062388855964],
       [-97.73571724494147, 30.28747117735636, 164.22379331663251],
       [-97.73567405217260, 30.28748943502309, 171.49737454764545],
       [-97.73574772654928, 30.28745181849318, 166.13482380844653],
       [-97.73578334212020, 30.28743323216482, 148.75076635368168],
       [-97.73576671351148, 30.28745716313787, 145.89941899385303],
       [-97.73573193206953, 30.28751374079567, 149.56959493830800],
       [-97.73578042234470, 30.28749277214633, 152.31111477687955],
       [-97.73576141588958, 30.28748975000265, 147.86575642228127],
       [-97.73575480898019, 30.28746310168848, 153.13797979336232],
       [-97.73572670807081, 30.28746426851089, 156.25640137866139],
       [-97.73570665058270, 30.28751022404676, 157.75478179380298],
       [-97.73574298349300, 30.28752175495254, 167.00307295843959],
       [-97.73575427115973, 30.28743604016388, 168.69536625407636],
       [-97.73572858362672, 30.28744672829803, 170.52160709071904],
       [-97.73571014693921, 30.28744754438943, 171.80691070575267],
       [-97.73573940066403, 30.28743013538367, 166.53997701313347],
       [-97.73576449636629, 30.28743067300424, 157.97720559500158],
       [-97.73573636331085, 30.28744166821297, 156.22084341011941],
       [-97.73574959374122, 30.28744783906558, 168.74564479012042],
       [-97.73578738109906, 30.28748871875388, 164.85144537035376],
       [-97.73579936795677, 30.28747492156520, 159.52227740455419],
       [-97.73575293400675, 30.28748683791201, 156.51272983569652],
       [-97.73569909425522, 30.28751095987879, 165.90223849751055],
       [-97.73571680290149, 30.28750449919179, 169.85481131821871],
       [-97.73578531356262, 30.28745755543192, 160.83658688142896],
       [-97.73577966248452, 30.28748050843420, 159.34326359722763],
       [-97.73577304042072, 30.28750401225012, 151.31969504430890],
       [-97.73577991677081, 30.28746293042309, 149.59704504441470],
       [-97.73579640803601, 30.28747248741588, 152.94434618391097],
       [-97.73579071756366, 30.28750077725401, 160.86265376210213],
       [-97.73574448941987, 30.28747036780896, 157.61598911043257],
       [-97.73575752444115, 30.28746824316381, 155.34189578890800],
       [-97.73576868814095, 30.28749179022217, 162.75204482022673],
       [-97.73572402801388, 30.28750508850734, 163.62125812843442],
       [-97.73571739806823, 30.28746753501854, 165.83540432062000],
       [-97.73572140319288, 30.28744757802285, 163.48501783609390],
       [-97.73574986351542, 30.28745839081663, 161.19981413707137],
       [-97.73578952734185, 30.28748436572804, 156.21573247201741],
       [-97.73577071166068, 30.28749137994439, 157.24682624172419],
       [-97.73573253532284, 30.28750865985021, 150.45249631814659],
       [-97.73576386416218, 30.28751423874597, 154.76260834187269],
       [-97.73574962549908, 30.28750912802127, 150.21279456466436],
       [-97.73570404307326, 30.28750165911301, 152.99279369413853],
       [-97.73571344553481, 30.28748812533186, 167.27953345607966],
       [-97.73572277135185, 30.28749437735410, 165.36467633396387],
       [-97.73572133556775, 30.28749705902365, 168.28133752942085],
       [-97.73578709400805, 30.28745696337724, 155.02509774081409],
       [-97.73575551619901, 30.28749475750606, 168.27578064054251],
       [-97.73573220523137, 30.28747921598169, 177.33405439369380],
       [-97.73577380669775, 30.28751421887084, 164.81532475166023],
       [-97.73578499163676, 30.28751447194679, 160.03585513588041],
       [-97.73573705396707, 30.28751173463927, 161.64892461244017],
       [-97.73575288143110, 30.28751679597560, 163.21647981833667],
       [-97.73578527220089, 30.28750531559123, 151.91373782511801],
       [-97.73576274623856, 30.28751632197187, 155.03701121918857],
       [-97.73573525843933, 30.28749640014474, 160.66160498280078],
       [-97.73572644349517, 30.28750366066301, 155.38589736167341],
       [-97.73574329552990, 30.28750466092539, 157.21517856791615],
       [-97.73576214555526, 30.28750036719185, 159.89245112892240],
       [-97.73576425887998, 30.28750478996645, 161.60011223237962],
       [-97.73574576373524, 30.28751298132695, 160.29431933630258],
       [-97.73577491405257, 30.28749575419851, 161.39565294701606],
       [-97.73577185371850, 30.28750549710994, 163.60345784574747],
       [-97.73575999612763, 30.28752582410484, 166.97708074282855],
       [-97.73576170427712, 30.28752624212426, 165.86574959661812],
       [-97.73576556781589, 30.28750751232294, 163.51685048174113],
       [-97.73577499649879, 30.28749032823094, 166.30613941140473],
       [-97.73575480702624, 30.28751039345798, 164.20964860543609],
       [-97.73574061384100, 30.28751168091332, 160.80816665850580],
       [-97.73574678965257, 30.28751018958158, 162.32634668610990],
       [-97.73576068248951, 30.28753000727510, 161.12109585013241],
       [-97.73576610312806, 30.28753892885431, 154.79165452811867],
       [-97.73577272722306, 30.28752761294591, 157.79877389781177],
       [-97.73579899937940, 30.28751909130913, 154.65033612772822],
       [-97.73582299710256, 30.28752021400938, 155.49125606380403],
       [-97.73581829331948, 30.28750376143215, 161.69385360553861],
       [-97.73579383201105, 30.28750400905397, 166.39870978053659],
       [-97.73576830938742, 30.28749359766829, 162.91756055783480],
       [-97.73577233426681, 30.28748725000482, 160.78780418820679],
       [-97.73576698584719, 30.28750858362800, 161.92933724354953],
       [-97.73575991934163, 30.28750897482995, 163.92105812486261],
       [-97.73576685056678, 30.28749574999543, 168.92386323958635],
       [-97.73576539694437, 30.28750916035067, 165.04210401047021],
       [-97.73580514868509, 30.28751246478735, 156.03817527089268],
       [-97.73582121837812, 30.28748804020446, 162.81843752879649],
       [-97.73579617603438, 30.28751132861235, 162.81344476155937],
       [-97.73578866062783, 30.28749978963792, 162.69779111538082],
       [-97.73579343134895, 30.28748994539713, 163.50078547187150],
       [-97.73576555315324, 30.28752019666719, 172.05328691471368],
       [-97.73575742223466, 30.28750532726542, 174.66775822825730],
       [-97.73575407469791, 30.28748466413910, 171.11278103105724],
       [-97.73575913584946, 30.28749154432677, 164.84520011767745],
       [-97.73576570176976, 30.28748539986368, 176.04799485858530],
       [-97.73576150588192, 30.28750912319146, 176.04234387632459],
       [-97.73575378369610, 30.28751712725624, 165.62173651717603],
       [-97.73576826947311, 30.28751808925645, 165.18689311016351],
       [-97.73579251115166, 30.28751915230705, 159.10129443369806],
       [-97.73576476731382, 30.28753559751937, 169.53188447654247],
       [-97.73575214761458, 30.28753390091946, 174.89964137412608],
       [-97.73575491080507, 30.28749884819036, 169.60893082804978],
       [-97.73575580324567, 30.28749155832475, 170.21736932732165],
       [-97.73573945953629, 30.28752032338399, 172.51198860071599],
       [-97.73573765259114, 30.28751935169223, 170.02808588370681],
       [-97.73576007067379, 30.28750125129944, 166.84643198736012],
       [-97.73574872393776, 30.28750076557252, 163.04057461395860],
       [-97.73574026057906, 30.28752055110341, 171.44637458212674],
       [-97.73575000189666, 30.28750745260933, 174.01593405660242],
       [-97.73575317342885, 30.28752586135515, 173.25183204375207],
       [-97.73575914516873, 30.28751555911909, 174.42496632225811],
       [-97.73572203698996, 30.28753702131133, 178.35491701029241],
       [-97.73574017660000, 30.28750462423010, 173.53735486045480],
       [-97.73575500649164, 30.28749609767028, 178.24349998869002],
       [-97.73575098664489, 30.28749860110614, 180.62708371691406],
       [-97.73576083812668, 30.28748850086655, 182.19767583161592],
       [-97.73574789670347, 30.28751273767475, 179.40087772160769],
       [-97.73574442571272, 30.28751869881228, 172.47412508726120],
       [-97.73574788376982, 30.28752233369565, 165.17894988227636],
       [-97.73576365620008, 30.28751656625387, 160.19198954850435],
       [-97.73574982787542, 30.28755291163469, 167.07165275886655],
       [-97.73575107365210, 30.28752750346946, 169.77238230872899],
       [-97.73574182010702, 30.28751792158803, 167.91044968739152],
       [-97.73574802437408, 30.28752762918885, 171.69839163031429],
       [-97.73575770695082, 30.28750884511665, 176.85458083264530],
       [-97.73573607815302, 30.28751452286716, 178.95756095275283],
       [-97.73574678985619, 30.28750344821943, 177.11436923779547],
       [-97.73574920561896, 30.28749726339207, 177.10569928959012],
       [-97.73572801651680, 30.28750816796418, 179.51316937152296],
       [-97.73572259678252, 30.28752484524581, 182.72317020222545],
       [-97.73575711803782, 30.28752191314903, 179.61613517161459],
       [-97.73576980007725, 30.28751612933679, 174.81558283325285],
       [-97.73577463903248, 30.28751301494367, 166.21305074542761],
       [-97.73575231402081, 30.28752478784901, 166.41674349550158],
       [-97.73575399726153, 30.28753590202102, 161.48512782808393],
       [-97.73575376006599, 30.28752848120863, 161.90995097626001],
       [-97.73574304937851, 30.28754187387952, 166.61043734382838],
       [-97.73573097494545, 30.28754432839080, 172.09333761688322],
       [-97.73576320183862, 30.28752844436397, 170.91592831816524],
       [-97.73577281528040, 30.28752853589168, 164.40902036707848],
       [-97.73579461885954, 30.28752416981188, 165.27609286550432],
       [-97.73577317981486, 30.28753273586834, 175.34691762365401],
       [-97.73578270441548, 30.28754855924160, 177.08343825116754],
       [-97.73578969176103, 30.28751713353873, 172.95206842850894],
       [-97.73579072170705, 30.28752073737544, 165.25945512391627],
       [-97.73575397310856, 30.28753358017016, 165.28541121724993],
       [-97.73575346992276, 30.28752550625113, 173.51270297262818],
       [-97.73573991073738, 30.28752729725849, 174.99216692615300],
       [-97.73573996341422, 30.28753060510616, 168.70387777034193],
       [-97.73573670643722, 30.28753309425972, 171.69670554436743],
       [-97.73573760753311, 30.28755574461678, 177.36505929194391],
       [-97.73575096515809, 30.28757262190847, 173.13875142298639],
       [-97.73578308326451, 30.28754916717160, 166.73455379903316],
       [-97.73574919937809, 30.28756749827719, 165.78508662991226],
       [-97.73575834776204, 30.28756496828593, 162.60277287755162],
       [-97.73577861003255, 30.28752598275902, 170.07432896085083],
       [-97.73575109865853, 30.28755316956814, 180.73867493588477],
       [-97.73574958482418, 30.28754507602210, 187.74895699135959],
       [-97.73573128130673, 30.28752383387291, 185.69577537849545],
       [-97.73569342645854, 30.28756797642172, 184.92607878334820],
       [-97.73570662129359, 30.28757442569069, 182.06917248852551],
       [-97.73572266586348, 30.28757828301520, 171.03101657610387],
       [-97.73571499648625, 30.28757313135944, 173.23472115676850],
       [-97.73574762200887, 30.28756528600564, 168.41695272549987],
       [-97.73575501255601, 30.28756857384765, 167.61070664785802],
       [-97.73573016186977, 30.28758040191332, 169.86250124126673],
       [-97.73571289267315, 30.28756086720867, 171.95125583931804],
       [-97.73571947836467, 30.28758281916750, 175.15690516121686],
       [-97.73573002653411, 30.28757624981901, 178.69367163069546],
       [-97.73571414553471, 30.28756890754502, 174.59471863042563],
       [-97.73571614192760, 30.28756685704062, 174.28632841166109],
       [-97.73573539144952, 30.28755133343020, 178.72785489261150],
       [-97.73575429289157, 30.28756098186501, 177.69296030700207],
       [-97.73574797501193, 30.28755856551071, 178.09818618278950],
       [-97.73572969402139, 30.28756043333904, 180.91873789485544],
       [-97.73571664157228, 30.28756631911279, 180.68449868913740],
       [-97.73573543730046, 30.28757301250669, 176.18525173049420],
       [-97.73572098154182, 30.28756814102859, 175.67467439174652],
       [-97.73569439846334, 30.28758328489081, 175.57399783656001],
       [-97.73573566504255, 30.28758384268070, 177.10516895633191],
       [-97.73573779819978, 30.28756805027978, 178.72013953141868],
       [-97.73571235376907, 30.28756763369798, 180.54543306585401],
       [-97.73575018722639, 30.28755696909669, 175.85247254278511],
       [-97.73575947156905, 30.28756682185547, 174.87756460532546],
       [-97.73574297145039, 30.28758908410748, 178.77033770270646],
       [-97.73571575602458, 30.28755155763182, 182.31614606548101],
       [-97.73577974479119, 30.28755246911048, 182.83048411551863],
       [-97.73578214093084, 30.28755061147375, 180.55399810057133],
       [-97.73576310169693, 30.28756672111466, 179.22771138790995],
       [-97.73576030939503, 30.28756591715714, 172.02173990942538],
       [-97.73576479305416, 30.28757346866468, 170.31828852277249],
       [-97.73574911053025, 30.28757182121029, 176.63989955745637],
       [-97.73572435183182, 30.28756661094582, 175.82984293997288],
       [-97.73572917762904, 30.28756415141558, 178.46177389938384],
       [-97.73573469857433, 30.28755656255800, 177.99575486686081],
       [-97.73573808984244, 30.28755178570288, 183.28837070148438],
       [-97.73575034853131, 30.28752129828662, 181.69532944820821],
       [-97.73575533999391, 30.28754312087922, 177.58272949978709],
       [-97.73578113369602, 30.28754117943102, 177.12422753032297],
       [-97.73578776290790, 30.28754866946914, 184.69412120990455],
       [-97.73578042469467, 30.28755863284270, 189.71809957828373],
       [-97.73579579861108, 30.28751797010479, 181.89943661820143],
       [-97.73579358024222, 30.28751737428881, 179.52468875981867],
       [-97.73577882983540, 30.28754402772008, 171.85915946587920],
       [-97.73575297525927, 30.28754910900256, 174.03603188693523],
       [-97.73574515466900, 30.28756323061448, 174.03511418960989],
       [-97.73572967488380, 30.28757058431668, 175.05529617611319],
       [-97.73574742221969, 30.28753718539673, 177.98294784966856],
       [-97.73573675384718, 30.28756083640589, 178.00149685423821],
       [-97.73574205573455, 30.28755949648873, 175.99601499456912],
       [-97.73580151095990, 30.28751431621534, 180.70166107732803],
       [-97.73577940854649, 30.28751529307196, 179.98876107763499],
       [-97.73577478313690, 30.28752567166912, 179.85729382000864],
       [-97.73577858697158, 30.28752356306107, 178.06456932052970],
       [-97.73574289500444, 30.28753797517569, 182.99863297306001],
       [-97.73575515972780, 30.28752191803266, 180.89772328268737],
       [-97.73574165392262, 30.28753246705621, 174.11155856400728],
       [-97.73576017184143, 30.28754761020870, 174.02929622959346],
       [-97.73576794092423, 30.28754401755664, 176.06712432298809],
       [-97.73578545655812, 30.28752975732882, 178.07862508762628],
       [-97.73578141371644, 30.28751719646338, 177.08096336293966],
       [-97.73578319097055, 30.28750476064305, 181.41177739202976],
       [-97.73577059802766, 30.28751420075360, 185.44846946746111],
       [-97.73576600353655, 30.28753708840254, 185.28478271793574],
       [-97.73576495512170, 30.28754794988128, 167.60397255420685],
       [-97.73575186880953, 30.28752740913432, 171.33150760363787],
       [-97.73574529654925, 30.28753509305129, 175.29366583377123],
       [-97.73576451489345, 30.28750992475518, 172.68180145695806],
       [-97.73576220839897, 30.28750107434790, 172.15476007573307],
       [-97.73576734162945, 30.28753384983433, 176.39893914852291],
       [-97.73576618870119, 30.28753002466867, 182.63289338909090],
       [-97.73575321389957, 30.28752548586982, 167.22559932991862],
       [-97.73573674742597, 30.28752825675290, 175.58969504944980],
       [-97.73574617695198, 30.28754672545471, 172.37789656314999],
       [-97.73576522783723, 30.28754412004070, 165.85762974340469],
       [-97.73577707897843, 30.28753037387741, 162.97319979593158],
       [-97.73578755754092, 30.28752428334879, 168.70138525683433],
       [-97.73579057763634, 30.28750633210012, 167.17583505809307],
       [-97.73579453503648, 30.28750970016493, 167.44691552873701],
       [-97.73578312619509, 30.28750694938952, 165.54944169428200],
       [-97.73577011403306, 30.28750850036722, 168.92192861065269],
       [-97.73576077680346, 30.28751272639976, 177.70855324994773],
       [-97.73576270415640, 30.28751328402887, 173.46923666447401],
       [-97.73576562632931, 30.28751582036756, 165.28744427021593],
       [-97.73574654368095, 30.28752496126390, 169.29961995966733],
       [-97.73574037635223, 30.28753859176637, 172.88983613345772],
       [-97.73575063392654, 30.28753038633081, 169.68109769932926],
       [-97.73578102277112, 30.28752612616106, 166.30910664703697],
       [-97.73578232246990, 30.28751834235047, 161.21780513413250],
       [-97.73577134365715, 30.28751453293375, 159.97050660382956],
       [-97.73577972762443, 30.28753453472566, 161.80497063416988],
       [-97.73578843619592, 30.28755532970875, 161.75645460374653],
       [-97.73577534459761, 30.28751272859846, 162.09632477164268],
       [-97.73572661061199, 30.28752516829636, 168.47326795663685],
       [-97.73571327665998, 30.28754553140647, 173.06576410774142],
       [-97.73573678980325, 30.28751682720317, 169.15552119165659],
       [-97.73571954523933, 30.28753820211642, 173.27315172646195],
       [-97.73570702900417, 30.28754406011638, 170.72153278160840],
       [-97.73569484025197, 30.28753378963811, 174.52430549636483],
       [-97.73567364677021, 30.28755073052867, 172.55674478411674],
       [-97.73563796576140, 30.28754967026730, 180.25874839723110],
       [-97.73563456192016, 30.28751611478179, 179.50209664739668],
       [-97.73571423776676, 30.28758763172949, 171.14144585095346],
       [-97.73565410919987, 30.28757635449528, 174.19847987685353],
       [-97.73567455541507, 30.28756476094561, 175.74973069876432],
       [-97.73565685026192, 30.28754021382973, 168.95909597259015],
       [-97.73568893839436, 30.28752518248504, 151.98381884396076],
       [-97.73572675197977, 30.28748741224820, 150.75491617061198],
       [-97.73577537534734, 30.28749410412517, 163.72872305288911],
       [-97.73569262126743, 30.28756279616997, 174.68721752054989],
       [-97.73566771605802, 30.28754715368348, 170.21904259733856],
       [-97.73574686914878, 30.28751735398808, 172.46313459333032],
       [-97.73570931282865, 30.28754244960149, 182.09975562617183],
       [-97.73565404182558, 30.28754049770787, 175.92881630547345],
       [-97.73568363782584, 30.28749582501051, 167.41668251156807],
       [-97.73572127594011, 30.28751372570619, 166.28301376663148],
       [-97.73569209948131, 30.28754609773783, 173.60641304217279],
       [-97.73571818550690, 30.28751379386062, 159.83335699141026],
       [-97.73572829028406, 30.28754609379809, 163.89189120102674],
       [-97.73568250413518, 30.28755290690594, 173.26324244588614],
       [-97.73573003198287, 30.28750534894572, 164.96391778346151],
       [-97.73573463840746, 30.28751912164533, 175.19493745919317],
       [-97.73568971123822, 30.28754105501479, 178.60395868960768],
       [-97.73570503337375, 30.28749656096010, 162.90420775115490],
       [-97.73574440052514, 30.28752549870643, 171.90623288135976],
       [-97.73570470509246, 30.28750169821772, 159.87940178997815],
       [-97.73575369972851, 30.28748583601355, 166.12452800199389],
       [-97.73571573515800, 30.28752089687076, 179.78994140308350],
       [-97.73566527126542, 30.28753434785462, 164.97149130608886],
       [-97.73570522799444, 30.28754686049443, 170.29788678046316],
       [-97.73566377199685, 30.28753381501281, 166.02665050607175],
       [-97.73572756736628, 30.28750135424629, 163.82480496726930],
       [-97.73576022987923, 30.28752407760544, 168.35157646983862],
       [-97.73573091187947, 30.28752660070985, 164.34747700486332],
       [-97.73576273803168, 30.28752117859266, 169.57098160218447],
       [-97.73575435403730, 30.28754524376880, 170.20874394569546],
       [-97.73571043031585, 30.28755544202132, 165.02281704358757],
       [-97.73574800492597, 30.28753336511429, 166.96334248036146],
       [-97.73570845381202, 30.28752995488558, 180.43310892675072],
       [-97.73568658166022, 30.28749190254334, 165.61916770599782],
       [-97.73571738696988, 30.28751563960444, 176.19914912432432],
       [-97.73568813025122, 30.28751616723504, 177.81576562486589],
       [-97.73574336578224, 30.28749508069588, 167.98206020984799],
       [-97.73570877861637, 30.28753485603378, 171.01064587477595],
       [-97.73572334966633, 30.28752140800032, 161.77058792486787],
       [-97.73577691304381, 30.28753836167433, 162.29834080953151],
       [-97.73572233748052, 30.28753409227191, 166.57196421362460],
       [-97.73573301956749, 30.28752860837355, 167.95589456520975],
       [-97.73568978612215, 30.28753453296774, 174.86436461377889],
       [-97.73571525090821, 30.28747653524630, 159.43461885303259],
       [-97.73572397091452, 30.28750082397250, 174.79927854891866],
       [-97.73572274854388, 30.28748118034665, 168.09060090407729],
       [-97.73574314634395, 30.28751544544109, 176.89126297365874],
       [-97.73571966416543, 30.28748408810930, 171.52021635696292],
       [-97.73576954712986, 30.28750138475220, 172.88261055760086],
       [-97.73571310897547, 30.28751006043484, 176.95221344009042],
       [-97.73572646672704, 30.28752167173248, 178.31755940616131],
       [-97.73570314349529, 30.28752619971592, 175.23478147014976],
       [-97.73574394906700, 30.28750393565985, 160.16215870622545],
       [-97.73569490830980, 30.28754251241133, 168.56003609206527],
       [-97.73571298335658, 30.28754386250942, 163.23962823208421],
       [-97.73570601407140, 30.28752449194931, 174.07276635989547],
       [-97.73571315636711, 30.28749760136298, 163.13374488521367],
       [-97.73567126243273, 30.28752327232051, 175.88646279834211],
       [-97.73572822383468, 30.28746977054719, 168.19700165092945],
       [-97.73570041957888, 30.28751552088534, 178.49250226374716],
       [-97.73574042405821, 30.28751962284972, 167.97290636878461],
       [-97.73573242416656, 30.28751183649977, 174.59529043827206],
       [-97.73576069618431, 30.28752326915627, 170.89909686334431],
       [-97.73571613809651, 30.28753144388231, 176.73051224555820],
       [-97.73576307566408, 30.28750927784233, 167.10507860593498],
       [-97.73569780080004, 30.28753281913090, 162.76047010719776],
       [-97.73573567323581, 30.28749761275046, 169.29068845883012],
       [-97.73570548366688, 30.28750094464105, 171.39483814686537],
       [-97.73570891820310, 30.28754750448380, 177.89562518801540],
       [-97.73574124422491, 30.28751848263322, 165.02602658513933],
       [-97.73569347441574, 30.28754429100438, 170.94898162689060],
       [-97.73572910925485, 30.28753274946597, 163.10570489894599],
       [-97.73573148951508, 30.28753038162364, 162.47671148646623],
       [-97.73573313681409, 30.28755953442746, 160.51827113237232],
       [-97.73572648636778, 30.28754787681433, 159.99122877791524],
       [-97.73570064642330, 30.28755778474417, 179.72761788219213],
       [-97.73572899231425, 30.28755909737570, 176.96884447336197],
       [-97.73570833160714, 30.28754214393214, 168.77213383279741],
       [-97.73573648999371, 30.28754292737773, 173.39246202353388],
       [-97.73570286994362, 30.28754717069035, 162.56219160649925],
       [-97.73568453192559, 30.28756470563289, 181.59348569158465],
       [-97.73573579778450, 30.28753959552788, 182.20716387033463],
       [-97.73570601290984, 30.28753796987991, 176.42419395316392],
       [-97.73570420409499, 30.28751463488102, 174.58779592812061],
       [-97.73574005068990, 30.28752005852315, 156.76602285169065],
       [-97.73571955755247, 30.28754684495483, 158.08328850008547],
       [-97.73573675232353, 30.28754385484991, 160.85763999633491],
       [-97.73574782261493, 30.28755148734660, 156.14111517090350],
       [-97.73571021744579, 30.28756359555799, 164.92709948308766],
       [-97.73571055115721, 30.28756149865529, 174.27419077046216],
       [-97.73575740283236, 30.28750881476011, 170.07608958054334],
       [-97.73573696324917, 30.28746009393712, 172.84772960469127],
       [-97.73571642949003, 30.28746890029701, 181.23482430353761],
       [-97.73573967902976, 30.28752237153682, 178.38421731255949],
       [-97.73575231214369, 30.28752476860378, 171.08020268380642],
       [-97.73572221790110, 30.28755577985660, 171.14373155403882],
       [-97.73576135587908, 30.28754959460873, 169.51829156838357],
       [-97.73573409361268, 30.28755389144828, 166.61747811548412],
       [-97.73573047743893, 30.28757164077735, 166.15218222979456],
       [-97.73572614499535, 30.28756575465729, 168.17809877265245],
       [-97.73572816321948, 30.28755804162846, 162.66031951270998],
       [-97.73569313989462, 30.28751681229055, 160.03089224733412],
       [-97.73570112627650, 30.28752164680041, 168.86412741430104],
       [-97.73574761256472, 30.28751644551048, 172.53772931452841],
       [-97.73573031733297, 30.28750150707573, 172.58858303818852],
       [-97.73574163095488, 30.28753611791037, 172.15439343359321],
       [-97.73576707264496, 30.28754563015253, 173.25729513168335],
       [-97.73579783066016, 30.28753480388103, 172.45072204247117],
       [-97.73573643194293, 30.28753469104548, 164.16335417144001],
       [-97.73571044587608, 30.28755957108419, 164.47437199391425],
       [-97.73575643102777, 30.28753220318297, 166.77493564225733],
       [-97.73574787295057, 30.28755898776129, 170.95129974838346],
       [-97.73572794053442, 30.28753576956856, 163.18801107071340],
       [-97.73571437733662, 30.28751746976589, 160.96284678950906],
       [-97.73573295806708, 30.28753294186924, 167.64890116080642],
       [-97.73573824440214, 30.28752841699855, 167.48628331907094],
       [-97.73574121536826, 30.28756595265700, 165.06752148829401],
       [-97.73574976823124, 30.28752833731777, 156.53905022051185],
       [-97.73577651645476, 30.28751721746387, 162.79771613609046],
       [-97.73573604440932, 30.28755855492486, 172.13789932336658],
       [-97.73571786882570, 30.28756062372564, 172.98657138459384],
       [-97.73572373308576, 30.28753238685145, 171.11085893493146],
       [-97.73574552133242, 30.28751782349232, 165.85403434280306],
       [-97.73574568886436, 30.28751800322536, 170.02617102768272],
       [-97.73573326821213, 30.28749835874505, 169.01333089359105],
       [-97.73571022255948, 30.28751563692640, 163.44948738161474],
       [-97.73571523888741, 30.28753296911569, 170.72042805980891],
       [-97.73572039313264, 30.28754791505398, 171.56947575416416],
       [-97.73572712742309, 30.28756172376887, 172.98389504104853],
       [-97.73574799421327, 30.28753528690201, 167.32566981203854],
       [-97.73577286192160, 30.28751859515756, 161.99550237506628],
       [-97.73577186442358, 30.28751907744333, 163.70599194895476],
       [-97.73573529677984, 30.28751392448274, 165.01904610730708],
       [-97.73572520678007, 30.28749403611025, 164.45172788109630],
       [-97.73571303896338, 30.28750410752490, 163.77814142778516],
       [-97.73570820777557, 30.28751359637734, 174.03248733747751],
       [-97.73570920883644, 30.28751363181557, 178.86866903491318],
       [-97.73569266236073, 30.28752089655437, 174.96781472675502],
       [-97.73570124814408, 30.28751573446707, 171.12845732271671],
       [-97.73574246980364, 30.28750474919531, 168.43022586870939],
       [-97.73575058718473, 30.28752439576933, 173.26416191272438],
       [-97.73575441644601, 30.28748255361179, 166.59655403811485],
       [-97.73573248781487, 30.28751368705227, 164.88941845949739],
       [-97.73575383068312, 30.28752050522288, 157.95275807939470],
       [-97.73574150267285, 30.28752299392203, 170.02888885792345],
       [-97.73572007752962, 30.28751351044774, 174.27505609672517],
       [-97.73573028936673, 30.28751295120512, 173.60215029586107],
       [-97.73573944691759, 30.28749735887767, 173.66360889375210],
       [-97.73571804299500, 30.28749828556418, 174.40363254584372],
       [-97.73571192551805, 30.28753179367958, 180.27567076496780],
       [-97.73570433747426, 30.28750366198833, 175.17139975354075],
       [-97.73572745487996, 30.28749057388590, 172.52612494584173],
       [-97.73575052218487, 30.28751463346962, 175.37574829254299],
       [-97.73572951331619, 30.28753649676543, 185.65025011450052],
       [-97.73572474267078, 30.28752211539669, 184.77348664589226],
       [-97.73573032712069, 30.28750603076283, 177.29317900165915],
       [-97.73571545613690, 30.28751232388244, 167.08036918099970],
       [-97.73572332451764, 30.28752245170247, 168.48814324475825],
       [-97.73570620466563, 30.28750976639763, 158.94728160370141],
       [-97.73570798108754, 30.28752438705043, 161.41558671649545],
       [-97.73571588278283, 30.28752623339344, 168.49543009046465],
       [-97.73573605006823, 30.28749953336118, 168.86110583692789],
       [-97.73577624636570, 30.28745495256700, 156.48926254175603],
       [-97.73577779806614, 30.28745011203399, 157.04695226438344],
       [-97.73577147252867, 30.28746109464905, 165.04706243891269],
       [-97.73573977981997, 30.28749816960801, 168.49505849182606],
       [-97.73572352854049, 30.28753307559129, 170.58427392225713],
       [-97.73573136653148, 30.28750563062263, 169.64187446609139],
       [-97.73570487340065, 30.28749960895480, 173.90393205173314],
       [-97.73571569564407, 30.28748449163444, 166.23027990479022],
       [-97.73574590798295, 30.28745273092759, 157.10895957052708],
       [-97.73573374874697, 30.28747091570818, 152.94426711369306],
       [-97.73572841960691, 30.28751032496335, 155.53282556589693],
       [-97.73573408693976, 30.28749555308330, 163.18641778826714],
       [-97.73572777469428, 30.28754113601533, 166.33587874099612],
       [-97.73574250853376, 30.28750862988089, 162.79673564340919],
       [-97.73575157050402, 30.28747650725245, 158.49569069501013],
       [-97.73572392522264, 30.28747953622359, 161.25970880407840],
       [-97.73570631707373, 30.28752844890688, 169.86152552440763],
       [-97.73572967589783, 30.28752205896570, 168.78345187660307],
       [-97.73572336369632, 30.28751297492686, 166.90093118604273],
       [-97.73572648288776, 30.28748468493619, 171.73991565778852],
       [-97.73572883893418, 30.28748184305958, 167.27389032673091],
       [-97.73574094530299, 30.28748964682673, 161.62269783858210],
       [-97.73574072399687, 30.28750598136526, 154.61161629203707],
       [-97.73568020016543, 30.28752858841036, 162.77247545495629],
       [-97.73568921004185, 30.28751841875695, 161.80336991231889],
       [-97.73571449727274, 30.28751875203461, 159.04532009828836],
       [-97.73574761115044, 30.28750606985260, 158.02391309570521],
       [-97.73577672502266, 30.28750062727715, 158.31761233229190],
       [-97.73574001993831, 30.28752943679373, 174.38621177617460],
       [-97.73572133085689, 30.28753176180907, 173.65062252990901],
       [-97.73574996381974, 30.28748764941883, 165.72595056425780],
       [-97.73571923890854, 30.28752330135072, 165.29601086862385],
       [-97.73567480479366, 30.28751458613140, 171.24922868423164],
       [-97.73568620617741, 30.28750205344353, 169.29600837919861],
       [-97.73571459027046, 30.28752004473602, 165.29042181465775],
       [-97.73572474825941, 30.28752468798494, 169.39267037808895],
       [-97.73571208545107, 30.28755219534419, 169.41473784018308],
       [-97.73570322149094, 30.28752980020292, 161.00746107753366],
       [-97.73573515278390, 30.28750566552753, 165.61710054334253],
       [-97.73572489269230, 30.28752401223897, 165.97857207152992],
       [-97.73569188696176, 30.28751346261990, 166.96549091767520],
       [-97.73570362653285, 30.28748271494526, 163.04770455043763],
       [-97.73569910301440, 30.28750750692906, 171.70543398242444],
       [-97.73572655275750, 30.28752092014183, 175.04968547541648],
       [-97.73573136334934, 30.28749579486339, 165.24395938683301],
       [-97.73572617201653, 30.28749975162764, 165.83161689154804],
       [-97.73568911758740, 30.28752850469564, 180.18331818655133],
       [-97.73573099186603, 30.28750231802386, 172.78635878302157],
       [-97.73573972995501, 30.28754237520324, 168.57516870927066],
       [-97.73572843496505, 30.28754170529244, 178.34338315948844],
       [-97.73572310485963, 30.28751311416478, 168.63677288591862],
       [-97.73573223369264, 30.28750260062018, 162.39356652367860],
       [-97.73571012653639, 30.28752016489194, 172.30754451826215],
       [-97.73574387944252, 30.28749163363721, 159.61784638743848],
       [-97.73571523129236, 30.28752226895374, 165.39596424717456],
       [-97.73572431880194, 30.28749075589924, 161.24069448653609],
       [-97.73575778064976, 30.28751267192001, 158.39723163004965],
       [-97.73573299647050, 30.28754312543292, 161.44708609208465],
       [-97.73572920492769, 30.28750001406186, 155.56008948851377],
       [-97.73572373457031, 30.28752162463034, 161.11206383071840],
       [-97.73574726470895, 30.28751312551833, 166.45265335589647],
       [-97.73576425179689, 30.28748014261555, 158.69593337830156],
       [-97.73571660463098, 30.28753810157211, 172.76577532477677],
       [-97.73571704244610, 30.28748016203327, 162.94996487535536],
       [-97.73573456935675, 30.28749324334553, 166.82491152454168],
       [-97.73573552165760, 30.28751726937768, 171.20621407870203],
       [-97.73571857163670, 30.28751076686811, 161.63926117401570],
       [-97.73573685339420, 30.28751365343147, 155.96344718895853],
       [-97.73574567664318, 30.28754063914020, 160.60683813691139],
       [-97.73573707847368, 30.28752257119751, 156.87062382418662],
       [-97.73573797663194, 30.28754148978415, 163.71733260620385],
       [-97.73575883405347, 30.28751821192800, 158.61788864992559],
       [-97.73576521126247, 30.28752896714263, 161.13834774401039],
       [-97.73573029314498, 30.28753627548478, 170.95290022343397],
       [-97.73573810367424, 30.28749376110726, 164.46909876167774],
       [-97.73570721205557, 30.28748686372842, 167.99328782781959],
       [-97.73574673366083, 30.28745932932614, 161.87452239729464],
       [-97.73573545603149, 30.28749196141669, 168.51811447273940],
       [-97.73573297378093, 30.28748121758994, 168.23703148961067],
       [-97.73572460152251, 30.28748272201638, 168.80282389186323],
       [-97.73575991698188, 30.28749169653531, 155.62159733846784],
       [-97.73573719779151, 30.28751413446726, 160.88650273345411],
       [-97.73573557556858, 30.28751412998945, 155.23359464854002],
       [-97.73570546363239, 30.28752602625322, 159.19298578239977],
       [-97.73571685262083, 30.28751963169406, 159.42117462120950],
       [-97.73570011180040, 30.28752795132242, 163.79992637783289],
       [-97.73569939234311, 30.28754517904813, 168.09208359103650],
       [-97.73572395474746, 30.28749138710890, 168.10689079295844],
       [-97.73568812001514, 30.28753110736183, 177.48167082667351],
       [-97.73569227080648, 30.28751583633595, 165.57338793482631],
       [-97.73571743397162, 30.28750319486207, 174.68482464365661],
       [-97.73574914549991, 30.28749886915056, 164.30985275562853],
       [-97.73573361939738, 30.28750141935276, 167.70847133826464],
       [-97.73576311311678, 30.28746607608642, 154.24297688063234],
       [-97.73575634981245, 30.28747761835388, 155.61488781310618],
       [-97.73574136314586, 30.28752223013473, 166.20353871397674],
       [-97.73573654697361, 30.28749937284766, 159.07806743495166],
       [-97.73570424980612, 30.28752805258354, 162.85248668957502],
       [-97.73571444738148, 30.28751361897595, 157.60465631261468],
       [-97.73569625796939, 30.28749562277979, 158.21101193130016],
       [-97.73567653296583, 30.28753229610576, 169.11013079527766],
       [-97.73574920199258, 30.28751593290700, 163.24911157321185],
       [-97.73572846688462, 30.28753236128168, 173.33213711064309],
       [-97.73574079963150, 30.28752356781551, 161.10048797819763],
       [-97.73573737683824, 30.28751425210548, 157.62188992835581],
       [-97.73570937355964, 30.28754038605356, 176.86405551061034],
       [-97.73571953370906, 30.28751832228621, 170.12226062733680],
       [-97.73571097607194, 30.28754383441399, 161.70116248819977],
       [-97.73568297544435, 30.28755497246812, 169.93200009502470],
       [-97.73574160658096, 30.28751923669540, 161.41969264484942],
       [-97.73573925278068, 30.28751733213046, 158.86323741264641],
       [-97.73572951436513, 30.28753830946950, 176.52168597187847],
       [-97.73575118505994, 30.28754997010821, 178.84138712007552],
       [-97.73574990395579, 30.28755261924328, 167.84883953630924],
       [-97.73572932150577, 30.28752657089709, 171.30872950237244],
       [-97.73568951846569, 30.28752489418505, 168.03620846010745],
       [-97.73570064507166, 30.28751811342892, 165.28618186432868],
       [-97.73572217475210, 30.28749372574839, 164.06007938925177],
       [-97.73572361058729, 30.28749978863014, 167.39864513464272],
       [-97.73576650305051, 30.28752092745006, 160.48752818349749],
       [-97.73577083586505, 30.28752489746532, 159.26760751567781],
       [-97.73577822163520, 30.28750759149789, 159.81747705116868],
       [-97.73577250311314, 30.28750117222728, 162.14172416180372],
       [-97.73575535000214, 30.28750411950203, 167.97646221052855],
       [-97.73573383573576, 30.28752638081657, 170.11037930473685],
       [-97.73573178090328, 30.28747283126438, 166.86061420757324],
       [-97.73575390633796, 30.28746732924498, 159.57782031688839],
       [-97.73576819778127, 30.28744953211516, 163.26624451112002],
       [-97.73573903164984, 30.28749219559128, 173.29966739937663],
       [-97.73574310045338, 30.28753326993831, 161.55320024490356],
       [-97.73576666092882, 30.28750650916010, 159.61977894790471],
       [-97.73577250127153, 30.28748553853683, 149.76781296078116],
       [-97.73577412870569, 30.28747335460585, 154.95424553658813],
       [-97.73575283041046, 30.28747609009125, 160.19925107993186],
       [-97.73573072270496, 30.28752811086594, 168.81234779953957],
       [-97.73574557649928, 30.28753464315802, 166.23523825127631],
       [-97.73575548780353, 30.28751953703926, 162.09019929543138],
       [-97.73573655772941, 30.28748854937491, 167.85085945110768],
       [-97.73575539822910, 30.28748180083011, 165.62288211379200],
       [-97.73575149821018, 30.28750367681583, 167.42855060938746],
       [-97.73573155174303, 30.28752368043094, 176.95113938301802],
       [-97.73573825747998, 30.28752745227134, 175.42819374147803],
       [-97.73577004933324, 30.28753845602281, 172.18674717843533],
       [-97.73578036035670, 30.28750291566881, 166.54681469127536],
       [-97.73577842269931, 30.28745451727697, 157.34093699883670],
       [-97.73577034972989, 30.28744730450897, 151.23656304553151],
       [-97.73576112714773, 30.28749391873652, 155.64729623682797],
       [-97.73574404644941, 30.28752439162289, 158.23991320468485],
       [-97.73574575912168, 30.28750232279449, 158.64347978588194],
       [-97.73574922582982, 30.28748799685514, 163.70603918656707],
       [-97.73572544038339, 30.28748338745040, 166.56896536424756],
       [-97.73573249263977, 30.28747161016687, 171.43410290032625],
       [-97.73573020812006, 30.28751571347150, 180.85351406503469],
       [-97.73575253216636, 30.28749866972167, 176.30269937310368],
       [-97.73574899517354, 30.28749444443593, 167.33695700392127],
       [-97.73577206514912, 30.28752048835035, 163.65911757387221],
       [-97.73578692316855, 30.28751279390046, 157.33051234297454],
       [-97.73577089798010, 30.28747937367773, 156.25639032199979],
       [-97.73572331376747, 30.28752634455013, 161.38738238625228],
       [-97.73572775041173, 30.28752280250567, 162.65360612794757],
       [-97.73572856381269, 30.28750363024515, 158.13000481110066],
       [-97.73570716356032, 30.28752534293868, 169.55194198898971],
       [-97.73570104715394, 30.28750850086796, 172.42240175139159],
       [-97.73568376674001, 30.28750080541565, 170.50254205800593],
       [-97.73571800085405, 30.28748024686820, 172.11500596348196],
       [-97.73576122921098, 30.28748313927355, 169.21111170202494],
       [-97.73574080449727, 30.28749913915252, 171.65393381938338],
       [-97.73574097819089, 30.28749935049964, 174.71728321630508],
       [-97.73575109956036, 30.28751220559689, 169.10168230999261],
       [-97.73575697933860, 30.28750893245687, 167.89818858727813],
       [-97.73575670935863, 30.28750608822906, 175.44469233043492],
       [-97.73571027306330, 30.28750965834501, 175.43238008208573],
       [-97.73567971696698, 30.28749618362462, 170.92321888543665],
       [-97.73567667978401, 30.28749182345553, 165.25744095630944],
       [-97.73569798887824, 30.28750972718004, 160.74014670029283],
       [-97.73572966073259, 30.28747339013343, 169.70383185334504],
       [-97.73572816012089, 30.28747936129926, 171.56425957940519],
       [-97.73573031121980, 30.28750079866438, 163.11131843551993],
       [-97.73574882748981, 30.28750771892712, 167.88166605681181],
       [-97.73576445651106, 30.28749970485847, 169.54960445687175],
       [-97.73576586774585, 30.28749763689630, 163.95651610568166],
       [-97.73576817164044, 30.28745704985581, 157.43209964316338],
       [-97.73574905401695, 30.28748536825267, 169.06231832597405],
       [-97.73572984550307, 30.28750155755230, 174.20947951450944],
       [-97.73572200998642, 30.28750363496603, 180.60794421378523],
       [-97.73570775623246, 30.28749275038834, 177.78322678897530],
       [-97.73571528934765, 30.28749606811835, 164.94938002526760],
       [-97.73571821470966, 30.28749851141147, 168.74028209038079],
       [-97.73574835652252, 30.28747986251629, 164.42337730992585],
       [-97.73574822130409, 30.28750643254306, 163.77459972072393],
       [-97.73575283903195, 30.28750804313274, 167.27940051723272],
       [-97.73573584541313, 30.28750984339927, 183.52059988677502],
       [-97.73574110638805, 30.28749492423643, 182.01111974753439],
       [-97.73574241895241, 30.28748231869723, 170.04141528438777],
       [-97.73572722105516, 30.28749377002638, 173.01460085436702],
       [-97.73571988779312, 30.28749848040650, 178.95150296948850],
       [-97.73570022608828, 30.28752154184577, 181.61750123742968],
       [-97.73572213837163, 30.28752186919952, 176.56287992559373],
       [-97.73572002540642, 30.28749889938445, 168.83175983559340],
       [-97.73572205645544, 30.28750273784869, 172.68482475262135],
       [-97.73573162655964, 30.28753968519323, 178.65520073100924],
       [-97.73573236261760, 30.28754671688333, 176.69635659363121],
       [-97.73575167652284, 30.28750494431559, 167.04573483299464],
       [-97.73576980899705, 30.28749263388227, 163.25522835738957],
       [-97.73574235253379, 30.28752552826863, 167.65319983009249],
       [-97.73575097495522, 30.28753715956211, 170.72421889100224],
       [-97.73574395031078, 30.28752697036089, 175.72396558895707],
       [-97.73570793230321, 30.28751792540287, 174.07052935380489],
       [-97.73571256137103, 30.28751705836372, 174.63129082322121],
       [-97.73572725267071, 30.28747492416258, 164.37998583819717],
       [-97.73571533603953, 30.28747694854207, 167.21362879872322],
       [-97.73571336974800, 30.28751493752631, 176.44624026399106],
       [-97.73571550355491, 30.28753597621878, 176.16368281561881],
       [-97.73573466869281, 30.28751868753162, 164.66992700565606],
       [-97.73572732204595, 30.28753695838065, 168.24528083205223],
       [-97.73572717621666, 30.28756532852399, 172.85182430222631],
       [-97.73573561890515, 30.28751428715203, 170.87942277267575],
       [-97.73571635469258, 30.28756898455968, 177.11777588538826],
       [-97.73568597715445, 30.28754103701203, 176.56289525888860],
       [-97.73573111761442, 30.28756217914337, 180.86043437942863],
       [-97.73574584124763, 30.28751590035330, 179.99389915354550],
       [-97.73572504561947, 30.28752301096317, 171.32744287233800],
       [-97.73571611868415, 30.28754539642881, 175.13240955118090],
       [-97.73574972791140, 30.28751615778366, 177.99025964457542],
       [-97.73573711026307, 30.28750961529425, 169.58445768523961],
       [-97.73573070371208, 30.28752564202455, 170.55697049945593],
       [-97.73572621530424, 30.28749916118840, 167.46159144677222],
       [-97.73571678963268, 30.28753022013115, 161.44643504731357],
       [-97.73572447239279, 30.28754005560740, 171.91177268605679],
       [-97.73570249302951, 30.28755343526886, 171.62491066101938],
       [-97.73571214092658, 30.28754297925893, 174.92209534440190],
       [-97.73573583062119, 30.28751798911413, 170.28464119415730],
       [-97.73573729409664, 30.28753419678372, 174.01117230486125],
       [-97.73573970234857, 30.28751625280886, 167.87430526316166],
       [-97.73572089670633, 30.28752588985876, 167.18041933048517],
       [-97.73574843826634, 30.28753443509493, 172.82275896519423],
       [-97.73577575662799, 30.28755755801354, 172.35327898990363],
       [-97.73576147024866, 30.28755290286989, 171.07015915960073],
       [-97.73571292646066, 30.28752019295975, 166.67645568866283],
       [-97.73568306840529, 30.28754595137168, 173.76411085482687],
       [-97.73569863335645, 30.28754078667096, 166.73505031783134],
       [-97.73575642587653, 30.28752298506004, 169.62822321616113],
       [-97.73575946688754, 30.28753078994996, 163.79416438750923],
       [-97.73574444803018, 30.28753639116636, 173.68765030708164],
       [-97.73571584051153, 30.28753000832675, 171.95315715111792],
       [-97.73573939516214, 30.28752321177042, 168.81481676734984],
       [-97.73574285985823, 30.28752854729550, 164.24222825933248],
       [-97.73573975872655, 30.28751209585711, 171.41668594162911],
       [-97.73571392230329, 30.28752870604562, 163.67335933726281],
       [-97.73570751763903, 30.28755436789836, 166.91291124839336],
       [-97.73570151325471, 30.28754829077810, 165.69049794413149],
       [-97.73569320786949, 30.28754115143224, 166.61162954382598],
       [-97.73570930708034, 30.28753761022346, 168.79560079891235],
       [-97.73572028464025, 30.28754818218196, 163.99712335970253],
       [-97.73575288902414, 30.28753859243113, 171.08276777062565],
       [-97.73570971867881, 30.28755085055167, 172.16784366499633],
       [-97.73572949016726, 30.28752934300202, 177.94088409747928],
       [-97.73573497785458, 30.28751944725479, 171.54824724420905],
       [-97.73574782699592, 30.28750467359641, 169.26907188352197],
       [-97.73575102807338, 30.28753938706708, 166.47886899672449],
       [-97.73572579760568, 30.28752602092483, 166.51141553651541],
       [-97.73572321359975, 30.28752581818708, 161.77977803442627],
       [-97.73569759939434, 30.28755112283763, 169.95514149870723],
       [-97.73570279312770, 30.28757289647951, 162.60224351938814],
       [-97.73572441938737, 30.28755351907416, 165.83784223161638],
       [-97.73576852142151, 30.28753650032153, 157.55887435283512],
       [-97.73577023476481, 30.28751262700217, 156.49746233038604],
       [-97.73576782224067, 30.28748820891129, 168.96901585254818],
       [-97.73573589062195, 30.28751443825833, 168.15697006601840],
       [-97.73573746565248, 30.28751451407163, 168.10496745537966],
       [-97.73573651449001, 30.28750206891019, 169.25179201085120],
       [-97.73571519236185, 30.28751581704934, 167.84538577497005],
       [-97.73571836774434, 30.28752454096891, 170.22306128218770],
       [-97.73572461078938, 30.28751740496394, 161.94582565408200],
       [-97.73571331275710, 30.28750123140914, 150.83925013057888],
       [-97.73572580835733, 30.28749725055731, 156.85041522141546],
       [-97.73570753324874, 30.28751105106131, 162.96519538667053],
       [-97.73572979383781, 30.28753582571451, 162.44501188118011],
       [-97.73575209383652, 30.28752719026305, 150.84246274642646],
       [-97.73575140979344, 30.28750185769561, 147.49119949899614],
       [-97.73575953708381, 30.28750159902532, 162.74692083802074],
       [-97.73575313147552, 30.28749325143533, 164.40532024111599],
       [-97.73572741217372, 30.28749853354827, 162.76913109701127],
       [-97.73571831084269, 30.28749812397175, 170.46403322182596],
       [-97.73568682589932, 30.28750473463769, 171.55660271737725],
       [-97.73568794832026, 30.28749960423497, 170.08644375205040],
       [-97.73570872873580, 30.28748850096045, 162.52272083237767],
       [-97.73571475609239, 30.28748331069980, 157.63229278381914],
       [-97.73574002017418, 30.28750504604318, 163.62869481649250],
       [-97.73574966184552, 30.28749103817297, 158.41792572475970],
       [-97.73575027667471, 30.28751537283620, 158.54901706241071],
       [-97.73575612444883, 30.28753520426219, 158.82722037471831],
       [-97.73574718741794, 30.28751818212102, 151.07164181023836],
       [-97.73574419897207, 30.28748569234025, 154.91842288989574],
       [-97.73572293592188, 30.28750826132415, 158.00084742158651],
       [-97.73572554980169, 30.28751605316043, 160.49009637627751],
       [-97.73573646119233, 30.28750290521425, 166.71066526044160],
       [-97.73570023651297, 30.28749775373805, 162.81486080493778],
       [-97.73568382989805, 30.28753706055141, 168.06934323720634],
       [-97.73571452005500, 30.28755350871190, 176.38389846496284],
       [-97.73572073041119, 30.28753741276196, 165.34981475956738],
       [-97.73572282108843, 30.28751696627185, 164.72234560269862],
       [-97.73572825001733, 30.28754239086680, 165.32811761833727],
       [-97.73574767169916, 30.28748987231779, 155.48264480940998],
       [-97.73575734797133, 30.28750469331718, 159.07966058794409],
       [-97.73572391519019, 30.28751860040274, 158.22928800154477],
       [-97.73569602600826, 30.28750525858415, 154.83614177070558],
       [-97.73570795283713, 30.28752650658455, 161.43986311275512],
       [-97.73571216043223, 30.28752558294892, 160.67971406504512],
       [-97.73571213966004, 30.28751084803364, 160.16750639025122],
       [-97.73568708949821, 30.28752231418069, 164.60329730901867],
       [-97.73568544813320, 30.28753053478282, 163.65022882539779],
       [-97.73570641903660, 30.28753139276186, 165.54084455687553],
       [-97.73573361423004, 30.28753049406404, 162.54398175515234],
       [-97.73572761877176, 30.28747613258196, 154.84275132138282],
       [-97.73573170428355, 30.28747629504062, 160.13006793800741],
       [-97.73573498272572, 30.28750803635727, 159.91533161699772],
       [-97.73573516796262, 30.28751769767972, 159.17825361713767],
       [-97.73571580509550, 30.28752956174180, 157.04197918809950],
       [-97.73569631109162, 30.28752082517694, 158.47549903579056],
       [-97.73569232184593, 30.28755047078621, 162.05340066086501],
       [-97.73569544380950, 30.28753024913635, 152.11468329932541],
       [-97.73571029145742, 30.28748447993710, 148.78793590795249],
       [-97.73570679691856, 30.28749087092357, 158.15221575833857],
       [-97.73570823284759, 30.28750550520993, 155.53924288973212],
       [-97.73571817900762, 30.28752832698851, 162.43775802943856],
       [-97.73574091113983, 30.28753688165783, 166.37361578084528],
       [-97.73572644774063, 30.28751959458352, 164.37171965464950],
       [-97.73573557446457, 30.28747739398145, 161.42821939568967],
       [-97.73573576098926, 30.28750440023225, 154.78164055757225],
       [-97.73572477126145, 30.28752134963914, 160.63659067917615],
       [-97.73572834211349, 30.28752510761834, 168.10832927096635],
       [-97.73569425133547, 30.28754450136546, 161.50373703334481],
       [-97.73570058827607, 30.28755186016943, 159.43919743131846],
       [-97.73571499431354, 30.28753578046858, 162.17539697419852],
       [-97.73570972726705, 30.28753403007943, 160.51432176772505],
       [-97.73568966082516, 30.28751822439024, 164.92260782606900],
       [-97.73568194281582, 30.28756409610224, 168.85347150638700],
       [-97.73570862844861, 30.28753803087790, 163.25990095641464],
       [-97.73575337270192, 30.28751310906510, 169.02844864502549],
       [-97.73573416976519, 30.28754820768036, 169.04283999279141],
       [-97.73573578129438, 30.28751693134217, 170.62355214729905],
       [-97.73575590260052, 30.28751642898189, 168.18537238053977],
       [-97.73572217056737, 30.28756073817038, 167.81150549370795],
       [-97.73572166285953, 30.28758224091695, 174.62961092125624],
       [-97.73570287625519, 30.28755754777714, 166.11458027921617],
       [-97.73569050753622, 30.28752838658282, 158.60266812518239],
       [-97.73570399179739, 30.28748936124462, 162.74748187884688],
       [-97.73570363772529, 30.28749171720219, 155.95519227720797],
       [-97.73568780932185, 30.28751540881566, 163.89783451799303],
       [-97.73569634113829, 30.28753558020866, 168.34542253613472],
       [-97.73569958058611, 30.28754660274017, 163.10653231665492],
       [-97.73573113068304, 30.28752844546140, 167.29643906094134],
       [-97.73572718496156, 30.28753333524542, 169.80326144117862],
       [-97.73571376327718, 30.28752915830847, 165.94739577732980],
       [-97.73572718724755, 30.28752817093297, 172.12491385824978],
       [-97.73570755073584, 30.28756041062088, 163.40460988506675],
       [-97.73570785126647, 30.28754844322785, 167.68545889947563],
       [-97.73571677777747, 30.28754506190912, 177.54145156685263],
       [-97.73569292028728, 30.28755771671368, 165.45590273104608],
       [-97.73570443347704, 30.28754846989998, 177.63969542458653],
       [-97.73570623857486, 30.28754590344202, 170.94315384887159],
       [-97.73571423161575, 30.28755012153142, 170.78104982804507],
       [-97.73573499187542, 30.28752502344140, 170.90188844874501],
       [-97.73571983456380, 30.28751534246145, 169.35523291584104],
       [-97.73570177065517, 30.28754345633859, 170.00376360025257],
       [-97.73572192479301, 30.28753160050268, 166.84920358844101],
       [-97.73568992850281, 30.28752099045548, 161.74286303669214],
       [-97.73570784838969, 30.28755687733798, 179.05462587438524],
       [-97.73569752334342, 30.28753002889471, 167.48928280826658],
       [-97.73568932808845, 30.28753394984606, 163.15468105953187],
       [-97.73569075785846, 30.28755366251644, 167.43774912133813],
       [-97.73572571378693, 30.28755173221943, 166.32684406172484],
       [-97.73572749742897, 30.28755587455691, 160.22518082708120],
       [-97.73574223444240, 30.28753584160632, 164.15114299859852],
       [-97.73571663169955, 30.28757440237892, 172.98370060883462],
       [-97.73570680779918, 30.28759062429940, 170.42639601603150],
       [-97.73571112828988, 30.28754831132472, 178.77031013276428],
       [-97.73568279684855, 30.28754665109166, 168.37120467890054],
       [-97.73566849527269, 30.28755992587197, 176.29106673318893],
       [-97.73570829943206, 30.28754192506805, 172.44880152307451],
       [-97.73569841322157, 30.28755339911328, 165.44312310032547],
       [-97.73567955198178, 30.28758839385274, 173.10454524215311],
       [-97.73567956146111, 30.28754681147491, 171.65710957814008],
       [-97.73569407706036, 30.28755774667532, 166.84750508144498],
       [-97.73572236811908, 30.28753362919070, 164.00195714551955],
       [-97.73570830116087, 30.28753408088167, 159.32283447869122],
       [-97.73569265704219, 30.28755061130054, 169.22798677720129],
       [-97.73569889200422, 30.28754800453842, 171.12436205707490],
       [-97.73570937826969, 30.28755461666594, 164.07449308130890],
       [-97.73569751215940, 30.28755911443318, 168.93419417738914],
       [-97.73566866443915, 30.28755821681461, 172.48195504769683],
       [-97.73565598858256, 30.28754989045921, 177.47202960029244],
       [-97.73567625849647, 30.28756289119071, 177.78947510849684],
       [-97.73569362140243, 30.28754625651479, 172.38255640305579],
       [-97.73569098304760, 30.28754440507521, 177.12324635777622],
       [-97.73569790789058, 30.28752010571242, 177.05900763254613],
       [-97.73571360801633, 30.28753383057864, 177.29348797444254],
       [-97.73572578946047, 30.28753910644350, 165.28511412162334],
       [-97.73571356691103, 30.28756121422537, 161.75471022911370],
       [-97.73570210760110, 30.28754414022837, 155.67265078797936],
       [-97.73571264493224, 30.28753772347930, 163.67738593276590],
       [-97.73571097355585, 30.28756424970665, 162.98597137629986],
       [-97.73572949995597, 30.28754494781660, 167.53648950904608],
       [-97.73572571720683, 30.28751694907894, 171.52336320001632],
       [-97.73571690133043, 30.28752318663777, 172.73155105952173],
       [-97.73573371388670, 30.28751929369088, 177.55333236791193],
       [-97.73574627326329, 30.28751936577234, 171.05982370860875],
       [-97.73571637598818, 30.28751498144068, 167.03355750720948],
       [-97.73569642452247, 30.28754236855314, 176.16236291173846],
       [-97.73570630513724, 30.28755423235473, 172.13879021164030],
       [-97.73572523140513, 30.28753264034518, 168.17699819337577],
       [-97.73573031152820, 30.28756895719975, 165.99530619941652],
       [-97.73570301535794, 30.28757774879454, 160.95432922523469],
       [-97.73570169605979, 30.28757434645437, 163.60148915182799],
       [-97.73571896696505, 30.28757364393006, 161.73624118603766],
       [-97.73569610932488, 30.28758968263818, 167.76630490925163],
       [-97.73568471877073, 30.28757401105948, 175.50301481597126],
       [-97.73568313113714, 30.28756151293238, 173.95244255661964],
       [-97.73571641894657, 30.28758028951644, 176.24670117441565],
       [-97.73573529800325, 30.28754007019990, 162.43472606968135],
       [-97.73573606222878, 30.28751614481253, 162.71400196384639],
       [-97.73573331195959, 30.28753250234923, 159.80140629969537],
       [-97.73573427882772, 30.28751441727072, 153.49738562945276],
       [-97.73574886590322, 30.28752534770897, 158.91163980495185],
       [-97.73569901398238, 30.28757141486388, 164.00189590174705],
       [-97.73570573505357, 30.28756510785496, 164.93163111153990],
       [-97.73570211522130, 30.28758844355698, 171.79020472336560],
       [-97.73570561640690, 30.28757397565619, 166.75976620335132],
       [-97.73571025841032, 30.28755451568459, 179.50795563869178],
       [-97.73567692884022, 30.28754393942436, 179.75705104414374],
       [-97.73571626122232, 30.28748808012356, 169.56186455208808],
       [-97.73574611619782, 30.28749276505215, 165.92950442805886],
       [-97.73571363643332, 30.28750645372529, 165.99729483854026],
       [-97.73569805461493, 30.28752095067485, 160.77242053765804],
       [-97.73571922233016, 30.28752907159748, 167.40169853344560],
       [-97.73570316000189, 30.28755092731238, 160.34367146808654],
       [-97.73571642741258, 30.28756835240862, 160.62004869896919],
       [-97.73570385849546, 30.28755155676819, 164.25170546490699],
       [-97.73570339335888, 30.28752456395119, 157.03736170101911],
       [-97.73571628485421, 30.28754159240000, 161.49027797859162],
       [-97.73570456789224, 30.28752406065795, 159.97140057384968],
       [-97.73568961867325, 30.28753584398060, 165.44665520265698],
       [-97.73570055999127, 30.28753641462293, 171.47575568407774],
       [-97.73569521115755, 30.28756319869058, 174.14759358763695],
       [-97.73571233328830, 30.28755497824682, 170.86791366897523],
       [-97.73572321346575, 30.28754321722837, 166.93744906317443],
       [-97.73570663867339, 30.28756491312714, 161.06596148665994],
       [-97.73573705559673, 30.28755862904891, 162.34085690509528],
       [-97.73573154345372, 30.28754782570381, 169.80713989026845],
       [-97.73573754889259, 30.28752803935413, 166.33942293282598],
       [-97.73574682396207, 30.28750763701644, 162.95439787115902],
       [-97.73571201485815, 30.28752749935882, 158.32065944559872],
       [-97.73571088963038, 30.28749507160361, 158.73880455549806],
       [-97.73574311453756, 30.28750206237309, 155.76911321561784],
       [-97.73571072906861, 30.28756552055718, 164.65477082226425],
       [-97.73571716030317, 30.28753806662811, 168.93955961056054],
       [-97.73572687324076, 30.28753236257718, 166.62926980853081],
       [-97.73571441418757, 30.28753505074947, 162.79292279295623],
       [-97.73569899541783, 30.28751982784021, 167.64325378276408],
       [-97.73570109213129, 30.28751240056087, 164.60409035254270],
       [-97.73575327995304, 30.28751506897875, 161.58207003027201],
       [-97.73576719136169, 30.28751747012478, 162.37949237227440],
       [-97.73575492040044, 30.28752270747062, 156.49035506974906],
       [-97.73573410515046, 30.28751694335605, 163.25135706923902],
       [-97.73573221564070, 30.28757345635715, 165.03134247660637],
       [-97.73573206954110, 30.28756007299041, 159.23703007027507],
       [-97.73573471505094, 30.28755549715310, 163.41837880294770],
       [-97.73569118906968, 30.28757632241608, 166.27251804620028],
       [-97.73569765992646, 30.28757364807217, 169.22440704237670],
       [-97.73573091907237, 30.28754153176113, 165.60303769912571],
       [-97.73573318893854, 30.28753592148004, 156.62376534473151],
       [-97.73573402311676, 30.28752747291053, 158.45046515576541],
       [-97.73572521969162, 30.28751191665931, 160.81867519672960],
       [-97.73574073998027, 30.28750855518306, 155.34891245700419],
       [-97.73575798449089, 30.28752899416990, 162.96873148530722],
       [-97.73576422989522, 30.28750868324721, 160.03306198492646],
       [-97.73574606831455, 30.28752944284220, 169.94446152448654],
       [-97.73575345393489, 30.28753170428664, 168.31954332068563],
       [-97.73575965778416, 30.28753320097642, 158.82638759538531],
       [-97.73574974718606, 30.28756178155542, 159.15570716746151],
       [-97.73572402024011, 30.28754574192115, 152.90145615395159],
       [-97.73570997779365, 30.28750970435186, 154.43879067525268],
       [-97.73571126932235, 30.28753696473811, 163.66144910641015],
       [-97.73571631534891, 30.28757419853023, 168.55942701827735],
       [-97.73570918218557, 30.28756762253035, 163.10095637012273],
       [-97.73571449592073, 30.28756433481207, 163.20741326548159],
       [-97.73573853701733, 30.28752548552266, 161.97639115713537],
       [-97.73574170339246, 30.28754511338537, 167.87535110209137],
       [-97.73575524489641, 30.28753471346957, 163.84573248773813],
       [-97.73570473359537, 30.28756098566284, 165.82109069172293],
       [-97.73569727844128, 30.28753736218998, 168.92099689878523],
       [-97.73571927321257, 30.28752466746053, 166.36002893466502],
       [-97.73572027071039, 30.28755086481522, 163.96355256810784],
       [-97.73571264340096, 30.28753380680832, 159.84588071890175],
       [-97.73570890440230, 30.28752590756571, 153.07596221566200],
       [-97.73572807399933, 30.28754680825275, 160.10169052891433],
       [-97.73573650829395, 30.28754383358254, 160.72614957392216],
       [-97.73573929185406, 30.28753331405704, 155.43337611481547],
       [-97.73574148371290, 30.28754035464656, 156.29701652284712],
       [-97.73574515451394, 30.28754356775701, 159.40536579582840],
       [-97.73576372433989, 30.28754669371711, 161.98573170695454],
       [-97.73575698141845, 30.28753787736537, 170.73808278981596],
       [-97.73573949159605, 30.28752471617084, 170.34996686410159],
       [-97.73571983135992, 30.28754057033001, 163.37323839310557],
       [-97.73573232725848, 30.28754586537562, 159.73525962419808],
       [-97.73572525215377, 30.28754950816387, 158.91143343411386],
       [-97.73571641552076, 30.28753410473964, 161.44773976970464],
       [-97.73569207809504, 30.28755316662176, 161.40747100394219],
       [-97.73571538284875, 30.28753027151904, 157.05638254061341],
       [-97.73575067008201, 30.28752019257999, 152.17448847368360],
       [-97.73576053394059, 30.28752685005604, 161.43912516348064],
       [-97.73575031733161, 30.28750771314092, 165.46682561095804],
       [-97.73575789068862, 30.28750862417167, 158.49461557995528],
       [-97.73576498471164, 30.28750338528438, 155.09962925221771],
       [-97.73576685446643, 30.28754087515154, 164.97784633282572],
       [-97.73574447913603, 30.28753859644693, 161.78094115201384],
       [-97.73575337492487, 30.28750742263485, 154.63836238812655],
       [-97.73572577126384, 30.28754187787955, 162.55760680232197],
       [-97.73569934968907, 30.28757477048479, 165.60641719028354],
       [-97.73571387620531, 30.28752068143563, 165.31062920670956],
       [-97.73571548246355, 30.28753168393720, 160.71550834737718],
       [-97.73573887399006, 30.28753842055476, 153.89269177708775],
       [-97.73575405688935, 30.28752484274401, 150.39123212732375],
       [-97.73575923479081, 30.28754285703416, 156.07320957444608],
       [-97.73575378870908, 30.28753880232965, 158.67162010073662],
       [-97.73577359600337, 30.28752249359128, 154.92189178708941],
       [-97.73575874481554, 30.28752539003127, 159.06700522452593],
       [-97.73576860383056, 30.28748077938944, 160.07989616692066],
       [-97.73576607154085, 30.28749795646814, 161.83389848470688],
       [-97.73574206237039, 30.28750882955326, 158.27338507585227],
       [-97.73572568842874, 30.28753223501434, 165.48733258992434],
       [-97.73572734018768, 30.28751599995259, 156.96688637882471],
       [-97.73573205411331, 30.28750742441704, 155.29896264243871],
       [-97.73573295462597, 30.28752756421847, 164.08841747045517],
       [-97.73574056016179, 30.28753246639913, 157.72191594913602],
       [-97.73573808595999, 30.28752437083758, 153.59959954582155],
       [-97.73575182917912, 30.28752709857005, 153.99269584752619],
       [-97.73576807795041, 30.28752061683450, 152.83868750836700],
       [-97.73577290898818, 30.28749685164744, 156.51518973708153],
       [-97.73576354583643, 30.28750397710763, 153.91600835230201],
       [-97.73573490947207, 30.28752569975291, 158.36893234960735],
       [-97.73571783327816, 30.28754201383037, 167.36231502704322],
       [-97.73572931005249, 30.28753987514207, 162.03813965059817],
       [-97.73572424984752, 30.28754217942997, 167.84466230031103],
       [-97.73568850788983, 30.28754417690133, 168.07366679515690],
       [-97.73569376349238, 30.28753814952048, 160.60745334345847],
       [-97.73574716485396, 30.28749912198108, 157.61595716141164],
       [-97.73574245135812, 30.28753640823044, 160.80165149644017],
       [-97.73574992308608, 30.28753705911606, 155.12766840960830],
       [-97.73576402543632, 30.28753777752300, 165.00209991633892],
       [-97.73575019763564, 30.28752616842059, 161.21274158917367],
       [-97.73574235938872, 30.28754438350481, 162.62038473878056],
       [-97.73575218807726, 30.28753454940593, 159.97865502908826],
       [-97.73573356360971, 30.28754196764793, 158.32868810929358],
       [-97.73570396601386, 30.28753596233470, 167.94338175188750],
       [-97.73569020724992, 30.28754401981630, 171.27214397303760],
       [-97.73570374940503, 30.28753276263080, 164.29154816921800],
       [-97.73571057557574, 30.28753923545767, 165.94448825716972],
       [-97.73570096746889, 30.28752741791372, 166.05936588253826],
       [-97.73571741895437, 30.28748782970364, 163.55345813184977],
       [-97.73572856851153, 30.28752359403243, 162.46225048974156],
       [-97.73574253528867, 30.28752494571500, 156.33174022939056],
       [-97.73574250695239, 30.28750069928430, 157.28395855054259],
       [-97.73571977649522, 30.28750388839758, 160.79874428082258],
       [-97.73570805826583, 30.28755867807736, 167.20501737855375],
       [-97.73572612104192, 30.28754292787653, 162.24577908497304],
       [-97.73572223663948, 30.28754011409189, 161.68337830342352],
       [-97.73565840435650, 30.28755781745104, 173.30817025620490],
       [-97.73570097202636, 30.28756014633306, 169.25397419184446],
       [-97.73571470956209, 30.28753025985922, 169.08328014053404],
       [-97.73569575971754, 30.28752291467450, 172.83101631980389],
       [-97.73570262033630, 30.28750044512073, 176.02697708830237],
       [-97.73571110465285, 30.28750612695147, 171.01062908489257],
       [-97.73572926506483, 30.28750799449179, 168.77617170289159],
       [-97.73574160721037, 30.28751651947560, 166.50457900855690],
       [-97.73573651844683, 30.28751842486194, 162.63086117617786],
       [-97.73573993576881, 30.28750441664031, 159.87258085422218],
       [-97.73572923746271, 30.28752655886596, 158.16200251411647],
       [-97.73573473279157, 30.28753192908854, 158.90546596236527],
       [-97.73569907556526, 30.28752249325656, 172.35474699269980],
       [-97.73567885032668, 30.28753509296393, 168.78362466488034],
       [-97.73568976140710, 30.28754533758098, 169.34040219988674],
       [-97.73572053378017, 30.28751279034465, 168.38782788999379],
       [-97.73572059860138, 30.28752335522329, 173.44962075445801],
       [-97.73572410085870, 30.28750771059666, 170.09673067275435],
       [-97.73572965037692, 30.28750258587219, 169.34062429238111],
       [-97.73573450295920, 30.28751678915129, 170.41075622010976],
       [-97.73575107673503, 30.28751843191243, 171.19154471904039],
       [-97.73575303681093, 30.28753231940794, 164.09267925471067],
       [-97.73572499930114, 30.28755736505467, 163.80715721566230],
       [-97.73572474029658, 30.28752889327496, 160.53447767253965],
       [-97.73571521911883, 30.28754601115270, 154.74093309696764],
       [-97.73572887690963, 30.28755009335045, 160.03456211369485],
       [-97.73568500091120, 30.28756667629057, 169.55070946272463],
       [-97.73566432972474, 30.28757447577745, 168.17701155692339],
       [-97.73567662950806, 30.28755756513193, 170.29619843605906],
       [-97.73569568908218, 30.28755435735428, 176.74177451990545],
       [-97.73569993973102, 30.28753509782721, 176.97664082795382],
       [-97.73572335192139, 30.28751126551691, 172.60214429162443],
       [-97.73573321301100, 30.28753236256110, 163.56135778129101],
       [-97.73572963572366, 30.28752139051964, 158.56581002194434],
       [-97.73571807498126, 30.28755423566476, 158.97458207421005],
       [-97.73571579675971, 30.28754480097692, 156.86376630328596],
       [-97.73571390419774, 30.28754074578469, 154.52845831587911],
       [-97.73571817223927, 30.28752834305306, 156.83520555496216],
       [-97.73570448432298, 30.28756177191039, 170.80574446078390],
       [-97.73567896387084, 30.28756636636922, 172.11658338364214],
       [-97.73570396044310, 30.28753707405605, 168.74448297917843],
       [-97.73571830567555, 30.28748256353322, 167.11111692618579],
       [-97.73570508054844, 30.28751291994818, 170.74812385253608],
       [-97.73573345484651, 30.28750666237245, 168.40698035154492],
       [-97.73573965554401, 30.28754417743386, 170.86673522554338],
       [-97.73574400176921, 30.28754883716947, 158.38832756318152],
       [-97.73575721105826, 30.28751814806899, 155.11813908535987],
       [-97.73574838793742, 30.28751758879377, 159.10711834765971],
       [-97.73573668598644, 30.28751891375425, 164.39046723488718],
       [-97.73571373007813, 30.28753838724258, 162.66093959752470],
       [-97.73570060536450, 30.28756025676381, 158.93813710939139],
       [-97.73569304742149, 30.28754955847943, 159.37416265439242],
       [-97.73570948975170, 30.28751081408626, 158.87137151230127],
       [-97.73571907020361, 30.28751494013578, 159.82541628368199],
       [-97.73572902671343, 30.28755550866261, 170.56013368442655],
       [-97.73570801698385, 30.28755575590944, 172.02398112230003],
       [-97.73571428216890, 30.28753606115319, 175.39631849341094],
       [-97.73570268394089, 30.28757176079454, 182.02223127987236],
       [-97.73569603078263, 30.28755752335386, 169.35102705564350],
       [-97.73571596153550, 30.28753027963381, 160.86491513811052],
       [-97.73570653469588, 30.28751408398816, 162.91795722581446],
       [-97.73569998018809, 30.28753408408375, 169.83361800294369],
       [-97.73573344963596, 30.28750834920878, 166.89592437725514],
       [-97.73571851677683, 30.28754325821670, 164.20903839077801],
       [-97.73568742607526, 30.28752489771401, 160.25212182756513],
       [-97.73567351032216, 30.28753283957628, 161.95248942542821],
       [-97.73570117191539, 30.28753397193130, 160.22318773157895],
       [-97.73572240647427, 30.28752476739242, 162.86870837677270],
       [-97.73572656823738, 30.28750065449357, 166.77124157454818],
       [-97.73569442937341, 30.28754020359350, 175.13218245748430],
       [-97.73568453253462, 30.28753803755564, 173.98857618588954],
       [-97.73569773576469, 30.28752437013123, 165.79643055144697],
       [-97.73571163257286, 30.28754071093211, 163.00364260002971],
       [-97.73572314112698, 30.28754403879268, 168.31253030896187],
       [-97.73573510223318, 30.28753747464312, 161.96332667581737],
       [-97.73576216867687, 30.28752766220245, 163.56165734957904],
       [-97.73574307233947, 30.28754377166804, 167.43221727944911],
       [-97.73572010320611, 30.28750842374963, 159.27267932519317],
       [-97.73570550301545, 30.28749865208621, 162.04687199555337],
       [-97.73570542506103, 30.28750779957706, 160.71020565275103],
       [-97.73568923703174, 30.28749158807504, 159.69786354992539],
       [-97.73568991980621, 30.28749941890002, 165.44437191262841],
       [-97.73570605070387, 30.28753571632647, 172.14643737394363],
       [-97.73571514718233, 30.28754647431645, 171.36779998429120],
       [-97.73575371706552, 30.28753761885324, 173.62105122487992],
       [-97.73573500155875, 30.28755037122147, 164.56642600148916],
       [-97.73572886152743, 30.28752765383198, 170.47325384709984],
       [-97.73571260504583, 30.28752709714851, 177.18215056322515],
       [-97.73573943647138, 30.28752655652005, 173.47246356960386],
       [-97.73576168120226, 30.28751398893657, 172.41726380679756],
       [-97.73575315416980, 30.28749809805716, 168.58202063664794],
       [-97.73572156025892, 30.28749573679152, 169.77242903690785],
       [-97.73573031372516, 30.28748757141172, 168.47590412292629],
       [-97.73571307570582, 30.28751311478900, 162.15095840021968],
       [-97.73572563919835, 30.28751187831457, 166.26393208093941],
       [-97.73573241505488, 30.28749505046867, 174.55417238734663],
       [-97.73573992957108, 30.28749232440271, 168.30452814046293],
       [-97.73574569247552, 30.28751102155832, 173.42642030026764],
       [-97.73575192633335, 30.28752107956249, 175.23085659742355],
       [-97.73574324570995, 30.28751364795007, 172.71332324109972],
       [-97.73574267611001, 30.28753244101317, 176.50735947024077],
       [-97.73572610398668, 30.28755610895780, 171.81980009097606],
       [-97.73572145948141, 30.28755266787024, 171.50114298146218],
       [-97.73572957120820, 30.28753615464602, 169.96868856810033],
       [-97.73571228066967, 30.28749331433640, 161.82411243952811],
       [-97.73570305411266, 30.28748209889983, 162.08765890821815],
       [-97.73572622147621, 30.28750950981345, 163.81168187968433],
       [-97.73571409554344, 30.28750225034126, 167.55192019324750],
       [-97.73570933151295, 30.28750384442968, 173.78170993831009],
       [-97.73574076082991, 30.28748515069016, 170.68118480313569],
       [-97.73577640800565, 30.28749615017680, 162.35373433027416],
       [-97.73578954393187, 30.28749419569899, 165.09022274613380],
       [-97.73574367369551, 30.28753809298928, 170.14340665377676],
       [-97.73571020470244, 30.28754557146384, 174.71849457547069],
       [-97.73573404785253, 30.28750626447173, 167.12020533718169],
       [-97.73572199462615, 30.28751852883722, 163.69751661363989],
       [-97.73570389846637, 30.28751848225166, 168.03853891789913],
       [-97.73571654792013, 30.28749120885667, 164.35374911502004],
       [-97.73571976276503, 30.28751286696114, 165.52756030298769],
       [-97.73572105486416, 30.28751424515691, 166.27124815993011],
       [-97.73573488394969, 30.28748629588430, 167.55720457434654],
       [-97.73571840379121, 30.28751859433149, 167.03534164559096],
       [-97.73575683854321, 30.28751452251199, 165.03671652823687],
       [-97.73576653010433, 30.28750560604086, 160.48032043222338],
       [-97.73577286757232, 30.28748662641822, 164.80527130141854],
       [-97.73575474151268, 30.28746573902197, 172.69848613347858],
       [-97.73573872362340, 30.28750715084079, 173.39838115498424],
       [-97.73574561555955, 30.28750039468163, 169.38663493935019],
       [-97.73575089047291, 30.28750064798142, 167.09481337014586],
       [-97.73571763709194, 30.28752333788851, 168.40979684144258],
       [-97.73573542415704, 30.28747615339176, 160.83801941573620],
       [-97.73573933090562, 30.28749932222205, 161.90542099531740],
       [-97.73571608836424, 30.28754174567964, 161.40836868062615],
       [-97.73572021676738, 30.28751498610065, 164.03149700444192],
       [-97.73573803399194, 30.28750936042864, 164.96024923026562],
       [-97.73577061406694, 30.28751328357222, 166.86394839733839],
       [-97.73579057087451, 30.28745589213953, 161.54340849444270],
       [-97.73577615779175, 30.28749750884999, 168.83512611314654],
       [-97.73576932176108, 30.28750378290102, 167.34835915733129],
       [-97.73576103982826, 30.28751511864238, 171.75784015096724],
       [-97.73575898193234, 30.28752467600062, 165.31175701972097],
       [-97.73575446811751, 30.28752696073201, 168.99615842476487],
       [-97.73573563122649, 30.28751519318631, 171.56229533627629],
       [-97.73571731752175, 30.28751221284529, 167.20211515761912],
       [-97.73572420841865, 30.28750111912425, 167.00633859634399],
       [-97.73575528237669, 30.28748188421249, 158.15402010455728],
       [-97.73575010706837, 30.28751118911180, 163.27830866072327],
       [-97.73575844640060, 30.28752164868038, 154.91298393812031],
       [-97.73577090448289, 30.28750017856179, 154.01319235004485],
       [-97.73576530867410, 30.28752707787807, 162.92002563271672],
       [-97.73573539469852, 30.28753042736217, 169.01427157130092],
       [-97.73573365609155, 30.28751803524027, 164.38598875049502],
       [-97.73572396125758, 30.28754570781663, 169.33746349625289],
       [-97.73573819635276, 30.28752683292815, 164.52589627727866],
       [-97.73572209483267, 30.28752909931588, 169.15974504314363],
       [-97.73570838340919, 30.28754359946077, 171.03037566598505],
       [-97.73570266855654, 30.28754013582633, 173.91901469230652],
       [-97.73573422440906, 30.28753525000416, 166.79715152923018],
       [-97.73574779957919, 30.28750749891521, 162.56806946545839],
       [-97.73574248635788, 30.28751586717040, 169.37619091011584],
       [-97.73573576070009, 30.28751262877169, 164.80154613777995],
       [-97.73571874838319, 30.28750256088919, 167.54753444995731],
       [-97.73575561809211, 30.28751035441674, 170.09532367251813],
       [-97.73574295822360, 30.28754442941358, 177.24912571161985],
       [-97.73574227973731, 30.28752034539548, 170.10238671302795],
       [-97.73573707789051, 30.28751157353620, 169.90526261273772],
       [-97.73573220917258, 30.28750738187786, 163.19400540925562],
       [-97.73573893180232, 30.28751040392318, 166.19406874570996],
       [-97.73572048250647, 30.28750303445422, 169.70812877546996],
       [-97.73571015735465, 30.28752500944089, 170.23899924661964],
       [-97.73571395381668, 30.28752004450818, 166.35535438172519],
       [-97.73573826932179, 30.28751838426133, 160.08573983237147],
       [-97.73574615029942, 30.28754082665479, 160.96993437502533],
       [-97.73575559452289, 30.28749042451171, 163.00557295419276],
       [-97.73574923940855, 30.28750648601857, 166.07274997048080],
       [-97.73575694814721, 30.28751244277857, 168.44348978903145],
       [-97.73577052232156, 30.28750764296400, 165.99956270400435],
       [-97.73573254679344, 30.28752437924617, 175.49867454916239],
       [-97.73569454594707, 30.28754808284960, 180.49516006559134],
       [-97.73569912671302, 30.28754286916713, 168.84521008282900],
       [-97.73571075398088, 30.28752650286811, 157.93192903883755],
       [-97.73570114176181, 30.28754013380171, 160.53236300963908],
       [-97.73568384842709, 30.28754775459226, 168.85283805336803],
       [-97.73568223338508, 30.28752992004314, 166.86058979295194],
       [-97.73571895156482, 30.28753291271582, 158.50160345714539],
       [-97.73572767996100, 30.28755080564818, 161.24277960602194],
       [-97.73574462058016, 30.28752985989550, 169.18917926680297],
       [-97.73576502991581, 30.28752824069588, 169.57960943691432],
       [-97.73574823014523, 30.28751495256125, 160.90715831704438],
       [-97.73575366467360, 30.28750247914494, 161.59530876204371],
       [-97.73573487305985, 30.28751819482650, 166.67343354038894],
       [-97.73572828098789, 30.28754915439369, 172.57809558790177],
       [-97.73571758320281, 30.28752670440243, 163.66638555284590],
       [-97.73570297358798, 30.28752921781733, 162.11078007519245],
       [-97.73570111748099, 30.28753453466165, 161.07517348881811],
       [-97.73569037318777, 30.28754158326734, 166.14632619358599],
       [-97.73570440824265, 30.28754752876672, 161.42495881859213],
       [-97.73570590505291, 30.28754983454123, 160.02223558351398],
       [-97.73572958333133, 30.28751168395905, 157.27921245899051],
       [-97.73573377043023, 30.28753621927287, 165.20409574359655],
       [-97.73576679289910, 30.28753280517974, 169.45188678521663],
       [-97.73576182141635, 30.28751182791100, 168.08957101125270],
       [-97.73572140697563, 30.28750968967819, 170.44267018046230],
       [-97.73570558293241, 30.28752482648809, 171.97711741738021],
       [-97.73570682644439, 30.28751867942929, 164.99779717717320],
       [-97.73569680917392, 30.28753684355763, 167.73938647564501],
       [-97.73570011450988, 30.28752793710965, 162.30713688954711],
       [-97.73568563145653, 30.28752945637515, 158.72653529047966],
       [-97.73569452317203, 30.28751938097442, 162.34089431632310],
       [-97.73573003858181, 30.28752512150871, 159.30622806400061],
       [-97.73572341068359, 30.28753479058859, 156.49011642113328],
       [-97.73572892273289, 30.28751140979233, 152.99193452391773],
       [-97.73571218865666, 30.28752417878710, 163.56721249967813],
       [-97.73572612704059, 30.28753639006864, 163.05585230607539],
       [-97.73575361405321, 30.28751850620334, 160.95777410361916],
       [-97.73572926522810, 30.28752847883275, 162.56037209462374],
       [-97.73569823141121, 30.28753183761246, 164.69126311969012],
       [-97.73570478499795, 30.28749527512609, 162.14917632658035],
       [-97.73570463202549, 30.28749606443683, 163.44124686717987],
       [-97.73570991600950, 30.28754144314239, 165.33832008671016],
       [-97.73569895953115, 30.28750729762614, 165.47412592079490],
       [-97.73567693096396, 30.28753404924706, 162.84084627125412],
       [-97.73569370085993, 30.28752035945662, 157.81158122234046],
       [-97.73571684591968, 30.28754625725118, 165.11230510938913],
       [-97.73572446334893, 30.28754688462823, 163.01090602297336],
       [-97.73571851102984, 30.28753042790765, 165.62778799515218],
       [-97.73571657373336, 30.28754171657359, 162.10450257454067],
       [-97.73573208646519, 30.28754618574981, 173.10453945677727],
       [-97.73573651366146, 30.28753861702910, 169.19991983287036],
       [-97.73569073891177, 30.28753998372110, 173.46418398246169],
       [-97.73568603423483, 30.28751686425037, 165.66648569703102],
       [-97.73569057129446, 30.28751455343011, 164.96554199513048],
       [-97.73569106444258, 30.28753185548922, 161.29250476136804],
       [-97.73569683087636, 30.28751211999083, 161.31712914537638],
       [-97.73568990470164, 30.28752900574520, 162.84868034254760],
       [-97.73569685773367, 30.28755670778883, 162.16111178323627],
       [-97.73572757353388, 30.28752174181910, 159.67950742971152],
       [-97.73573528991025, 30.28750417460484, 164.31924024410546],
       [-97.73572680336405, 30.28750547765519, 161.79971118643880],
       [-97.73573034212347, 30.28748948335444, 157.22781572025269],
       [-97.73572610292807, 30.28753642507838, 165.48507063835859],
       [-97.73571354318271, 30.28752733759136, 166.91200544312596],
       [-97.73569553750283, 30.28753082104976, 170.37441940046847],
       [-97.73568704257492, 30.28751641115077, 167.60308607295156],
       [-97.73568942473668, 30.28751207786092, 167.96727295406163],
       [-97.73571360253189, 30.28750747315345, 166.12190481834114],
       [-97.73569973922795, 30.28751049444569, 167.53875563386828],
       [-97.73569938542488, 30.28751132381389, 163.82740082405508],
       [-97.73571561151667, 30.28750512204523, 155.26875993516296],
       [-97.73572676806241, 30.28752540623202, 157.06510459817946],
       [-97.73571993359164, 30.28752048094780, 164.87172293942422],
       [-97.73570306711568, 30.28752449882937, 162.55540619511157],
       [-97.73571902303952, 30.28750770966518, 158.41541238967329],
       [-97.73573533174870, 30.28748825937061, 161.08860637806356],
       [-97.73572023919111, 30.28752422540444, 167.65933351125568],
       [-97.73570305895457, 30.28752024901392, 167.50162422750145],
       [-97.73569477664515, 30.28753719870437, 174.23725964222103],
       [-97.73569662570073, 30.28752706142003, 167.25240426603705],
       [-97.73569642166605, 30.28750930966913, 167.58276154100895],
       [-97.73569003020214, 30.28750926754088, 167.65986235532910],
       [-97.73568649613384, 30.28751573290764, 160.96413876023144],
       [-97.73570539931487, 30.28749353947822, 155.90198568254709],
       [-97.73568949446232, 30.28750158341826, 155.74206599220634],
       [-97.73567342899386, 30.28753266165170, 161.47398163471371],
       [-97.73571137771926, 30.28752344614368, 160.01142551563680],
       [-97.73573432629487, 30.28752649066831, 155.71652751974761],
       [-97.73575425534851, 30.28750675890119, 157.58415100350976],
       [-97.73572935281381, 30.28749528271504, 158.09200547263026],
       [-97.73569794047883, 30.28751514322339, 161.26703175436705],
       [-97.73569924001690, 30.28751799665711, 169.14731714595109],
       [-97.73569871611365, 30.28749935512568, 167.82778438553214],
       [-97.73569430197041, 30.28750072856406, 167.48347151838243],
       [-97.73569790100049, 30.28749725674395, 170.16856146417558],
       [-97.73568762970277, 30.28750900130232, 169.12477803695947],
       [-97.73569547599990, 30.28751728157981, 159.26614379603416],
       [-97.73569948797267, 30.28752609307267, 157.13806181587279],
       [-97.73568086687983, 30.28753929168726, 156.67871493566781],
       [-97.73569219401041, 30.28752852347819, 159.47959594614804],
       [-97.73569508551645, 30.28755544741542, 168.32206711079925],
       [-97.73569958980380, 30.28756813429653, 165.35611482243985],
       [-97.73571394618131, 30.28751703783864, 165.55360171943903],
       [-97.73569905118207, 30.28751719085949, 170.18691220600158],
       [-97.73567821422415, 30.28755652532717, 174.41895137820393],
       [-97.73571284380404, 30.28749814432927, 167.54258088581264],
       [-97.73568576279584, 30.28752535847635, 169.81815697997808],
       [-97.73566365278542, 30.28750954087564, 167.47563235461712],
       [-97.73565280261916, 30.28751676154290, 169.20476309396327],
       [-97.73568384305069, 30.28754434547790, 168.32417933456600],
       [-97.73567988046662, 30.28755607652431, 166.29123528208584],
       [-97.73567824079309, 30.28754386173453, 163.38220584858209],
       [-97.73566369631548, 30.28753889706416, 163.97707475069910],
       [-97.73567393156604, 30.28753745280752, 162.58873979281634],
       [-97.73569969910679, 30.28752326388929, 165.06254856195301],
       [-97.73570157704651, 30.28754597715539, 168.11448239348829],
       [-97.73568117225935, 30.28754978809989, 173.33092263434082],
       [-97.73569005010559, 30.28754514499973, 169.10018581431359],
       [-97.73570417221497, 30.28754747632266, 174.41153820324689],
       [-97.73569435511355, 30.28753732445239, 169.07263523899019],
       [-97.73565534135706, 30.28753478061784, 171.33151089958847],
       [-97.73565438711572, 30.28754244067061, 173.70173998642713],
       [-97.73566331776786, 30.28754856491750, 171.00002717599273],
       [-97.73567603497928, 30.28756172219316, 164.42643900867552],
       [-97.73570049534010, 30.28755327895854, 160.84156544785947],
       [-97.73570414308928, 30.28755323278516, 159.80713781714439],
       [-97.73571661368608, 30.28755245966641, 162.43837944138795],
       [-97.73573694260458, 30.28751305117018, 162.52213784214109],
       [-97.73573202474321, 30.28753534401284, 170.01939009223133],
       [-97.73569504612296, 30.28757050702247, 174.48005379550159],
       [-97.73569056535129, 30.28754105105718, 166.89641083590686],
       [-97.73569348891493, 30.28755332307651, 163.95666039921343],
       [-97.73571097582985, 30.28754089817551, 164.99723432119936],
       [-97.73570004991504, 30.28752236813272, 164.26512729562819],
       [-97.73569138364427, 30.28751137169892, 160.66871615499258],
       [-97.73568709253219, 30.28752814502872, 159.17762667406350],
       [-97.73568935110998, 30.28753710265438, 158.91657440364361],
       [-97.73569813113298, 30.28754034351902, 158.45462594926357],
       [-97.73571885953977, 30.28752607332854, 162.42825097404420],
       [-97.73574283643693, 30.28752209033330, 154.09928092639893],
       [-97.73575196609575, 30.28753197556670, 153.94459345284849],
       [-97.73574919150207, 30.28753909420033, 161.03735079709440],
       [-97.73571198040776, 30.28754483448790, 165.91280432511121],
       [-97.73571155613929, 30.28751026264282, 158.78317934367806],
       [-97.73570189326851, 30.28752699725101, 158.35342675261199],
       [-97.73570632540942, 30.28752821358756, 165.89436511415988],
       [-97.73571573357360, 30.28750547773022, 168.62239989638329],
       [-97.73569602072051, 30.28751448893509, 163.56878009717911],
       [-97.73569625877813, 30.28751373382230, 163.54047720879316],
       [-97.73570455579299, 30.28753819946684, 163.32762447092682],
       [-97.73571557111542, 30.28754180196597, 160.34906696528196],
       [-97.73574527950383, 30.28752599355117, 161.95562558714300],
       [-97.73573823425016, 30.28751785815919, 160.13888216391206],
       [-97.73573124155635, 30.28752440564837, 154.61037038080394],
       [-97.73572803140524, 30.28752262455225, 162.67722957488149],
       [-97.73572158096324, 30.28751504474581, 168.02300472278148],
       [-97.73572139217794, 30.28751537764999, 165.12529721111059],
       [-97.73573886280066, 30.28752366125715, 168.55044232588261],
       [-97.73572481437590, 30.28751877358192, 170.04045409709215],
       [-97.73570442519123, 30.28750085673876, 168.69568049069494],
       [-97.73570851847377, 30.28751245431482, 172.02826722245663],
       [-97.73571499222226, 30.28752092718262, 166.67824183683842],
       [-97.73572609424068, 30.28750146985093, 161.55191908869892],
       [-97.73571274693344, 30.28752401849921, 165.54140588175505],
       [-97.73571328524616, 30.28754098133824, 166.63039617892355],
       [-97.73573566106249, 30.28752898725677, 162.15060911420733],
       [-97.73574050396547, 30.28753926019346, 162.70732134860009],
       [-97.73573580178150, 30.28752266867251, 160.72062056139112],
       [-97.73574604047246, 30.28751523083903, 166.93639580439776],
       [-97.73572527956534, 30.28753272801309, 166.78627727273852],
       [-97.73572438926330, 30.28753397411417, 164.15125417988747],
       [-97.73573302227526, 30.28749907091239, 164.96566361002624],
       [-97.73570088734046, 30.28752105129177, 168.32979502901435],
       [-97.73572950026961, 30.28749914629503, 174.67991983704269],
       [-97.73571211879498, 30.28751049605323, 170.32299023680389],
       [-97.73569746181350, 30.28756588177658, 171.93173078913242],
       [-97.73570372111718, 30.28757088531755, 173.19361602235585],
       [-97.73569985361875, 30.28756207949799, 169.86075829621404],
       [-97.73570984225118, 30.28757146978509, 164.26203892938793],
       [-97.73574074545328, 30.28752740989248, 162.30345471762121],
       [-97.73573750039218, 30.28749949305651, 155.71934877894819],
       [-97.73574246367248, 30.28747770369832, 160.96112128999084],
       [-97.73575254626753, 30.28750950463822, 164.23512744810432],
       [-97.73574656563812, 30.28752646860233, 170.76660705078393],
       [-97.73572747439177, 30.28751032948224, 172.48884974792600],
       [-97.73573134723530, 30.28749064490597, 169.30000365059823],
       [-97.73571828721946, 30.28750832842805, 166.76215911656618],
       [-97.73571918348750, 30.28751180234122, 167.58053642138839],
       [-97.73572469743330, 30.28753149516704, 169.86838360503316],
       [-97.73570088339930, 30.28753963215180, 164.73608959466219],
       [-97.73569842026147, 30.28751040130263, 163.78148626256734],
       [-97.73572854469971, 30.28752273703302, 164.68192908819765],
       [-97.73574701661721, 30.28754002391453, 173.01416984200478],
       [-97.73575557193416, 30.28753216169242, 166.70379091054201],
       [-97.73574787247249, 30.28752245509194, 166.22619512304664],
       [-97.73575965259631, 30.28752840821869, 164.52687146514654],
       [-97.73575900681892, 30.28751073313326, 163.25348147377372],
       [-97.73574521934397, 30.28750346764158, 168.42111181374639],
       [-97.73573957942470, 30.28750532451003, 171.43090775888413],
       [-97.73571594470957, 30.28750484617159, 166.48938972596079],
       [-97.73573997271603, 30.28748844358006, 159.63296381942928],
       [-97.73575800819300, 30.28750849947000, 165.08269061055034],
       [-97.73572895784852, 30.28749951982197, 159.53523609694093],
       [-97.73573600312780, 30.28751327302824, 165.05680677480996],
       [-97.73574808749193, 30.28750868725664, 162.41817535646260],
       [-97.73577089092980, 30.28750375802059, 158.65389053523540],
       [-97.73579329896309, 30.28748382532875, 161.49289642460644],
       [-97.73577319953473, 30.28751020466903, 169.79710448253900],
       [-97.73577054791070, 30.28751202106222, 165.48473607562482],
       [-97.73579681809947, 30.28744967626327, 159.25674379989505],
       [-97.73576510675899, 30.28748676700673, 168.34037650655955],
       [-97.73572242232881, 30.28752179847246, 170.77266544289887],
       [-97.73572250975198, 30.28749447857782, 171.17353192716837],
       [-97.73574151274343, 30.28747728798864, 166.81064795237035],
       [-97.73577631766970, 30.28746889580160, 164.14769636932760],
       [-97.73574422927810, 30.28748832953200, 160.53804111108184],
       [-97.73571458410559, 30.28751657117205, 165.99970915820450],
       [-97.73573854126299, 30.28752644591073, 164.22658475581557],
       [-97.73575765171225, 30.28751837632510, 165.76215184386820],
       [-97.73577058579799, 30.28752859961133, 166.69142508227378],
       [-97.73577737101354, 30.28753254696865, 173.19372594170272],
       [-97.73577791702128, 30.28750880790255, 169.48236302658916],
       [-97.73575978780192, 30.28749480515929, 160.70083575882018],
       [-97.73575677482492, 30.28747787721980, 167.35878520924598],
       [-97.73572441403527, 30.28750844936906, 175.69150392618030],
       [-97.73573003869787, 30.28750956299725, 174.20304518099874],
       [-97.73574239118749, 30.28751400836882, 174.41929250024259],
       [-97.73573422994804, 30.28753096338502, 170.27349523920566],
       [-97.73574282560685, 30.28751579245665, 173.24910845048726],
       [-97.73574324351205, 30.28750501756932, 170.68822375778109],
       [-97.73573834767416, 30.28753194668357, 168.58391112368554],
       [-97.73575159546189, 30.28750416222660, 166.06771401409060],
       [-97.73573970824407, 30.28752844786593, 170.46940276771784],
       [-97.73573699420523, 30.28752541890039, 173.76448823232204],
       [-97.73574872914456, 30.28752043894649, 179.86715300381184],
       [-97.73574244511255, 30.28751945409731, 172.67533325962722],
       [-97.73572834510995, 30.28750953325962, 170.83001752942801],
       [-97.73571609028134, 30.28749976195027, 169.35949559602886],
       [-97.73573204673765, 30.28750356790724, 170.88357725925744],
       [-97.73573080921781, 30.28750653203485, 177.65702776610851],
       [-97.73572610555196, 30.28749614528635, 172.47468296810985],
       [-97.73570657035314, 30.28751154392005, 172.26842942833900],
       [-97.73571403763182, 30.28751670891362, 174.85583953186870],
       [-97.73571891903788, 30.28752036992672, 170.69356579612941],
       [-97.73571900157729, 30.28751681045285, 166.81203940697014],
       [-97.73572182579547, 30.28754213236315, 168.43385681696236],
       [-97.73571158987860, 30.28754744770584, 173.85785883385688],
       [-97.73576763353633, 30.28752091148193, 177.14630526490510],
       [-97.73579194916809, 30.28749290692554, 172.00562863331288],
       [-97.73574427330792, 30.28752233933301, 168.03799618221819],
       [-97.73570916090370, 30.28751700737596, 169.99368395656347],
       [-97.73570500224152, 30.28754920640147, 175.97081891912967],
       [-97.73573483144678, 30.28752987288709, 173.89412196259946],
       [-97.73574133995591, 30.28751917347603, 173.18725246563554],
       [-97.73571244971441, 30.28754034139486, 177.61152542568743],
       [-97.73571134459586, 30.28755116233328, 173.18375718034804],
       [-97.73571427081468, 30.28754842943835, 168.30006594583392],
       [-97.73572509298901, 30.28754855612455, 168.00219962652773],
       [-97.73572160549190, 30.28754112575314, 166.56531062722206],
       [-97.73573302094951, 30.28752798934367, 170.61035482399166],
       [-97.73573048050065, 30.28754235808740, 178.29953135270625],
       [-97.73574520186855, 30.28754754982836, 179.78215407673270],
       [-97.73572287039779, 30.28753106691487, 175.90121083240956],
       [-97.73573775297156, 30.28751393784388, 169.87395518366247],
       [-97.73574255884402, 30.28751984067876, 168.84361402969807],
       [-97.73576233735324, 30.28751507865574, 162.60705943498760],
       [-97.73573856446612, 30.28751814112899, 162.05908669717610],
       [-97.73571234346576, 30.28752373352103, 166.81721505802125],
       [-97.73569925073636, 30.28752551382678, 168.03384871967137],
       [-97.73571784040081, 30.28754112826038, 166.23882917221636],
       [-97.73572163199847, 30.28756046922754, 174.96242866665125],
       [-97.73572486714858, 30.28755483328211, 171.73017678037286],
       [-97.73572831333277, 30.28752149404216, 172.42691840976477],
       [-97.73572710646665, 30.28753251509820, 169.86198221612722],
       [-97.73574489419109, 30.28751994765845, 168.33323614299297],
       [-97.73578045203220, 30.28749497345703, 167.72860724572092],
       [-97.73574751175755, 30.28753077381304, 172.78412301279604],
       [-97.73575463215396, 30.28750385834347, 165.01531149074435],
       [-97.73574130758314, 30.28748989642259, 166.13615176919848],
       [-97.73571255671852, 30.28755697861240, 172.87711196951568],
       [-97.73571769976566, 30.28755388847013, 174.51164701581001],
       [-97.73569683706432, 30.28754110029396, 172.75682376511395],
       [-97.73571180060351, 30.28753548897359, 167.94576432276517],
       [-97.73573004708925, 30.28754088233157, 171.44823367148638],
       [-97.73572364148426, 30.28752799217891, 170.51930058747530],
       [-97.73572114145854, 30.28751888380806, 171.26204561349005],
       [-97.73574365526282, 30.28752302530934, 169.84942696988583],
       [-97.73575493780852, 30.28752406464662, 166.82378177996725],
       [-97.73575092985270, 30.28750859615744, 170.93385963607579],
       [-97.73572061117584, 30.28751816695726, 172.09043221548200],
       [-97.73572894714144, 30.28750792742839, 169.78880912344903],
       [-97.73571260538775, 30.28751793400484, 170.39972249139100],
       [-97.73571613428395, 30.28752605748677, 170.52322410047054],
       [-97.73570438241370, 30.28755910420369, 170.64973901398480],
       [-97.73569085763769, 30.28754235413320, 169.37230480462313],
       [-97.73569153473910, 30.28754621675170, 170.66196156479418],
       [-97.73569092363104, 30.28753819595537, 170.73880211450160],
       [-97.73572362150281, 30.28752900449232, 170.94957459252328],
       [-97.73572988573302, 30.28753915673402, 167.95527160353959],
       [-97.73574826329391, 30.28753513662697, 169.41356643289328],
       [-97.73574647421587, 30.28750990444837, 165.18448893446475],
       [-97.73572929710021, 30.28752834606856, 163.50540415383875],
       [-97.73574589391418, 30.28752648109243, 168.31647310964763],
       [-97.73574542083551, 30.28752948116842, 173.58216069638729],
       [-97.73573627309266, 30.28754755234069, 168.33571209665388],
       [-97.73572813985713, 30.28754267024716, 164.06108719389886],
       [-97.73570348364656, 30.28753550536074, 166.03543256875128],
       [-97.73571613363804, 30.28753362071933, 171.95803402643651],
       [-97.73573563320139, 30.28752997429990, 172.16301236953586],
       [-97.73571650557658, 30.28753505872234, 169.86312231048942],
       [-97.73570111799147, 30.28752550533824, 168.41496427636594],
       [-97.73571647209981, 30.28753830089276, 173.21154421288520],
       [-97.73572706548474, 30.28754497460933, 175.10864399280399],
       [-97.73574611565813, 30.28753356381419, 172.88222811929882],
       [-97.73574505469307, 30.28751830567282, 173.28516928106546],
       [-97.73572256052486, 30.28752433578998, 174.21684767492115],
       [-97.73574794467655, 30.28753417607556, 172.83189209736884],
       [-97.73573612474154, 30.28754960533523, 175.92099858541042],
       [-97.73573908623220, 30.28753476052265, 170.81483190413564],
       [-97.73571518888416, 30.28755014340012, 171.53720082808286],
       [-97.73572068456301, 30.28754953624586, 165.84487793594599],
       [-97.73572256251749, 30.28755466334249, 173.39055049419403],
       [-97.73574642254859, 30.28751800301053, 169.54784713871777],
       [-97.73572813990870, 30.28753129498882, 175.37555569410324],
       [-97.73572244060743, 30.28751211606058, 171.52924873586744],
       [-97.73573796782667, 30.28752376360178, 167.87209027446806],
       [-97.73574946266049, 30.28755588873684, 168.44661608804017],
       [-97.73574997130756, 30.28756296549364, 168.69037381093949],
       [-97.73574106195147, 30.28754597301902, 166.50354108121246],
       [-97.73575097620878, 30.28753738905305, 165.34344432875514],
       [-97.73575372414545, 30.28754712776273, 175.34128133580089],
       [-97.73571700803963, 30.28755914703371, 176.16378335747868],
       [-97.73571200221554, 30.28753474623915, 169.20411053393036],
       [-97.73570112416991, 30.28754865324762, 174.37472735065967],
       [-97.73570537513483, 30.28754537365085, 167.32516394183040],
       [-97.73572766476026, 30.28753862840831, 168.66501740366220],
       [-97.73571013175244, 30.28755298113103, 172.50312663614750],
       [-97.73568627340987, 30.28755672406569, 166.82187455613166],
       [-97.73571687001957, 30.28753267255313, 164.71226398833096],
       [-97.73573113091371, 30.28758075774428, 173.16632519289851],
       [-97.73573796940582, 30.28758172166554, 178.14753682352602],
       [-97.73572964056446, 30.28755926699854, 176.42913872841746],
       [-97.73571592074303, 30.28755579729357, 170.33685355447233],
       [-97.73574681519112, 30.28756672793508, 175.55649030394852],
       [-97.73576308527319, 30.28753841131080, 175.76475985627621],
       [-97.73572197811826, 30.28756036143727, 171.74365572910756],
       [-97.73571011305150, 30.28755403529878, 166.34444267861545],
       [-97.73569821014954, 30.28753237711868, 157.91219765972346],
       [-97.73569716909610, 30.28755874696203, 165.32765713613480],
       [-97.73567201904959, 30.28755717305883, 176.22264609299600],
       [-97.73570211123157, 30.28755186273982, 176.10335048474371],
       [-97.73572794035772, 30.28755318541687, 174.99149763211608],
       [-97.73572282737378, 30.28755951079479, 176.31764338072389],
       [-97.73572938543566, 30.28754668081614, 179.25401347503066],
       [-97.73574681097753, 30.28754681369390, 175.65393772814423],
       [-97.73573877195099, 30.28754023647574, 171.03521572612226],
       [-97.73575356901496, 30.28751271435658, 166.57457041926682],
       [-97.73573890444142, 30.28753440907906, 174.94930977001786],
       [-97.73572388189460, 30.28755868418052, 168.99375932477415],
       [-97.73572719689808, 30.28754800487148, 166.43480412382632],
       [-97.73571497428397, 30.28753696532374, 167.34272334910929],
       [-97.73569162413204, 30.28755068657555, 171.91632582247257],
       [-97.73570766890514, 30.28754276556585, 177.49108366854489],
       [-97.73571915491780, 30.28754024332830, 173.29373389855027],
       [-97.73572463138376, 30.28754009504207, 175.66126808337867],
       [-97.73572738493051, 30.28751496320064, 174.65861217398196],
       [-97.73573131707992, 30.28754980040832, 177.32340063434094],
       [-97.73575954161343, 30.28755394187466, 175.99968397896737],
       [-97.73576010119577, 30.28752414306747, 167.91513748094440],
       [-97.73572479114725, 30.28754941579419, 170.53376653045416],
       [-97.73569554395227, 30.28759121682225, 178.83871485013515],
       [-97.73570683345143, 30.28756888484440, 164.34221695922315],
       [-97.73570266552213, 30.28755871415040, 164.97701741382480],
       [-97.73571210158194, 30.28756132300019, 166.77347394544631],
       [-97.73569187520498, 30.28756499285440, 168.83816122729331],
       [-97.73570584497099, 30.28755195100542, 173.50912155397236],
       [-97.73572860138574, 30.28753805905765, 172.91693461406976],
       [-97.73571983574364, 30.28753374399985, 174.31704866979271],
       [-97.73573515971498, 30.28751545275645, 174.06768106017262],
       [-97.73570937806348, 30.28753232886859, 173.92223884444684],
       [-97.73572514435844, 30.28755962259016, 177.54411941301078],
       [-97.73573605825102, 30.28755140473199, 177.34957358893007],
       [-97.73573588377533, 30.28757424868666, 173.62704602163285],
       [-97.73572564908618, 30.28754632828936, 165.68180107045919],
       [-97.73572565006913, 30.28755145157223, 164.16540914401412],
       [-97.73573991560438, 30.28755385174081, 167.51631971914321],
       [-97.73572661725039, 30.28757597019437, 170.17061121761799],
       [-97.73574147134873, 30.28753309354806, 171.29458425659686],
       [-97.73573775626255, 30.28752970850643, 167.72564557101578],
       [-97.73574844555894, 30.28754844243106, 174.09297238755971],
       [-97.73573072768266, 30.28753871575046, 174.20675971917808],
       [-97.73570823172949, 30.28753355696172, 167.64643169194460],
       [-97.73570351278013, 30.28753735955745, 169.86096821818501],
       [-97.73573032547698, 30.28755197803358, 170.41296969912946],
       [-97.73575124258626, 30.28754275270783, 174.26413366477937],
       [-97.73572854692142, 30.28756454732857, 174.26128920260817],
       [-97.73571848989957, 30.28756547450212, 167.78796485159546],
       [-97.73572773905404, 30.28752912654607, 163.77621316537261],
       [-97.73574716281531, 30.28751741014758, 165.90921452362090],
       [-97.73573428596228, 30.28755767198139, 171.42312080785632],
       [-97.73570662210903, 30.28754350463392, 171.85666744131595],
       [-97.73570195977045, 30.28754762462452, 172.14364864490926],
       [-97.73569065709491, 30.28755994756992, 168.12911565136164],
       [-97.73573138561328, 30.28751052440063, 169.08014928922057],
       [-97.73571332455487, 30.28753477313391, 175.72532615810633],
       [-97.73571452545529, 30.28754605734211, 174.93900143727660],
       [-97.73573645086820, 30.28750065162563, 168.90258391760290],
       [-97.73573508429716, 30.28749842963862, 167.62610398791730],
       [-97.73574030070458, 30.28751679332967, 169.11336095258594],
       [-97.73574612186609, 30.28752254992823, 168.40952831879258],
       [-97.73574889734390, 30.28753311386650, 166.56189862452447],
       [-97.73573877020482, 30.28755767621599, 164.19188437238336],
       [-97.73573902310751, 30.28755551469380, 162.54881174955517],
       [-97.73570718224030, 30.28755937298713, 171.46554432902485],
       [-97.73570652299705, 30.28756604540940, 176.18515560310334],
       [-97.73571366181974, 30.28754724868377, 172.32305539585650],
       [-97.73573423180518, 30.28752678978326, 171.25686863530427],
       [-97.73570655786543, 30.28754521944727, 183.25412431079894],
       [-97.73571076645312, 30.28753612564985, 180.18187508266419],
       [-97.73573878585083, 30.28750587802124, 173.39747253712267],
       [-97.73574281298021, 30.28748994058148, 165.77741058450192],
       [-97.73573997688764, 30.28750510625685, 173.14417812135071],
       [-97.73575449226138, 30.28751407700132, 171.39952250942588],
       [-97.73576751498705, 30.28751985031760, 166.96448516752571],
       [-97.73574819024473, 30.28752294542932, 162.61789936479181],
       [-97.73575573941491, 30.28749815699689, 161.53338981699198],
       [-97.73573143866950, 30.28753418998278, 163.00424181111157],
       [-97.73572512950717, 30.28753369927529, 164.71957477554679],
       [-97.73571970795473, 30.28750782768060, 163.05239055864513],
       [-97.73570996309877, 30.28753112154027, 168.10753187537193],
       [-97.73570710813374, 30.28752402758634, 172.99123636912555],
       [-97.73573873738641, 30.28750320155028, 171.29939587973058],
       [-97.73574398127570, 30.28751430277077, 169.33188176061958],
       [-97.73575428030433, 30.28748726682480, 169.90128048788756],
       [-97.73574288406239, 30.28751197875706, 168.72956259734929],
       [-97.73575236418159, 30.28750258859608, 168.97976754419506],
       [-97.73576253610425, 30.28751709402263, 160.73440072871745],
       [-97.73576536235505, 30.28751072386605, 157.94336562324315],
       [-97.73573994904241, 30.28750972620658, 160.75177501887083],
       [-97.73573858837240, 30.28751971068298, 166.91154577396810],
       [-97.73572559884003, 30.28750382764367, 164.46621215157211],
       [-97.73573215337218, 30.28748265287431, 164.83271292038262],
       [-97.73572910493407, 30.28747224301430, 163.34561073873192],
       [-97.73573567502436, 30.28748420707164, 164.06962072011083],
       [-97.73575944243345, 30.28747612198602, 165.29017440229654],
       [-97.73577051484119, 30.28748131559342, 164.53041183762252],
       [-97.73576506059031, 30.28750423860838, 168.05181151069701],
       [-97.73575876849634, 30.28749155228572, 165.93874741345644],
       [-97.73574424137087, 30.28752713553348, 166.82119989395142],
       [-97.73575678460131, 30.28752125421730, 155.99857139494270],
       [-97.73577342430497, 30.28751026382265, 151.57599359005690],
       [-97.73571933720872, 30.28753763431449, 158.22545207850635],
       [-97.73569987480289, 30.28752999813281, 160.57338180951774],
       [-97.73571247101745, 30.28749679493378, 154.09069958701730],
       [-97.73569605061637, 30.28753050498528, 160.75924776121974],
       [-97.73569401655806, 30.28750060053494, 166.54997105244547],
       [-97.73572820511960, 30.28748815601001, 167.88489072769880],
       [-97.73573854160418, 30.28752259517490, 172.13715824391693],
       [-97.73575520724388, 30.28752021691339, 171.46744086220860],
       [-97.73574148058341, 30.28752742345977, 165.39017156511545],
       [-97.73572731822082, 30.28750821462562, 162.91932433191687],
       [-97.73573997822699, 30.28751433714345, 166.42665905505419],
       [-97.73574271092214, 30.28753101031219, 159.07056996412575],
       [-97.73575549306378, 30.28749377476002, 154.59975769929588],
       [-97.73572284408804, 30.28755472109419, 161.39916116837412],
       [-97.73570452729125, 30.28754821987932, 159.46446361765265],
       [-97.73571255995442, 30.28753298407015, 159.87828728184104],
       [-97.73572080861175, 30.28752829357478, 159.93753812182695],
       [-97.73572306314102, 30.28752568706953, 168.92232651077211],
       [-97.73570181684119, 30.28749935131268, 171.30660940613598],
       [-97.73570185492370, 30.28750952029549, 167.78904217947274],
       [-97.73571027991029, 30.28752106580386, 173.97666384838521],
       [-97.73573485160279, 30.28750615526060, 167.62428051698953],
       [-97.73572771338696, 30.28752684217642, 168.49740695487708],
       [-97.73574268210552, 30.28750154380154, 158.78812064882368],
       [-97.73573364516982, 30.28751677055694, 152.20761565491557],
       [-97.73571735605663, 30.28752901292265, 156.80750315450132],
       [-97.73571091284711, 30.28753001461210, 160.87881300318986],
       [-97.73571900175128, 30.28753082587675, 161.39062115550041],
       [-97.73571957007240, 30.28753732438604, 164.05350295454264],
       [-97.73573981716001, 30.28751459841288, 162.20444578211755],
       [-97.73572519140482, 30.28751065169230, 165.20753347873688],
       [-97.73572071964398, 30.28752183996321, 175.88787247706205],
       [-97.73570836200236, 30.28751403196282, 173.16126754134893],
       [-97.73570515087535, 30.28751844384070, 164.46189224161208],
       [-97.73570018737557, 30.28749792872657, 160.86583050433546],
       [-97.73569136504818, 30.28752125167770, 169.08787200786173],
       [-97.73571627674704, 30.28754577553153, 169.76107034273446],
       [-97.73574579919698, 30.28752264059832, 163.89782618451864],
       [-97.73573697316539, 30.28749738834041, 158.01338996086270],
       [-97.73573664235751, 30.28750604816783, 158.99153211526573],
       [-97.73571460654593, 30.28751307287148, 164.76723950449377],
       [-97.73572355846709, 30.28753153241865, 165.25392554327846],
       [-97.73573631247712, 30.28751183421807, 159.71156874485314],
       [-97.73572344769177, 30.28750782756584, 164.04445440601557],
       [-97.73570774781270, 30.28751984809528, 165.29273948632181],
       [-97.73572135989551, 30.28752227419650, 161.96362494584173],
       [-97.73573600698485, 30.28746688648019, 160.87137979920954],
       [-97.73570430427023, 30.28750465166992, 164.97461191844195],
       [-97.73570379048898, 30.28751289270042, 172.85941549483687],
       [-97.73572525513345, 30.28751242693220, 166.07654940802604],
       [-97.73573653449189, 30.28750879437877, 153.65942912828177],
       [-97.73574424596428, 30.28750332536874, 157.89200454577804],
       [-97.73574533795762, 30.28749467445499, 153.83930240012705],
       [-97.73574694422304, 30.28752221753552, 159.03781065344810],
       [-97.73574202810443, 30.28750808864043, 159.65733729302883],
       [-97.73572909125714, 30.28750534431603, 154.70471192710102],
       [-97.73571632309260, 30.28748826756239, 158.82624319288880],
       [-97.73568829655909, 30.28751589006452, 170.93054029438645],
       [-97.73569778958733, 30.28749971056651, 167.09156722202897],
       [-97.73571203128351, 30.28750342814400, 172.16965259704739],
       [-97.73571492873054, 30.28749796875335, 170.34491040464491],
       [-97.73571496028521, 30.28751509706805, 171.37316942214966],
       [-97.73573840330693, 30.28751447394025, 166.83608271088451],
       [-97.73573397529431, 30.28754732327364, 162.36965083982795],
       [-97.73573439169469, 30.28753798309492, 162.38646933808923],
       [-97.73572090871816, 30.28751712919530, 158.33706600312144],
       [-97.73571393098690, 30.28751835136020, 156.06074640247971],
       [-97.73574326972225, 30.28752256707243, 162.08175540063530],
       [-97.73572776137023, 30.28749585998123, 159.86510778125376],
       [-97.73572244051699, 30.28750100452174, 161.05066589172930],
       [-97.73568996288597, 30.28749923439685, 163.71822368167341],
       [-97.73571530329362, 30.28748918778327, 165.22324553225189],
       [-97.73573474922502, 30.28749000193640, 166.55304109398276],
       [-97.73572421639925, 30.28749676430715, 170.11317200027406],
       [-97.73571833560317, 30.28750299805184, 164.53039534669369],
       [-97.73573106796080, 30.28750564724042, 160.04242844134569],
       [-97.73575761652481, 30.28751461495268, 160.37126857694238],
       [-97.73572423160677, 30.28752704676683, 160.03255994524807],
       [-97.73572418612625, 30.28748514338517, 152.41652749944478],
       [-97.73571031349394, 30.28749679234029, 151.60108416527510],
       [-97.73569881263759, 30.28751912632771, 158.53497498668730],
       [-97.73571901307297, 30.28750866872131, 160.44556479156017],
       [-97.73571554449235, 30.28750929411537, 166.99362490139902],
       [-97.73571775181534, 30.28750419726243, 162.56067838147283],
       [-97.73571927845732, 30.28750758677680, 162.26906611584127],
       [-97.73571338462388, 30.28751539945650, 167.75942090339959],
       [-97.73572993620144, 30.28749433010062, 169.96892046742141],
       [-97.73571811664347, 30.28748236557567, 168.00057581625879],
       [-97.73569527029846, 30.28753104373394, 171.54157902859151],
       [-97.73570576616159, 30.28752575485068, 166.18075872771442],
       [-97.73568643476773, 30.28754221073929, 165.75918642897159],
       [-97.73571229003717, 30.28755389243758, 163.51641998719424],
       [-97.73574177412003, 30.28752114499461, 156.98903849255294],
       [-97.73574778941330, 30.28749647239517, 153.47007163520902],
       [-97.73573959569839, 30.28751901068794, 159.98045668378472],
       [-97.73572744801143, 30.28751500221394, 169.32104450184852],
       [-97.73574477313267, 30.28751909441713, 170.89516318775713],
       [-97.73573108717163, 30.28752384185352, 167.97265914175659],
       [-97.73574305885570, 30.28750411809953, 170.27986805606633],
       [-97.73570985727439, 30.28751957947315, 176.80848721973598],
       [-97.73571456948542, 30.28749513873928, 173.34586881846189],
       [-97.73572225974192, 30.28750317203528, 167.38060854189098],
       [-97.73571358277033, 30.28752536010417, 162.20144999958575],
       [-97.73569390820946, 30.28756305678084, 167.00209319312125],
       [-97.73570268206308, 30.28755641909937, 168.18981132190675],
       [-97.73571874559066, 30.28758982159645, 168.57692776806653],
       [-97.73575154191668, 30.28752739726784, 158.31031338777393],
       [-97.73573210034935, 30.28754688178427, 160.92113629728556],
       [-97.73574821529873, 30.28752873472920, 168.84655640274286],
       [-97.73574134510211, 30.28753026568508, 171.86537260841578],
       [-97.73575280565370, 30.28753758461695, 165.68089087586850],
       [-97.73572153812387, 30.28753406140541, 165.45577156916261],
       [-97.73569575470660, 30.28751143611459, 167.51846310216933],
       [-97.73567398925567, 30.28754579200408, 176.45759893301874],
       [-97.73571035954016, 30.28756330669277, 178.84874331671745],
       [-97.73572193945297, 30.28755603291756, 167.12211273796856],
       [-97.73572468844638, 30.28754236611907, 161.65631858259439],
       [-97.73573173546693, 30.28756033956299, 161.44074012525380],
       [-97.73574974813906, 30.28756989316326, 165.66061905305833],
       [-97.73575376161735, 30.28755896880932, 165.70430310722440],
       [-97.73574007007244, 30.28756136618996, 172.11011131107807],
       [-97.73572187215792, 30.28756738262599, 169.34582381229848],
       [-97.73573571170945, 30.28755934348434, 173.63110666349530],
       [-97.73572945699877, 30.28756800812862, 175.96094436291605],
       [-97.73571574879570, 30.28756139418390, 171.96994902566075],
       [-97.73570298722214, 30.28752284094842, 165.91543905343860],
       [-97.73569269364775, 30.28753790586475, 170.47873703949153],
       [-97.73573016227299, 30.28755172609848, 173.93511733412743],
       [-97.73575127940543, 30.28750848254229, 170.65912707243115],
       [-97.73574938806242, 30.28753795393614, 163.45647691097111],
       [-97.73574937795316, 30.28755448203224, 163.52124251332134],
       [-97.73576343614330, 30.28756039806593, 160.37740470655262],
       [-97.73573932637848, 30.28757138437857, 167.29174985084683],
       [-97.73571141568503, 30.28756832509098, 171.59413011092693],
       [-97.73571980543021, 30.28754672394439, 166.64485529344529],
       [-97.73572427401407, 30.28756131405057, 168.34687531460077],
       [-97.73573092206398, 30.28757399630321, 174.15591803658754],
       [-97.73572637838548, 30.28755561303958, 174.51769577618688],
       [-97.73571123650815, 30.28754694730809, 174.20223317574710],
       [-97.73570632521739, 30.28755559604377, 171.81863014493138],
       [-97.73571780208411, 30.28754627952336, 168.65490794274956],
       [-97.73571547844455, 30.28755005065180, 170.85999557655305],
       [-97.73573266406443, 30.28754148958738, 173.12132429610938],
       [-97.73574742568283, 30.28753831968213, 169.16980126127601],
       [-97.73576418998937, 30.28754051281540, 165.85784604121000],
       [-97.73575997967872, 30.28753359120660, 170.78516956046224],
       [-97.73574552002907, 30.28752155469056, 173.71007263287902],
       [-97.73573034307742, 30.28754291275085, 176.63675659522414],
       [-97.73574439522112, 30.28756188141377, 174.95249398890883],
       [-97.73572813653092, 30.28755587460596, 177.08081823121756],
       [-97.73571333190549, 30.28755120242518, 174.36549893673509],
       [-97.73572552984746, 30.28754189038058, 173.13350026775151],
       [-97.73573467620395, 30.28752646145784, 170.89710470661521],
       [-97.73572012479111, 30.28753653911710, 174.11079306062311],
       [-97.73572553116770, 30.28751127428881, 170.84208594635129],
       [-97.73571613793338, 30.28752465262396, 170.24516988918185],
       [-97.73570021911624, 30.28754928631321, 169.26021080929786],
       [-97.73572701040742, 30.28756904352526, 173.65964718349278],
       [-97.73572372834512, 30.28756443411931, 173.32800340279937],
       [-97.73573494822111, 30.28755487117140, 176.00324231199920],
       [-97.73577277843228, 30.28753267990909, 171.29446498584002],
       [-97.73577901743614, 30.28750218677809, 163.83122420962900],
       [-97.73574867819180, 30.28752513114844, 171.76244210638106],
       [-97.73574621349724, 30.28755060374533, 177.05803363490850],
       [-97.73573374946925, 30.28756944841275, 175.45470096170902],
       [-97.73574667596088, 30.28750549914034, 166.46048108581454],
       [-97.73573457771165, 30.28751671854201, 166.10376846604049],
       [-97.73572997842342, 30.28753928474611, 167.29512089397758],
       [-97.73573992688075, 30.28752809121952, 165.94317294750363],
       [-97.73573535947689, 30.28755367817707, 165.64406251348555],
       [-97.73573345369842, 30.28753257571693, 169.52450386341661],
       [-97.73573887284309, 30.28753329820775, 167.24105711560696],
       [-97.73576376534858, 30.28752391636106, 166.12468623649329],
       [-97.73577338636184, 30.28750864828454, 166.66917789541185],
       [-97.73573170283241, 30.28750813862233, 170.34414201229811],
       [-97.73575694656458, 30.28753511078040, 174.31532170902938],
       [-97.73575598356365, 30.28751068883869, 170.81361619848758],
       [-97.73571887296052, 30.28751900339503, 167.21423152927309],
       [-97.73569365442572, 30.28752540271190, 167.72837147861719],
       [-97.73569491431955, 30.28752008371372, 163.93557687476277],
       [-97.73572730475065, 30.28753524370709, 160.62097347620875],
       [-97.73574469720259, 30.28752103885590, 161.86173095367849],
       [-97.73572171996244, 30.28753786436391, 165.35025908984244],
       [-97.73570512413940, 30.28752374742334, 166.64312800485641],
       [-97.73575072538370, 30.28750800142408, 168.03686970286071],
       [-97.73576312926960, 30.28753820315123, 166.11381574720144],
       [-97.73577256939986, 30.28750292010400, 165.19058893155307],
       [-97.73575636953575, 30.28753684171017, 172.09877184219658],
       [-97.73575994372497, 30.28751142695768, 162.08203966729343],
       [-97.73575669451436, 30.28749892387632, 155.40166020393372],
       [-97.73573432885387, 30.28754558324107, 171.41138397250324],
       [-97.73571590271746, 30.28752823649258, 170.46444972045720],
       [-97.73572886477923, 30.28751048918057, 166.31713579315692],
       [-97.73570587375103, 30.28754282496176, 166.18800275400281],
       [-97.73572599285666, 30.28754092851299, 169.59455234091729],
       [-97.73571624431088, 30.28751683328532, 169.87327713426203],
       [-97.73570319479302, 30.28751774741144, 169.51486907433718],
       [-97.73572314518366, 30.28751536362092, 166.23382457811385],
       [-97.73576098489026, 30.28752088051607, 163.92790758050978],
       [-97.73573298160896, 30.28753514079690, 172.66804233659059],
       [-97.73575093994971, 30.28751062569860, 177.86185222119093],
       [-97.73571319092351, 30.28751831101397, 174.04129758477211],
       [-97.73569341123167, 30.28753544328413, 168.15914843138307],
       [-97.73571853157173, 30.28751700550004, 170.55834006424993],
       [-97.73570548535582, 30.28752259977587, 174.82479606103152],
       [-97.73569317647041, 30.28753346931374, 169.07719981763512],
       [-97.73574389642525, 30.28749824772842, 159.13783038221300],
       [-97.73575379364695, 30.28748366180433, 157.13535524252802],
       [-97.73572387817427, 30.28753503579388, 166.20924348477274],
       [-97.73570879019967, 30.28753158430699, 168.26593099068850],
       [-97.73574827412861, 30.28751664486075, 163.30574994534254],
       [-97.73577368702146, 30.28750499015798, 162.90638946276158],
       [-97.73574638149179, 30.28753727968909, 175.75633937958628],
       [-97.73573976670087, 30.28750134597372, 169.30449441168457],
       [-97.73574755190714, 30.28750062685102, 167.82686263415962],
       [-97.73574790025957, 30.28750270047966, 164.00739299133420],
       [-97.73571631918183, 30.28754608287450, 169.96374103426933],
       [-97.73570752217421, 30.28753917399583, 171.11554464045912],
       [-97.73570247231228, 30.28754778530897, 171.06163282506168],
       [-97.73573698263706, 30.28750995820035, 162.11671350244433],
       [-97.73573154114356, 30.28751626200530, 165.85343148279935],
       [-97.73571790428561, 30.28755033028506, 172.72173233702779],
       [-97.73570710921553, 30.28755248218733, 171.11854008678347],
       [-97.73573601133980, 30.28750743519908, 161.05195887945592],
       [-97.73573063585611, 30.28750021104038, 159.40423576999456],
       [-97.73570519648835, 30.28752872004193, 166.03183257859200],
       [-97.73571618031569, 30.28754163982646, 169.98931101150811],
       [-97.73574000403421, 30.28754581256396, 166.99791858159006],
       [-97.73576732847872, 30.28752411567701, 166.21770965587348],
       [-97.73576140670181, 30.28750059965893, 160.66560499928892],
       [-97.73574446085560, 30.28749958620063, 162.69401523005217],
       [-97.73574280962262, 30.28751797764927, 161.05342156905681],
       [-97.73572933399655, 30.28755636160497, 160.79087401647121],
       [-97.73571449289177, 30.28754667248879, 163.67292714118958],
       [-97.73571765939771, 30.28753281780825, 163.56529386155307],
       [-97.73572544781001, 30.28751937639092, 163.80973272956908],
       [-97.73573085660506, 30.28752406293855, 161.76910229772329],
       [-97.73572172183626, 30.28754324422029, 168.09317757468671],
       [-97.73571847613296, 30.28754613530614, 173.22582938335836],
       [-97.73572145341939, 30.28754940046643, 172.68011481221765],
       [-97.73573919054841, 30.28754199286293, 171.14800236932933],
       [-97.73575281734644, 30.28753963888380, 172.93708823248744],
       [-97.73575818974513, 30.28750329933634, 167.31010672822595],
       [-97.73572700883587, 30.28753061757027, 158.97647111862898],
       [-97.73574291753387, 30.28752548872636, 159.40956135839224],
       [-97.73573468389853, 30.28753106145420, 160.43130581080914],
       [-97.73568964592998, 30.28755245207490, 165.23528738599271],
       [-97.73567022234181, 30.28756304512823, 175.41972586512566],
       [-97.73567127205121, 30.28757168685556, 175.58915890753269],
       [-97.73569000252272, 30.28754437191767, 172.64112279843539],
       [-97.73571712357406, 30.28752861513467, 171.78338142763823],
       [-97.73569722079880, 30.28753724655813, 178.70836099516600],
       [-97.73570572620771, 30.28752438108708, 168.32972116116434],
       [-97.73570938638132, 30.28753351547265, 171.00395715422928],
       [-97.73573141124112, 30.28754580540743, 174.38207183498889],
       [-97.73574929961812, 30.28752046913018, 174.43052485026419],
       [-97.73572958143664, 30.28752016930246, 170.78750249184668],
       [-97.73572573913250, 30.28752774306751, 164.57557399850339],
       [-97.73573025547400, 30.28753162551522, 161.39788009412587],
       [-97.73572086090545, 30.28753745038857, 164.14683003071696],
       [-97.73571715025024, 30.28753409649216, 168.05309515353292],
       [-97.73572236532834, 30.28750618878285, 169.50536201242357],
       [-97.73570739264797, 30.28751635056043, 168.88317181076854],
       [-97.73572231492898, 30.28754233706044, 174.56574388593435],
       [-97.73573373205397, 30.28753194146208, 177.90687417611480],
       [-97.73575296006040, 30.28751766363982, 164.14260329678655],
       [-97.73576042014943, 30.28751406043811, 159.98078649770468],
       [-97.73576026241997, 30.28751464186033, 157.80693867895752],
       [-97.73572912552569, 30.28754023572619, 171.81154708284885],
       [-97.73573343645073, 30.28753829922055, 174.06362434756011],
       [-97.73571817924621, 30.28752253555809, 168.01982727833092],
       [-97.73570404528928, 30.28752728655515, 164.06021277047694],
       [-97.73571848219075, 30.28752860828589, 168.87011146266013],
       [-97.73571330261203, 30.28754494221463, 173.78888113796711],
       [-97.73573069228161, 30.28753248938110, 166.80243890080601],
       [-97.73573214354229, 30.28753218535187, 164.13035698421299],
       [-97.73571188732355, 30.28753279784016, 168.61000572051853],
       [-97.73571810711991, 30.28753317800711, 169.64909352175891],
       [-97.73575745855895, 30.28752938916108, 166.22664547059685],
       [-97.73576426010996, 30.28752454889171, 163.97637564130127],
       [-97.73576307740537, 30.28749880518286, 159.08869539666921],
       [-97.73576314154639, 30.28752282072024, 170.66326840221882],
       [-97.73576116393089, 30.28756009480036, 175.68665667157620],
       [-97.73573252815908, 30.28755995307325, 171.91788971889764],
       [-97.73572216009903, 30.28752843880947, 164.28047274611890],
       [-97.73571629034039, 30.28756117825948, 169.55897927656770],
       [-97.73572747723826, 30.28754026525921, 165.16180481016636],
       [-97.73575087749937, 30.28754075842197, 166.35255792830139],
       [-97.73574673758456, 30.28754357418357, 168.80935316439718],
       [-97.73573366782723, 30.28750733919914, 166.75850691366941],
       [-97.73572365219913, 30.28753905465135, 166.82335902191699],
       [-97.73574119983853, 30.28754506964808, 172.22900562267751],
       [-97.73575640198352, 30.28753736265153, 165.86790836788714],
       [-97.73574823710602, 30.28754690512117, 164.23090760223567],
       [-97.73573533792778, 30.28754555811305, 171.35042754001915],
       [-97.73573078419921, 30.28756287452531, 172.89576523285359],
       [-97.73572874224269, 30.28755462975224, 162.61106860078871],
       [-97.73573693484425, 30.28755142638028, 168.50875063519925],
       [-97.73572127690477, 30.28756432275707, 169.79911695234478],
       [-97.73572835257163, 30.28753100982382, 166.83987374603748],
       [-97.73574017164552, 30.28751223176479, 165.84350312873721],
       [-97.73574415673981, 30.28753895077532, 169.50546135846525],
       [-97.73572122533517, 30.28750861108575, 169.81332903821021],
       [-97.73570836621694, 30.28752309032845, 173.38292163051665],
       [-97.73572633547556, 30.28753115721853, 172.50780852511525],
       [-97.73575746851122, 30.28751119877866, 167.59839766938239],
       [-97.73575820613893, 30.28751957412558, 166.59225672204047],
       [-97.73573535759957, 30.28757242777280, 173.05506170727313],
       [-97.73575376976770, 30.28752340306079, 166.90149795636535],
       [-97.73576443562069, 30.28753450186376, 164.20255245827138],
       [-97.73577299997417, 30.28754208767480, 170.37087451200932],
       [-97.73574826321244, 30.28753140782382, 166.00173238292336],
       [-97.73571397332330, 30.28753599587370, 172.18072529137135],
       [-97.73573883916825, 30.28752406114744, 172.43382748775184],
       [-97.73574749291235, 30.28752563497612, 173.39686331525445],
       [-97.73573053700832, 30.28749837151108, 166.66107261832803],
       [-97.73572628478667, 30.28751028408776, 165.94604139681906],
       [-97.73574264316346, 30.28751495976732, 163.33228160161525],
       [-97.73573735439416, 30.28752277534653, 171.41355732828379],
       [-97.73575398658672, 30.28753560693924, 177.10060196556151],
       [-97.73574739239422, 30.28756156675051, 176.47437334153801],
       [-97.73575421184101, 30.28755112684766, 168.00152572523803],
       [-97.73576566712023, 30.28755485287608, 161.91797940060496],
       [-97.73575227475882, 30.28755664957607, 163.81118030473590],
       [-97.73574905895063, 30.28753081638060, 163.52802669908851],
       [-97.73574840406150, 30.28750895813702, 160.15890965890139],
       [-97.73573732281855, 30.28754065531476, 166.40081127639860],
       [-97.73573200405366, 30.28749474853562, 162.52689682226628],
       [-97.73573908730602, 30.28749216014913, 171.15919493231922],
       [-97.73574207920115, 30.28753902935437, 177.37967606820166],
       [-97.73575995901467, 30.28751795408688, 174.51326633337885],
       [-97.73574374764337, 30.28752687873701, 173.55978828947991],
       [-97.73574635792632, 30.28755587500856, 181.74074038024992],
       [-97.73576821100873, 30.28751752446298, 176.98531413264573],
       [-97.73577608914982, 30.28751903695320, 167.77878442127258],
       [-97.73579078121530, 30.28748918921182, 159.76119191292673],
       [-97.73576587571181, 30.28747443346082, 155.60449252557009],
       [-97.73574414656971, 30.28748899519456, 156.18947898875922],
       [-97.73574814144212, 30.28752288744142, 160.85377718787640],
       [-97.73576287176832, 30.28749894289858, 153.15093947853893],
       [-97.73576521079877, 30.28750819455032, 157.22324428893626],
       [-97.73574360672258, 30.28751006847921, 172.22119352594018],
       [-97.73575705713783, 30.28751931884332, 169.21693489700556],
       [-97.73574693145976, 30.28749822291543, 172.09158396627754],
       [-97.73574035048557, 30.28749863330072, 169.85577009245753],
       [-97.73573496329529, 30.28750163942890, 165.72183812223375],
       [-97.73574693354843, 30.28749317296253, 165.62718993984163],
       [-97.73575599516322, 30.28753878734835, 171.38149213138968],
       [-97.73576567570881, 30.28753750702149, 160.25955529976636],
       [-97.73575331536608, 30.28750981631391, 154.77445985749364],
       [-97.73574955283974, 30.28753434977892, 158.60228206869215],
       [-97.73575692988878, 30.28754253763595, 156.74176169000566],
       [-97.73580531572317, 30.28750098170476, 153.39180394448340],
       [-97.73577603995997, 30.28750055375188, 156.90519388020039],
       [-97.73575511031073, 30.28750490310714, 164.26416777167469],
       [-97.73574798486426, 30.28749610988428, 165.07722100615501],
       [-97.73573712992810, 30.28754004846646, 170.37116576731205],
       [-97.73575374575201, 30.28752595964127, 171.26107408478856],
       [-97.73574588229607, 30.28749403943633, 158.48943460825831],
       [-97.73575205640238, 30.28748991529931, 152.42101365793496],
       [-97.73574359576418, 30.28752600739821, 154.84180006943643],
       [-97.73574492909137, 30.28755464180373, 152.08541821222752],
       [-97.73574664813167, 30.28756099309907, 147.32488019019365],
       [-97.73575170582666, 30.28754071557205, 147.18741494789720],
       [-97.73577849432068, 30.28754611694853, 157.86229255702347],
       [-97.73576547531371, 30.28755665413761, 162.08146789018065],
       [-97.73573693658699, 30.28753769835141, 169.03271812666208],
       [-97.73573248698695, 30.28752706478465, 164.17376556713134],
       [-97.73575100320760, 30.28750999372367, 159.33910926058888],
       [-97.73576638069987, 30.28750063557495, 161.99906163662672],
       [-97.73572426368779, 30.28753500004205, 172.44018014147878],
       [-97.73573892154633, 30.28752148115404, 165.11288906075060],
       [-97.73573959741600, 30.28752772345389, 160.47954153176397],
       [-97.73574894251227, 30.28755493975632, 164.37602656148374],
       [-97.73576436370421, 30.28752145057986, 159.38480237405747],
       [-97.73574905027536, 30.28754019749076, 165.31787602324039],
       [-97.73575909300544, 30.28754376755248, 156.89175642374903],
       [-97.73577497199879, 30.28749122578519, 149.29495959356427],
       [-97.73579163647338, 30.28751911274271, 154.69496267009526],
       [-97.73578037947637, 30.28752770566966, 157.96172395348549],
       [-97.73577568420717, 30.28750233679772, 159.71417547948658],
       [-97.73576904451591, 30.28750508429984, 159.17062602005899],
       [-97.73578073590875, 30.28751662626662, 169.30126846488565],
       [-97.73573134320615, 30.28753652212118, 173.78320774342865],
       [-97.73570814154623, 30.28754819145247, 173.39154414273798],
       [-97.73574220102670, 30.28753386016877, 167.52392520289868],
       [-97.73576110963990, 30.28752850773816, 157.18314236961305],
       [-97.73576875299855, 30.28751989702737, 154.62411418184638],
       [-97.73576786442914, 30.28755229458854, 162.13838594220579],
       [-97.73576946143734, 30.28753539772927, 158.46290798485279],
       [-97.73579573252078, 30.28748680772464, 151.31347812525928],
       [-97.73577155119138, 30.28751635287295, 152.13741390407085],
       [-97.73576052001748, 30.28753239428389, 163.47990026697516],
       [-97.73576736545586, 30.28754734722972, 174.42093602288514],
       [-97.73573534610932, 30.28756377358958, 172.68037972226739],
       [-97.73574704784799, 30.28755047480015, 169.69052601885051],
       [-97.73577041516275, 30.28750414666030, 163.06353069748729],
       [-97.73576514172859, 30.28752747227674, 164.21367231570184],
       [-97.73577957574153, 30.28753467085804, 169.08553119935095],
       [-97.73575853930971, 30.28752601967384, 163.80219452455640],
       [-97.73573728516085, 30.28754622987620, 166.05403234250844],
       [-97.73574701755798, 30.28753732113191, 159.75001873821020],
       [-97.73578098760592, 30.28752982490669, 151.03750503621995],
       [-97.73579046358613, 30.28754535758550, 151.87242806516588],
       [-97.73579497119516, 30.28753331559688, 154.52950208634138],
       [-97.73577072894274, 30.28752032228617, 158.84891364071518],
       [-97.73577501406005, 30.28752388524170, 161.55521631892771],
       [-97.73578421966641, 30.28753074378466, 158.55775764957070],
       [-97.73576696343406, 30.28754327662307, 161.94502239581198],
       [-97.73576275035889, 30.28753148918247, 160.70564074255526],
       [-97.73577644938480, 30.28753823497066, 163.46667865943164],
       [-97.73577144659257, 30.28754253838406, 163.41096101142466],
       [-97.73573763022597, 30.28755200501627, 173.69579666014761],
       [-97.73575146470066, 30.28752866988395, 164.24576108716428],
       [-97.73574508973192, 30.28755226822608, 158.26886210124940],
       [-97.73576229956502, 30.28752811814398, 149.71602899022400],
       [-97.73576838598471, 30.28755220687225, 155.87246886733919],
       [-97.73576165961485, 30.28755185560793, 158.13176034670323],
       [-97.73576804785299, 30.28752398029649, 153.06607892177999],
       [-97.73575509567698, 30.28752856649916, 154.40409481618553],
       [-97.73578594444101, 30.28752414378224, 156.22271114680916],
       [-97.73577834165438, 30.28751105028014, 160.97753147501498],
       [-97.73574642673145, 30.28753799761064, 166.68892035726458],
       [-97.73574095619762, 30.28753658766668, 170.29092224501073],
       [-97.73573955482709, 30.28754739305172, 167.11825346760452],
       [-97.73575024611469, 30.28755531171866, 166.02218863740563],
       [-97.73573745591362, 30.28756078862883, 166.81356586609036],
       [-97.73574438974289, 30.28755528100686, 162.67370484862477],
       [-97.73577142128117, 30.28752553345112, 149.77865238115191],
       [-97.73577948233404, 30.28753394528395, 153.54990499932319],
       [-97.73576933130022, 30.28755088867002, 156.87714158836752],
       [-97.73576149340708, 30.28754932432467, 158.51503169536591],
       [-97.73575937855628, 30.28754860292448, 160.74945531412959],
       [-97.73576705894530, 30.28754885675654, 163.25045846775174],
       [-97.73576369856167, 30.28753599552908, 171.54280519392341],
       [-97.73577496593244, 30.28753927688448, 176.18317847233266],
       [-97.73578083526688, 30.28755194953897, 172.71543202456087],
       [-97.73577604717332, 30.28752724657027, 166.78746459912509],
       [-97.73574486607188, 30.28753360347342, 166.38424641359597],
       [-97.73570467573877, 30.28755361004399, 169.20704485569149],
       [-97.73573001048693, 30.28753078360241, 163.52073193248361],
       [-97.73573963650118, 30.28751977123096, 154.83235043566674],
       [-97.73573816681552, 30.28754378194517, 156.93750458396971],
       [-97.73574417082699, 30.28753696406827, 165.90155529696494],
       [-97.73574352457327, 30.28755769337935, 169.87233394198120],
       [-97.73574570505808, 30.28754873206654, 171.97997495438904],
       [-97.73576591602858, 30.28752692999179, 166.82185238972306],
       [-97.73577476615317, 30.28752246829353, 165.70659987907857],
       [-97.73575534769508, 30.28752988463678, 172.55596020165831],
       [-97.73576155237524, 30.28754373655039, 170.68390799965709],
       [-97.73577002108259, 30.28753812317974, 163.84719231911004],
       [-97.73574836735443, 30.28753527548992, 160.96751623135060],
       [-97.73573097619240, 30.28755112060805, 167.14907664060593],
       [-97.73574710539438, 30.28753473212500, 171.32646196056157],
       [-97.73575888823648, 30.28754120677829, 170.22234477289021],
       [-97.73574755573435, 30.28752286098517, 164.17988783307374],
       [-97.73575927052261, 30.28750430222389, 164.60355449654162],
       [-97.73575572228448, 30.28749570755372, 168.71130732353777],
       [-97.73575097506261, 30.28752865245313, 169.53869849070907],
       [-97.73576386291056, 30.28750575432414, 171.09685255121440],
       [-97.73576836640451, 30.28750142115988, 166.90662800148129],
       [-97.73575996077304, 30.28750347469459, 161.68052571453154],
       [-97.73577865334525, 30.28750396513245, 166.06666062772274],
       [-97.73577743835338, 30.28752848066640, 161.62446369230747],
       [-97.73577260605225, 30.28752956676500, 153.22061711736023],
       [-97.73577320777231, 30.28751211572747, 154.04956963658333],
       [-97.73577291616884, 30.28750998781693, 158.88664996251464],
       [-97.73575908748548, 30.28752013806320, 168.31864782422781],
       [-97.73575139370546, 30.28751395097954, 169.32837446872145],
       [-97.73574849587867, 30.28752460471698, 167.57051948644221],
       [-97.73578853642283, 30.28750384095877, 171.45982090290636],
       [-97.73578575890619, 30.28750829081364, 171.97034264728427],
       [-97.73577704984982, 30.28751811981011, 172.46584238111973],
       [-97.73577773997280, 30.28749550676797, 169.09399622865021],
       [-97.73576565086073, 30.28750349914223, 170.45723111089319],
       [-97.73577164163243, 30.28751540339634, 164.69864317029715],
       [-97.73577721649805, 30.28749641296180, 170.74036919139326],
       [-97.73577213760456, 30.28751013811892, 165.63293343037367],
       [-97.73577512955259, 30.28745693450092, 151.61752481944859],
       [-97.73578545115635, 30.28746390948179, 149.85763232689351],
       [-97.73577474947112, 30.28747563980848, 158.44559552054852],
       [-97.73577764295588, 30.28747184975762, 161.06123012676835],
       [-97.73578560787949, 30.28748040622214, 161.56508981809020],
       [-97.73576149684256, 30.28749583373573, 165.39369897916913],
       [-97.73577062024678, 30.28748475887091, 159.53326531592757],
       [-97.73576408988896, 30.28750082429422, 166.27484803739935],
       [-97.73575406604358, 30.28752045011914, 178.65798729658127],
       [-97.73577995788511, 30.28749668157686, 173.33577927481383],
       [-97.73577674373217, 30.28748954916639, 167.95135655999184],
       [-97.73576847606778, 30.28750520855893, 168.97115409187973],
       [-97.73576689114306, 30.28749164007141, 166.55405326467007],
       [-97.73574254971521, 30.28749378797992, 161.68893278110772],
       [-97.73575434897262, 30.28749272336395, 155.06924150791019],
       [-97.73574450283770, 30.28749672473142, 158.93475615978241],
       [-97.73573242605805, 30.28749999796261, 164.10996666271240],
       [-97.73575475209630, 30.28750215843180, 169.14158059470356],
       [-97.73575081142653, 30.28750133303449, 171.78809945005924],
       [-97.73573548067321, 30.28750610907103, 164.63555127382278],
       [-97.73572384946732, 30.28749067398223, 167.94572038855404],
       [-97.73571380854757, 30.28751121812419, 172.56676704622805],
       [-97.73574289259363, 30.28749229000771, 172.83746186830103],
       [-97.73576045939663, 30.28749979140402, 170.34549514111131],
       [-97.73574587055025, 30.28751634881208, 162.79176460392773],
       [-97.73575206518123, 30.28749462558564, 164.97033347841352],
       [-97.73575918387141, 30.28749171867699, 162.63960147835314],
       [-97.73575599238629, 30.28753810589389, 170.92034422606230],
       [-97.73574982418289, 30.28752847809616, 168.37371757719666],
       [-97.73573872675996, 30.28752771188721, 169.77188568562269],
       [-97.73571842229056, 30.28753071071658, 175.17396230995655],
       [-97.73573065527613, 30.28750426171718, 174.11749846488237],
       [-97.73572775826875, 30.28747151340600, 167.18792400043458],
       [-97.73571340130363, 30.28749304551197, 172.48989646509290],
       [-97.73572835209282, 30.28747698716603, 168.13700504787266],
       [-97.73575528671584, 30.28748044582371, 169.87524141650647],
       [-97.73575004601295, 30.28749515442456, 165.80293174274266],
       [-97.73575096429511, 30.28751377315750, 162.20140484999865],
       [-97.73574636307642, 30.28750818586991, 156.72001483291388],
       [-97.73575248106548, 30.28752897029949, 163.91351840831339],
       [-97.73575497512941, 30.28753218772446, 168.88861456234008],
       [-97.73573907391219, 30.28753452252957, 165.90648210979998],
       [-97.73573922711748, 30.28750445820613, 172.28106284979731],
       [-97.73571966677791, 30.28749497087325, 164.99790179729462],
       [-97.73573775844261, 30.28748421449388, 166.05408730078489],
       [-97.73573946903961, 30.28747956870217, 171.97797852847725],
       [-97.73572218647794, 30.28749930147652, 172.85240921564400],
       [-97.73572601942509, 30.28749372230101, 172.69951631594449],
       [-97.73573924921696, 30.28751622999464, 173.84690036531538],
       [-97.73575305055891, 30.28750890841256, 169.28671081643552],
       [-97.73576028581518, 30.28750281250207, 160.68633448518813],
       [-97.73574723636247, 30.28750526899923, 155.11271698493510],
       [-97.73573671229522, 30.28751582290665, 154.24409333989024],
       [-97.73578500911482, 30.28749865035919, 155.08677184395492],
       [-97.73576209810352, 30.28749794822888, 162.49945043120533],
       [-97.73575784877360, 30.28750503816442, 169.77760600857437],
       [-97.73576195760332, 30.28749746191513, 167.38197261001915],
       [-97.73576953632336, 30.28750672739433, 162.41863169148564],
       [-97.73576028411952, 30.28751730520684, 165.89943793043494],
       [-97.73575705243570, 30.28750362376966, 167.85924064833671],
       [-97.73575071830689, 30.28751270391729, 169.31963860709220],
       [-97.73574990797690, 30.28749103237367, 162.05427532736212],
       [-97.73574399309334, 30.28751242686227, 161.43204518314451],
       [-97.73570407166399, 30.28752037101199, 161.97406596224755],
       [-97.73572120056443, 30.28752599627056, 165.55603505019099],
       [-97.73573181243601, 30.28752963751516, 164.64710395969450],
       [-97.73575605202205, 30.28749046388036, 150.56354308780283],
       [-97.73574900834600, 30.28751053966307, 163.63628997001797],
       [-97.73573001698567, 30.28757525933293, 176.15918701328337],
       [-97.73576191135906, 30.28752737581036, 168.04481953196228],
       [-97.73579255319420, 30.28747095122198, 153.62305879313499],
       [-97.73571232068498, 30.28752654959663, 161.22141692042351],
       [-97.73570391406626, 30.28751852600810, 171.23910899367183],
       [-97.73572007956137, 30.28753571815910, 173.19354593381286],
       [-97.73573749141588, 30.28753959824778, 161.69799590855837],
       [-97.73572717547263, 30.28755123257811, 163.13928030617535],
       [-97.73573242096150, 30.28752775316603, 158.74358674138784],
       [-97.73573328911500, 30.28753559685055, 162.39746535103768],
       [-97.73574546791747, 30.28753368331362, 165.34441512264311],
       [-97.73574887612769, 30.28753375814551, 163.48340092226863],
       [-97.73574530815820, 30.28754837624391, 166.53114479687065],
       [-97.73576664619387, 30.28754622277255, 169.51744284480810],
       [-97.73575269764885, 30.28755005065430, 168.23508469015360],
       [-97.73577236882483, 30.28751691201206, 167.39550272189081],
       [-97.73576061529306, 30.28751936572614, 169.86560979858041],
       [-97.73572874522456, 30.28752214092408, 171.75922153703868],
       [-97.73575892523590, 30.28753135414821, 170.07717125304043],
       [-97.73575814905843, 30.28752312670077, 162.31856499798596],
       [-97.73576586288505, 30.28751191705833, 157.54072344396263],
       [-97.73574554950008, 30.28751119168380, 153.62851975113153],
       [-97.73571959896320, 30.28754875566871, 158.45133219845593],
       [-97.73575966878764, 30.28755077407046, 166.74172884970903],
       [-97.73575158135839, 30.28754448851119, 168.88205793872476],
       [-97.73574031008822, 30.28755612519377, 168.17713592574000],
       [-97.73575063490807, 30.28752772706664, 168.66548855602741],
       [-97.73575926352444, 30.28754739848265, 167.00242083892226],
       [-97.73576207935969, 30.28757370173625, 170.99293355830014],
       [-97.73573800983176, 30.28753180616339, 170.02377087622881],
       [-97.73572144917779, 30.28754061524219, 171.60717385448515],
       [-97.73575623052132, 30.28756771798781, 169.84279099479318],
       [-97.73577387645348, 30.28753515244495, 170.81068248208612],
       [-97.73574817370866, 30.28754709369136, 161.12611380685121],
       [-97.73573276191044, 30.28756228953578, 162.84880472254008],
       [-97.73573190067782, 30.28757626397132, 163.19802411459386],
       [-97.73575824013777, 30.28754840666725, 163.14054645504802],
       [-97.73577620462878, 30.28753877805690, 169.56702576298267],
       [-97.73575329411629, 30.28754280471185, 170.14740294218063],
       [-97.73577476090166, 30.28753507070315, 162.41196227725595],
       [-97.73579027424923, 30.28752875392580, 158.32514619268477],
       [-97.73576815602260, 30.28753746691958, 163.31177248898894],
       [-97.73575362504019, 30.28755824100270, 172.08445772994310],
       [-97.73574340508269, 30.28753390179736, 165.88168318197131],
       [-97.73574396058621, 30.28754113331458, 162.20569341070950],
       [-97.73574755509804, 30.28754006879320, 159.91265541501343],
       [-97.73573570690351, 30.28751663054988, 159.71151211857796],
       [-97.73572439736382, 30.28751646971661, 159.63054130785167],
       [-97.73573740971653, 30.28751879338085, 155.21842285152525],
       [-97.73573438149381, 30.28754701416392, 167.15500309877098],
       [-97.73573879362915, 30.28755035828038, 178.04094369150698],
       [-97.73576022660774, 30.28753365744442, 174.56153795402497],
       [-97.73576254018089, 30.28751661044674, 168.83805430587381],
       [-97.73575296137510, 30.28752702117986, 169.80721647944301],
       [-97.73574156476650, 30.28753970639600, 167.64234649110585],
       [-97.73574723672905, 30.28756764693601, 173.19797365181148],
       [-97.73575053150924, 30.28756279268380, 165.16328803636134],
       [-97.73573280895893, 30.28754753882267, 158.08983098436147],
       [-97.73572202607731, 30.28754143294025, 157.22877419460565],
       [-97.73571557108335, 30.28754475435321, 168.59318253584206],
       [-97.73571159874800, 30.28755149326745, 171.22150580678135],
       [-97.73572914749359, 30.28751932780040, 168.98276980873197],
       [-97.73571693842469, 30.28750927828631, 167.20725451782346],
       [-97.73571334554509, 30.28753616773491, 170.38198119215667],
       [-97.73571152097784, 30.28755373171181, 171.82755445409566],
       [-97.73572033315939, 30.28755496302759, 171.05845900811255],
       [-97.73571821868101, 30.28754036522236, 166.89214156754315],
       [-97.73572261270344, 30.28753497630017, 166.32564421556890],
       [-97.73573371994024, 30.28755710069822, 160.39595562033355],
       [-97.73576286029603, 30.28753341595032, 157.50359678268433],
       [-97.73572847251424, 30.28754700349329, 155.10893108230084],
       [-97.73570277799945, 30.28756255151174, 162.91408508270979],
       [-97.73571718007628, 30.28753716952518, 165.12033717520535],
       [-97.73574053682148, 30.28754170850701, 171.74031863734126],
       [-97.73572994247417, 30.28754718749853, 171.93978352472186],
       [-97.73572006972593, 30.28755042361887, 172.94392762612551],
       [-97.73568024080694, 30.28754495544170, 167.96708961855620],
       [-97.73569523372416, 30.28754418365533, 171.83312514517456],
       [-97.73569889383849, 30.28756066987538, 175.29758462496102],
       [-97.73569221770505, 30.28753834535195, 174.17617852333933],
       [-97.73569489134064, 30.28753611531495, 167.97875071503222],
       [-97.73570890427132, 30.28755055563233, 164.93080636579543],
       [-97.73570651061796, 30.28757840320219, 159.39943141583353],
       [-97.73572846988057, 30.28757521091139, 161.71976462751627],
       [-97.73572882181310, 30.28756062933200, 163.33718870673329],
       [-97.73574729747945, 30.28756113151717, 162.66412681341171],
       [-97.73577083540086, 30.28752731558604, 160.10440138913691],
       [-97.73571545486568, 30.28756256788131, 166.38360509555787],
       [-97.73570880765980, 30.28755952619369, 172.01096863765270],
       [-97.73570616447684, 30.28754230684917, 168.92820124700665],
       [-97.73570290945710, 30.28753079136042, 156.85008047614247],
       [-97.73570276641644, 30.28756070725215, 167.15802315250039],
       [-97.73571489633741, 30.28753539082739, 172.74842541106045],
       [-97.73568841923795, 30.28756950872055, 175.67035326641053],
       [-97.73572954561490, 30.28754947627145, 163.98303097113967],
       [-97.73574155819261, 30.28754902191646, 157.54054485354573],
       [-97.73572652698614, 30.28755288774571, 159.79427715577185],
       [-97.73573037327179, 30.28755315942888, 162.71131490729749],
       [-97.73573578791773, 30.28754645798618, 165.28731432929635],
       [-97.73573589573000, 30.28753289121519, 164.82389520201832],
       [-97.73573051277674, 30.28753965376107, 172.35953241493553],
       [-97.73570908189014, 30.28755775519238, 169.63742386829108],
       [-97.73570083722909, 30.28755304051825, 171.46773383487016],
       [-97.73570990374434, 30.28755555686367, 166.68685917556286],
       [-97.73570139075987, 30.28757155157242, 169.36729595903307],
       [-97.73570413422931, 30.28754811702684, 174.51875612139702],
       [-97.73572827196767, 30.28753991314703, 172.54986679460853],
       [-97.73574402167624, 30.28753938463107, 160.48709512874484],
       [-97.73576560472590, 30.28751652055031, 151.03950019367039],
       [-97.73572375969158, 30.28752754814499, 153.45620980393142],
       [-97.73570272046729, 30.28754803830550, 160.19715334568173],
       [-97.73571652881377, 30.28754884826736, 163.44194043800235],
       [-97.73573042070528, 30.28756988470723, 166.92723608855158],
       [-97.73573613908194, 30.28754648234687, 164.73015796113759],
       [-97.73570044822620, 30.28756103150515, 170.77760387770832],
       [-97.73569274959466, 30.28756523664218, 169.19144544191658],
       [-97.73572139815816, 30.28752872252729, 165.10280465893447],
       [-97.73571693414029, 30.28751615152571, 162.98848597519100],
       [-97.73571109617349, 30.28752684493926, 160.88734514918178],
       [-97.73570084367424, 30.28754473176498, 164.05543597042561],
       [-97.73568239811735, 30.28754976229077, 161.38949499744922],
       [-97.73568306144745, 30.28754038066973, 160.58225648291409],
       [-97.73568918245030, 30.28753510850621, 162.70630335714668],
       [-97.73569406412298, 30.28752792660299, 162.35395529679954],
       [-97.73572034538533, 30.28751985135967, 165.64122170303017],
       [-97.73572703575775, 30.28754264486868, 168.52200254704803],
       [-97.73571355637556, 30.28755752092332, 168.30394283961505],
       [-97.73568983748218, 30.28752724614320, 160.79589793551713],
       [-97.73573138812917, 30.28753587738549, 164.49080216232687],
       [-97.73572287289574, 30.28754812526445, 167.53345889877528],
       [-97.73571762801961, 30.28753428660534, 174.80644753295928],
       [-97.73569646916881, 30.28755174101051, 170.36597403045744],
       [-97.73567059329918, 30.28757943207284, 168.29342896956950],
       [-97.73569115403308, 30.28755289708259, 167.68134943395853],
       [-97.73568152508098, 30.28755303832665, 162.96246066689491],
       [-97.73569257462353, 30.28752555414249, 162.89434349723160],
       [-97.73568776506275, 30.28751718441822, 164.37792782578617],
       [-97.73570702263397, 30.28753284913224, 164.49500607233495],
       [-97.73571377506310, 30.28754857307930, 168.48766262643039],
       [-97.73572514465147, 30.28756613627386, 175.80379506200552],
       [-97.73571106613988, 30.28756162931862, 170.80308859981596],
       [-97.73572627774534, 30.28754772448551, 172.98241982050240],
       [-97.73572867178193, 30.28754448487159, 165.67626493982971],
       [-97.73569855156258, 30.28756094367899, 167.87650825269520],
       [-97.73568243266115, 30.28757689219242, 170.12844762299210],
       [-97.73567511213963, 30.28758174466823, 164.71796875074506],
       [-97.73569953869513, 30.28755561423584, 161.48690092284232],
       [-97.73567047664395, 30.28758198628407, 170.28058507852256],
       [-97.73567424615598, 30.28758070325092, 177.73738696333021],
       [-97.73569891750624, 30.28752220537356, 172.17420457862318],
       [-97.73570407286613, 30.28753196669733, 174.25287933461368],
       [-97.73570980124533, 30.28756792758434, 177.27751978114247],
       [-97.73569835221093, 30.28757247959682, 182.24509683996439],
       [-97.73569024536810, 30.28756210950317, 172.92736152186990],
       [-97.73571434196045, 30.28755132983014, 169.17867563012987],
       [-97.73572344879071, 30.28753268576428, 163.81940506584942],
       [-97.73570574476670, 30.28755176695141, 161.98344158753753],
       [-97.73571050232523, 30.28755265625066, 166.08704400900751],
       [-97.73572598654795, 30.28753751119446, 162.42547533474863],
       [-97.73571730268095, 30.28754319962045, 165.75770563073456],
       [-97.73570069166941, 30.28753265915709, 163.33664624765515],
       [-97.73568148364174, 30.28755633745383, 171.93747411761433],
       [-97.73568539621535, 30.28756113053899, 185.02519422024488],
       [-97.73568241905821, 30.28755967357120, 175.43404084537178],
       [-97.73569255003171, 30.28756715737316, 181.66895771957934],
       [-97.73568569158289, 30.28755695188461, 182.91189194004983],
       [-97.73570527632050, 30.28755934702390, 184.75478734634817],
       [-97.73572209218528, 30.28756321308539, 180.81010186672211],
       [-97.73570092338447, 30.28755631395199, 173.65477521251887],
       [-97.73571288645593, 30.28754038312298, 167.37531456537545],
       [-97.73568633169842, 30.28756859986148, 165.70134489890188],
       [-97.73570496080038, 30.28755538662789, 169.85049961600453],
       [-97.73573393676325, 30.28754539433775, 169.04241813160479],
       [-97.73571980497169, 30.28752974581619, 163.82168375141919],
       [-97.73568477202552, 30.28752078160085, 166.32655739504844],
       [-97.73567713901886, 30.28754276749581, 176.35903390496969],
       [-97.73569371976154, 30.28755461895013, 181.85186847019941],
       [-97.73568878748306, 30.28752793856567, 183.58889402821660],
       [-97.73567096856534, 30.28754224917033, 180.74988622777164],
       [-97.73568908652332, 30.28753671879765, 180.18224532995373],
       [-97.73571666231152, 30.28753930950620, 173.52569060865790],
       [-97.73572959716861, 30.28755002162994, 177.40361516084522],
       [-97.73573352980054, 30.28754301196745, 174.39648647792637],
       [-97.73573888978147, 30.28755174236277, 163.34922001045197],
       [-97.73574616002728, 30.28753953100842, 162.98673111945391],
       [-97.73571770521531, 30.28754018041273, 168.48242703359574],
       [-97.73568296114108, 30.28756054754490, 177.38251349236816],
       [-97.73568601239883, 30.28757422531046, 185.88038029428571],
       [-97.73569435326824, 30.28756981424254, 189.46398462727666],
       [-97.73569298773572, 30.28755877679078, 181.63909891713411],
       [-97.73570241619800, 30.28752278946405, 176.07461285870522],
       [-97.73568068849214, 30.28751945086509, 168.64671768527478],
       [-97.73567314429874, 30.28754333551667, 165.42365092597902],
       [-97.73570643084814, 30.28753863350893, 170.74847822822630],
       [-97.73571370695484, 30.28755500700358, 180.90289795305580],
       [-97.73570888816087, 30.28755063102401, 180.50376350339502],
       [-97.73573416594687, 30.28752660739185, 167.80909578315914],
       [-97.73572844066683, 30.28753721315149, 162.44524337258190],
       [-97.73573436987350, 30.28754101717762, 165.99212689511478],
       [-97.73571827359550, 30.28756242838871, 177.05320217460394],
       [-97.73572268702108, 30.28755200391215, 174.11158204078674],
       [-97.73572445895270, 30.28753769089831, 180.75032807234675],
       [-97.73571016406463, 30.28753886588511, 184.47432514466345],
       [-97.73570254470199, 30.28753369217879, 181.00832756888121],
       [-97.73569888652692, 30.28754807618509, 190.50412534270436],
       [-97.73571937705981, 30.28752441164795, 178.16184328030795],
       [-97.73572429453415, 30.28752120745395, 169.44111613929272],
       [-97.73570409327816, 30.28755574016780, 171.07876825239509],
       [-97.73573897926875, 30.28755127264246, 167.55512786097825],
       [-97.73574149694561, 30.28755453718673, 166.36776865459979],
       [-97.73572231103842, 30.28754922093074, 164.99401353206486],
       [-97.73573137610443, 30.28749270296110, 171.64137039985508],
       [-97.73573948655088, 30.28754579058377, 181.00970562268049],
       [-97.73574187287329, 30.28756657009362, 182.65772460773587],
       [-97.73574147443347, 30.28752690521763, 169.86232011206448],
       [-97.73574308072803, 30.28751089358510, 174.25797843653709],
       [-97.73572623322649, 30.28753830339321, 178.91088324692100],
       [-97.73572004038635, 30.28754493033296, 175.46311321668327],
       [-97.73571083538992, 30.28754336472144, 167.06355601269752],
       [-97.73568697798488, 30.28752990557906, 169.49524437449872],
       [-97.73570676359616, 30.28753637265442, 171.37042280286551],
       [-97.73573480840949, 30.28753105835866, 175.86110544018447],
       [-97.73574462030361, 30.28753121886626, 172.36022973991930],
       [-97.73576915979932, 30.28750130299066, 174.75954230129719],
       [-97.73579104249083, 30.28749975577270, 178.26435344014317],
       [-97.73577723378149, 30.28752668067427, 171.51322601642460],
       [-97.73575592989910, 30.28755048054767, 171.42433197796345],
       [-97.73574278381975, 30.28754596285917, 181.86861494183540],
       [-97.73573125886415, 30.28754873633641, 174.23185732774436],
       [-97.73573963279233, 30.28753564949821, 171.41179291624576],
       [-97.73573900234669, 30.28754842031315, 172.09951241686940],
       [-97.73572113553773, 30.28754363770201, 167.13739909231663],
       [-97.73572890934521, 30.28752926959625, 172.94686635676771],
       [-97.73571039882468, 30.28754344366273, 166.76571730524302],
       [-97.73572727534007, 30.28753210817547, 171.51536693423986],
       [-97.73572334990772, 30.28752355522265, 176.95674096327275],
       [-97.73570718425246, 30.28750678921554, 170.47151423431933],
       [-97.73571660424611, 30.28754394749731, 168.17542089521885],
       [-97.73574107700441, 30.28753978872298, 169.33544616308063],
       [-97.73574823532682, 30.28754970370385, 177.90301978308707],
       [-97.73572187569016, 30.28754888731382, 177.71627188660204],
       [-97.73572026094975, 30.28754353308632, 165.99448263458908],
       [-97.73570980616279, 30.28755840208347, 164.50278955232352],
       [-97.73572535246244, 30.28756365302298, 168.71682493854314],
       [-97.73573917652972, 30.28751826941788, 167.73760225903243],
       [-97.73575087047416, 30.28752687494967, 171.76456411555409],
       [-97.73576806144146, 30.28749979778897, 175.72646509204060],
       [-97.73572893645762, 30.28750117844593, 181.87307561654598],
       [-97.73572596794460, 30.28751599289079, 182.36326856072992],
       [-97.73572326453164, 30.28751597711873, 171.45680318865925],
       [-97.73574569596886, 30.28749942741803, 165.65896458178759],
       [-97.73574502114518, 30.28749633292770, 169.56992020178586],
       [-97.73575503601106, 30.28751117453224, 169.55614939052612],
       [-97.73574428632504, 30.28752893497939, 171.37187195569277],
       [-97.73574863633621, 30.28750490615386, 164.59789641294628],
       [-97.73574422990906, 30.28750342287271, 164.76303770393133],
       [-97.73573117962880, 30.28751579607663, 168.75303229968995],
       [-97.73575924208249, 30.28753409246141, 173.96247367653996],
       [-97.73575207381494, 30.28751196248123, 170.29818706866354],
       [-97.73572556405163, 30.28750355098179, 174.65211900603026],
       [-97.73568267851331, 30.28752113337887, 173.22985901776701],
       [-97.73569432241560, 30.28752342343816, 181.58279412798584],
       [-97.73570862154155, 30.28750832938115, 175.75403996650130],
       [-97.73573287563607, 30.28750335011017, 175.95427951682359],
       [-97.73572475941705, 30.28750086367672, 166.17394688632339],
       [-97.73572979962599, 30.28750917956123, 164.54065460991114],
       [-97.73575962376306, 30.28750116193133, 156.89186560455710],
       [-97.73578581404203, 30.28750095367624, 162.80032330658287],
       [-97.73576934014436, 30.28750230247176, 164.01816377881914],
       [-97.73573863490407, 30.28748648870488, 168.68546724971384],
       [-97.73574268769974, 30.28749173714506, 166.22735282778740],
       [-97.73574666118870, 30.28748602128712, 166.32118520420045],
       [-97.73575087836846, 30.28750181796292, 168.63435124512762],
       [-97.73569363556014, 30.28751679006545, 170.86855884175748],
       [-97.73570672549087, 30.28750753171063, 166.08954650349915],
       [-97.73571783818488, 30.28749946295631, 171.53544490411878],
       [-97.73574250323556, 30.28749315004119, 169.88267988432199],
       [-97.73573847218404, 30.28750133150767, 175.89537179749459],
       [-97.73573671717479, 30.28748995432916, 171.53085231222212],
       [-97.73575550010722, 30.28747612634713, 161.51319060008973],
       [-97.73576536884585, 30.28749949879690, 165.26541707292199],
       [-97.73574810312159, 30.28753327456211, 178.15683359932154],
       [-97.73572514050706, 30.28753815266372, 174.54893465526402],
       [-97.73573940073520, 30.28750546169559, 169.63679707236588],
       [-97.73572987224237, 30.28750564835099, 165.43351852707565],
       [-97.73573448789398, 30.28748075812242, 162.32013679575175],
       [-97.73572870803012, 30.28748490126093, 172.82953876536340],
       [-97.73572078901445, 30.28749104332313, 175.04458111245185],
       [-97.73574013241654, 30.28747954465848, 174.88825334049761],
       [-97.73575965574351, 30.28748092252427, 171.29729067534208],
       [-97.73571442033479, 30.28751696326541, 173.96822631917894],
       [-97.73571304260994, 30.28751969914835, 169.05358306691051],
       [-97.73571736459841, 30.28750817470183, 164.27361460030079],
       [-97.73571990136870, 30.28751288443313, 166.68843601271510],
       [-97.73573942093046, 30.28748043235089, 168.19664060696959],
       [-97.73572941554181, 30.28749253861773, 171.64250600803643],
       [-97.73571641744951, 30.28753600025753, 168.70858642831445],
       [-97.73574255154807, 30.28751320744166, 169.77439339924604],
       [-97.73573912862832, 30.28752039377693, 181.18998365290463],
       [-97.73574423552418, 30.28752644174336, 182.62464505992830],
       [-97.73574581396258, 30.28751162995563, 175.80496770981699],
       [-97.73572786365040, 30.28751056033795, 161.88439792394638],
       [-97.73570405938553, 30.28749732866751, 161.33106888271868],
       [-97.73571989672087, 30.28749796373183, 165.54020927008241],
       [-97.73570533404539, 30.28750241400774, 167.87240269128233],
       [-97.73570881149730, 30.28749129587361, 170.46364116668701],
       [-97.73570643945685, 30.28749991791096, 172.48819410894066],
       [-97.73569757296256, 30.28749759681087, 171.99583552684635],
       [-97.73571177070670, 30.28751906008593, 181.42895693611354],
       [-97.73574425291048, 30.28749595426845, 177.35480533447117],
       [-97.73576436693615, 30.28749938502078, 171.34389304928482],
       [-97.73575041166832, 30.28748479265241, 166.16005678940564],
       [-97.73572110749627, 30.28751504401528, 177.73576540779322],
       [-97.73573351301462, 30.28751595425723, 173.61458652652800],
       [-97.73574503114618, 30.28750798482334, 165.19397486839443],
       [-97.73572937112894, 30.28751756726341, 163.60180943179876],
       [-97.73570029348267, 30.28752105981874, 167.19551995769143],
       [-97.73569593649927, 30.28751173050667, 174.54211931210011],
       [-97.73570277210196, 30.28753423915840, 174.04697467293590],
       [-97.73571092395564, 30.28750630956909, 176.06969219073653],
       [-97.73570022569390, 30.28750442762367, 175.05604246165603],
       [-97.73570663578901, 30.28751042177854, 173.59224097989500],
       [-97.73572464779163, 30.28750732772257, 174.68742997571826],
       [-97.73572565344010, 30.28750023593317, 169.23579854238778],
       [-97.73572421777466, 30.28752182315591, 174.67601835727692],
       [-97.73573624051656, 30.28751427963703, 166.18132416531444],
       [-97.73575967491858, 30.28750565734040, 159.18703917134553],
       [-97.73576278608985, 30.28748537278265, 161.14240869227797],
       [-97.73572715982927, 30.28750461050202, 161.62352430261672],
       [-97.73571003802451, 30.28751323714255, 162.56111657526344],
       [-97.73573847369742, 30.28749438104062, 161.99023008067161],
       [-97.73575152495039, 30.28748073044509, 161.70426721591502],
       [-97.73572808688927, 30.28749258534934, 171.20656670816243],
       [-97.73569055870377, 30.28750489936816, 177.61655002553016],
       [-97.73569357997604, 30.28752332682356, 173.62362253293395],
       [-97.73570739996400, 30.28750037333682, 167.20603540726006],
       [-97.73571175737480, 30.28749363088287, 170.37369722034782],
       [-97.73570326136557, 30.28751455441069, 176.44179172627628],
       [-97.73572948040611, 30.28752390776639, 169.18818902224302],
       [-97.73573537206217, 30.28752210655721, 167.30223687272519],
       [-97.73573034238341, 30.28754545429040, 167.40377897955477],
       [-97.73575197165896, 30.28748361945533, 156.63623489625752],
       [-97.73575978049573, 30.28747805798821, 156.68934852071106],
       [-97.73573581965753, 30.28749193989009, 155.98940214607865],
       [-97.73572726051802, 30.28747440482325, 157.32909512426704],
       [-97.73570313448151, 30.28747896251475, 163.06822233647108],
       [-97.73566975394333, 30.28749912879609, 171.39130949787796],
       [-97.73569252642474, 30.28749747551387, 167.19581356085837],
       [-97.73568203220475, 30.28751611266565, 163.04913985636085],
       [-97.73569898249511, 30.28750064407760, 170.17209061328322],
       [-97.73569295031500, 30.28752499748895, 170.50929443538189],
       [-97.73570315908444, 30.28752999012950, 170.47807235177606],
       [-97.73573990747853, 30.28749145650951, 165.61421690322459],
       [-97.73572865771516, 30.28749028223151, 166.17043764237314],
       [-97.73571363448355, 30.28749636846915, 162.25181724503636],
       [-97.73571209437941, 30.28751972454842, 165.72191477101296],
       [-97.73569160197951, 30.28754320293140, 167.34785046055913],
       [-97.73570297855858, 30.28752919513098, 166.42335013300180],
       [-97.73570469214485, 30.28752013750496, 168.87437073793262],
       [-97.73569724483730, 30.28752427958718, 171.90948487818241],
       [-97.73568846127738, 30.28752824214034, 176.04052512813359],
       [-97.73568569711789, 30.28752547768481, 175.61803819518536],
       [-97.73568778080424, 30.28752060352812, 169.29601725377142],
       [-97.73567396381988, 30.28752548933952, 170.36809741985053],
       [-97.73568483994528, 30.28751920013086, 167.41446362249553],
       [-97.73568110256691, 30.28753388265766, 166.26160849723965],
       [-97.73570183299609, 30.28752456554619, 169.63595618028194],
       [-97.73570024882063, 30.28753960738953, 167.71141532808542],
       [-97.73570386408355, 30.28753671767061, 168.36308611184359],
       [-97.73570555794366, 30.28756333134070, 176.25808150228113],
       [-97.73571488235801, 30.28756042410626, 177.65719297155738],
       [-97.73571118519509, 30.28754005432748, 173.13336553052068],
       [-97.73571542483609, 30.28751734517651, 176.56986356619745],
       [-97.73573870211152, 30.28751232475780, 173.29659180715680],
       [-97.73575061075765, 30.28751260625289, 172.57000591326505],
       [-97.73573062908265, 30.28753006135189, 170.08333855029196],
       [-97.73567639802074, 30.28754395332226, 172.83958266582340],
       [-97.73568002301886, 30.28753474221116, 171.19085251353681],
       [-97.73567753136506, 30.28754067428127, 171.01025969535112],
       [-97.73566630588721, 30.28754016226535, 171.78311653714627],
       [-97.73566555430934, 30.28752457978146, 174.73885470163077],
       [-97.73567754317718, 30.28753451271153, 177.03857268858701],
       [-97.73571537967574, 30.28752694009368, 173.78866134956479],
       [-97.73571772019274, 30.28753864633298, 178.16840809490532],
       [-97.73571363466239, 30.28754272114007, 177.14214409794658],
       [-97.73572071136074, 30.28754584017785, 177.28519892506301],
       [-97.73572793570878, 30.28753268778300, 169.33329499419779],
       [-97.73570824454438, 30.28754571147180, 170.47867145296186],
       [-97.73569703766526, 30.28756428849971, 173.61170236021280],
       [-97.73569075583175, 30.28755272638747, 173.13683337438852],
       [-97.73572573469977, 30.28754331927764, 170.31617338117212],
       [-97.73573171448345, 30.28754876200977, 170.46769012603909],
       [-97.73570323359101, 30.28753884092785, 174.23205839376897],
       [-97.73570995229616, 30.28752180162432, 181.11403018143028],
       [-97.73571849519737, 30.28753134368102, 178.74937606044114],
       [-97.73573755770002, 30.28752066208488, 176.07378626987338],
       [-97.73573591160009, 30.28753964495896, 176.03400590736419],
       [-97.73571118676702, 30.28755420628435, 181.40481130592525],
       [-97.73572207244655, 30.28756584458850, 180.70005907118320],
       [-97.73574543526982, 30.28755467589219, 168.78225859533995],
       [-97.73573866049152, 30.28753456190558, 162.19453221838921],
       [-97.73571563426701, 30.28754004744451, 164.93791472353041],
       [-97.73572109261865, 30.28754992777743, 170.63959489390254],
       [-97.73572590687668, 30.28753639200857, 168.24749517627060],
       [-97.73573518134415, 30.28752221858895, 169.89676452241838],
       [-97.73572037627861, 30.28750340926614, 171.95689049270004],
       [-97.73572438367373, 30.28750805686642, 174.84324923623353],
       [-97.73574459976102, 30.28753865873855, 183.02150016929954],
       [-97.73574180098367, 30.28752621821392, 175.21823957189918],
       [-97.73570400321555, 30.28751077095728, 172.72212386596948],
       [-97.73567643251398, 30.28751759297660, 174.11954570841044],
       [-97.73568936056083, 30.28753116185788, 167.91941778175533],
       [-97.73572564278929, 30.28753452445659, 166.69130166061223],
       [-97.73574236574407, 30.28755085159202, 165.23907690681517],
       [-97.73573331681189, 30.28756047600555, 168.62708901055157],
       [-97.73576646848174, 30.28752843056305, 165.14166323654354],
       [-97.73579580609042, 30.28752487916115, 158.99197458662093],
       [-97.73576609209771, 30.28754124766532, 169.60567595157772],
       [-97.73573441187226, 30.28755588717375, 173.42933570966125],
       [-97.73573615133981, 30.28754312250636, 172.48667643032968],
       [-97.73573007726766, 30.28753129297726, 176.05744763091207],
       [-97.73573366755880, 30.28752469067107, 179.90297695528716],
       [-97.73570695024686, 30.28752772515589, 172.20089743845165],
       [-97.73570960178053, 30.28752790997038, 170.11254549026489],
       [-97.73570980204767, 30.28752171264798, 166.48155363649130],
       [-97.73573169143252, 30.28752956345956, 163.35165489744395],
       [-97.73575013861506, 30.28752898189929, 166.78961511887610],
       [-97.73575374606207, 30.28752924340679, 165.71141161769629],
       [-97.73574178954793, 30.28753646282400, 163.56064278446138],
       [-97.73575319456097, 30.28752842432009, 159.87036036513746],
       [-97.73573340701522, 30.28752958802202, 167.29454842302948],
       [-97.73573131906011, 30.28752623670481, 171.77239995077252],
       [-97.73573702784964, 30.28752249332227, 175.39258005470037],
       [-97.73573766478911, 30.28752345419579, 171.37307886220515],
       [-97.73570975008060, 30.28753680101790, 170.80987812485546],
       [-97.73570059790936, 30.28753237927908, 170.68456279207021],
       [-97.73571332174251, 30.28752068486601, 166.55627997685224],
       [-97.73574229310506, 30.28754092927750, 172.15224473271519],
       [-97.73575692710402, 30.28752549016886, 165.42410601209849],
       [-97.73574805785746, 30.28752201265564, 161.37874838430434],
       [-97.73573523680743, 30.28752787887763, 168.32824456226081],
       [-97.73571970552929, 30.28753582827725, 171.60044562444091],
       [-97.73573904766172, 30.28754263142750, 173.24869291763753],
       [-97.73576024333842, 30.28753544793899, 168.91853283438832],
       [-97.73577067866030, 30.28750331296461, 161.33532488904893],
       [-97.73575917899620, 30.28751038520645, 169.44957759231329],
       [-97.73575646007120, 30.28752935063401, 171.24624076206237],
       [-97.73575501955459, 30.28753763254605, 167.67869527824223],
       [-97.73575084969708, 30.28752383245074, 165.51761545799673],
       [-97.73573780768527, 30.28751959831588, 172.58555222488940],
       [-97.73574164042573, 30.28753032706666, 171.37138648424298],
       [-97.73573417751257, 30.28753692802712, 167.91514564678073],
       [-97.73573754271727, 30.28753007206033, 167.87007555365562],
       [-97.73574816522589, 30.28751925686900, 169.57583549339324],
       [-97.73578149276274, 30.28751903944022, 168.67189859040082],
       [-97.73578358436008, 30.28751338849747, 163.12101743742824],
       [-97.73574682148310, 30.28752640854188, 167.59490090794861],
       [-97.73576568426752, 30.28752124020038, 159.92037711106241],
       [-97.73575476022400, 30.28752733295945, 156.23819098435342],
       [-97.73573271688950, 30.28755629051535, 161.52806841488928],
       [-97.73570585053761, 30.28756084860647, 168.35138497594744],
       [-97.73576873409327, 30.28750121286900, 168.61774486675858],
       [-97.73574040666414, 30.28752083947538, 170.51190733723342],
       [-97.73574955367154, 30.28752538803149, 162.31535463314503],
       [-97.73573478674494, 30.28754401615327, 159.18462005350739],
       [-97.73573970195712, 30.28755153716471, 164.20318273454905],
       [-97.73572251802894, 30.28756759302931, 166.80569124035537],
       [-97.73573995033276, 30.28755501195167, 162.91534034907818],
       [-97.73576132057475, 30.28753398298562, 158.75347865466028],
       [-97.73575986869548, 30.28752403445951, 162.27160866651684],
       [-97.73574969512512, 30.28753154462330, 168.92364358063787],
       [-97.73574416532900, 30.28752341401713, 165.86950351111591],
       [-97.73573165927277, 30.28753591009585, 168.50033465772867],
       [-97.73573471749188, 30.28753160752105, 169.26532203704119],
       [-97.73573420743963, 30.28754703513022, 160.38287203665823],
       [-97.73575747285147, 30.28754438901417, 160.86993750091642],
       [-97.73574943866643, 30.28757516958683, 161.95033724047244],
       [-97.73576835801543, 30.28754517450655, 155.58576468285173],
       [-97.73577094319997, 30.28753506116542, 159.44712553266436],
       [-97.73575498279233, 30.28753489876910, 164.28697525989264],
       [-97.73575681888629, 30.28753224222392, 169.11889353673905],
       [-97.73575372754539, 30.28754810575633, 169.49955624807626],
       [-97.73574049294255, 30.28754880668964, 161.61295618209988],
       [-97.73569690861518, 30.28755928869098, 165.29033013340086],
       [-97.73570674631249, 30.28755817346633, 163.42163027636707],
       [-97.73572669030963, 30.28754004294431, 165.89539648685604],
       [-97.73570271719478, 30.28752975633973, 163.78932572994381],
       [-97.73571517771819, 30.28754208879223, 160.61130298208445],
       [-97.73574223398603, 30.28754980865726, 166.74885888956487],
       [-97.73575210785711, 30.28754342334014, 166.10076430439949],
       [-97.73573574103597, 30.28754650359138, 175.85075511317700],
       [-97.73571909889402, 30.28755361024512, 176.07129647675902],
       [-97.73573865328358, 30.28755940201283, 169.27045307867229],
       [-97.73575988240198, 30.28755785687607, 167.48651711083949],
       [-97.73574300401613, 30.28756274245519, 168.50953049585223],
       [-97.73570633350431, 30.28756101288429, 168.16506582871079],
       [-97.73572122212721, 30.28754565392753, 161.78326935879886],
       [-97.73571947301065, 30.28754291342975, 160.51295240968466],
       [-97.73575453871211, 30.28754057540783, 164.87352900672704],
       [-97.73572103563970, 30.28754587973215, 173.38794359378517],
       [-97.73571630667469, 30.28755367465072, 175.34962540306151],
       [-97.73574148315394, 30.28753943586034, 166.65724935196340],
       [-97.73573181024280, 30.28755128988984, 170.49106073845178],
       [-97.73571799803437, 30.28756665651557, 170.20039375778288],
       [-97.73572046727655, 30.28754984660771, 167.31266889907420],
       [-97.73572546590054, 30.28753457369722, 165.06472912989557],
       [-97.73575092017661, 30.28753555870922, 162.46144966129214],
       [-97.73574824572061, 30.28755645364716, 165.04724569059908],
       [-97.73573933606916, 30.28757415041888, 159.82499904744327],
       [-97.73574610878845, 30.28756540628178, 162.64572164323181],
       [-97.73575093699087, 30.28754558034774, 161.66581230703741],
       [-97.73572567594914, 30.28755307905725, 163.93077058065683],
       [-97.73571416432031, 30.28754867831688, 169.77812525816262],
       [-97.73567696924151, 30.28757288782165, 176.63158571161330],
       [-97.73569407498793, 30.28757418630066, 174.11829652916640],
       [-97.73569747056267, 30.28756836036781, 179.83846729062498],
       [-97.73569063711507, 30.28758241524791, 182.53793563414365],
       [-97.73571748434831, 30.28754985370809, 174.12517343554646],
       [-97.73573801278238, 30.28754059389087, 165.87146792840213],
       [-97.73574479861333, 30.28752957641247, 160.11470835842192],
       [-97.73574206539882, 30.28755030707392, 161.82057960890234],
       [-97.73575295408278, 30.28753909395490, 165.37471735570580],
       [-97.73573199890765, 30.28757332370272, 171.53227076213807],
       [-97.73573482092392, 30.28755982545315, 168.32127952016890],
       [-97.73572926923694, 30.28754745543155, 165.08216640353203],
       [-97.73571980609432, 30.28757413154460, 169.57705983612686],
       [-97.73573348545474, 30.28755542413520, 173.47692770883441],
       [-97.73573294148488, 30.28755135817926, 173.18581426423043],
       [-97.73569866623021, 30.28756936666662, 170.62727145105600],
       [-97.73570572010502, 30.28754516063259, 173.66736636217684],
       [-97.73571323182529, 30.28755636709689, 173.96064058784395],
       [-97.73572524780759, 30.28756823622852, 172.31055841874331],
       [-97.73571565563567, 30.28757132870065, 171.74842799082398],
       [-97.73570881137108, 30.28757403624909, 168.23497844301164],
       [-97.73572414107733, 30.28757276999045, 166.91039006970823],
       [-97.73574768782073, 30.28755458521005, 170.66679353360087],
       [-97.73575214497721, 30.28757032730266, 165.72609168943018],
       [-97.73573471040844, 30.28755671846541, 167.41292827948928],
       [-97.73570129266786, 30.28755528068647, 174.49747936334461],
       [-97.73572372569906, 30.28756482637917, 179.61105038411915],
       [-97.73574682249232, 30.28755015731202, 176.89522555097938],
       [-97.73574778310275, 30.28755148555009, 173.56105556711555],
       [-97.73575694001960, 30.28752339610127, 172.37568081263453],
       [-97.73571417645017, 30.28753274898848, 171.12805178388953],
       [-97.73571667336667, 30.28755592180575, 165.22373608127236],
       [-97.73571677936654, 30.28757201273107, 177.29872937034816],
       [-97.73568792609129, 30.28757797336529, 179.05743342265487],
       [-97.73568708028641, 30.28758666384778, 179.50656350329518],
       [-97.73571886645897, 30.28756130654036, 166.04077899828553],
       [-97.73571988339611, 30.28755872287995, 167.89029870089144],
       [-97.73573250112119, 30.28755534242350, 176.87968550156802],
       [-97.73575486632905, 30.28754068709359, 176.30219954531640],
       [-97.73574713515369, 30.28756082258937, 175.88737918250263],
       [-97.73573369502489, 30.28758178049349, 179.19720379821956],
       [-97.73574113406480, 30.28759353091921, 182.73864515684545],
       [-97.73571075199943, 30.28758445993012, 179.67094972170889],
       [-97.73570838725905, 30.28757885774893, 172.21961240656674],
       [-97.73571851031731, 30.28756694879626, 162.04688850417733],
       [-97.73572151502853, 30.28756812874759, 169.10641775187105],
       [-97.73570993669099, 30.28755683951596, 176.51297997962683],
       [-97.73572393282261, 30.28754419209762, 173.59307281486690],
       [-97.73572542330290, 30.28754109718009, 178.47708021942526],
       [-97.73573426911967, 30.28753923938675, 176.84932859148830],
       [-97.73572377459284, 30.28754599214579, 176.44250687211752],
       [-97.73570919919145, 30.28755782526266, 177.18203764781356],
       [-97.73572745810881, 30.28755605501302, 171.07837367895991],
       [-97.73573258176887, 30.28755560625186, 172.64958992041647],
       [-97.73572495186207, 30.28755538558430, 171.60220637638122],
       [-97.73571765343256, 30.28758506702714, 171.58233128860593],
       [-97.73574131102234, 30.28759027775011, 171.69669774733484],
       [-97.73575080275111, 30.28757979313163, 167.02386343386024],
       [-97.73573875481220, 30.28755896286253, 165.50034512300044],
       [-97.73573908184622, 30.28754442940048, 171.17111063282937],
       [-97.73573561369732, 30.28758326671586, 188.62917888071388],
       [-97.73572229613157, 30.28756533505082, 183.72458764445037],
       [-97.73570730228030, 30.28757553992508, 179.05121582932770],
       [-97.73569820457841, 30.28757618631592, 177.95082999486476],
       [-97.73570368415980, 30.28758662041980, 179.37521041277796],
       [-97.73575098948621, 30.28755728516216, 176.39045721665025],
       [-97.73573819549497, 30.28757321097138, 172.96100684721023],
       [-97.73574403111839, 30.28754435836393, 167.12128841690719],
       [-97.73575227119294, 30.28754018609091, 162.13324390351772],
       [-97.73574839368690, 30.28756787233700, 166.40005273558199],
       [-97.73575984385053, 30.28754413143879, 166.23922247812152],
       [-97.73572621967317, 30.28756249234417, 169.03736197482795],
       [-97.73571218785094, 30.28756785796436, 172.97396303620189],
       [-97.73572183801042, 30.28756115345599, 173.85520273819566],
       [-97.73573366183484, 30.28755813359200, 176.70939846243709],
       [-97.73571198822263, 30.28757018376015, 176.58765726070851],
       [-97.73570357795747, 30.28754624906818, 176.32823855523020],
       [-97.73569387670281, 30.28753133969808, 171.06700414046645],
       [-97.73572205225607, 30.28755910489170, 175.22579198237509],
       [-97.73571320361143, 30.28754319546634, 170.35693726595491],
       [-97.73572548380261, 30.28753857853330, 160.96083745453507],
       [-97.73573255925460, 30.28754249388513, 163.04238948412240],
       [-97.73572809950991, 30.28754886388872, 170.35592322610319],
       [-97.73571203241227, 30.28755305136583, 171.75743755232543],
       [-97.73571155760565, 30.28755086822835, 171.13499358762056],
       [-97.73572438636727, 30.28752369754474, 165.99390708003193],
       [-97.73572858066245, 30.28754273129033, 167.21312730386853],
       [-97.73574971058648, 30.28753024405388, 164.74131022114307],
       [-97.73575325370724, 30.28752036258831, 159.00376401934773],
       [-97.73574461398420, 30.28751990508779, 158.12725073657930],
       [-97.73573691629684, 30.28752627835549, 163.38746930193156],
       [-97.73571713486888, 30.28752458556033, 166.57247438095510],
       [-97.73569101148820, 30.28753258740318, 169.68773942906410],
       [-97.73571812044803, 30.28751386591215, 166.04566100519150],
       [-97.73573376376993, 30.28751180539451, 160.58478234894574],
       [-97.73572729428525, 30.28751830048418, 163.40186851099133],
       [-97.73571991352442, 30.28752962673958, 165.64100697729737],
       [-97.73572827157328, 30.28754081612769, 164.20460792072117],
       [-97.73574617200158, 30.28753424502545, 159.88912982959300],
       [-97.73573087475985, 30.28751823159211, 158.52875820361078],
       [-97.73572359856377, 30.28755401916731, 161.84501827042550],
       [-97.73573756706287, 30.28754017956806, 161.44122233614326],
       [-97.73571951558759, 30.28753798644103, 158.75787458755076],
       [-97.73570060985899, 30.28754620762625, 156.39433394465595],
       [-97.73571701118573, 30.28752305340612, 162.03701142873615],
       [-97.73572511574024, 30.28754258686699, 162.69800141081214],
       [-97.73573475747344, 30.28754427339875, 168.96539895515889],
       [-97.73573381852960, 30.28751280102981, 166.71709413733333],
       [-97.73571334397585, 30.28753157247831, 172.10314511135221],
       [-97.73572373996798, 30.28752746604042, 168.95766481198370],
       [-97.73573484130959, 30.28751768743736, 160.98605350404978],
       [-97.73575214496655, 30.28753501276889, 156.85567808058113],
       [-97.73574797247811, 30.28752304814506, 153.73124775290489],
       [-97.73572078012344, 30.28751273228824, 151.33911514095962],
       [-97.73572697360999, 30.28752157982708, 153.47110162116587],
       [-97.73572612369422, 30.28753338503210, 157.30976494681090],
       [-97.73569792262363, 30.28756301596286, 162.61809266265482],
       [-97.73568789161233, 30.28756096340208, 166.72482707444578],
       [-97.73570697226187, 30.28754619182077, 164.67519433423877],
       [-97.73572094505421, 30.28754490784515, 172.01408074982464],
       [-97.73572063567235, 30.28752822740207, 173.66553561855108],
       [-97.73571890592932, 30.28751178370904, 168.20885397866368],
       [-97.73570273970107, 30.28751977117737, 163.27164250146598],
       [-97.73572814019634, 30.28751025673613, 160.34008053131402],
       [-97.73572039919634, 30.28753603692987, 157.99635406676680],
       [-97.73571514848200, 30.28753436567914, 153.86821827106178],
       [-97.73571853062847, 30.28752588197753, 153.70195625349879],
       [-97.73570743162671, 30.28753891255767, 159.32499526906759],
       [-97.73571462345095, 30.28754112090861, 158.69893100485206],
       [-97.73573321735529, 30.28752700549521, 166.31374343112111],
       [-97.73572624229072, 30.28752058963130, 166.53117719106376],
       [-97.73572675746854, 30.28750820035072, 164.00258399732411],
       [-97.73572978812597, 30.28752070743365, 160.76211994700134],
       [-97.73571242229626, 30.28755087417170, 163.05519610922784],
       [-97.73569640974455, 30.28755515515024, 170.30515618156642],
       [-97.73567707969858, 30.28755965921142, 172.14014509040862],
       [-97.73568993815066, 30.28756151338435, 162.68116934504360],
       [-97.73569129732269, 30.28754559733068, 164.67531624250114],
       [-97.73567785055761, 30.28754358367825, 165.37058541271836],
       [-97.73568480768283, 30.28755334823089, 164.86464261636138],
       [-97.73569111073513, 30.28756149661789, 167.26965374406427],
       [-97.73571350352061, 30.28754912611854, 163.02257631439716],
       [-97.73573602612750, 30.28751401169359, 167.53030766732991],
       [-97.73574008708358, 30.28750730753163, 172.08163279388100],
       [-97.73572821847267, 30.28752315082663, 167.16719125211239],
       [-97.73572341349561, 30.28753206209398, 159.91323246713728],
       [-97.73570265877875, 30.28754898331933, 164.42684732563794],
       [-97.73568407842976, 30.28757047128081, 173.11927740741521],
       [-97.73570771970901, 30.28754004145968, 171.15753617137671],
       [-97.73568964123619, 30.28754088459609, 164.68855298124254],
       [-97.73569221849344, 30.28753683526933, 166.76944610290229],
       [-97.73568302333246, 30.28754133443345, 166.96725958772004],
       [-97.73568245661872, 30.28752785590071, 165.03685995470732],
       [-97.73573219865079, 30.28753334679252, 171.35169617272913],
       [-97.73571883128572, 30.28752881638985, 168.34082786645740],
       [-97.73568871840567, 30.28753268037813, 165.61311725247651],
       [-97.73569271559180, 30.28754975761461, 165.06154824793339],
       [-97.73571747040936, 30.28756844596855, 164.09180492348969],
       [-97.73574055163974, 30.28753873381822, 158.28150014951825],
       [-97.73572956627694, 30.28753342346982, 161.09185972344130],
       [-97.73571089146608, 30.28752856450575, 157.39460599236190],
       [-97.73571813405769, 30.28752087503320, 155.37551255524158],
       [-97.73572464041264, 30.28754390978222, 162.21724468376487],
       [-97.73571250241322, 30.28754657103685, 159.86951714195311],
       [-97.73569428551239, 30.28753606477435, 161.41585158836097],
       [-97.73570533591317, 30.28753253779931, 159.64442612323910],
       [-97.73570855330591, 30.28755263620507, 167.18712484929711],
       [-97.73571271546491, 30.28755669881931, 170.93541887775064],
       [-97.73570572595628, 30.28754140310895, 171.03541166894138],
       [-97.73570023247925, 30.28752981378718, 170.48377312719822],
       [-97.73571471820227, 30.28752094252699, 164.18069134838879],
       [-97.73572122584450, 30.28753540098720, 162.20928493700922],
       [-97.73572884665771, 30.28753739484319, 165.60008827131242],
       [-97.73571854411280, 30.28754613553154, 168.21434657182544],
       [-97.73571524346863, 30.28755389536229, 162.30966128967702],
       [-97.73572605826904, 30.28756105245114, 162.39518443495035],
       [-97.73571022960354, 30.28756433604836, 167.69517467636615],
       [-97.73571557408457, 30.28755021910562, 172.25851204525679],
       [-97.73573038969748, 30.28753000935052, 165.02719224896282],
       [-97.73573461460032, 30.28752685242586, 162.17382093239576],
       [-97.73573165206382, 30.28750968819381, 159.67698120418936],
       [-97.73571806439088, 30.28752293119959, 172.83126192260534],
       [-97.73570710416234, 30.28754951738190, 172.21439067739993],
       [-97.73571949306863, 30.28753259400037, 161.47955890931189],
       [-97.73569907744664, 30.28752209074822, 160.36518175341189],
       [-97.73569130481827, 30.28754182228948, 167.98120600264519],
       [-97.73571245569696, 30.28755402636506, 170.37386974226683],
       [-97.73572331666556, 30.28754566805506, 161.80002093687654],
       [-97.73571965832294, 30.28755224252428, 161.35219451412559],
       [-97.73571495661079, 30.28754741742715, 168.45983609650284],
       [-97.73570567096306, 30.28756049562064, 171.27227483782917],
       [-97.73572438154935, 30.28755909286817, 173.18755490053445],
       [-97.73572386702023, 30.28756979415301, 173.19840816035867],
       [-97.73571069892219, 30.28756696847580, 172.00193365104496],
       [-97.73569388658788, 30.28755850110236, 168.83818786777556],
       [-97.73569428530068, 30.28758111084111, 169.49982323218137],
       [-97.73569407991305, 30.28759033243820, 168.59557795524597],
       [-97.73567962313864, 30.28756149910019, 165.64440067391843],
       [-97.73566687311310, 30.28755783741366, 163.57220217213035],
       [-97.73568802232340, 30.28755891988032, 169.82505766581744],
       [-97.73569791645841, 30.28757104560968, 171.58197360206395],
       [-97.73572186971684, 30.28756071854901, 174.79786315839738],
       [-97.73570811177291, 30.28756336452895, 171.78859883639961],
       [-97.73573155068048, 30.28753131675212, 169.01942589692771],
       [-97.73574432818894, 30.28756245495330, 172.27613931242377],
       [-97.73573012866599, 30.28756852694293, 174.61371842492372],
       [-97.73571733686246, 30.28754952617304, 167.50388585776091],
       [-97.73568225736028, 30.28756911335012, 163.41162884701043],
       [-97.73570328343445, 30.28756411828017, 162.64849156513810],
       [-97.73571912831054, 30.28755632566441, 167.49491852056235],
       [-97.73571503599261, 30.28757401861746, 173.88836840819567],
       [-97.73569847987363, 30.28757385036169, 173.47491865698248],
       [-97.73567997819976, 30.28756139479304, 167.23916902486235],
       [-97.73570262368101, 30.28756262724126, 166.53387790638953],
       [-97.73571576043911, 30.28754774390214, 173.16779610514641],
       [-97.73571063085129, 30.28754670295969, 173.51122063025832],
       [-97.73571129889730, 30.28755284750207, 167.42716249544173],
       [-97.73574786819032, 30.28753014246239, 158.14770394936204],
       [-97.73575737437355, 30.28755448574748, 162.68400034774095],
       [-97.73574693448124, 30.28754225473642, 161.26098298188299],
       [-97.73570943183856, 30.28755413406008, 165.21264651324600],
       [-97.73571982618317, 30.28755075469569, 160.13411848992109],
       [-97.73575294372925, 30.28753320001426, 160.87013459205627],
       [-97.73573223501921, 30.28755016919270, 167.37380272895098],
       [-97.73573830088291, 30.28755139643268, 172.49634592141956],
       [-97.73574788778200, 30.28752310972650, 166.76828077435493],
       [-97.73573842453757, 30.28751064468427, 160.55398682318628],
       [-97.73571915232104, 30.28753295998396, 164.99771242029965],
       [-97.73571870501068, 30.28751577530928, 167.68616581335664],
       [-97.73571264990146, 30.28754882630735, 172.21081097982824],
       [-97.73572697215512, 30.28754619730877, 167.45784036349505],
       [-97.73571102259653, 30.28754518078490, 163.53009906224906],
       [-97.73570349022145, 30.28754813075925, 164.46243557427078],
       [-97.73571432305383, 30.28756040552399, 171.15087670646608],
       [-97.73573116089780, 30.28757783261059, 168.73388985265046],
       [-97.73572546653695, 30.28756001182198, 168.72420589346439],
       [-97.73572361332863, 30.28753510958497, 167.62643799372017],
       [-97.73574077404719, 30.28753887157732, 168.89502292871475],
       [-97.73573713717185, 30.28756169305917, 173.36922984849662],
       [-97.73574032510250, 30.28758673692558, 173.73398730996996],
       [-97.73571669543752, 30.28757117887969, 172.63285666611046],
       [-97.73570524583920, 30.28755360838385, 170.11443862225860],
       [-97.73571164184564, 30.28754902774079, 169.02373452950269],
       [-97.73572594501525, 30.28756674708039, 172.16249347757548],
       [-97.73571867403089, 30.28755249051793, 171.00500683672726],
       [-97.73570154099853, 30.28754971250911, 170.23645733948797],
       [-97.73571992311548, 30.28753366226900, 170.02180634532124],
       [-97.73572789196339, 30.28753970967744, 171.45502307079732],
       [-97.73570926443647, 30.28756123893269, 170.55161920096725],
       [-97.73569591915681, 30.28755502395114, 170.55231163650751],
       [-97.73568710620816, 30.28756794944193, 174.29310012795031],
       [-97.73571688794432, 30.28755413969100, 164.95285448059440],
       [-97.73572930495880, 30.28755657634015, 167.87082080449909],
       [-97.73572795060115, 30.28756174858220, 169.20584086701274],
       [-97.73570077283762, 30.28757603052294, 167.16759531106800],
       [-97.73569355483210, 30.28755859170506, 173.16753304377198],
       [-97.73570585685428, 30.28756235873117, 171.72922111116350],
       [-97.73569898284707, 30.28755839145134, 168.62818222213537],
       [-97.73571505529554, 30.28756053413938, 170.59214127250016],
       [-97.73568830329970, 30.28758259598897, 172.74680406507105],
       [-97.73569783065457, 30.28754893764793, 172.32959198206663],
       [-97.73569332025237, 30.28756268680748, 175.52603907417506],
       [-97.73567590005428, 30.28758956157243, 180.40221690107137],
       [-97.73566387054863, 30.28758705100248, 179.33369660656899],
       [-97.73569214544870, 30.28757456226210, 174.81451527681202],
       [-97.73570903155316, 30.28756165559277, 168.72455496992916],
       [-97.73571677268266, 30.28755675393969, 170.14072698634118],
       [-97.73569814433208, 30.28758884100481, 170.14292310178280],
       [-97.73568695770145, 30.28758271151059, 168.94998717866838],
       [-97.73570789984626, 30.28756744736227, 169.72838872298598],
       [-97.73570265064542, 30.28756073383263, 167.97186582256109],
       [-97.73570897933723, 30.28758336604354, 178.36518719606102],
       [-97.73569564742564, 30.28760092216772, 175.04928106069565],
       [-97.73568369801919, 30.28759104534905, 170.72372235171497],
       [-97.73566852495215, 30.28758334932548, 172.19518559798598],
       [-97.73566197001067, 30.28757260724593, 175.58494977373630],
       [-97.73568282209864, 30.28758302773831, 177.89008650742471],
       [-97.73570947060992, 30.28755823362760, 168.69856080226600],
       [-97.73569293470446, 30.28757638149953, 164.83352932892740],
       [-97.73568987215319, 30.28756346587886, 162.65486999880522],
       [-97.73569750444922, 30.28756656937541, 171.10815033782274],
       [-97.73572045260595, 30.28759890039951, 169.86890927422792],
       [-97.73573193422911, 30.28760249150833, 165.96180818881840],
       [-97.73571770324450, 30.28758074645463, 169.20829894859344],
       [-97.73570326033700, 30.28760383297533, 175.10797443147749],
       [-97.73573051775652, 30.28756790750048, 171.50313602015376],
       [-97.73572879035254, 30.28757359644352, 168.26813899911940],
       [-97.73571363502471, 30.28758536575493, 172.76677152328193],
       [-97.73568252200742, 30.28759659581756, 173.06038724444807],
       [-97.73567884015868, 30.28759738491544, 164.82052131462842],
       [-97.73570747064957, 30.28757682315472, 168.48172387387604],
       [-97.73570372273586, 30.28757285816909, 168.60941821057349],
       [-97.73566758683953, 30.28759223474880, 175.21186818927526],
       [-97.73567628935525, 30.28757793516790, 170.83674823585898],
       [-97.73568939414935, 30.28758678001530, 173.32460327539593],
       [-97.73570775527976, 30.28757680405299, 176.91797978617251],
       [-97.73572359056989, 30.28753766469386, 170.55572549812496],
       [-97.73569912581709, 30.28757817129180, 170.67759762983769],
       [-97.73570415357366, 30.28756851091922, 167.86774810776114],
       [-97.73572258408670, 30.28757337191198, 170.62470444198698],
       [-97.73569716653083, 30.28759438695627, 172.03187026921660],
       [-97.73570231342921, 30.28758973334925, 170.15097426529974],
       [-97.73569178355856, 30.28758120276596, 165.90870932675898],
       [-97.73570238763494, 30.28759032192726, 162.85643011797220],
       [-97.73571085478314, 30.28760598973715, 168.06645240169019],
       [-97.73568284943040, 30.28759436797946, 174.94754099566489],
       [-97.73569471157816, 30.28759512416427, 174.31059323623776],
       [-97.73571922652320, 30.28757571345325, 173.71796135697514],
       [-97.73570087666847, 30.28756367563456, 173.19411105476320],
       [-97.73570091699511, 30.28757928008480, 179.82923161331564],
       [-97.73572012520634, 30.28757155879797, 179.71951457113028],
       [-97.73572769088015, 30.28756187644664, 168.18310503475368],
       [-97.73572311065965, 30.28756467871052, 167.25368864182383],
       [-97.73571155573789, 30.28755661174003, 166.98131381534040],
       [-97.73572514816546, 30.28756855103164, 165.60611298494041],
       [-97.73573745786257, 30.28754759785482, 165.69664663635194],
       [-97.73571861115164, 30.28756777091662, 172.48058859352022],
       [-97.73570765119437, 30.28756849272144, 169.81309096422046],
       [-97.73571339767247, 30.28755017514431, 175.36905545368791],
       [-97.73572247365382, 30.28755707367797, 177.67412449792027],
       [-97.73571436626044, 30.28756618054400, 174.08875807095319],
       [-97.73569714678699, 30.28756301515927, 173.38374040462077],
       [-97.73568043119391, 30.28755946900775, 173.79425610788167],
       [-97.73568400592913, 30.28756617060193, 177.73946118727326],
       [-97.73572437894234, 30.28756308599861, 170.82417698763311],
       [-97.73569334830444, 30.28757779626267, 171.51345422770828],
       [-97.73569180709858, 30.28758516224927, 167.86907880846411],
       [-97.73571113726895, 30.28756825191324, 166.82412199676037],
       [-97.73572861574878, 30.28755841958117, 162.18528548534960],
       [-97.73572476392256, 30.28757517325826, 169.46418945584446],
       [-97.73572435574516, 30.28757062289106, 170.06787453871220],
       [-97.73572105860003, 30.28753561929630, 168.02690078504384],
       [-97.73573576406254, 30.28753309608453, 167.44827426783741],
       [-97.73574297379861, 30.28755527259747, 170.94461469538510],
       [-97.73572689368181, 30.28756509064342, 177.52543791756034],
       [-97.73571089782443, 30.28757655765286, 177.52342795114964],
       [-97.73571401257726, 30.28756002431856, 168.93675109371543],
       [-97.73573535047959, 30.28754655117834, 163.03598139062524],
       [-97.73572287281293, 30.28755843531885, 169.20383126474917],
       [-97.73569837839953, 30.28756065807490, 173.31485823541880],
       [-97.73570075730316, 30.28754987003804, 167.78290250711143],
       [-97.73568722529001, 30.28755847702879, 167.19561231788248],
       [-97.73571778318410, 30.28756483837154, 176.41184462979436],
       [-97.73574143939464, 30.28756156808781, 177.22086685057729],
       [-97.73574088761474, 30.28756164958200, 165.72865397483110],
       [-97.73573323128429, 30.28757823181599, 162.41129824798554],
       [-97.73574807837795, 30.28755784866079, 160.80536173004657],
       [-97.73572532585132, 30.28757466606798, 169.04562060814351],
       [-97.73573806811800, 30.28755557596621, 171.83949915971607],
       [-97.73573197101315, 30.28753212295393, 160.15670917928219],
       [-97.73573233623600, 30.28751647360851, 153.43505814857781],
       [-97.73572370170000, 30.28753889733186, 159.73369017709047],
       [-97.73570495461135, 30.28756272306885, 170.63501870911568],
       [-97.73570429797158, 30.28755588635140, 171.25604209862649],
       [-97.73571432564493, 30.28754923292351, 168.45467864442617],
       [-97.73571390861976, 30.28753719283373, 166.95196940470487],
       [-97.73570973228490, 30.28752952276056, 167.35768144670874],
       [-97.73570610829260, 30.28754214418792, 170.13653647899628],
       [-97.73573172350969, 30.28754722736819, 167.15024958457798],
       [-97.73573196914325, 30.28753911634022, 166.04560422711074],
       [-97.73571178159105, 30.28756890405898, 161.70625257771462],
       [-97.73572875808938, 30.28756235840973, 161.64484079182148],
       [-97.73572332649128, 30.28756601899435, 168.51838662289083],
       [-97.73572821378818, 30.28754209364393, 161.60920762456954],
       [-97.73572790137837, 30.28754090826218, 164.89857334550470],
       [-97.73572672204526, 30.28753813337816, 171.37749657966197],
       [-97.73573718800880, 30.28753485096007, 171.89941554609686],
       [-97.73574076242225, 30.28752381432271, 174.55331561993808],
       [-97.73572668694692, 30.28754633308658, 173.17336974386126],
       [-97.73571920791466, 30.28752279509725, 171.88500328920782],
       [-97.73572061921354, 30.28751600500020, 165.31016490980983],
       [-97.73573418956586, 30.28752558611559, 159.14377416111529],
       [-97.73572170151338, 30.28752205028747, 157.27848402038217],
       [-97.73571122589135, 30.28754388176934, 163.40015575289726],
       [-97.73570271892463, 30.28753842150730, 164.71245367452502],
       [-97.73573355898399, 30.28753949687849, 167.81359332147986],
       [-97.73577091583721, 30.28750931316254, 162.52840651664883],
       [-97.73575467830828, 30.28751349457902, 163.77630061283708],
       [-97.73574069387563, 30.28752964599065, 168.61908764392138],
       [-97.73574050043572, 30.28752816253380, 157.51841429248452],
       [-97.73577363785662, 30.28751176979448, 160.39524218905717],
       [-97.73576869700568, 30.28752924487341, 166.03112317714840],
       [-97.73572227965818, 30.28755796494518, 171.40779217891395],
       [-97.73573276854189, 30.28754218182657, 164.39170147106051],
       [-97.73573514641139, 30.28753657394321, 158.09702730365098],
       [-97.73572846438488, 30.28752748311456, 156.97138426732272],
       [-97.73571798437727, 30.28754509350476, 167.61939700599760],
       [-97.73570516753189, 30.28757028674562, 172.31387750990689],
       [-97.73573911449378, 30.28753460504708, 167.23254491016269],
       [-97.73574023452720, 30.28750778170693, 162.70222561340779],
       [-97.73574595873330, 30.28752513695795, 170.07786141708493],
       [-97.73574432527370, 30.28751808869481, 170.60747165698558],
       [-97.73574040837131, 30.28751565541036, 165.83502549119294],
       [-97.73574586072228, 30.28753353807213, 165.96457423642278],
       [-97.73575617964245, 30.28752949815972, 162.50715974811465],
       [-97.73576189716348, 30.28753147843551, 159.41058031376451],
       [-97.73576163933589, 30.28754592377282, 160.22863489016891],
       [-97.73576270827144, 30.28753737491409, 162.98771972302347],
       [-97.73575545651262, 30.28750753546771, 154.32819266803563],
       [-97.73574723327702, 30.28752096862006, 165.84059780277312],
       [-97.73572820240261, 30.28753618605400, 176.12380208354443],
       [-97.73573191517471, 30.28753993399183, 176.11916235368699],
       [-97.73570359718964, 30.28754618877121, 175.93945108447224],
       [-97.73571598773468, 30.28753488171368, 172.31454973015934],
       [-97.73572754719147, 30.28750427232398, 166.99323029257357],
       [-97.73576915745359, 30.28751725903982, 159.36323788203299],
       [-97.73575801582540, 30.28754743683907, 160.63371953647584],
       [-97.73574053323671, 30.28753909299730, 161.64956661965698],
       [-97.73574002630485, 30.28751562848985, 165.28670979198068],
       [-97.73573092317780, 30.28753590831769, 169.75233667809516],
       [-97.73572355174328, 30.28754585516123, 168.22513299062848],
       [-97.73575398779130, 30.28752740771590, 168.18842092249542],
       [-97.73571156648336, 30.28754523598136, 166.06763812527061],
       [-97.73574094694612, 30.28750916027631, 160.00195923075080],
       [-97.73574593668430, 30.28750623780845, 158.44934712909162],
       [-97.73573481166338, 30.28753806054180, 167.22788411006331],
       [-97.73572956996094, 30.28754530390755, 170.56117165833712],
       [-97.73573431897010, 30.28751335489281, 163.86742233019322],
       [-97.73573803121873, 30.28753778319016, 160.95572099834681],
       [-97.73573658028509, 30.28753972718038, 161.33305425755680],
       [-97.73571385801215, 30.28753976052138, 165.76663271337748],
       [-97.73571568677640, 30.28754309451434, 161.91560999955982],
       [-97.73573506902308, 30.28753094434722, 162.01557129621506],
       [-97.73575731981772, 30.28751246251363, 158.80196914356202],
       [-97.73573217486127, 30.28753182108196, 162.62213682848960],
       [-97.73573275221072, 30.28753353425914, 165.60218156874180],
       [-97.73573790327089, 30.28754212136408, 161.35069754812866],
       [-97.73574378250660, 30.28754099558919, 161.11249966174364],
       [-97.73574068183216, 30.28755606007478, 166.35134904738516],
       [-97.73572586761738, 30.28757106485374, 165.98905129730701],
       [-97.73575117410896, 30.28752890508525, 154.58703522477299],
       [-97.73573009180841, 30.28753438911115, 151.92361301369965],
       [-97.73571487951425, 30.28753522797194, 163.03027805779129],
       [-97.73570665122303, 30.28751262005929, 163.98653070349246],
       [-97.73570710658038, 30.28752860188968, 165.19758849404752],
       [-97.73569372838638, 30.28755246173007, 167.10762186255306],
       [-97.73571271167955, 30.28751805971281, 162.58810435701162],
       [-97.73569564327870, 30.28753578156801, 167.14077303837985],
       [-97.73572449256845, 30.28752020439225, 172.79390366934240],
       [-97.73573200996414, 30.28752674319983, 173.76339254435152],
       [-97.73573861397392, 30.28754208010404, 161.58923634886742],
       [-97.73572866463641, 30.28753752204069, 155.09140043426305],
       [-97.73572580230785, 30.28754861502763, 155.81124223023653],
       [-97.73573651393721, 30.28754805095819, 160.49268665537238],
       [-97.73573975343038, 30.28756188948588, 159.57383004389703],
       [-97.73573842423818, 30.28755172565782, 159.72170632611960],
       [-97.73570518036244, 30.28753573442128, 165.01249230932444],
       [-97.73571750870710, 30.28753041387375, 165.26843715924770],
       [-97.73572261540392, 30.28756439242769, 174.48741518612951],
       [-97.73571232931138, 30.28754422717412, 171.98512881994247],
       [-97.73569107335591, 30.28754530105220, 170.52999806217849],
       [-97.73568576120896, 30.28754364355403, 169.10743384715170],
       [-97.73569374624408, 30.28754652746415, 169.63209673017263],
       [-97.73571765304382, 30.28755344546262, 165.25296201650053],
       [-97.73572198322873, 30.28755497292316, 159.32763556484133],
       [-97.73573419356153, 30.28755743394452, 157.68170134816319],
       [-97.73572598233596, 30.28757959164809, 161.26879118848592],
       [-97.73572444196508, 30.28758452990741, 165.50070424564183],
       [-97.73573795033745, 30.28757301390396, 175.45608930941671],
       [-97.73572671997441, 30.28755303386583, 168.88940569944680],
       [-97.73572552109893, 30.28752737308051, 161.22956750355661],
       [-97.73573782751089, 30.28753832435789, 163.29403682053089],
       [-97.73576361386898, 30.28753034987828, 164.03726385906339],
       [-97.73574622236767, 30.28752686008240, 163.86815370619297],
       [-97.73573067798345, 30.28752716648911, 156.78173249214888],
       [-97.73573547169546, 30.28750318450502, 151.04868107289076],
       [-97.73573062843509, 30.28751196416899, 160.26261613145471],
       [-97.73571333911785, 30.28755515895415, 167.50328498519957],
       [-97.73570252416584, 30.28756520390444, 176.60747954528779],
       [-97.73571010072220, 30.28756169668224, 171.82795620989054],
       [-97.73572336628969, 30.28753238950667, 165.46357201226056],
       [-97.73574953345455, 30.28752103794425, 169.33246430009604],
       [-97.73576422597735, 30.28752127860883, 169.34999373648316],
       [-97.73575580942151, 30.28754409918379, 165.36804954521358],
       [-97.73575340692915, 30.28753394669118, 162.32820518873632],
       [-97.73572928195500, 30.28753697743170, 156.88795551098883],
       [-97.73573701342066, 30.28753000570704, 157.86040933430195],
       [-97.73574009953275, 30.28753252245343, 154.16065502073616],
       [-97.73573589607169, 30.28753485812363, 150.59357394184917],
       [-97.73573217703793, 30.28753149217854, 159.45291228871793],
       [-97.73573396188989, 30.28753044294153, 172.58990973141044],
       [-97.73573422045301, 30.28750541115177, 170.87642307300121],
       [-97.73574659197709, 30.28748863889871, 169.47450398840010],
       [-97.73573760975225, 30.28751460631604, 165.00929283816367],
       [-97.73571097986643, 30.28750284981564, 164.18955997284502],
       [-97.73569722282252, 30.28751524409420, 170.64804343599826],
       [-97.73572003956998, 30.28754955404900, 171.33025972358882],
       [-97.73573291692261, 30.28753665024162, 161.21028623916209],
       [-97.73572988713650, 30.28750835575795, 152.79762128368020],
       [-97.73571424261901, 30.28751592858296, 158.33754044491798],
       [-97.73573037645244, 30.28753112634691, 163.94825958460569],
       [-97.73575081186361, 30.28752383497760, 165.18614392634481],
       [-97.73575517532819, 30.28752328588017, 166.73056312650442],
       [-97.73570664672143, 30.28754427908899, 172.27043834794313],
       [-97.73572417264961, 30.28752282977512, 167.26441621594131],
       [-97.73573121364633, 30.28751369087480, 168.07329688221216],
       [-97.73571239596698, 30.28753214293641, 173.72465293481946],
       [-97.73569392413764, 30.28753569374568, 173.09431923180819],
       [-97.73569144635518, 30.28752613838402, 169.20162002090365],
       [-97.73571397434064, 30.28752697808983, 165.15438769198954],
       [-97.73570136401906, 30.28752539973905, 165.37110837828368],
       [-97.73571198235877, 30.28750569986195, 166.12058528792113],
       [-97.73570425611396, 30.28751832980496, 170.71171326376498],
       [-97.73569326674408, 30.28753798613605, 167.43840251117945],
       [-97.73572922178504, 30.28751769992257, 169.56470576673746],
       [-97.73572319976323, 30.28755291976036, 178.86121613811702],
       [-97.73573526957179, 30.28755092820711, 178.23141460679471],
       [-97.73575810554092, 30.28750469424471, 170.16716085001826],
       [-97.73574983926898, 30.28751311633175, 162.47474928759038],
       [-97.73573752794378, 30.28752694872514, 164.63431802112609],
       [-97.73573083397136, 30.28753134578809, 168.64304129406810],
       [-97.73570707512992, 30.28756129184763, 167.71915018372238],
       [-97.73571785310607, 30.28753207450958, 166.23715189006180],
       [-97.73572205703131, 30.28750863610219, 159.54650153592229],
       [-97.73571839167862, 30.28751940200495, 165.56418108567595],
       [-97.73573122438137, 30.28751837422918, 167.36685129161924],
       [-97.73572750650538, 30.28751021303775, 161.67245595715940],
       [-97.73573840314185, 30.28749260686695, 159.31724039092660],
       [-97.73571588845843, 30.28753253105062, 168.01419243495911],
       [-97.73573330449483, 30.28753729443888, 170.68205690477043],
       [-97.73574244272349, 30.28753546549193, 169.34903856925666],
       [-97.73574887003194, 30.28752339549982, 166.34443479869515],
       [-97.73574460566957, 30.28751278235699, 154.73684897273779],
       [-97.73574554546565, 30.28749826242506, 155.60821499582380],
       [-97.73576372313771, 30.28750194191672, 158.66220261994749],
       [-97.73576619605548, 30.28752553843219, 160.66080311872065],
       [-97.73577027801369, 30.28749422254797, 159.25379317905754],
       [-97.73573622571399, 30.28751161177164, 162.52745057828724],
       [-97.73574685913282, 30.28752341560285, 167.80326969269663],
       [-97.73577113193539, 30.28750932083618, 165.54168333020061],
       [-97.73574172065648, 30.28752784947945, 167.11763219628483],
       [-97.73572484862130, 30.28752319930524, 171.72986533585936],
       [-97.73571059934510, 30.28751761969473, 166.05092780198902],
       [-97.73572180396044, 30.28751828476102, 159.65405753720552],
       [-97.73572163039631, 30.28753126162720, 161.51208754535764],
       [-97.73571944957303, 30.28753999527549, 166.54551902227104],
       [-97.73572324448520, 30.28751181492759, 159.24770555365831],
       [-97.73574096154010, 30.28751195752517, 160.32549688685685],
       [-97.73577673692040, 30.28750992606757, 155.42938088718802],
       [-97.73577335230888, 30.28751956559931, 160.25697010476142],
       [-97.73574808262956, 30.28753652272509, 166.57418743707240],
       [-97.73576160890285, 30.28752542455780, 161.01513952016830],
       [-97.73573390785772, 30.28750876590494, 161.69679831154644],
       [-97.73575396432672, 30.28751273334370, 154.53846433945000],
       [-97.73571956275815, 30.28753639026712, 159.40043118223548],
       [-97.73570639026393, 30.28753054511308, 158.67939484771341],
       [-97.73568925329043, 30.28754135566761, 154.57142852619290],
       [-97.73570001674462, 30.28753063325772, 157.58363511040807],
       [-97.73569972394489, 30.28753354825039, 165.70157241355628],
       [-97.73567884761496, 30.28754334241318, 169.45368468016386],
       [-97.73571514330540, 30.28754738079405, 167.52365798410028],
       [-97.73571910488718, 30.28754116714809, 161.20001635234803],
       [-97.73571694936606, 30.28753462996549, 163.30718511343002],
       [-97.73572710761660, 30.28752555000819, 167.50608986988664],
       [-97.73573453575071, 30.28754085770764, 161.28959918022156],
       [-97.73574322112978, 30.28751367193138, 151.55524726584554],
       [-97.73573488243086, 30.28751748234421, 147.24634912516922],
       [-97.73573610948995, 30.28751908623687, 150.45049065351486],
       [-97.73574609422549, 30.28751169798943, 149.16389274317771],
       [-97.73575969448039, 30.28750882097568, 147.50947267189622],
       [-97.73574267694509, 30.28751545687818, 153.49271071795374],
       [-97.73571604741635, 30.28751828643954, 158.23619140964001],
       [-97.73567618726746, 30.28753947042267, 163.19032191112638],
       [-97.73570326098523, 30.28754783612506, 165.30123179033399],
       [-97.73573044831016, 30.28751989612610, 161.32185275759548],
       [-97.73571892459645, 30.28751293956732, 152.13753246515989],
       [-97.73570239734322, 30.28752386186476, 154.64366212300956],
       [-97.73570695036456, 30.28753773265137, 159.36370369326323],
       [-97.73572013994578, 30.28752826969533, 153.24396336637437],
       [-97.73573312311588, 30.28752060282893, 154.66194855701178],
       [-97.73572891974614, 30.28751866309205, 155.06190918106586],
       [-97.73575694581942, 30.28750514676939, 149.28010580129921],
       [-97.73576867682023, 30.28751622137987, 157.33005950786173],
       [-97.73576765080804, 30.28752596980322, 163.44888650160283],
       [-97.73574196863983, 30.28751723974766, 163.20802743360400],
       [-97.73572707708315, 30.28750682683861, 156.63348804414272],
       [-97.73570055968077, 30.28753710121451, 159.18096726387739],
       [-97.73573231573195, 30.28753473644365, 155.60493174660951],
       [-97.73573446914466, 30.28753945372657, 156.86051913630217],
       [-97.73569611655022, 30.28753435122411, 156.93491561431438],
       [-97.73574373159713, 30.28749142705520, 147.35229259822518],
       [-97.73575352114372, 30.28750467598524, 150.64329664688557],
       [-97.73572654862110, 30.28750455112607, 159.85288537200540],
       [-97.73571208547295, 30.28752806016176, 158.39857508707792],
       [-97.73573486922987, 30.28752882312175, 154.36942996829748],
       [-97.73576183511898, 30.28750096321659, 151.96353023033589],
       [-97.73575577442597, 30.28751073999774, 155.18902998976409],
       [-97.73575189294114, 30.28752416196199, 156.82292396668345],
       [-97.73575557286188, 30.28753719858078, 156.11582309473306],
       [-97.73575307196488, 30.28753270394774, 151.75268435198814],
       [-97.73574117115302, 30.28753239399348, 157.20200611557811],
       [-97.73574099891468, 30.28753653450151, 156.13268203008920],
       [-97.73571827125615, 30.28753211400103, 156.41588697861880],
       [-97.73573176467578, 30.28751398440169, 154.96569491177797],
       [-97.73573333452084, 30.28753563662901, 161.15447754878551],
       [-97.73572814698946, 30.28753835772876, 161.97301619872451],
       [-97.73574581397800, 30.28754243428738, 166.69610371068120],
       [-97.73573653340085, 30.28754786817503, 166.08312449418008],
       [-97.73572617916322, 30.28752679359027, 170.41335225198418],
       [-97.73571262092581, 30.28751368646124, 165.97761759813875],
       [-97.73570440293784, 30.28754443063330, 161.24038841109723],
       [-97.73572442305658, 30.28754326191583, 156.54247831087559],
       [-97.73571858847103, 30.28753906161971, 158.24710819218308],
       [-97.73570646965067, 30.28754356055988, 154.20288214832544],
       [-97.73571819334865, 30.28754586450999, 155.89551292359829],
       [-97.73575777173551, 30.28754047479350, 163.19723231997341],
       [-97.73576661927255, 30.28751286626830, 164.05297567881644],
       [-97.73573588094048, 30.28752596831001, 163.15149332117289],
       [-97.73571437842585, 30.28753589206080, 163.52654472645372],
       [-97.73574428108634, 30.28752245842081, 157.62450428958982],
       [-97.73573866883706, 30.28752547322878, 167.40340311080217],
       [-97.73569723017053, 30.28755789284877, 173.74637664761394],
       [-97.73570732146054, 30.28751052515915, 159.17384820245206],
       [-97.73570028197061, 30.28752992368559, 154.94184525590390],
       [-97.73568345309849, 30.28756170704767, 163.91556559875607],
       [-97.73571923212425, 30.28754028637370, 162.84675762988627],
       [-97.73572185077496, 30.28754794573205, 167.35142530407757],
       [-97.73575233554203, 30.28752424216558, 163.04477082286030],
       [-97.73576266811470, 30.28753747633393, 164.34057017695159],
       [-97.73575668363934, 30.28754866260968, 165.19766963459551],
       [-97.73572621945435, 30.28754939938204, 169.59356295131147],
       [-97.73571511398286, 30.28754840769464, 169.74012839701027],
       [-97.73570552128736, 30.28755204794851, 159.96689254697412],
       [-97.73569421490312, 30.28756393888724, 159.96631046850234],
       [-97.73569394953296, 30.28757178655976, 160.89206746034324],
       [-97.73569664419936, 30.28755181867200, 159.84552954323590],
       [-97.73571048164430, 30.28753872543425, 160.84976070560515],
       [-97.73571207567856, 30.28754322054699, 163.72868849802762],
       [-97.73571459033141, 30.28753200128431, 169.89110472612083],
       [-97.73570237685269, 30.28755401348204, 176.45329444389790],
       [-97.73570843742841, 30.28756215477823, 175.73517650365829],
       [-97.73572068668376, 30.28752783313340, 169.65942372009158],
       [-97.73571399919462, 30.28753768172241, 169.95491443853825],
       [-97.73568684985692, 30.28757909484358, 176.48521383386105],
       [-97.73569490344816, 30.28755594903061, 164.89220881182700],
       [-97.73572721115313, 30.28756210934690, 151.36098718270659],
       [-97.73575800961274, 30.28755847971045, 150.09090096782893],
       [-97.73576786044144, 30.28754571124012, 151.23315273597836],
       [-97.73577504858341, 30.28755384888759, 161.17991383746266],
       [-97.73576661545187, 30.28756397474904, 172.12124525941908],
       [-97.73574546866352, 30.28755717576071, 170.92483341507614],
       [-97.73571650120843, 30.28753856942325, 167.14618181530386],
       [-97.73568869410441, 30.28752736939045, 174.39126763772219],
       [-97.73569346167547, 30.28754722496667, 178.12611654121429],
       [-97.73571534886138, 30.28754710157003, 171.79803690221161],
       [-97.73572548606874, 30.28752295740285, 164.68433751538396],
       [-97.73569307767217, 30.28755575506932, 162.80300943087786],
       [-97.73570120997847, 30.28756976245883, 165.35571420099586],
       [-97.73572147645402, 30.28755707397384, 166.30873500928283],
       [-97.73572325270577, 30.28756022311195, 165.56682677753270],
       [-97.73575104250193, 30.28754298496512, 162.85445109102875],
       [-97.73577855115072, 30.28750767916434, 155.65880484040827],
       [-97.73577132810375, 30.28754461080869, 161.67562258057296],
       [-97.73576251944490, 30.28756148273521, 167.68469937704504],
       [-97.73574668724031, 30.28752514980014, 162.43264349829406],
       [-97.73573325808781, 30.28754419705086, 159.64408279675990],
       [-97.73574110223601, 30.28755191329352, 151.71717575006187],
       [-97.73575693574904, 30.28754399444800, 148.97976943757385],
       [-97.73573327492124, 30.28755348641265, 154.19666930474341],
       [-97.73573018298845, 30.28753171845168, 163.75668602995574],
       [-97.73569916150286, 30.28753615709368, 159.89189929142594],
       [-97.73572577350775, 30.28752106543789, 157.22183011006564],
       [-97.73571888529639, 30.28754076580402, 167.71238640416414],
       [-97.73569707463658, 30.28755260577337, 167.13554635178298],
       [-97.73571290058769, 30.28753800889651, 164.52543705143034],
       [-97.73567948522131, 30.28754357339591, 166.81994327995926],
       [-97.73569933454816, 30.28754153216883, 169.74251928925514],
       [-97.73570343474115, 30.28754726084261, 166.90573860704899],
       [-97.73571563696161, 30.28757094680285, 163.83856061566621],
       [-97.73575146675734, 30.28754947748780, 156.89661530684680],
       [-97.73577703341481, 30.28748707601902, 145.96463637892157],
       [-97.73577718960705, 30.28751615466834, 154.11036982666701],
       [-97.73577383327466, 30.28753738209869, 157.98709549941123],
       [-97.73574919412692, 30.28753801589566, 164.22666559927166],
       [-97.73573900323495, 30.28753278533834, 160.32758786063641],
       [-97.73572385355271, 30.28753432861596, 159.76934722438455],
       [-97.73569979030850, 30.28754409712772, 159.59289719909430],
       [-97.73570573733048, 30.28754356935639, 165.52271660231054],
       [-97.73570372367043, 30.28754298141014, 169.11358307581395],
       [-97.73569696737847, 30.28754644789865, 164.49324573855847],
       [-97.73571159241089, 30.28751931177552, 156.96584736648947],
       [-97.73573591864995, 30.28752899078614, 155.74848556239158],
       [-97.73574461890865, 30.28754880158870, 164.53231447096914],
       [-97.73577941757621, 30.28752397646942, 159.88059123419225],
       [-97.73573020569395, 30.28752069805406, 161.65760971233249],
       [-97.73574390634994, 30.28752228318180, 164.30414123367518],
       [-97.73576220688577, 30.28748889103143, 160.27262324467301],
       [-97.73575999956046, 30.28752759988223, 161.28764202445745],
       [-97.73575929107430, 30.28751418565736, 158.69162179715931],
       [-97.73574640709714, 30.28747441029867, 154.62972199730575],
       [-97.73573922482397, 30.28748455827367, 152.10024632420391],
       [-97.73574308670325, 30.28750193896156, 154.94911084324121],
       [-97.73571469655117, 30.28752921368719, 150.56256322283298],
       [-97.73570371470187, 30.28754935242671, 154.17753111477941],
       [-97.73570672994869, 30.28754373041337, 157.89899681136012],
       [-97.73571629281464, 30.28751923491947, 156.74534157570451],
       [-97.73573798941121, 30.28746633456262, 158.26441875752062],
       [-97.73572688271504, 30.28748283087323, 169.18682025466114],
       [-97.73571322701802, 30.28752165505459, 174.93947870470583],
       [-97.73573750476636, 30.28747413705957, 159.76499601267278],
       [-97.73574700585634, 30.28748541440765, 159.49266561493278],
       [-97.73574046297759, 30.28752086948745, 161.75127542577684],
       [-97.73576495755056, 30.28750669186942, 154.85876982565969],
       [-97.73576180868868, 30.28751444546024, 150.33329912461340],
       [-97.73575192125431, 30.28752197909605, 146.92306103371084],
       [-97.73574321363360, 30.28750826437467, 155.19930723216385],
       [-97.73572800294224, 30.28752338742086, 163.53121785447001],
       [-97.73572003159418, 30.28752298386448, 160.66050732973963],
       [-97.73573412652497, 30.28750114383557, 160.29848016984761],
       [-97.73573219014915, 30.28750542020982, 157.42244625557214],
       [-97.73573872468991, 30.28750495517314, 158.52948914282024],
       [-97.73575172659434, 30.28751787849009, 164.01625494565815],
       [-97.73572517560284, 30.28751558723259, 157.55774173699319],
       [-97.73570757234472, 30.28753538762317, 160.76069085299969],
       [-97.73570556002949, 30.28753439117679, 158.96881741378456],
       [-97.73570798501025, 30.28753490009710, 156.81414417736232],
       [-97.73573923551307, 30.28751368210288, 164.84059086255729],
       [-97.73573833068815, 30.28750300597363, 161.03623148705810],
       [-97.73573180940924, 30.28748444794805, 154.67894343845546],
       [-97.73573260923197, 30.28750065529049, 160.65717715024948],
       [-97.73575875557376, 30.28750390699735, 161.54381025768816],
       [-97.73579314298280, 30.28749901177079, 155.45302700251341],
       [-97.73575201678597, 30.28750036171612, 160.01255188975483],
       [-97.73570950580772, 30.28752762291242, 165.12676287535578],
       [-97.73571875287780, 30.28753251476521, 163.87337941676378]
       ]
   }
}
