Potencia,Maximo,DesvioPadrao,FFT_Peak,FFT_Mean,Classe
1.0000001,4.1293683,0.46329474,154.1191,38.34533,0
1.0000001,4.695615,0.46294913,184.25972,37.566593,0
1.0000004,4.450201,0.46347424,202.04526,38.74717,0
1.0000006,3.8476338,0.4629966,182.65965,39.13929,0
0.99999964,4.037662,0.46280178,188.68831,37.55782,0
1.0,3.859525,0.46349674,196.17007,38.634785,0
0.99999976,3.97239,0.4632446,142.14148,37.553078,0
1.0000001,3.8595104,0.46313486,202.91357,38.344467,0
0.9999998,4.3718705,0.46318984,162.52913,37.97404,0
1.0000004,3.9815562,0.4630727,157.95947,38.19275,0
0.9999998,4.009988,0.46335825,195.5197,37.732555,0
1.0000004,4.058701,0.46279547,162.51994,37.720867,0
0.9999997,4.1054254,0.46286348,166.058,38.343266,0
1.0000002,3.7688246,0.46319705,206.85254,38.333298,0
1.0000004,3.7683952,0.46291557,180.97754,38.09573,0
1.0000004,3.762894,0.46309528,146.05733,38.02097,0
1.0000001,4.1563754,0.46347082,149.44754,38.384895,0
1.0,3.8975728,0.46289527,181.49602,38.436172,0
1.0000002,4.844094,0.46329045,194.89896,38.394157,0
1.0000002,4.090922,0.46332937,146.40828,38.22949,0
0.9999998,4.1495895,0.46328127,161.40302,38.217453,0
1.0000001,4.2802095,0.46332163,143.67061,38.33252,0
0.9999999,3.9722357,0.46352366,151.56339,38.542652,0
0.9999997,3.811792,0.4628708,134.71597,38.18153,0
1.0000002,3.9364803,0.46295604,220.11092,37.779537,0
0.9999999,4.5307484,0.46321532,181.0527,38.507965,0
0.99999994,5.4423795,0.4630854,155.13585,37.85654,0
1.0000004,3.5043428,0.4631781,156.44281,38.2692,0
1.0,4.045103,0.46297142,167.08792,38.337498,0
1.0,4.0102377,0.46284756,171.21034,38.350903,0
1.0000005,4.154206,0.46289688,149.07727,38.101826,0
1.0000004,3.9518864,0.463252,165.80618,37.942627,0
1.0,4.3468766,0.46329114,196.30014,38.39905,0
0.9999996,3.574032,0.46318132,183.147,39.05527,0
0.99999994,3.8769536,0.4632468,187.93884,38.64719,0
1.0,3.7062294,0.46268487,155.91096,38.514412,0
1.0000001,3.771009,0.4630927,156.20569,38.25029,0
0.99999964,5.8625236,0.46287745,196.10449,38.768383,0
1.0000004,3.6852174,0.4631252,178.167,38.561966,0
1.0,4.379635,0.46334895,152.8342,38.126125,0
0.99999994,3.668362,0.46258786,162.66371,37.63848,0
1.0000001,4.735059,0.46294284,188.88956,38.84896,0
1.0000001,4.4037175,0.46327394,158.28947,38.162716,0
1.0,3.5706143,0.46271768,196.08931,37.999893,0
1.0000002,4.1254845,0.46278343,152.9193,37.776257,0
1.0000005,3.5710661,0.46335012,156.12413,38.72694,0
1.0000004,3.7994475,0.46286416,203.57155,38.67356,0
1.0000001,3.9157128,0.46342665,171.8634,37.463963,0
0.99999994,3.9213855,0.4627723,182.1758,38.032066,0
0.99999994,3.9196055,0.46351725,162.4397,36.958263,0
1.0,4.0052705,0.463394,150.17967,38.40808,0
1.0000002,5.509409,0.4630107,159.54219,38.555096,0
1.0000002,4.196451,0.46267274,172.71953,38.299835,0
0.99999976,3.8077588,0.46348488,190.43199,37.994373,0
0.9999999,4.5660434,0.46315837,147.42589,38.081345,0
1.0,4.9251795,0.46295014,133.95789,38.715847,0
1.0000002,4.7754207,0.4635337,168.53598,38.268723,0
1.0000001,3.9840543,0.4630555,195.7812,38.115044,0
0.9999998,3.7434516,0.46336496,167.49522,38.550674,0
1.0000002,3.8048544,0.46359128,175.61617,38.262634,0
1.0000001,4.933597,0.46310344,140.16502,38.294415,0
1.0000002,3.6108663,0.46354738,152.93423,38.912464,0
0.99999994,5.034631,0.46310362,158.04836,38.302876,0
1.0000004,3.7055597,0.46315813,154.46272,37.9812,0
1.0000004,4.4046164,0.46286443,148.20818,38.25011,0
1.0000005,3.7965024,0.4631398,124.11693,38.508938,0
1.0000001,3.8349411,0.46293542,198.62018,38.5105,0
1.0,4.100393,0.463278,145.80667,37.769955,0
0.9999998,3.6906908,0.46312252,222.06342,37.552143,0
1.0000001,3.9650455,0.4629725,141.025,37.758793,0
0.9999999,3.7952528,0.46285895,153.75987,37.743816,0
1.0000002,3.7409165,0.46280208,175.442,38.46653,0
1.0000004,3.6353817,0.46308067,164.028,38.099476,0
0.9999999,4.265245,0.46291095,153.92433,37.897667,0
1.0000001,3.6765993,0.46255398,198.61198,38.65121,0
0.9999999,3.5305028,0.46281865,171.90247,38.183052,0
0.99999976,3.6891115,0.46279165,198.00787,38.130383,0
1.0000002,3.8238435,0.46314657,176.22878,38.186752,0
1.0000004,3.6444952,0.46320394,173.23512,37.244564,0
0.99999964,4.043904,0.46360207,158.97467,37.060974,0
0.99999994,4.2795134,0.46386275,166.08218,38.64018,0
1.0,4.2369523,0.46324432,157.17726,38.68772,0
0.9999997,4.0053296,0.462842,156.50887,38.287537,0
1.0000001,3.6442032,0.4634834,160.2334,38.565063,0
1.0000002,4.7225847,0.4637517,150.67021,38.078377,0
0.9999999,3.7149653,0.4632222,176.58945,38.164295,0
0.9999999,4.1301,0.46308425,160.73343,38.02063,0
1.0,3.6306226,0.46345925,188.44064,38.267586,0
0.99999976,4.641789,0.46322536,168.37717,38.19753,0
1.0000001,4.314197,0.4632705,185.23831,39.005184,0
0.99999994,6.9614367,0.46447343,164.84154,38.141228,0
0.9999999,8.585287,0.4644048,176.59317,37.948467,0
1.0000001,4.247642,0.46356684,165.48572,37.490242,0
1.0000004,4.0043826,0.46300963,196.75761,39.209457,0
1.0000002,3.9798892,0.4631312,143.24466,38.29431,0
1.0000001,10.485373,0.46324262,175.76341,38.408413,0
0.9999998,6.253098,0.46312204,138.62088,37.893867,0
1.0000001,6.925623,0.46320748,185.50977,38.149456,0
1.0000002,3.8524823,0.4631157,160.219,37.663578,0
0.99999964,4.4733152,0.46306524,215.00468,37.570484,0
1.0000001,3.847143,0.46319246,174.5761,38.094536,0
1.0000001,4.9884434,0.4631819,157.918,37.77358,0
1.0000001,10.785892,0.46395802,167.88788,38.30079,0
1.0,3.7417297,0.46387568,145.70193,37.991566,0
1.0000002,3.975424,0.4630334,150.02673,38.298645,0
0.99999994,3.8790212,0.46322033,157.1062,37.779465,0
0.9999999,3.8826137,0.46297127,159.06914,38.34801,0
1.0000001,4.9124336,0.4632809,154.51434,37.926197,0
1.0000002,3.8372436,0.46291327,168.69044,38.26022,0
1.0000001,5.3335285,0.46316326,167.28069,37.927994,0
1.0000004,3.719501,0.46309146,148.75415,38.452408,0
1.0000007,4.492752,0.46290967,160.26062,37.459393,0
1.0,3.8790352,0.46315315,243.52637,37.838413,0
1.0000005,3.520227,0.4631234,158.19179,38.21501,0
0.99999994,3.7361915,0.46295205,177.90855,37.925922,0
1.0000002,4.0053573,0.46311378,181.63832,38.623512,0
1.0000002,4.2612114,0.46297696,179.24406,37.74589,0
1.0000001,3.7401392,0.46339056,192.16994,38.78041,0
0.99999994,3.7239707,0.46319938,173.9925,38.04977,0
0.9999997,3.9629116,0.463399,167.54306,38.150913,0
1.0000001,3.780191,0.46321702,223.73164,38.765205,0
0.9999998,4.0608416,0.46319982,164.44713,38.66776,0
0.99999976,3.4997165,0.4632691,155.7293,38.816025,0
0.99999994,3.668451,0.4634625,161.45178,38.34774,0
0.9999999,3.7730389,0.46301445,199.53796,38.737885,0
0.9999996,3.6912558,0.46336517,159.53767,39.285336,0
0.9999999,3.7005339,0.46284914,157.5079,38.18003,0
0.99999964,3.905374,0.4629573,203.69473,38.423157,0
0.9999995,4.6560106,0.46284786,147.59789,38.27585,0
1.0,4.7434688,0.46324244,164.51576,38.06786,0
1.0000004,7.8798404,0.46330142,177.37703,38.42148,0
0.99999994,3.7655084,0.46328786,141.96846,38.67093,0
0.9999997,3.5907032,0.46284014,162.4461,37.936413,0
1.0000004,4.115935,0.4634821,134.70967,37.819324,0
1.0000001,3.7806077,0.4626117,146.30356,37.91779,0
1.0000004,3.5948262,0.4633065,149.52528,38.296417,0
0.99999994,3.6790423,0.46275416,154.63235,37.886185,0
1.0000001,3.717542,0.46312904,178.69267,38.63756,0
1.0000001,4.3965673,0.46303222,196.00592,38.176426,0
0.99999964,4.681357,0.4633929,179.06111,37.82858,0
1.0000001,3.9741287,0.46326488,177.42165,38.924606,0
1.0000002,3.8188736,0.46306407,137.25278,38.59372,0
1.0000002,3.913286,0.46294934,177.24799,37.979214,0
1.0,3.9914024,0.46377242,176.35004,38.099564,0
1.0000002,4.6986732,0.46315008,183.55956,38.562195,0
1.0000002,3.9001033,0.4636216,153.69815,37.756687,0
1.0000002,3.7953236,0.46403155,148.00832,38.420403,0
0.9999998,4.5918345,0.46416044,176.20338,38.290432,0
1.0000001,4.951957,0.46433848,165.56767,37.570942,0
1.0000001,3.8736806,0.46392,146.55609,37.401585,0
1.0000004,4.096528,0.46368593,188.13737,38.372993,0
0.99999994,3.6934764,0.46407756,171.37895,38.961597,0
1.0000002,3.785208,0.4633927,143.35114,39.03253,0
1.0,3.904073,0.46358562,191.59525,38.13765,0
0.99999994,3.5532033,0.46323478,179.95088,38.909874,0
1.0,3.9144714,0.46374008,193.42387,38.583416,0
0.9999998,4.0807214,0.46334502,147.42696,38.929344,0
0.99999994,4.362054,0.4641929,151.80849,38.310062,0
1.0000001,3.9408267,0.46380618,156.29959,38.263443,0
0.99999994,3.8969126,0.4639427,168.82275,38.341255,0
1.0000004,3.892754,0.4630071,230.75325,38.102463,0
1.0000001,3.9041896,0.46404704,177.42038,38.32268,0
1.0000005,4.0318146,0.46353802,157.14569,39.07969,0
0.9999998,3.767284,0.463092,170.71758,38.50713,0
0.99999994,4.5543537,0.46373317,182.57915,38.598873,0
1.0000002,3.912788,0.46362254,161.88843,38.629013,0
0.99999994,4.561166,0.46371022,186.45967,37.998245,0
1.0000004,3.8140187,0.4635755,153.52734,38.451733,0
0.99999976,4.787187,0.46377164,176.77606,37.93357,0
0.99999994,3.7764904,0.46383336,188.06613,37.259373,0
1.0,3.8834286,0.46344012,164.93227,39.524494,0
1.0000001,3.7118106,0.46324655,162.52507,38.640274,0
0.99999994,4.739446,0.46394873,220.16624,38.796432,0
0.9999998,3.594523,0.46332887,158.63939,38.43176,0
0.9999997,3.9032228,0.46367133,192.99979,38.302082,0
1.0000005,4.137767,0.46377856,197.28348,38.239582,0
0.9999997,4.640388,0.46273437,174.70755,37.86639,0
1.0000007,3.8070345,0.46343178,217.85086,38.364483,0
0.9999999,4.053984,0.46386936,160.10167,38.24473,0
0.99999976,3.7011316,0.4631505,152.9667,39.03956,0
0.9999998,3.9640508,0.46345565,188.39272,38.47135,0
1.0000001,4.041587,0.46403646,152.35751,38.350998,0
0.9999994,3.871747,0.46342233,188.71175,37.9745,0
0.99999976,3.8851762,0.46301422,167.80136,38.72831,0
1.0,4.947321,0.46317765,171.7275,38.61551,0
1.0000001,4.88587,0.4633154,163.56187,39.705444,0
1.0000005,4.1475816,0.46350402,174.40266,37.74993,0
0.99999964,3.8333921,0.46335104,166.44571,38.00484,0
1.0000005,3.8908572,0.46315888,167.14574,37.873543,0
1.0000002,4.530659,0.4634132,187.09116,39.391453,0
0.9999999,3.9983451,0.46326643,154.84373,38.73473,0
1.0000002,4.063237,0.46366426,178.10641,37.012833,0
1.0000002,3.6086247,0.4635739,177.13332,37.38064,0
1.0000001,3.7327085,0.46342516,194.52054,37.7899,0
1.0000001,3.7288997,0.4636316,210.35721,38.410465,0
0.9999998,3.7192564,0.46305007,185.66478,37.772713,0
1.0000002,3.8238852,0.46327424,155.2558,38.472744,0
0.9999998,4.7667246,0.4633559,147.14401,37.8104,0
1.0000005,3.9954162,0.4637025,132.89674,38.231792,0
1.0,4.120812,0.46343458,174.49335,38.252068,0
1.0000001,4.0611696,0.4635302,163.21344,38.31261,0
0.99999976,4.3606,0.46312803,174.3229,38.113728,0
0.9999999,3.9381769,0.46384928,213.44685,38.72748,0
0.9999999,3.921616,0.46387225,158.1527,37.440346,0
1.0000002,4.251344,0.46381766,159.60498,37.980785,0
1.0000007,4.41074,0.46366495,174.30307,38.513184,0
1.0000001,3.9628205,0.46362075,153.56653,38.18269,0
1.0,4.9366508,0.46322706,151.74593,37.589745,0
0.9999995,3.6903563,0.46372622,167.53534,37.92118,0
1.0000004,3.7960992,0.46386614,166.01003,37.952072,0
0.9999998,3.8745527,0.46266913,192.14928,38.286327,0
1.0000004,4.038426,0.46358234,143.45561,38.727695,0
0.99999976,4.265934,0.46345857,163.77983,37.677273,0
1.0000004,3.7151563,0.46336585,162.5617,38.581432,0
0.99999994,3.87831,0.46344763,159.17485,38.32152,0
0.9999998,4.3189707,0.46372062,160.79283,38.342014,0
0.99999994,4.452426,0.4638293,147.10745,38.575623,0
0.9999999,3.9878895,0.46394074,201.04607,38.216057,0
1.0000001,3.685165,0.46378183,138.7712,38.576187,0
1.0000001,4.1286244,0.46340835,189.13277,38.81008,0
1.0,7.9645433,0.46369347,180.73497,38.821808,0
1.0000001,4.185623,0.4627905,154.85408,38.05602,0
1.0000001,3.9298139,0.46313414,171.44495,38.64605,0
1.0,4.125107,0.46342763,167.3735,37.97469,0
1.0000001,3.7914157,0.4631824,162.26613,37.584488,0
1.0,4.0514593,0.46337283,193.08517,38.37652,0
1.0,4.4346337,0.46412012,173.02325,38.56279,0
1.0000004,4.208425,0.46322098,182.90102,39.323147,0
0.9999999,4.495505,0.4634328,149.8972,38.23432,0
1.0,4.188998,0.46392164,156.23431,37.98656,0
1.0000005,4.1000557,0.46329737,177.14961,37.87259,0
1.0000001,3.9944046,0.46360266,183.39587,39.236813,0
1.0,5.3654695,0.46258992,194.77559,38.13792,0
1.0000002,3.6771388,0.46318987,138.38768,38.307095,0
0.99999994,3.9188075,0.46367222,136.18544,37.98562,0
0.9999996,4.4359984,0.46339938,189.60133,38.138412,0
0.99999994,4.0992856,0.46264145,175.7886,38.25421,0
1.0,3.6155398,0.46275926,163.4177,37.619793,0
1.0,5.124337,0.46277833,156.68022,38.4307,0
0.9999996,4.0027313,0.4631838,171.68375,37.6487,0
0.9999998,3.9708219,0.46376196,170.37437,37.987186,0
0.9999998,3.9125297,0.46342495,207.81274,39.382263,0
0.9999998,4.1250205,0.4631095,166.9053,38.387833,0
1.0000001,8.462102,0.46315742,150.40778,38.380604,0
0.99999976,4.05269,0.4630022,174.53021,37.77933,0
1.0000002,3.7875726,0.46358714,153.82425,37.90219,0
1.0,4.4910374,0.46388227,142.80276,37.571453,0
0.9999999,4.5059977,0.4634435,209.80496,37.835037,0
1.0000001,4.203106,0.4635926,152.81667,37.947594,0
1.0000006,10.834001,0.47010496,156.81377,38.304504,0
1.0,8.629106,0.463416,195.52649,39.328293,0
0.9999997,5.050822,0.46369419,205.1307,38.1348,0
1.0000002,3.9549496,0.46287322,217.28825,38.235672,0
1.0000001,3.8676975,0.46322837,163.892,38.091812,0
0.99999976,3.8586519,0.4634586,177.96832,37.350643,0
0.99999976,3.675275,0.46315756,162.57454,38.691162,0
1.0,4.554363,0.46329552,169.48021,37.996544,0
1.0000001,4.042503,0.46338537,180.50655,38.632145,0
0.99999964,5.0490375,0.463499,161.00693,37.77673,0
1.0000002,3.8566632,0.46351326,191.71956,38.17254,0
1.0,4.6222663,0.46364167,179.81534,37.099895,0
0.9999998,3.7220702,0.46350974,182.79538,38.95202,0
1.0000002,3.6808746,0.46379966,162.06923,38.7767,0
1.0000001,3.7273288,0.46297878,154.90463,37.93265,0
1.0000005,3.9382052,0.46369445,184.9153,38.44347,0
1.0000001,4.0088863,0.46374905,174.21735,38.0942,0
1.0000002,3.6877058,0.46311057,143.88953,37.792603,0
1.0000002,5.410698,0.46378586,177.88231,38.31361,0
0.99999994,4.4769554,0.46354532,250.35913,38.035793,0
0.9999997,3.729199,0.4636484,161.75755,38.222164,0
1.0000004,4.0370607,0.46333706,175.95442,37.77436,0
1.0000002,13.671217,0.48501945,179.75977,37.982666,0
0.9999999,4.323324,0.46311638,180.17834,38.50287,0
1.0000004,4.126289,0.4636385,161.98253,38.739285,0
1.0,3.840615,0.46361947,189.42053,39.255962,0
1.0,4.0026107,0.4639761,153.03754,38.320095,0
0.99999994,3.811399,0.46371695,170.59624,37.81216,0
1.0,4.3108354,0.4634714,165.16768,38.409832,0
1.0000004,4.524645,0.46317828,164.77437,38.151913,0
1.0000001,3.9556978,0.46340978,195.54362,37.696377,0
0.99999994,4.25205,0.46288845,175.59314,39.063553,0
1.0000004,3.6798503,0.46353182,198.08614,37.81004,0
1.0000001,4.3434725,0.46285582,167.44852,37.57997,0
0.9999998,3.6501555,0.46326172,157.78156,38.464943,0
0.9999996,4.6457324,0.46276152,178.25737,38.196476,0
1.0000001,3.5238478,0.46297964,171.89809,38.515553,0
1.0000002,3.5639868,0.4631751,223.68939,38.41335,0
1.0000001,3.9685621,0.46355847,149.46751,38.14497,0
0.9999997,3.8381493,0.46279016,171.54224,37.260994,0
1.0000004,3.8080044,0.46302664,144.40898,37.454117,0
1.0000006,5.973966,0.46314362,172.31772,38.216904,0
1.0000004,3.8194895,0.46317324,173.52115,38.656403,0
0.9999998,4.8132825,0.46310604,166.29565,38.661385,0
1.0,5.5445566,0.4635113,157.89854,38.693005,0
1.0000001,4.541634,0.4630896,222.77927,37.86708,0
1.0000002,4.313351,0.46286565,187.23436,38.85017,0
0.99999994,3.697909,0.46350715,188.32272,37.96884,0
1.0000004,4.4915104,0.4628917,173.2813,38.534225,0
1.0000004,3.7080126,0.46368828,175.35472,38.837727,0
1.0000004,3.5705423,0.4630659,165.17941,37.58415,0
1.0,4.034386,0.46293932,173.97041,39.0374,0
1.0000001,3.8476558,0.46320733,154.5294,38.29445,0
0.99999976,3.9998996,0.46357894,158.24915,38.76229,0
0.9999997,3.8065271,0.46386746,183.76355,38.801617,0
0.9999999,3.7641242,0.4638331,144.22203,39.202305,0
1.0000005,3.721559,0.4639847,164.40161,38.233162,0
1.0000005,3.7681005,0.46299618,176.99597,38.282303,0
0.99999976,3.4911778,0.463567,168.92886,38.16714,0
1.0,4.444997,0.46404368,193.35135,38.686493,0
0.99999976,8.10887,0.4633334,148.1111,37.99463,0
0.9999999,4.7008986,0.463919,150.31622,37.286034,0
1.0000005,4.2637343,0.4636293,164.25313,38.091415,0
0.9999994,3.7127059,0.46395847,183.2464,37.19273,0
0.99999976,3.7622054,0.46377742,141.45398,37.72074,0
1.0000002,3.878819,0.46326464,166.36029,37.868797,0
1.0000001,3.7742174,0.46332717,191.85063,38.1103,0
1.0000002,4.15661,0.46374518,177.73463,38.106346,0
1.0000001,4.6270356,0.46363583,216.8698,37.46,0
1.0000004,3.8470252,0.46386415,164.89716,38.276417,0
0.99999994,3.8697162,0.46388677,163.4236,37.493595,0
1.0000004,3.6376698,0.4635442,164.9829,39.03808,0
1.0000001,3.873436,0.4633107,213.69926,39.28166,0
0.9999999,4.8077407,0.46286818,154.71295,37.689976,0
0.9999999,3.9392443,0.46348235,157.0076,37.9657,0
0.9999996,4.16166,0.4632445,182.15315,38.820614,0
1.0000001,3.760612,0.46262106,176.68384,38.191826,0
0.9999999,3.8887193,0.4625577,185.08026,37.950787,0
1.0000007,3.8714545,0.46314165,183.64647,38.369,0
1.0000004,3.7416797,0.46304744,156.3707,38.83579,0
1.0,5.1780467,0.46272838,187.1899,38.868587,0
0.99999976,3.6648836,0.46297538,139.30972,38.180088,0
0.9999995,3.76003,0.46300516,190.91301,37.46854,0
0.99999994,3.6932366,0.4632445,149.60727,38.169502,0
1.0,4.1764264,0.4631654,161.37894,38.974777,0
1.0000001,4.3826423,0.46250737,164.94188,37.387215,0
0.9999997,3.746544,0.46306515,154.89912,38.006023,0
1.0000001,4.107399,0.46325094,197.93843,39.193813,0
0.9999998,3.8876386,0.4632199,157.11433,38.016563,0
1.0,4.125722,0.46295917,199.27507,37.61379,0
1.0000001,4.008032,0.4628491,197.79051,38.61636,0
0.9999999,4.120277,0.4635026,151.11275,37.40147,0
0.99999976,3.8951309,0.46323982,155.73152,38.115314,0
0.99999994,5.0571213,0.46310174,139.94807,39.173344,0
1.0000001,4.111847,0.4633247,195.82385,38.00452,0
1.0000002,5.123187,0.46338814,154.86081,38.01313,0
0.99999994,3.8142555,0.4631056,166.51314,38.167706,0
1.0000001,3.9728365,0.4630594,152.82573,38.298958,0
0.99999976,3.7251513,0.46269876,154.3592,37.721775,0
1.0000002,3.573557,0.46328035,212.3612,38.1892,0
0.9999998,5.511908,0.46369305,175.7667,36.71941,0
0.9999998,4.0020514,0.4632211,145.41287,38.900448,0
1.0000002,3.5731714,0.46304864,154.87106,37.82917,0
1.0000002,3.555501,0.46318474,172.36755,38.244556,0
1.0,3.772314,0.4628917,173.82385,38.269955,0
1.0000001,3.6698024,0.46352926,162.84447,37.551777,0
1.0000002,3.9234786,0.46343526,189.96996,38.210674,0
0.9999998,5.4613385,0.46283495,193.6026,38.32379,0
0.9999997,3.7320561,0.46303532,148.91934,38.572575,0
0.99999994,3.7787204,0.46290222,164.4509,38.113934,0
1.0000002,5.5073576,0.46324363,177.33109,38.373802,0
1.0000001,3.6552036,0.46290126,150.96794,38.92494,0
0.99999994,3.530247,0.46286702,157.26219,37.773457,0
0.99999946,4.397924,0.46349582,168.91412,38.24946,0
1.0000005,3.852313,0.46292752,186.64949,38.806477,0
1.0000002,3.8089678,0.46311474,155.88997,38.55499,0
1.0000002,3.920466,0.46356177,159.78668,38.180023,0
0.99999964,3.6853037,0.46298316,168.62657,38.247364,0
1.0000002,3.892885,0.46310946,167.61742,38.577347,0
1.0000001,3.9143355,0.4632877,165.75035,38.562397,0
1.0000004,4.021458,0.46314275,163.5451,38.0599,0
0.9999999,3.7580388,0.4629717,173.79434,37.159386,0
0.9999999,4.054103,0.4631789,175.48328,38.37401,0
1.0,3.7096395,0.4635272,163.12688,38.99958,0
0.9999999,4.0942497,0.46295354,167.4594,38.257862,0
1.0000005,4.1097994,0.4634681,171.38617,38.333252,0
0.9999999,4.1447515,0.463169,162.01192,37.61547,0
1.0000001,3.7732868,0.46283188,146.8428,38.47646,0
0.99999994,3.9517434,0.4629498,143.22632,38.116375,0
1.0000004,3.8202074,0.46310106,156.12827,38.609726,0
0.9999997,3.7810287,0.46293384,149.0941,38.35123,0
0.99999994,3.8330905,0.46364912,143.3671,38.021156,0
0.9999999,3.678772,0.46304035,176.67743,38.271614,0
1.0000002,3.7013924,0.46365422,180.1927,38.593037,0
1.0000001,4.065542,0.46369636,244.3481,38.504192,0
1.0000004,3.5543623,0.4630095,187.85068,37.996887,0
0.99999994,3.5311153,0.46370155,152.19487,38.164867,0
0.99999976,4.036697,0.46277824,151.93085,37.893,0
1.0000001,3.9852192,0.46283185,161.93756,38.026882,0
0.99999976,4.243551,0.46311557,195.79959,38.880276,0
0.99999994,3.9032857,0.4632963,168.11383,37.48998,0
1.0000004,4.402452,0.4633126,165.59785,37.917774,0
1.0000002,4.2574615,0.4634268,190.51717,39.068455,0
1.0000004,3.8690286,0.4633383,152.9645,37.833187,0
1.0000001,3.793848,0.46312723,151.33781,37.862198,0
0.9999998,3.6456757,0.46317953,144.25027,37.666267,0
1.0000002,3.8821416,0.4625643,144.83331,37.755768,0
1.0000004,3.6192966,0.46275467,151.42892,38.614124,0
1.0000004,3.734941,0.46333674,159.71625,38.262993,0
0.9999999,3.696618,0.4639699,138.2945,38.40867,0
0.99999994,3.7054408,0.4630618,150.86304,37.34368,0
1.0000002,3.800433,0.4628377,160.27374,37.856087,0
0.99999976,4.205358,0.4630413,155.8649,38.12623,0
1.0,3.8215778,0.4629024,238.44702,38.20758,0
0.99999946,3.8179247,0.46292996,174.26079,37.97475,0
1.0,3.7385902,0.4626504,200.50275,38.561714,0
1.0000001,5.015534,0.46307984,231.52705,38.527073,0
1.0000002,3.8408325,0.46295443,166.41185,38.43828,0
1.0000002,3.836878,0.4633772,158.55826,37.823032,0
1.0000002,3.7779474,0.46336105,167.23308,38.15108,0
1.0000002,4.1366773,0.46389294,188.52814,37.694523,0
0.99999976,3.7626781,0.46297053,180.31334,38.404827,0
1.0000001,4.1272793,0.4634919,169.79129,38.038883,0
0.99999994,4.2770896,0.4639639,161.39145,38.17421,0
1.0000001,3.8569164,0.46356446,197.80898,39.18131,0
1.0,3.9301438,0.46372998,164.8679,37.761383,0
1.0000002,3.8913298,0.46365464,214.23384,38.63849,0
1.0000001,4.280356,0.46345788,151.7444,37.58965,0
1.0,4.0436363,0.4635854,162.62451,38.007572,0
1.0,4.19838,0.4634065,188.95766,38.0159,0
0.99999994,3.845851,0.4634849,153.10411,37.423977,0
1.0,3.7905357,0.46366027,186.36409,38.438393,0
1.0000006,3.6955523,0.46346045,170.572,38.52961,0
0.9999998,3.6114073,0.46332875,163.88242,38.646336,0
0.9999999,3.585303,0.46347478,163.4407,38.21545,0
1.0000004,3.6985383,0.46388745,156.90839,37.968544,0
1.0,3.954774,0.4629922,180.97855,37.989788,0
1.0000001,3.7482426,0.4632562,164.70842,38.042103,0
1.0000006,5.8781586,0.46414593,151.29297,37.75066,0
1.0000001,4.08789,0.46396416,164.82973,37.79163,0
1.0000001,3.627989,0.4633783,150.31447,37.996292,0
1.0,3.752582,0.4629772,181.9469,37.89287,0
1.0000004,4.0187407,0.46353763,170.8384,39.411976,0
1.0000001,3.5725403,0.46367785,183.83736,38.69247,0
0.99999994,3.6882505,0.4633218,131.62944,38.542202,0
1.0,3.9294374,0.46393615,191.57616,38.20206,0
1.0000002,3.9565494,0.46393535,155.71272,37.86453,0
1.0,6.492682,0.46373814,155.01051,38.051167,0
0.9999996,4.032219,0.4630976,173.08177,37.062836,0
1.0000001,3.9973905,0.46336618,146.39558,38.077534,0
1.0000004,3.997128,0.4639748,183.68242,38.046,0
1.0000001,4.5483317,0.46369773,180.76596,38.245224,0
0.99999994,3.992126,0.46291694,150.18744,38.216835,0
0.9999998,4.004513,0.46361116,151.95767,37.80438,0
1.0,4.033172,0.46401888,170.94386,38.68464,0
0.9999998,3.7518835,0.4633951,134.42567,38.15809,0
1.0,4.713431,0.46392956,156.74583,37.239212,0
1.0,6.064452,0.4637001,176.79752,38.37371,0
1.0000001,6.196674,0.4643201,171.8077,38.30429,0
1.0000002,3.9206514,0.463177,151.6866,38.40327,0
0.9999998,3.8272243,0.4640072,159.38028,38.016,0
1.0000002,3.5662408,0.46383843,181.84845,38.196945,0
0.99999976,3.923423,0.46373868,186.00327,37.368748,0
0.9999999,3.7076466,0.46288523,202.82169,38.165333,0
0.9999999,4.596817,0.46376714,154.19325,37.231037,0
1.0000001,3.715928,0.46353388,183.70139,38.259716,0
1.0000004,3.689782,0.46323448,183.99591,38.87735,0
0.9999999,5.059106,0.4634633,164.75142,38.324608,0
1.0000005,4.6975923,0.46387666,144.91573,38.682865,0
1.0,3.6625652,0.46311176,182.50124,37.66115,0
1.0000004,3.9544513,0.46331197,185.60916,38.094803,0
1.0000001,3.988191,0.46372804,212.85162,38.290882,0
1.0000002,5.02796,0.4635505,150.75568,38.07336,0
0.99999994,3.6865425,0.46375284,156.97745,38.16067,0
1.0000002,4.273378,0.46306226,174.7644,38.18455,0
0.99999994,3.7294512,0.4632922,215.5524,38.55042,0
1.0000004,3.6750183,0.46350405,210.67004,38.95141,0
0.99999964,3.8118784,0.46334124,184.56017,38.55562,0
1.0000001,4.780519,0.46362415,177.48172,38.437695,0
1.0000004,5.273632,0.46316797,165.04762,38.61874,0
0.9999999,4.130903,0.46327284,175.51965,37.878014,0
1.0000002,5.3961453,0.46331874,166.79706,37.95632,0
1.0000002,3.7729726,0.46379775,157.67944,37.80043,0
1.0000001,4.8599916,0.46380702,170.7841,37.38679,0
0.99999994,4.0959954,0.46320042,165.41005,37.759403,0
0.99999976,3.8525357,0.4635013,125.99247,38.320568,0
1.0000004,5.2938004,0.46396676,184.37546,37.950615,0
0.9999997,4.1178403,0.46376196,154.56694,38.245033,0
1.0000001,3.8126185,0.46352422,210.05156,39.165653,0
1.0000002,4.057726,0.46355793,158.32483,38.86964,0
1.0000007,3.8029203,0.46331343,164.51523,37.31993,0
0.9999999,3.913853,0.46330774,177.03203,37.979454,0
1.0000002,3.733284,0.46324667,160.56697,38.615746,0
1.0000001,3.919849,0.46285355,160.93591,38.939194,0
1.0000004,5.0065784,0.46302387,195.83145,38.202477,0
0.9999997,4.406552,0.46326438,196.55653,37.83995,0
1.0000002,4.990861,0.46286404,159.06505,38.068806,0
1.0,4.255249,0.4632666,178.18584,38.83704,0
1.0000002,3.981885,0.4633788,166.326,38.15214,0
0.99999994,3.8850617,0.46291056,143.90903,37.885963,0
1.0,3.8907146,0.46300045,184.15099,37.51715,0
1.0000006,3.6138477,0.46291417,190.70561,38.835007,0
1.0000002,3.8886378,0.4629662,150.10889,37.7004,0
0.99999964,3.8134532,0.4630537,159.5259,38.679638,0
1.0000005,4.3675456,0.46354523,153.53168,37.660637,0
0.99999976,4.804458,0.46305376,165.30534,38.20697,0
0.99999964,4.2809186,0.46266967,153.36429,38.188522,0
1.0000001,3.691956,0.46275797,205.41812,38.370052,0
0.9999999,4.030201,0.4632416,157.67892,38.63781,0
1.0,3.726512,0.4631208,185.55034,37.952995,0
0.9999999,3.6367304,0.46311626,164.33876,38.652935,0
1.0000001,3.6223347,0.46305922,145.82927,37.9133,0
1.0000001,9.085157,0.46331137,142.5499,38.437057,0
0.9999998,3.6728709,0.4630918,154.40761,38.87504,0
1.0000006,3.7973785,0.46337917,164.60164,38.235332,0
1.0000002,3.7433572,0.46330303,170.85509,38.593346,0
1.0000001,3.7138357,0.46265972,137.7563,37.565582,0
1.0000004,3.6115863,0.4628891,149.96179,37.993633,0
1.0000001,3.8464427,0.46345723,176.24342,38.00785,0
1.0000001,3.9752269,0.46324494,175.56895,37.2761,0
1.0000002,3.6745937,0.4626985,160.80872,37.384132,0
1.0,4.765977,0.46299225,175.28506,37.667233,0
0.99999946,5.0392523,0.463379,194.7942,38.040985,0
1.0000002,3.78449,0.46332228,187.19398,37.806442,0
1.0000006,6.4389462,0.46328992,171.38496,38.270813,0
1.0000001,3.7451684,0.46281236,171.8439,37.759247,0
1.0,3.691608,0.46332815,146.66101,37.521347,0
0.9999998,3.5358489,0.46260574,184.23444,37.667614,0
1.0000002,4.390965,0.4629147,151.05318,38.326183,0
1.0000004,4.1940637,0.46311316,221.41127,38.339935,0
1.0000005,4.8796654,0.46309677,197.83807,37.484856,0
0.9999998,3.7805736,0.46309426,173.35727,38.00637,0
1.0000001,3.784111,0.46296585,160.22813,38.246384,0
1.0000004,3.5932863,0.46300256,209.09349,38.42248,0
0.99999994,3.7992687,0.46288443,184.43355,38.11932,0
0.9999999,3.8521864,0.46310684,186.16951,38.110832,0
1.0000004,3.6406183,0.4632675,175.85101,38.710556,0
1.0000001,4.1715093,0.46355012,175.60725,37.806015,0
1.0000004,3.6033273,0.46338475,175.47896,38.753204,0
0.99999994,3.9611855,0.46363,178.06094,38.43232,0
1.0,4.045403,0.46312764,174.36394,37.911636,0
1.0,4.162535,0.46293253,179.28392,37.89032,0
0.9999997,5.2470045,0.46261984,196.2774,37.835663,0
0.9999995,3.8990781,0.46313602,162.6909,37.916733,0
1.0000001,3.7621832,0.4631058,150.56926,38.27126,0
1.0000001,4.283494,0.46261892,188.76846,37.756115,0
1.0000001,4.521116,0.4633519,174.21072,37.122772,0
1.0000004,3.675857,0.46292174,195.36755,38.571148,0
1.0000005,3.8649242,0.4633079,190.36041,38.354485,0
1.0,3.809334,0.46316114,216.7702,38.69407,0
0.9999999,3.814271,0.46304974,238.51982,38.44334,0
0.9999999,3.7806304,0.46286473,176.76328,38.212994,0
1.0000002,3.9183304,0.4632385,153.93665,38.603157,0
1.0000001,4.4458404,0.4630393,181.27977,37.91431,0
0.9999999,4.4332733,0.46294054,185.12613,39.173798,0
0.9999998,5.3076367,0.46334937,180.76366,37.763824,0
0.9999999,4.148841,0.46291855,177.4662,38.69855,0
1.0000004,3.658618,0.46356273,181.94727,38.389553,0
1.0000001,3.9215863,0.46237487,171.34135,38.671257,0
1.0000002,3.5515997,0.4633058,138.2603,38.73371,0
0.99999994,4.6868777,0.46353802,168.24419,37.749756,0
1.0000004,3.7352545,0.46284145,142.95949,38.61155,0
0.9999998,3.7144396,0.4628995,163.47855,37.876793,0
0.9999997,3.8844993,0.4631787,210.33649,37.749336,0
0.9999999,4.119251,0.46319318,171.71597,37.188095,0
0.99999946,4.015443,0.46308914,158.5202,37.68463,0
0.99999976,4.4112453,0.46287113,144.54233,38.246082,0
0.9999999,4.227995,0.46321422,146.8351,38.295696,0
0.9999997,3.614659,0.46284592,179.60626,38.218693,0
1.0000004,4.393113,0.46337345,155.21954,38.37786,0
0.9999998,5.2210155,0.4624933,166.8256,37.79148,0
0.99999994,4.578686,0.46347642,159.88144,37.091682,0
1.0000005,3.7420738,0.46367857,191.49843,38.58406,0
1.0000001,4.8124413,0.463095,194.2175,38.191536,0
1.0000001,3.734924,0.46311006,161.97595,37.582817,0
1.0000002,3.6339183,0.46306345,149.22816,37.676792,0
0.9999997,3.7889636,0.46286887,199.32687,38.19148,0
1.0,3.907776,0.46307576,188.26987,38.502316,0
1.0000004,4.4002433,0.4628359,177.53372,38.683887,0
0.9999997,3.6623306,0.46357524,199.94394,38.288666,0
0.99999994,3.6907423,0.4633893,154.91335,38.279858,0
1.0,3.900577,0.46286115,177.40845,39.141975,0
0.9999996,4.359973,0.46348622,204.07147,37.736465,0
1.0000005,3.730777,0.46343973,148.88191,37.81267,0
1.0000001,5.145702,0.46301365,157.4921,37.570263,0
0.99999994,5.1883836,0.46286198,176.71758,37.629078,0
0.99999994,3.6798465,0.4632564,152.96094,37.506794,0
1.0000001,3.7705336,0.46328214,163.13696,38.443676,0
1.0000002,3.887943,0.4627712,168.97531,37.936825,0
0.99999994,4.0755305,0.46278748,162.36081,38.326866,0
1.0000002,3.9849346,0.463168,166.56792,37.910076,0
0.9999998,4.440606,0.4632024,201.29247,38.06802,0
1.0000002,3.6395674,0.46288082,180.36134,37.618843,0
0.99999994,3.893695,0.46283856,153.69583,37.006252,0
1.0,4.1380043,0.46340922,184.78645,37.810226,0
0.9999999,4.142227,0.46344182,180.60829,38.599518,0
0.99999946,4.451552,0.46295062,219.44366,38.1672,0
0.99999976,4.223995,0.4625404,164.11024,38.25406,0
1.0,4.0874643,0.46266243,159.26527,37.90839,0
0.9999998,4.2453103,0.46334818,139.71648,37.853054,0
1.0000005,4.2105365,0.46339673,159.81364,38.37845,0
0.9999997,3.647434,0.4632479,195.8363,38.857956,0
1.0000001,3.7656415,0.46357924,141.286,37.671314,0
0.99999964,3.78962,0.4633911,175.7773,38.17702,0
0.99999994,4.470679,0.4629165,164.96588,38.191742,0
1.0000002,3.5794792,0.46329954,195.37828,38.96005,0
1.0000006,3.8249323,0.46401793,163.57063,38.27149,0
1.0000001,3.8803551,0.46320188,184.29147,38.469116,0
1.0000001,3.7680657,0.46314034,183.25832,38.72933,0
1.0000006,4.2243075,0.46359906,155.13016,38.081207,0
0.9999997,3.6785088,0.46368644,165.96104,39.041637,0
0.99999994,3.856804,0.46363,175.21114,38.00318,0
0.99999964,3.8172033,0.4635626,162.67996,38.349083,0
0.99999946,4.1250176,0.46344626,164.14969,37.851505,0
0.9999998,3.8028002,0.46300387,151.13464,38.17093,0
0.9999999,4.2959714,0.4633824,220.48392,38.739773,0
0.99999964,7.4103603,0.46512327,144.90955,37.30319,0
1.0000001,3.7225416,0.46387526,196.9596,38.142143,0
1.0000005,3.7538068,0.46344993,146.92192,38.261417,0
1.0000004,4.733772,0.46345976,158.74731,38.14845,0
0.99999976,3.7185264,0.46337974,194.6946,38.214176,0
1.0000006,3.6904602,0.46336144,208.73935,39.111256,0
1.0000002,4.2077613,0.46313778,162.99417,38.430912,0
0.99999994,3.5885496,0.46434012,179.75111,37.925198,0
1.0000004,3.933209,0.4633084,150.80458,38.09065,0
1.0000001,4.9646363,0.4637913,206.96997,39.357155,0
0.99999976,4.111777,0.46358085,178.89717,38.437866,0
1.0000004,4.351092,0.463351,157.68289,37.82975,0
1.0000002,4.0983844,0.4634927,140.53577,38.54783,0
1.0000001,4.396344,0.46352428,171.23273,39.12448,0
1.0000001,3.7001543,0.4638049,156.36325,38.576706,0
1.0000002,4.6280046,0.4636584,156.41672,38.57274,0
1.0000004,4.2680717,0.46353638,143.72585,37.32407,0
0.9999999,3.8050108,0.4634329,186.26704,37.931843,0
1.0000002,4.782768,0.46320283,176.80191,37.98059,0
0.9999999,7.5576653,0.46403712,155.03539,37.5255,0
0.9999998,4.6380925,0.4637073,152.95528,38.67949,0
1.0000001,5.376948,0.46286207,160.58267,38.037502,0
0.99999964,5.0715117,0.46347523,153.39253,37.904846,0
0.99999964,4.2623396,0.463773,193.00801,37.607788,0
0.99999964,3.9921741,0.46342075,209.19194,38.928432,0
0.99999994,4.400177,0.46343794,201.3852,38.227814,0
1.0,4.468241,0.4633075,146.66109,38.629765,0
1.0000001,3.8785133,0.46335387,178.58766,38.49871,0
1.0000002,3.7719727,0.46337292,201.40617,38.36704,0
1.0000004,3.791457,0.4636002,159.3011,37.84849,0
1.0000005,3.9719763,0.46336794,201.43068,38.508,0
1.0000002,3.9120913,0.46338546,183.96275,38.482933,0
1.0000006,3.8752837,0.46351755,218.08011,38.7401,0
1.0000004,4.788561,0.4638797,199.84659,37.71304,0
1.0000001,4.0016537,0.4628171,191.4747,39.01337,0
1.0000001,3.986454,0.46332496,200.22849,38.422836,0
0.99999976,4.2189174,0.46309468,204.82639,38.71112,0
0.99999994,3.6468365,0.46410647,162.81963,37.886677,0
1.0000001,5.0538797,0.46299228,156.57608,38.755753,0
0.99999994,4.051637,0.46297604,170.91095,38.32948,0
0.99999976,4.0320525,0.46337357,172.85838,38.68223,0
1.0000004,4.451091,0.46324626,185.86491,37.854973,0
1.0000001,3.7980423,0.46370587,157.47206,38.54472,0
0.99999994,3.762657,0.4633754,142.24081,37.698048,0
0.99999976,4.286491,0.46320733,180.45941,38.481148,0
1.0,3.6916194,0.46351528,160.95387,37.274773,0
0.9999999,3.7920523,0.46343794,187.65146,38.37577,0
1.0000005,4.7038436,0.46299013,181.43123,37.967102,0
1.0000002,4.182573,0.463416,174.48036,38.531174,0
0.9999997,3.5417416,0.46317497,229.59366,38.729404,0
1.0,3.8615394,0.4637101,159.1685,37.977306,0
1.0000002,4.1085753,0.4631553,185.02315,37.620285,0
1.0000001,4.2449856,0.46367368,197.68134,37.747643,0
1.0000001,4.4330125,0.46329704,154.4569,38.458904,0
1.0000001,3.9218984,0.4634205,187.5383,39.098972,0
0.9999996,3.7923067,0.46301603,173.33626,37.932583,0
1.0000004,3.6873267,0.46259436,144.19917,37.677433,0
1.0000001,3.9061437,0.46363798,140.21565,38.251434,0
1.0000001,3.8748934,0.46379396,200.10698,38.625328,0
0.9999999,3.6889744,0.46329767,146.10028,38.632397,0
0.9999998,3.9818754,0.46358493,173.74689,38.291485,0
1.0,4.188954,0.46374324,173.89755,39.819347,0
1.0,3.987664,0.4631544,195.26797,38.11009,0
1.0,4.170977,0.46365398,150.54594,37.226612,0
1.0000002,3.8834975,0.46385333,183.5683,37.741642,0
0.9999997,3.875748,0.4633309,158.22786,37.6681,0
1.0000001,4.380545,0.46414223,190.23021,37.36202,0
1.0000001,3.9251816,0.463423,161.39168,38.357536,0
0.99999994,4.1383953,0.4636118,177.84883,38.780933,0
0.9999995,4.379579,0.46316218,188.60681,38.93411,0
0.99999976,4.3908463,0.4636819,177.83821,39.46047,0
0.99999994,4.2401485,0.46345857,163.04947,37.093395,0
1.0000001,3.7069938,0.46305856,195.07312,39.52062,0
1.0000001,3.70069,0.46345082,163.48674,38.324738,0
1.0000001,4.5958805,0.46381497,150.72395,39.786125,0
0.9999998,3.5355449,0.46350983,164.38571,38.168335,0
1.0000006,3.9924536,0.46331584,231.91957,37.81358,0
0.99999994,5.3091,0.46326187,159.70502,38.016556,0
0.99999964,4.3135467,0.4631086,190.00327,38.520763,0
0.9999999,4.3406086,0.46381927,157.10909,38.694225,0
0.9999999,3.8511686,0.46299842,149.434,39.10911,0
0.9999999,3.7671022,0.46315846,130.50575,38.026314,0
1.0000002,4.136011,0.4627122,161.83527,37.863106,0
0.9999999,4.0414014,0.46353167,162.95016,37.69512,0
0.9999999,3.8305936,0.4635482,195.05937,38.181637,0
1.0000001,3.945517,0.46332908,192.6295,38.546265,0
1.0000002,3.6980233,0.46369827,189.36708,37.205086,0
1.0000004,3.873679,0.4632502,160.98442,37.417843,0
1.0000008,3.767639,0.46361697,220.27493,38.36804,0
1.0,4.1683593,0.46378145,199.41345,38.066612,0
1.0000004,3.752133,0.46355975,147.51642,39.19452,0
1.0000001,4.7676587,0.46304023,164.00832,38.064545,0
0.9999998,3.8356225,0.46348095,193.59807,38.696384,0
0.9999999,3.882828,0.4633229,174.74763,38.17931,0
1.0000002,4.2230344,0.46297655,166.73027,39.37874,0
0.9999999,7.181347,0.46323878,157.95473,38.30531,0
1.0000001,3.852588,0.46333116,154.01266,38.870792,0
1.0,4.614675,0.4633475,173.4686,38.31685,0
1.0000002,3.871074,0.4631719,174.82587,38.788555,0
0.9999999,3.9458082,0.46307105,168.10696,38.30033,0
0.9999998,3.8042567,0.46348974,162.54343,38.65728,0
1.0000001,3.9275854,0.46324217,171.42336,38.37582,0
1.0000001,4.1691465,0.46317253,202.37636,38.390247,0
0.99999994,3.9813626,0.46340662,176.45493,37.853367,0
1.0000004,3.7512832,0.46315607,158.98305,36.917316,0
0.99999994,3.971727,0.4630049,147.49158,37.395588,0
1.0000002,5.0956984,0.46321067,182.78539,38.8242,0
0.99999976,3.7304816,0.46289742,167.29515,38.543198,0
1.0000002,3.571175,0.46270117,162.54091,38.576984,0
0.99999976,4.0289893,0.46388754,149.17963,37.7421,0
0.99999994,3.8344584,0.46258935,155.77805,38.205856,0
0.9999997,3.9757318,0.46309373,176.41116,38.092876,0
0.9999996,4.5930486,0.4634041,172.84195,37.790516,0
0.99999976,4.1726327,0.46314362,185.82744,39.210865,0
1.0000001,4.5378957,0.463078,169.82515,37.639027,0
1.0000002,4.0689397,0.46354082,183.1495,38.471825,0
0.9999998,3.588718,0.4633364,165.95383,38.526226,0
1.0000001,3.8686736,0.46309224,172.1191,39.245464,0
1.0,3.8845081,0.46348575,134.67648,38.05049,0
1.0,3.888123,0.46336612,188.5503,38.19634,0
0.9999999,3.7488456,0.46274665,146.49004,37.424538,0
1.0000004,3.8050268,0.4628864,180.85553,38.527126,0
1.0000001,4.79414,0.46323285,168.6194,38.818745,0
1.0,3.5293536,0.4627666,187.60393,38.153206,0
1.0,3.726542,0.4628137,167.08154,38.247543,0
1.0000002,3.8005297,0.46324128,174.74794,37.985935,0
1.0000002,4.5941067,0.46301407,170.12137,37.420887,0
1.0000002,4.0946255,0.46316737,147.93706,38.53238,0
1.0000002,4.8332005,0.4631215,188.33824,38.61675,0
1.0000004,5.1094265,0.46339208,183.05435,38.71375,0
0.9999997,4.5139594,0.46316606,179.30919,37.922455,0
1.0,3.7295613,0.46266368,170.9495,38.293938,0
1.0000001,3.6393425,0.46349233,159.38133,37.811527,0
1.0000002,3.890237,0.463074,159.23306,37.679173,0
0.9999998,3.7062845,0.46284384,162.02913,38.327324,0
1.0000002,3.7104816,0.46295238,158.77893,38.702118,0
1.0000004,3.9788015,0.46336666,198.51195,38.121918,0
1.0000001,4.136122,0.46333104,150.56564,38.4805,0
1.0000005,5.6462593,0.4631165,193.03357,38.127487,0
0.9999997,3.831718,0.46312732,161.14897,39.378704,0
1.0000001,3.9627798,0.462718,182.24408,38.104633,0
0.99999994,3.7150316,0.4630459,163.18413,37.89398,0
1.0000007,3.716033,0.4633225,159.57263,38.37677,0
1.0000004,3.8510544,0.46266648,171.12271,37.53969,0
0.9999998,3.6865222,0.4631628,186.324,38.084263,0
0.99999964,3.6967669,0.46330377,164.85858,38.481686,0
1.0000001,4.0195465,0.463067,242.30093,37.850307,0
0.9999999,4.2577558,0.46311137,180.49274,38.077713,0
1.0000001,3.4881594,0.46266052,150.64159,38.749264,0
0.9999998,3.8318858,0.46271965,194.7104,39.129013,0
1.0000004,3.6130266,0.4633442,156.99739,38.355,0
0.9999999,4.352491,0.46283296,154.21869,38.556553,0
1.0000002,3.8678012,0.4628241,141.07239,38.53087,0
1.0000002,4.102328,0.4627203,180.48628,37.243187,0
0.9999999,3.767433,0.4630909,135.02591,38.225163,0
1.0000004,3.8641284,0.46295217,153.88434,38.52034,0
0.99999964,3.9447625,0.46306476,178.65437,38.158638,0
1.0000001,4.708827,0.4631226,171.10007,37.313915,0
1.0000001,4.1377463,0.46298462,178.43806,38.98947,0
1.0000004,3.7358847,0.4627021,154.08968,37.604282,0
1.0000001,3.768893,0.4629948,188.32713,37.642166,0
0.99999976,3.8891323,0.46273673,172.94269,38.099056,0
0.99999976,3.541225,0.46295628,171.25714,38.366127,0
1.0000002,3.6718261,0.46353465,154.42825,37.92395,0
1.0000001,4.0135727,0.4632944,163.18677,38.524822,0
1.0000005,3.6966467,0.46299258,152.35643,37.52599,0
0.9999997,4.124043,0.463042,196.28389,37.431908,0
0.9999998,4.0081944,0.46303484,187.06586,38.687435,0
0.99999994,3.8211238,0.46331212,152.88261,38.17589,0
0.9999999,4.6791654,0.46353227,172.06017,38.199448,0
0.9999996,3.7980852,0.46368387,171.18213,37.668785,0
1.0000005,3.69532,0.46348718,212.65883,37.54006,0
0.99999964,3.818188,0.46343058,174.51718,38.877182,0
1.0000002,3.9525194,0.46349713,176.54118,38.261803,0
0.99999976,4.322949,0.46343282,138.00777,38.23471,0
0.9999996,3.8234303,0.4634703,194.44582,37.85111,0
1.0000002,3.8891819,0.46383312,182.67342,39.35354,0
1.0000002,3.7228954,0.46398473,209.84947,38.848118,0
0.99999976,4.2316575,0.4636002,143.22995,38.323452,0
0.99999994,3.7056642,0.4630953,172.83168,37.218815,0
1.0000001,3.7985308,0.46356645,157.30804,37.591667,0
1.0000002,3.764637,0.46302235,173.29562,38.32627,0
1.0,3.716363,0.4631439,146.01436,38.48102,0
0.9999998,3.750135,0.46317708,138.65594,37.339497,0
0.99999976,3.7535415,0.4635923,158.23398,36.924797,0
0.99999976,3.8430903,0.46297953,170.4556,38.248024,0
1.0000004,3.6958592,0.4631505,160.25182,38.77356,0
1.0000001,3.7513454,0.46329492,165.95369,38.247265,0
1.0,3.9831724,0.46342412,189.09233,38.133602,0
1.0000006,3.9455955,0.46365613,155.08545,37.61695,0
1.0000005,3.8911664,0.46356645,169.3888,38.607117,0
1.0000001,3.9884326,0.46352988,163.92024,38.052845,0
0.9999999,3.7898877,0.46304643,163.70721,37.814926,0
0.99999976,3.9373674,0.4634072,140.23758,37.901047,0
1.0000005,3.7589345,0.46333894,198.85896,38.02736,0
1.0000006,3.9175844,0.46373245,137.46974,37.300037,0
1.0000001,3.9061,0.46322998,171.20564,38.26851,0
1.0000001,3.6763377,0.4630503,149.48232,37.78884,0
1.0000005,4.47242,0.46330428,179.6681,38.609455,0
0.9999999,3.7541552,0.46371427,213.30234,37.870304,0
1.0000001,3.7315419,0.4634907,162.13379,39.338623,0
1.0000002,3.692785,0.4633196,181.17615,38.13267,0
1.0000002,4.0082793,0.46339488,176.41176,37.87581,0
1.0000004,4.429754,0.46338153,166.7979,38.06347,0
1.0000004,3.616762,0.46354783,174.07271,37.176815,0
0.99999994,5.114581,0.46330604,147.8593,38.0308,0
0.99999994,4.213057,0.46377587,151.69727,38.05284,0
1.0000001,4.4843645,0.46360734,156.30988,37.7131,0
1.0,3.9010265,0.4634252,167.6825,38.938705,0
1.0000002,3.8274875,0.46307322,171.44676,38.291348,0
0.99999976,3.7252142,0.46327007,183.09209,37.89964,0
0.99999994,3.9876595,0.46351025,178.59076,38.779373,0
1.0000002,3.7735589,0.46353933,189.52129,38.778267,0
0.99999994,3.8460243,0.46342778,200.54454,38.471054,0
1.0000001,3.6346958,0.46333605,185.68546,38.4176,0
1.0000005,4.019638,0.4638695,149.66278,37.63603,0
1.0000001,4.0096593,0.46356124,155.07281,38.279816,0
1.0000001,3.9469073,0.46409467,182.75229,38.443684,0
0.9999999,3.9541454,0.46370554,182.81355,37.178608,0
1.0,3.8712175,0.46361133,159.0833,38.082226,0
1.0000001,3.7159092,0.46321175,179.39885,38.35294,0
0.99999994,3.756798,0.46348956,187.72067,37.689835,0
1.0,4.392478,0.46354717,160.24883,38.357216,0
1.0000001,5.1548624,0.46314296,163.77469,38.15553,0
1.0000001,3.6255412,0.46316722,147.71477,38.017094,0
0.9999998,3.942147,0.4631512,153.00856,37.63572,0
1.0000002,4.392676,0.4638108,147.46063,38.0433,0
1.0,4.0106344,0.46318984,129.83034,37.859947,0
1.0000004,3.73467,0.4638156,170.35023,37.463505,0
0.9999998,3.610186,0.4633672,170.43689,39.4156,0
1.0000001,3.8031766,0.46359926,202.92172,38.029617,0
0.9999997,4.2622313,0.46374333,172.50064,38.394733,0
0.9999997,3.6951327,0.46315238,174.88974,36.99727,0
0.9999996,3.8217523,0.46306276,195.05568,38.36758,0
1.0,3.7038093,0.46362358,172.88689,38.4987,0
1.0000004,4.384521,0.46317983,174.40001,38.19906,0
1.0000001,4.5383177,0.46368635,222.4848,38.626984,0
1.0000005,3.6849868,0.46382925,162.83842,38.96065,0
1.0,3.7685454,0.46316567,160.68323,37.67405,0
1.0000001,3.78401,0.46337768,163.2031,38.369503,0
1.0000005,3.8011527,0.4638364,156.12639,37.204967,0
1.0000001,4.914326,0.46362025,182.63293,37.444942,0
0.9999997,4.00069,0.4637187,176.47456,37.7709,0
0.9999997,4.4474998,0.46337262,147.7567,36.963238,0
0.99999994,3.851515,0.46323565,150.7505,38.028435,0
0.99999976,3.877803,0.46401593,212.09975,38.20578,0
1.0000001,3.846734,0.46313813,155.50378,38.150852,0
1.0000001,4.147166,0.46435666,172.81677,38.829887,0
1.0000002,4.587461,0.46359345,156.91437,38.81019,0
1.0000001,4.0038495,0.46368712,158.6344,38.649055,0
0.99999994,3.5731084,0.46349603,181.67386,38.621674,0
1.0000001,3.88586,0.4636652,164.91164,38.453365,0
0.9999999,4.206447,0.46354765,211.5282,38.42516,0
0.9999999,3.7623737,0.46347076,170.43045,38.685875,0
1.0000004,4.2134614,0.46387148,165.88995,39.08024,0
0.9999999,3.9199739,0.46373335,161.16245,38.96062,0
1.0000001,4.5127873,0.46391597,151.94894,38.350323,0
1.0000004,4.0606513,0.46339068,176.24919,37.606953,0
0.9999999,4.0086355,0.463918,208.63449,38.535896,0
1.0000002,3.7129269,0.463877,195.3779,38.36198,0
0.9999997,3.8530366,0.46342298,172.66711,37.142273,0
1.0000004,4.619856,0.46352655,158.36862,38.587597,0
1.0000001,4.3025355,0.46336046,140.38031,37.738754,0
1.0000002,4.2344007,0.46329087,132.95872,37.297333,0
1.0,3.7785351,0.4630601,177.47278,37.558933,0
0.99999994,3.8863392,0.46367773,168.90913,38.54322,0
0.9999999,3.6694682,0.46407723,161.30975,38.292374,0
1.0000002,3.779209,0.46365684,178.30698,38.158516,0
0.9999999,3.980272,0.46343842,192.51709,37.493366,0
0.9999998,4.0763946,0.4637734,152.1441,37.947914,0
1.0000001,3.6807868,0.46370897,153.92447,37.62513,0
0.9999998,3.8616662,0.46317557,158.68607,39.09812,0
1.0000001,4.0662737,0.46375236,151.51868,38.89141,0
1.0000001,3.6301553,0.4635664,177.97025,37.501553,0
1.0000002,4.063521,0.46331105,207.35626,38.30027,0
1.0000001,3.9247966,0.46364498,191.84673,38.076294,0
1.0,3.9764915,0.46373203,178.41504,37.84788,0
1.0,3.8065083,0.46371064,217.35887,38.396053,0
0.9999998,3.8914702,0.4638392,174.2384,37.578712,0
1.0000001,3.8619347,0.46351203,162.6298,38.756573,0
1.0000006,3.8979313,0.46362734,183.82137,38.284576,0
0.99999964,3.9198008,0.46358946,178.48528,38.14221,0
0.9999999,3.887909,0.4637268,149.02666,38.128128,0
0.9999997,4.029238,0.4636894,182.55275,38.811115,0
1.0000004,7.4378242,0.46455452,159.16776,38.46912,0
1.0000001,3.869172,0.4641727,176.14955,38.3565,0
1.0000004,3.8271496,0.46345448,167.7293,38.167416,0
0.9999998,3.7930756,0.46347663,165.39137,38.184345,0
1.0000002,3.6573384,0.46362048,150.51157,38.814163,0
0.9999999,3.9624436,0.46284238,184.85101,38.876755,0
1.0000004,3.7049282,0.4635497,164.91045,37.940765,0
1.0000001,3.8801634,0.46329314,162.95682,36.701977,0
0.9999999,3.785588,0.46388248,152.35555,38.51499,0
0.99999964,6.6879144,0.46311867,155.84737,38.420555,0
0.9999996,3.8864167,0.46362412,210.62752,37.579216,0
1.0000004,3.769321,0.46405354,142.30345,38.833317,0
1.0000001,4.6723266,0.46321657,170.76682,38.165386,0
0.9999999,4.04992,0.46343392,155.28355,37.1187,0
1.0000001,3.992836,0.46410358,174.71173,39.139618,0
1.0000002,3.655137,0.46313497,160.9727,37.946384,0
1.0000006,3.834103,0.46366805,218.31136,38.579987,0
1.0000001,3.9665294,0.4632956,152.5594,38.42166,0
0.9999999,3.7754889,0.46327052,141.57611,37.956505,0
1.0,3.7343113,0.46402428,207.30655,39.203583,0
1.0,3.6943657,0.46349356,178.97826,36.990692,0
1.0000001,3.799285,0.46281874,152.47888,38.3829,0
1.0000002,3.6173398,0.46357065,168.2582,38.349834,0
1.0000004,3.9424841,0.46337354,153.37936,37.93087,0
1.0000001,4.180984,0.46315864,150.38152,37.62474,0
0.9999995,3.9332204,0.4641131,155.20964,38.054623,0
1.0000001,3.8407605,0.4630932,153.66116,38.34853,0
1.0000001,3.8197675,0.463504,160.83267,38.562923,0
1.0,3.8992152,0.4637936,148.62161,38.295395,0
1.0000004,4.177608,0.46325007,236.01436,37.808384,0
0.9999999,3.8175173,0.46335056,173.72646,38.4385,0
0.9999998,3.8282516,0.46354726,178.61057,37.627277,0
1.0,4.01065,0.46359736,171.55597,38.178356,0
1.0000001,3.8214555,0.46401355,177.55066,38.31959,0
1.0000005,3.8967505,0.46369934,162.14848,39.25168,0
1.0000004,3.8793151,0.46330032,155.16243,38.87347,0
1.0000001,4.3906655,0.46340492,155.7334,37.9736,0
0.9999997,4.2662206,0.4636166,154.42291,38.024265,0
0.99999994,3.887406,0.4635456,148.21349,38.288155,0
1.0000001,3.71756,0.4636863,166.29097,38.404526,0
0.99999994,3.9563403,0.46371344,171.93648,38.894947,0
1.0000002,3.993651,0.46298248,158.01161,38.95938,0
0.99999994,3.9046085,0.46385327,158.84529,38.21154,0
1.0000004,3.7326698,0.4632159,184.38216,39.67045,0
0.9999999,4.9589267,0.46311653,161.70058,38.80924,0
1.0000002,3.9882247,0.4637049,154.88655,37.919666,0
1.0000001,3.6652384,0.46424332,132.76219,37.445072,0
1.0,3.8281577,0.46352205,155.07953,38.294277,0
0.9999998,3.694342,0.46380427,195.53868,38.854176,0
1.0000001,3.8183324,0.46348053,171.86618,37.89006,0
1.0,3.7773817,0.46386504,205.03468,38.177143,0
1.0000001,3.7328124,0.46372154,193.8368,38.55795,0
0.99999994,3.631983,0.46315932,159.81592,38.266136,0
1.0,3.7186563,0.46295238,150.4104,38.270233,0
1.0000005,3.5713642,0.46259817,160.77061,38.47407,0
1.0000001,3.762498,0.46373188,185.63972,38.561127,0
0.9999998,3.792109,0.46351886,171.52422,37.720783,0
1.0,5.5787873,0.46354866,192.98337,37.994373,0
1.0000002,3.62821,0.4639683,160.6215,39.438763,0
0.99999994,3.7170067,0.46369195,191.76743,38.09572,0
1.0000001,4.133052,0.46343744,170.86923,37.900448,0
1.0000004,4.3893075,0.4634192,159.56506,38.463375,0
1.0000001,3.9991112,0.46332616,190.47424,38.18608,0
1.0000004,3.8142622,0.46343517,195.0395,38.527985,0
1.0000002,3.795857,0.4628924,164.20021,38.365646,0
1.0000005,3.7599647,0.4627799,164.38017,37.789806,0
0.9999999,3.952491,0.46343848,173.86768,38.6631,0
1.0,3.9052048,0.46299937,167.95053,37.875748,0
1.0000002,3.9131,0.46411023,165.58397,38.642654,0
0.9999998,3.7275982,0.46377867,175.3761,38.599422,0
0.99999976,3.6740644,0.4642613,155.73474,38.067375,0
0.99999994,3.6624389,0.4635751,186.0708,38.11323,0
0.99999994,3.8437638,0.4639285,132.31413,37.32746,0
1.0,3.7235901,0.46381208,139.37273,37.911648,0
0.9999995,3.9037216,0.46374792,214.96176,37.329353,0
1.0000001,4.017263,0.46306023,152.18314,38.31693,0
0.9999996,3.9021275,0.46374473,167.3863,38.885292,0
1.0000002,5.5470877,0.46355525,157.9703,38.015236,0
1.0,3.958253,0.46307787,154.71062,37.72552,0
1.0,3.8818634,0.46377584,177.61057,38.50746,0
1.0000001,3.744645,0.46362722,179.48799,37.37844,0
0.9999998,3.9029107,0.46342966,197.59901,37.459507,0
0.9999998,3.747835,0.46324205,174.06403,38.183876,0
1.0000001,3.8677788,0.46367157,171.84494,38.32662,0
1.0000004,4.063699,0.46340808,143.156,37.378433,0
0.99999964,3.8929513,0.46400484,190.6791,38.492077,0
1.0000002,3.7051635,0.46339706,180.2705,37.664326,0
1.0000001,3.9554715,0.46355203,164.41791,38.59217,0
1.0000001,3.830368,0.46404976,187.1394,38.764954,0
0.9999998,4.1796036,0.4638003,151.94267,38.433838,0
0.99999994,6.3446436,0.4632134,167.42256,37.30315,0
0.99999994,3.9711537,0.46325904,180.57011,38.91387,0
1.0000004,3.6608725,0.4633298,158.36801,37.73937,0
0.9999999,3.758681,0.4630966,182.0456,38.18644,0
1.0000002,4.116398,0.46331036,190.8692,38.39899,0
0.99999964,4.2248664,0.46328217,167.50607,38.09581,0
1.0000002,3.759446,0.46346146,190.06882,37.459522,0
1.0000001,3.829477,0.46351856,174.50314,37.58299,0
0.9999999,3.7985585,0.46402502,169.0838,38.01981,0
0.99999994,3.7777066,0.46325824,162.02292,38.279747,0
1.0000001,3.953148,0.46329778,148.21407,38.239075,0
0.9999998,4.0613112,0.46371877,168.18526,38.21558,0
0.99999994,3.9216518,0.4639901,180.62405,39.178673,0
0.9999999,3.8398108,0.4638624,181.92383,38.760174,0
1.0,3.6913457,0.46368864,172.50885,38.711872,0
1.0000002,4.7952824,0.46313453,152.76993,38.266148,0
1.0000002,4.2894144,0.4632533,150.8506,38.552113,0
1.0000002,3.9765913,0.4631526,144.6772,37.89153,0
1.0000002,3.9316292,0.4633973,177.21109,38.99547,0
1.0000002,3.8025825,0.46337172,164.68599,38.473392,0
0.99999994,4.2951007,0.46296564,145.80376,37.93851,0
1.0000002,3.9549205,0.46347806,193.98135,39.319286,0
0.9999998,3.7848337,0.46340075,226.50208,37.468655,0
1.0000005,3.7660937,0.46356753,200.76537,38.472927,0
1.0000005,3.9023182,0.4641919,220.1205,38.997356,0
0.99999994,5.1107264,0.46320096,147.9568,38.73556,0
1.0,3.802209,0.46404555,189.51805,38.866283,0
0.99999994,3.907048,0.46315622,190.15189,38.028023,0
0.9999998,3.9740644,0.46358195,212.54944,38.106163,0
1.0000004,4.003359,0.46385017,148.17226,38.284042,0
0.9999996,3.6717222,0.46350834,173.2773,38.295444,0
1.0000004,4.183693,0.46389657,169.94849,37.790836,0
0.9999999,4.830788,0.4635893,148.63422,38.238197,0
1.0000002,4.1261725,0.46370664,155.58676,38.608513,0
0.99999994,4.096271,0.46329632,154.36215,37.84625,0
0.9999999,4.844269,0.4633743,208.05783,37.77865,0
0.99999964,4.2635174,0.4633548,162.49092,38.10536,0
1.0000002,4.3692894,0.4637414,137.4335,37.863007,0
1.0000004,4.3251967,0.463402,169.45596,38.78324,0
1.0,4.0854897,0.4640024,144.84586,38.1036,0
1.0000002,4.2733736,0.46339896,145.42577,38.160374,0
0.99999994,3.9781864,0.46404797,147.08797,38.605515,0
0.99999964,4.5587616,0.46297488,188.60446,37.637188,0
0.9999996,3.9926276,0.46332628,171.79785,38.262665,0
0.99999976,4.403779,0.46327785,211.0808,37.96442,0
1.0000002,3.8721502,0.46330047,153.16719,38.45983,0
0.9999999,3.8284118,0.463419,176.97285,37.989185,0
1.0000001,5.1639524,0.4635104,158.20554,37.881725,0
1.0000002,4.362603,0.46305275,189.5968,38.370758,0
1.0000002,4.0499396,0.46340206,142.9401,38.755238,0
1.0000004,3.5075006,0.46383208,180.68143,38.12215,0
0.9999999,3.8595011,0.46317396,175.53964,37.815994,0
1.0,4.0922785,0.46316928,153.98494,38.819363,0
0.9999998,3.847797,0.4633453,174.78583,38.292816,0
0.9999995,3.8476372,0.46279386,149.37688,38.24386,0
1.0000004,4.9716763,0.46359825,163.52808,38.092194,0
0.99999976,3.9855528,0.4633365,204.33064,38.458813,0
1.0000001,4.1735206,0.46331605,208.95064,38.0392,0
0.9999999,3.7044644,0.46369335,153.61113,38.60994,0
1.0000004,3.9438543,0.46312737,200.66054,38.45791,0
1.0000004,3.7302928,0.46328175,175.73132,38.5508,0
0.9999999,3.6662073,0.4631073,182.63023,38.31859,0
0.99999964,4.2150073,0.46342993,147.74098,38.77603,0
1.0000002,4.134932,0.46365923,174.472,36.786854,0
0.99999994,4.1168776,0.46321997,160.89114,37.225983,0
1.0000004,3.9150414,0.46327418,201.13458,38.60616,0
1.0000002,3.899751,0.46369556,156.31587,38.12274,0
1.0000006,4.4015923,0.4637639,135.81464,37.521088,0
1.0000001,4.6474695,0.46373558,177.15556,38.52555,0
1.0000001,3.7229514,0.46337408,161.01114,38.322212,0
1.0000002,5.055741,0.463679,193.25911,37.806095,0
1.0000001,3.5369203,0.46337584,161.74403,38.337128,0
1.0000001,4.151242,0.4633019,186.20512,38.98329,0
1.0000002,6.0021014,0.4633187,157.65984,36.85294,0
1.0000007,3.6651409,0.46365896,184.43304,38.389755,0
1.0000004,4.807114,0.46363452,188.04312,37.42193,0
0.99999976,3.5062964,0.46347067,162.42047,38.06847,0
1.0000001,3.9669979,0.46256325,203.9147,38.034992,0
1.0000001,3.8654385,0.46309024,199.79297,37.755363,0
0.9999999,3.9358053,0.46371248,154.27402,37.72139,0
1.0,3.5670931,0.46315986,150.87955,38.09821,0
1.0000001,3.6835358,0.4636287,148.18939,37.88375,0
0.9999998,4.509166,0.46286198,186.48648,38.139904,0
0.9999996,3.790592,0.4636701,192.36679,37.556553,0
0.99999994,4.2532434,0.46327022,184.17476,38.171947,0
0.9999998,4.302033,0.46343848,171.40593,38.331383,0
0.99999976,4.1391253,0.46343622,169.80952,38.80069,0
1.0,4.100364,0.46374857,160.47914,38.86457,0
1.0000001,3.8032677,0.46314347,212.44046,36.959164,0
1.0,4.1110163,0.46388277,135.70512,38.077583,0
0.99999976,3.775822,0.4629648,212.0082,37.611706,0
1.0000004,3.9380434,0.46340024,162.00378,37.446083,0
1.0000001,4.3433957,0.46351525,185.79977,39.514446,0
1.0000002,3.723746,0.46315077,176.70679,38.428196,0
1.0000001,3.711166,0.46347034,178.408,38.117134,0
1.0000006,4.455939,0.46358317,153.04102,38.359184,0
0.99999946,3.7627223,0.46336004,198.63539,38.797905,0
0.99999964,4.1326575,0.46377674,191.6371,38.189373,0
0.99999994,3.9526067,0.46322638,188.79228,38.165607,0
1.0000004,3.7706542,0.46325412,175.59135,38.494503,0
1.0000004,4.762017,0.4638302,175.02122,38.916885,0
1.0000001,3.7093875,0.46298024,167.51207,38.24325,0
1.0000001,3.813096,0.4640841,156.12544,38.430584,0
1.0000001,4.0270524,0.46298158,182.01396,38.31711,0
0.9999993,4.0379686,0.46333283,201.63069,38.093163,0
0.9999997,3.7524877,0.46282896,143.80095,38.08725,0
1.0,3.7665737,0.4631271,164.73996,38.232513,0
1.0000001,3.9916096,0.4629836,186.51279,38.55485,0
1.0000001,4.124399,0.46274775,177.73305,38.716812,0
1.0000005,5.7373104,0.46302727,162.82182,38.20024,0
0.99999976,8.5004,0.46354187,163.45015,37.48574,0
1.0000002,5.9104476,0.46353212,170.34981,37.6499,0
0.99999994,4.3443084,0.46347913,155.34259,38.060215,0
1.0000004,10.613918,0.46396023,165.7695,38.503357,0
0.9999998,5.351628,0.46373466,164.58049,37.762093,0
0.9999999,3.7547216,0.46304995,158.84966,38.790142,0
1.0000001,3.810693,0.46338874,151.76566,36.96906,0
1.0000001,3.7146811,0.4636469,176.81438,38.824154,0
1.0000002,3.646193,0.46350855,178.1408,37.714855,0
1.0000004,4.0931935,0.46321318,166.43927,38.66119,0
0.9999999,3.728182,0.46368846,155.34445,37.76919,0
0.9999997,8.247496,0.46390352,151.3255,38.432777,0
0.9999995,5.6375217,0.46358243,176.30772,38.425858,0
1.0000002,6.362397,0.46395278,225.09462,37.82936,0
0.99999994,3.7146165,0.46399006,187.94987,39.386192,0
0.99999964,6.518581,0.46397778,190.32727,39.44401,0
1.0000001,5.0367727,0.4632389,135.421,38.189964,0
0.9999999,3.8167133,0.46317104,181.46756,38.229855,0
0.99999976,3.7545376,0.46313894,220.7496,38.367397,0
1.0,7.099935,0.46378,149.95857,38.254795,0
1.0,5.289184,0.46402848,179.87558,37.95556,0
1.0000001,7.3206477,0.4641187,152.90689,38.33569,0
1.0000001,13.890664,0.4666493,139.72185,38.34607,0
1.0000001,12.565704,0.46465442,165.86063,38.581665,0
0.9999999,10.428129,0.46551052,177.74269,38.147495,0
1.0000002,10.221156,0.46432313,187.07623,37.69718,0
1.0000001,9.04439,0.46311337,204.92755,38.036022,0
0.9999997,3.5931592,0.46310073,147.73169,38.021023,0
0.9999998,4.449099,0.46335623,178.957,38.1392,0
1.0000001,3.871618,0.4628336,187.2148,38.11158,0
1.0000004,5.825871,0.46328333,184.24983,39.282436,0
0.99999994,3.6804347,0.46348372,164.10526,38.563797,0
1.0000004,3.8795378,0.4637025,184.84479,37.784874,0
0.99999994,3.7651877,0.46333358,152.28522,38.21441,0
1.0000004,4.516117,0.4634421,144.47627,38.609016,0
1.0000004,3.9146907,0.46390277,154.60052,38.544632,0
1.0000004,3.7393954,0.46304682,157.69601,38.600742,0
0.99999994,3.779055,0.46354023,154.17891,38.470795,0
1.0000004,4.37552,0.46323162,166.12175,39.063316,0
1.0,3.6733732,0.4633296,196.12108,37.830547,0
0.9999997,3.8273158,0.4627589,195.878,38.846783,0
0.99999976,3.7442093,0.46314576,137.23346,38.218197,0
0.9999997,4.127274,0.46343452,154.5851,38.33524,0
1.0000004,3.5829117,0.4631174,142.71164,38.124863,0
1.0,4.368161,0.46338332,171.96036,37.843544,0
1.0000004,4.566933,0.46304953,155.13638,37.238544,0
1.0000004,4.163228,0.462921,185.33646,37.67257,0
0.9999998,3.6739056,0.46266457,146.10973,38.726505,0
0.99999964,4.1156483,0.46276507,162.79544,38.089523,0
0.99999976,4.5205894,0.46303493,187.0188,39.040874,0
1.0000002,3.7476318,0.4630801,168.74919,38.213688,0
0.9999997,6.3816123,0.463747,185.20337,39.30431,0
1.0,11.414365,0.46289125,158.87646,38.635273,0
1.0000001,10.412819,0.4635553,194.09424,38.32862,0
1.0000002,10.862484,0.4644969,199.40775,38.295383,0
0.99999946,4.305525,0.46415132,167.68024,38.03389,0
1.0000004,3.8493085,0.46379012,156.57774,37.586998,0
0.99999946,4.630944,0.4638672,188.3685,39.120373,0
0.9999996,3.9011831,0.4633764,178.45113,38.264763,0
0.9999999,3.8183234,0.46359906,172.929,38.011414,0
1.0000001,3.762858,0.46333003,185.26126,37.99055,0
1.0000001,3.9313471,0.46334288,217.10927,38.065407,0
0.99999964,3.823692,0.46314743,162.13754,38.58884,0
0.9999998,4.1209745,0.46353045,144.72426,37.863262,0
1.0,4.196002,0.46369788,171.27643,37.205772,0
0.9999999,3.757288,0.46351764,165.98396,38.429382,0
0.99999976,4.244689,0.46391562,156.62439,37.513817,0
0.9999997,4.1243725,0.46319318,210.9386,38.45016,0
1.0,3.6133392,0.46365842,161.87744,37.974483,0
1.0000002,7.3160453,0.4639925,179.27287,38.11929,0
0.99999994,3.7642834,0.4631969,165.92435,38.560417,0
1.0000002,3.9109664,0.4630627,218.0688,38.330975,0
1.0000002,4.415172,0.46353534,152.32901,37.59485,0
0.9999997,3.6438732,0.46373308,141.63454,38.283165,0
0.99999994,3.7997725,0.46346065,191.84003,38.336628,0
0.9999999,4.114996,0.46313024,185.64694,38.31183,0
1.0,3.986875,0.46338063,140.82466,38.198997,0
1.0000004,3.901314,0.46292388,163.33688,38.51654,0
1.0,3.5396655,0.463155,226.49673,37.91999,0
1.0000001,4.50743,0.46328342,173.00182,38.520096,0
1.0000004,3.7442691,0.46305656,217.82,37.884388,0
1.0,3.5359058,0.46312946,163.54329,38.132156,0
1.0000001,3.7263598,0.4629401,167.56523,37.5843,0
0.99999994,4.067229,0.4630445,178.22089,38.441757,0
1.0000001,3.5941393,0.46326086,161.51218,38.347675,0
1.0000002,3.5108707,0.46330976,180.19054,38.473217,0
0.9999996,3.7981033,0.46291724,183.77765,38.063843,0
1.0,6.976018,0.46342534,157.04817,37.6851,0
0.9999996,3.6933722,0.46351692,174.99736,38.860847,0
0.99999994,4.231293,0.4634207,149.72997,37.30375,0
1.0000002,3.9598475,0.46366736,186.68013,37.79073,0
1.0000001,3.9336562,0.46360615,169.43698,38.913025,0
0.99999994,4.0165954,0.46403816,154.7121,38.104332,0
0.9999998,3.933219,0.4634325,164.83746,37.56871,0
0.9999998,4.6730266,0.46379396,154.30133,38.429794,0
0.99999994,3.9419005,0.4638648,178.79,38.46985,0
1.0000001,8.090777,0.46421036,169.40733,37.519325,0
0.99999994,5.931846,0.46396807,156.11658,37.879818,0
1.0000004,3.8924012,0.46349213,175.43498,38.50027,0
0.9999999,3.9055693,0.4634408,181.261,38.897495,0
1.0000002,4.054543,0.46378964,212.13733,37.67187,0
0.9999999,4.1510468,0.46375322,180.07684,38.98643,0
1.0,3.9724145,0.46339995,193.9453,38.64044,0
1.0000001,3.6596465,0.46355316,138.00427,37.80954,0
0.9999997,4.0533547,0.46343198,191.51418,38.86279,0
1.0000001,3.965362,0.46352857,251.78328,38.72632,0
0.99999964,3.8079562,0.46350116,161.6595,37.487022,0
1.0,4.108686,0.4638928,232.30127,38.81231,0
1.0000002,3.5312934,0.46337703,187.79839,39.681934,0
1.0,4.8880663,0.4636729,179.32927,38.097267,0
0.9999994,5.577341,0.46324626,176.91408,38.219078,0
1.0000001,8.350149,0.4635653,195.7339,37.322697,0
1.0000002,4.0041847,0.46296725,175.0733,37.365746,0
1.0000001,3.8780515,0.4632401,194.46759,38.24639,0
0.9999999,3.6953547,0.4628899,128.00616,38.539055,0
1.0000001,3.7488894,0.46287078,155.84943,39.200962,0
1.0000001,3.9444125,0.46291804,187.20212,38.407837,0
1.0000001,4.0747666,0.46322122,206.13727,37.98847,0
1.0000002,3.811532,0.4631591,152.67368,38.34623,0
1.0000004,5.1279526,0.46287674,196.05522,38.598248,0
1.0000004,3.9590251,0.4630021,143.18538,37.948635,0
1.0000001,3.6658387,0.46354038,159.07115,37.456154,0
0.99999976,4.245639,0.46317536,160.69191,38.176964,0
0.9999998,3.6623714,0.46301976,155.15175,38.25947,0
1.0000001,5.048359,0.463106,145.94925,38.677433,0
1.0000001,4.542202,0.46289456,208.94131,38.192127,0
1.0000001,5.8164496,0.4627405,155.06128,38.519875,0
1.0000001,3.7026894,0.46365425,148.63994,38.233192,0
1.0000001,3.7677352,0.4634067,161.77669,38.606644,0
1.0000005,4.2399,0.46281308,194.3671,37.796734,0
0.9999999,3.7596345,0.46304506,193.87389,38.44846,0
1.0000004,3.635341,0.46365774,189.975,37.741817,0
1.0000001,4.017658,0.46282834,183.70238,38.21682,0
0.9999997,3.8764672,0.46321565,168.1761,38.033863,0
1.0000001,4.1591287,0.4629467,155.37604,37.939636,0
0.99999976,3.555279,0.46310353,138.30205,38.5923,0
0.99999994,3.7631102,0.46344241,184.12828,38.578884,0
1.0000005,3.8616214,0.46308777,151.1468,38.138645,0
1.0000002,3.5618496,0.46305037,164.03563,37.532368,0
0.9999999,3.763168,0.46290943,143.14978,38.17402,0
0.9999998,3.7802374,0.4631953,178.61044,37.76705,0
1.0000002,4.074287,0.46331733,161.71481,37.883152,0
1.0000001,4.069628,0.46323788,189.27951,38.507557,0
1.0,4.0167265,0.4635881,188.1068,38.580723,0
0.9999999,3.8330443,0.4633457,143.31665,37.47204,0
0.9999998,3.64373,0.46319744,159.69597,38.02701,0
1.0,4.498636,0.46253526,153.2438,38.05222,0
0.9999997,3.667347,0.46313238,146.96635,37.82897,0
1.0000002,4.5002646,0.4634079,186.40816,38.775257,0
1.0000001,4.4881477,0.46298778,158.39507,37.797394,0
1.0000001,3.698021,0.46287712,201.44987,37.88013,0
1.0000001,4.725126,0.46317023,162.41167,38.4197,0
0.99999994,3.903937,0.46308482,168.18382,37.999184,0
1.0000004,3.5977545,0.46304026,186.86845,37.696323,0
0.9999996,3.7045913,0.46298242,153.88628,38.621048,0
0.99999964,4.5179768,0.46290797,188.69894,38.139126,0
1.0000002,3.9304323,0.4631927,213.68694,37.966686,0
0.9999996,3.6474364,0.4629115,163.22176,37.860596,0
1.0000002,3.7109487,0.46283004,143.22499,38.66004,0
0.99999976,3.9492872,0.46292242,181.91951,38.400337,0
1.0000002,3.891798,0.46290025,171.43681,38.10179,0
0.9999997,3.9428015,0.46323428,156.76225,38.35798,0
1.0000002,4.240722,0.46297213,156.66454,37.511242,0
0.99999976,3.8800387,0.46297616,157.52621,38.677433,0
1.0000004,3.7781568,0.46358767,178.94379,39.00925,0
0.9999999,3.8441362,0.4631456,159.49841,37.885086,0
0.99999994,5.396627,0.46211144,191.4561,37.889366,0
0.9999997,4.9100156,0.46357518,173.98344,38.646626,0
0.9999998,3.7917223,0.46359122,145.79184,38.883556,0
1.0000005,3.9006937,0.46339014,158.62183,38.03892,0
0.9999996,4.10249,0.46378058,161.01381,37.769604,0
1.0000001,4.025636,0.4638124,167.0762,38.116055,0
0.9999998,4.446441,0.46366215,159.85289,37.79719,0
0.99999994,3.8038352,0.46345347,151.35338,37.869648,0
0.9999999,3.735582,0.4633408,214.79207,38.68544,0
1.0000006,3.9535155,0.46318954,155.3525,39.21062,0
1.0,3.8362246,0.4633437,157.49475,37.903114,0
1.0000001,3.9649928,0.4636385,176.4785,37.70015,0
1.0000005,4.165138,0.46437147,195.00969,38.671455,0
1.0000001,3.66212,0.463185,164.59842,38.023037,0
0.9999999,3.8986125,0.46355113,167.26398,38.66334,0
0.99999994,3.7984707,0.46353123,181.27467,38.178158,0
1.0,3.806915,0.46374413,157.34349,38.324223,0
1.0,3.9960792,0.46302935,222.70137,38.375652,0
1.0000001,3.7334065,0.4636113,154.10556,37.86842,0
1.0000005,4.963797,0.46365038,187.72578,38.599293,0
1.0000002,3.5801618,0.4630743,172.77551,37.81034,0
0.9999999,3.7902286,0.4638543,168.29745,38.281006,0
0.9999998,4.577692,0.46291623,145.99474,37.62453,0
0.99999994,3.6620924,0.46364653,133.4031,37.784916,0
0.9999997,4.232919,0.4632994,153.59453,37.83011,0
1.0000004,4.1130805,0.46342546,177.35846,38.605244,0
0.99999994,3.9637167,0.46352893,214.39877,39.048847,0
1.0000004,3.9468992,0.46318224,182.7288,38.288013,0
1.0000001,4.0638785,0.46312043,189.88,38.2571,0
1.0,3.8735983,0.46395707,176.40793,37.703186,0
0.99999976,3.7056224,0.46288973,136.75615,38.10379,0
1.0000006,4.6288652,0.46372774,192.00284,38.007122,0
1.0,3.913765,0.4632215,184.02895,37.710823,0
1.0000001,5.219093,0.46312842,164.9719,37.62777,0
0.9999999,3.831161,0.4635391,213.91965,38.484463,0
0.99999964,3.836999,0.463336,195.63791,37.69385,0
1.0000001,3.9939816,0.46355724,203.1858,38.13476,0
0.99999976,3.8618913,0.46339297,147.18983,37.84879,0
0.99999994,3.827234,0.46341893,161.9915,37.36261,0
0.99999994,5.007225,0.46358964,222.99608,37.732597,0
0.99999976,3.9911084,0.46354768,159.69482,38.25041,0
0.99999976,3.914835,0.46343127,160.60872,38.378227,0
1.0000002,3.7727726,0.46337816,198.14893,37.326126,0
1.0000008,3.6700826,0.46409184,172.57896,37.87973,0
0.99999976,6.6666236,0.46342087,184.83043,38.796394,0
0.99999994,3.798059,0.4635082,153.43024,38.266167,0
1.0000001,4.9591274,0.46332636,168.0938,38.58175,0
1.0000001,4.218129,0.4631126,188.52197,38.19117,0
0.99999976,4.0456333,0.46329102,149.14476,38.84285,0
1.0000001,3.8374772,0.46369267,171.56999,38.200184,0
0.99999994,4.265105,0.46359453,156.30562,39.00507,0
1.0000002,3.8129795,0.4633112,142.35182,37.986908,0
0.9999998,3.8994074,0.4638589,171.06866,38.38788,0
1.0000001,3.7168481,0.46347028,151.54523,37.852802,0
1.0,3.7067819,0.4636712,185.77893,38.24637,0
1.0000001,4.059179,0.4633508,171.26625,38.119213,0
0.99999994,5.421421,0.46343666,199.80453,38.210106,0
1.0,3.9695477,0.46369562,168.00037,38.007534,0
1.0000004,4.1778646,0.46310106,171.1259,37.918945,0
1.0000001,3.7123399,0.4635351,181.41388,37.744114,0
0.9999997,3.8131921,0.46324924,161.30827,37.648308,0
1.0000001,3.7793288,0.46377906,149.25179,37.923985,0
0.9999995,4.1263714,0.46372965,181.28822,38.721275,0
1.0000001,3.7702835,0.46311828,183.69243,38.539738,0
1.0000002,3.8435662,0.4631339,150.12794,37.98944,0
0.99999994,4.097,0.46340412,144.45059,38.16851,0
1.0,3.8023696,0.46324068,166.8958,38.775978,0
0.9999998,4.0029054,0.46336186,199.34698,37.8529,0
1.0,4.001698,0.46395025,162.73203,38.178486,0
1.0000001,5.3273673,0.46342602,172.58406,38.414272,0
0.99999946,3.653584,0.46313483,179.55724,38.489437,0
0.99999994,4.607103,0.46387395,176.10574,38.40936,0
1.0000004,3.9467993,0.4632553,152.35109,38.203964,0
0.9999998,4.276417,0.4632886,183.63367,38.81096,0
0.99999994,4.0838013,0.46348202,162.29005,38.74195,0
1.0000001,4.015762,0.4636012,182.8413,37.510456,0
1.0000002,3.899541,0.46369568,143.73,38.380527,0
1.0000001,3.8529716,0.4630635,171.16422,39.01623,0
0.9999997,5.604265,0.46346822,151.34042,38.201073,0
1.0,3.669988,0.4631096,152.48131,38.26305,0
0.9999999,4.381701,0.463191,167.80132,38.830147,0
1.0,3.9916096,0.46374494,147.92635,37.345768,0
1.0000002,3.7401652,0.46334633,148.79738,38.392746,0
1.0000006,4.189364,0.46330738,183.47449,38.856647,0
1.0000005,3.5173304,0.4632597,152.89738,37.560432,0
0.99999964,3.931288,0.46332973,195.03036,38.420586,0
1.0000001,4.194321,0.46352413,145.73271,37.21247,0
1.0,3.6295207,0.46354213,160.42023,38.073093,0
0.99999994,4.296459,0.46403408,162.28749,38.59114,0
0.99999946,4.7776537,0.46321848,157.2407,38.5848,0
0.9999999,4.0267806,0.463002,154.76797,38.094215,0
1.0,3.6023922,0.46277234,145.28046,38.68185,0
1.0000004,4.3172197,0.46344888,168.64001,38.563076,0
1.0000001,3.9091904,0.4635495,216.07034,38.296173,0
0.9999999,3.817977,0.46366695,183.06647,38.178356,0
1.0,4.5060587,0.46383822,146.72685,37.83301,0
1.0000002,4.018705,0.46351996,161.748,38.161922,0
1.0000005,3.54701,0.4635983,144.84212,37.798477,0
1.0000002,3.9983613,0.46325478,165.08081,37.682804,0
0.9999995,3.749672,0.46337044,127.91601,38.759403,0
1.0000004,3.8391864,0.46350825,183.30986,38.63668,0
1.0000001,3.8033054,0.4632064,150.29967,38.492542,0
0.99999994,3.9605227,0.46314132,172.35725,38.17189,0
0.9999999,3.82707,0.4636402,173.59354,38.043983,0
0.99999964,3.7865515,0.4634199,157.36737,37.464237,0
1.0000001,3.757549,0.46357223,175.09886,38.05656,0
1.0000005,3.7444077,0.46323168,151.30388,37.71,0
1.0000001,4.7312374,0.46370313,178.26791,38.777405,0
0.9999998,4.003626,0.4630715,153.33417,38.148235,0
0.9999997,3.7029288,0.46319604,178.54462,39.306866,0
0.9999998,4.1415358,0.4630898,170.95201,37.353054,0
0.99999994,3.8182411,0.46301517,182.33086,38.25044,0
1.0,3.5837588,0.4630155,203.15552,38.270367,0
0.9999997,4.148344,0.463164,146.14243,37.885075,0
1.0000005,3.6895216,0.4634715,150.64058,38.783768,0
0.9999997,4.135253,0.46307936,174.35873,38.44088,0
0.9999997,3.7151532,0.46331766,156.86317,37.82289,0
1.0000005,3.802007,0.4631548,180.08496,38.219612,0
0.9999997,4.6021385,0.46306247,184.49548,38.89978,0
1.0000001,4.171124,0.46315223,192.20276,37.9587,0
1.0000004,3.9190419,0.46355066,197.01274,38.683685,0
1.0000001,3.8782265,0.46357125,225.44359,37.33093,0
1.0000001,4.0509005,0.4631137,183.90855,38.09865,0
0.9999999,3.8908958,0.4631819,151.61754,38.10005,0
0.9999999,4.561522,0.46359667,170.60858,38.39088,0
1.0000001,3.9554262,0.46344027,152.68079,38.931076,0
1.0000004,3.7543082,0.46380508,170.68587,37.34591,0
0.9999998,3.9270365,0.46358398,153.349,38.63883,0
1.0000004,3.8208153,0.46374387,137.95732,38.805668,0
1.0000002,4.3885975,0.46319205,144.02327,38.610374,0
0.99999994,4.0627184,0.46306786,179.01495,38.00759,0
1.0000004,3.9221692,0.46338364,194.80931,38.230442,0
1.0000001,4.482843,0.46369314,173.24808,38.248505,0
0.99999994,4.2855544,0.46361905,176.89354,38.118584,0
0.99999976,3.8966906,0.46334907,176.25798,38.354553,0
1.0,4.4663067,0.46336102,166.24118,37.922142,0
1.0000004,4.1598935,0.46318075,156.48347,38.06495,0
0.9999997,3.7906873,0.46384737,155.79819,38.632732,0
1.0000004,4.805485,0.46348,150.82317,38.246872,0
0.99999964,4.1927824,0.46307683,169.66687,37.314064,0
1.0000006,4.197973,0.46345937,203.28987,38.09569,0
0.9999999,3.739862,0.4633237,162.5042,38.26264,0
1.0000002,3.691664,0.46331307,172.29935,38.04371,0
1.0000001,3.8391461,0.46304414,162.78502,37.94698,0
0.9999995,3.850969,0.4633072,167.62915,37.55068,0
1.0000002,3.6281493,0.46354184,135.33421,38.189697,0
0.99999994,4.0133004,0.4634384,173.99402,38.32771,0
0.9999997,3.9568744,0.46328303,192.40135,38.21974,0
0.9999999,4.218231,0.46341226,170.64183,38.27695,0
1.0000002,4.257406,0.46363652,145.59459,38.1229,0
1.0000002,4.177871,0.46352148,145.89432,38.802826,0
0.9999999,3.7062287,0.46335503,189.59033,38.44085,0
0.99999964,4.355645,0.46365508,148.90318,38.53843,0
0.9999999,3.6723604,0.46290845,177.84334,37.919617,0
0.99999994,3.8605208,0.4635405,165.01982,37.754444,0
0.9999999,3.9541683,0.46349746,146.04799,38.247574,0
1.0000001,4.722633,0.46368966,174.9887,38.205826,0
1.0000002,3.956282,0.46306467,167.04999,37.653183,0
1.0000004,4.1475515,0.46321443,175.37657,37.63551,0
1.0000004,3.6768808,0.4628456,215.47504,38.252213,0
1.0000001,4.492063,0.46301186,135.86012,37.99262,0
0.9999997,3.7380729,0.46308875,164.0432,37.918827,0
1.0000001,3.667532,0.46298504,157.59639,38.116806,0
1.0000001,4.0863547,0.4631265,201.3317,38.68499,0
1.0,3.7382393,0.4636696,189.42397,39.35197,0
0.9999998,3.7848256,0.46391955,167.41908,37.795616,0
1.0000001,4.416148,0.46351725,172.0419,37.59267,0
1.0000001,4.416439,0.46331552,199.02026,37.426476,0
1.0000006,3.6070702,0.4631126,184.27516,38.8945,0
1.0000001,3.951967,0.46321535,132.0963,37.187016,0
1.0000001,3.650758,0.46306637,202.13159,37.9319,0
1.0000001,3.8545783,0.4632452,157.2389,38.780506,0
1.0000001,4.0384164,0.4631292,191.99373,38.62641,0
0.99999976,3.6485765,0.4631441,151.73872,38.245068,0
0.9999999,5.5488997,0.4637112,167.57721,38.78454,0
1.0,4.6209483,0.46326396,151.6236,38.759777,0
1.0000005,5.1774626,0.4630716,170.96669,38.561348,0
0.99999994,3.6694674,0.46400282,170.19246,38.400352,0
1.0000001,3.9594142,0.4641285,176.54602,38.542175,0
0.99999994,3.9347355,0.46367088,158.12878,37.787884,0
0.9999998,4.065183,0.46374425,190.26591,39.46095,0
0.99999994,3.7931752,0.4632078,151.4198,38.62403,0
0.99999976,3.8064337,0.46421176,213.25093,38.47537,0
0.99999976,3.8922093,0.46356347,145.15582,38.862755,0
1.0000001,3.880526,0.46401158,190.28777,38.396908,0
0.9999997,3.9173496,0.4629785,155.81168,36.930775,0
1.0000001,3.7630405,0.46322003,165.36156,38.596607,0
1.0,4.243165,0.4627779,158.99889,38.258877,0
1.0,3.8949218,0.46332845,164.40842,38.427402,0
0.9999998,3.5845575,0.46334496,169.914,38.85878,0
1.0000001,3.9781625,0.46344855,146.6139,38.297295,0
1.0000002,3.7697723,0.46267185,175.41316,38.581512,0
1.0000004,3.720338,0.46401805,162.00012,38.742096,0
1.0,3.718583,0.46365714,176.79475,37.814903,0
0.9999998,3.7391963,0.46304673,152.49185,38.11587,0
1.0000004,4.3018594,0.46368235,151.78102,37.88325,0
0.9999999,3.662836,0.46388873,186.44824,38.44688,0
1.0,3.9985971,0.46352336,203.1951,38.48859,0
1.0000001,3.7694929,0.4635274,168.90779,37.393753,0
1.0000001,5.294384,0.46354672,193.30675,38.19672,0
0.99999976,4.4063444,0.46308768,157.74254,37.75093,0
0.9999995,3.6614816,0.46360192,170.46817,37.611847,0
1.0000002,3.8601325,0.4636728,164.02867,37.60525,0
1.0000002,3.9412901,0.46339718,180.9111,39.22746,0
1.0000004,4.0061245,0.46354732,142.87642,37.63561,0
0.99999976,4.225806,0.4635491,159.38135,37.332203,0
1.0,4.440028,0.4634492,152.3181,37.72653,0
1.0000002,3.7287693,0.4635833,170.81386,38.708492,0
0.9999998,4.1357093,0.46393353,151.78879,38.282784,0
1.0000004,3.758519,0.46345553,169.64323,37.58024,0
0.99999964,3.9283063,0.46369562,155.99937,37.94358,0
0.9999995,3.797303,0.46362144,174.4462,38.56539,0
0.99999976,4.5373745,0.46321705,151.69077,37.446735,0
0.99999976,3.5985835,0.4628921,143.92285,37.69027,0
1.0,3.6567404,0.4637301,124.412605,38.230396,0
1.0000001,3.8117478,0.4636253,192.10593,38.26626,0
0.9999998,4.991117,0.4637174,170.76439,38.090332,0
0.9999998,4.085341,0.4633946,180.7685,38.410763,0
1.0000002,3.7825108,0.46343142,144.96109,38.63903,0
0.99999994,4.0757084,0.46363655,173.3614,38.84418,0
0.99999976,4.410947,0.46325904,169.88254,39.372868,0
1.0000001,4.0047383,0.4638537,167.66737,38.21634,0
1.0000001,3.6114132,0.46343032,229.17662,38.446068,0
1.0000004,4.103227,0.46373823,145.2298,37.514236,0
1.0000001,3.8623035,0.46341097,153.71533,38.752937,0
1.0,3.6937778,0.46323773,150.83702,38.589794,0
0.9999995,3.6934774,0.46368408,181.892,37.43738,0
1.0000002,4.8521624,0.46330214,168.14827,38.4331,0
0.99999976,3.8550715,0.46388862,155.461,37.758854,0
0.99999994,3.9524012,0.4631023,154.64319,38.457737,0
0.9999999,4.0511518,0.46290386,192.51712,38.60152,0
1.0000002,3.6683059,0.46370423,154.58539,37.116703,0
0.9999999,4.9106946,0.46355507,165.84604,38.092346,0
0.99999994,3.669371,0.46336508,175.71889,37.76895,0
0.99999994,3.984635,0.46325633,193.86694,38.634365,0
1.0000001,4.3327475,0.46324268,160.44545,38.95333,0
1.0000002,3.9435022,0.46354747,161.03368,38.230988,0
1.0000002,3.8339503,0.4637021,171.28178,37.724636,0
1.0000001,3.857664,0.46364036,166.52704,38.24714,0
1.0,3.8389826,0.46380383,154.52724,38.497185,0
1.0,3.6512768,0.4634562,210.19437,37.846718,0
1.0000001,3.6401327,0.46356857,170.55048,38.07373,0
0.9999999,3.9798756,0.46358672,186.76234,37.835773,0
1.0000002,4.5850244,0.46325907,143.62535,38.302994,0
1.0000004,4.9456673,0.46350005,157.30666,38.281128,0
1.0000001,3.5982647,0.46401483,177.08191,37.751793,0
1.0000002,3.8091986,0.4630428,177.3133,38.76638,0
1.0000005,3.5431607,0.46315765,184.91844,38.67994,0
0.9999998,3.9296565,0.46367955,185.01727,37.924328,0
1.0,3.6531637,0.4633152,212.37659,38.467445,0
1.0,4.3463783,0.46368074,155.20311,37.072056,0
0.9999999,4.0190763,0.4634897,160.03142,38.780487,0
1.0000004,3.8499522,0.4637146,172.76126,38.403267,0
0.99999994,3.8862224,0.46327177,163.8648,37.129814,0
1.0000004,3.8841538,0.46366346,160.92245,38.51142,0
0.99999994,4.07058,0.46330988,172.19728,38.160774,0
1.0,4.095731,0.463418,173.86267,39.18292,0
0.9999999,3.5329666,0.4628482,186.26266,38.679188,0
1.0000001,4.2678204,0.4642368,157.69975,37.851955,0
1.0,3.9350057,0.46353257,199.8319,37.82676,0
0.99999994,3.781422,0.46416593,158.9923,38.43356,0
1.0000001,3.7101855,0.4632799,163.04097,38.127193,0
1.0000001,3.9871707,0.46399704,154.73434,38.9395,0
1.0000001,3.5291057,0.46324697,172.87746,38.378235,0
0.99999994,3.9154522,0.4631406,155.61226,39.139534,0
1.0000001,3.6769702,0.46306798,137.36908,37.9757,0
0.99999976,4.037056,0.46303266,160.68504,39.138863,0
1.0000004,4.4268293,0.4634602,194.8064,38.285046,0
1.0000001,3.732329,0.46300068,151.61842,38.793804,0
0.9999998,3.8263133,0.46291032,198.25739,38.51371,0
0.9999998,3.6602478,0.46277094,183.32692,38.55585,0
1.0,3.6009893,0.46327892,165.1033,37.91183,0
1.0000001,3.7198708,0.46306968,186.21526,38.338734,0
0.99999976,3.967461,0.46294203,174.69691,37.90543,0
1.0000002,3.530614,0.46370593,144.42424,37.937492,0
1.0,3.7188869,0.46320137,156.35577,38.440975,0
0.9999998,3.7908885,0.46335405,152.58398,38.12167,0
0.99999964,3.7589462,0.46285808,159.61661,37.511093,0
1.0000001,3.9987981,0.46297035,182.66986,37.887753,0
0.99999964,4.0965104,0.46300104,146.15144,37.664783,0
0.9999999,3.9677992,0.4631737,189.35197,39.557995,0
1.0,3.8367906,0.46301466,214.52763,38.79888,0
0.99999964,3.69197,0.46310285,189.84624,38.846497,0
1.0000005,4.178154,0.46296728,214.81615,38.05827,0
1.0000001,4.032504,0.46335053,191.73451,38.088703,0
0.99999994,3.761751,0.46385962,197.47192,38.239986,0
0.9999999,3.7787936,0.46355963,169.68346,37.750862,0
1.0000004,3.6005235,0.4639787,185.69472,39.614635,0
1.0,5.1521635,0.46390143,147.72842,38.227665,0
1.0000002,3.9785912,0.46321192,154.57146,38.26071,0
1.0000004,3.7736573,0.46293476,183.61491,38.55447,0
1.0000001,3.7351284,0.4626463,176.17747,38.280193,0
1.0000001,3.8097827,0.4630753,230.87395,38.34135,0
1.0000001,3.9560452,0.464028,150.81122,37.7393,0
0.9999998,4.653288,0.46346992,196.04784,38.185444,0
1.0000002,3.8280547,0.46368077,149.36893,37.61494,0
1.0000001,3.8417904,0.46330792,163.94435,38.33669,0
1.0,4.745363,0.46331054,161.46419,38.789417,0
1.0000001,4.003641,0.46362886,149.85658,38.770374,0
0.9999999,4.0875196,0.46348614,219.56935,37.668144,0
0.99999994,3.6711285,0.46327513,184.5928,38.51423,0
0.99999964,4.10744,0.46371475,252.53604,38.45263,0
1.0000004,3.7780945,0.4637602,142.25644,38.536022,0
1.0000001,5.0503545,0.46315765,148.97821,38.448895,0
0.9999998,3.842916,0.46320328,150.22456,39.06257,0
1.0000005,3.862764,0.46267405,148.35028,37.966923,0
1.0000002,3.7907481,0.463163,167.3989,37.683792,0
1.0,3.6611624,0.46300232,214.04861,38.532402,0
1.0000004,3.8753514,0.4636092,145.49942,38.40623,0
1.0,3.841834,0.46338913,146.86545,38.101063,0
1.0,3.892434,0.46389508,177.8276,38.035374,0
1.0000002,4.008331,0.463004,192.36609,38.34295,0
1.0000005,5.0388536,0.46388564,152.10852,38.750854,0
0.9999999,3.774049,0.462794,161.08183,38.676723,0
0.9999999,5.1316,0.46360385,177.89291,38.286892,0
0.9999996,3.8103094,0.46398312,163.06097,38.255207,0
1.0000004,3.9233763,0.46339118,166.34198,38.315765,0
1.0000002,3.769196,0.4634432,151.91287,38.302364,0
1.0000001,3.5446095,0.46297857,156.63786,37.56992,0
1.0000001,4.076102,0.46313515,160.23997,38.33587,0
0.99999964,3.771835,0.46311495,214.12617,37.966278,0
0.9999999,3.8028352,0.46254393,161.36641,38.427883,0
1.0000005,4.304349,0.46282947,167.7827,38.153805,0
0.9999997,3.7862983,0.4627572,175.91293,37.27606,0
0.9999998,4.3934045,0.46317235,151.59035,37.7242,0
0.9999998,3.7131817,0.4630927,148.46036,38.534096,0
1.0000004,4.3241997,0.463419,139.76567,38.444347,0
1.0000005,4.2167377,0.46299708,158.50238,38.577656,0
1.0000001,3.9155045,0.46326593,164.20963,38.159653,0
1.0000001,3.6917493,0.46275058,188.69995,38.55867,0
0.99999964,3.8138134,0.46275538,153.07167,38.581547,0
0.99999976,3.6115859,0.46301684,204.0393,38.130634,0
1.0000001,4.7159915,0.46298206,171.51474,37.545067,0
0.9999998,3.6752155,0.4631933,147.25874,37.809258,0
0.9999997,4.7142167,0.46267822,176.51299,38.71984,0
1.0000002,3.6562269,0.46264824,164.78514,38.67954,0
0.99999994,3.5429676,0.46320954,212.3799,38.70169,0
0.99999994,3.6127489,0.4630972,185.5179,38.62056,0
0.9999999,4.0713005,0.46321422,205.09587,37.86312,0
0.99999994,3.8811946,0.46377775,143.26302,37.85104,0
1.0000001,4.478447,0.46325648,181.65977,38.47463,0
1.0000001,3.6864722,0.46364945,193.77563,37.766388,0
0.9999997,3.5201757,0.46353492,181.817,38.221104,0
1.0000001,3.7253704,0.4636101,176.2781,37.4233,0
0.9999999,4.46172,0.46398613,153.0667,38.636246,0
0.99999976,4.8856096,0.4641733,140.24533,38.0343,0
1.0000001,4.463723,0.46349278,144.48708,38.479794,0
1.0,3.7636201,0.46364316,171.90385,38.965393,0
0.99999994,4.226224,0.4636627,141.99704,38.22821,0
0.9999997,4.0158567,0.46340212,151.41054,38.791187,0
1.0,3.9918978,0.4636135,162.95361,38.042877,0
1.0000001,3.855058,0.4636814,180.5249,38.972626,0
0.9999999,3.6142876,0.46342,169.07094,38.33375,0
1.0000002,3.8557491,0.46364832,152.43924,37.581383,0
0.9999998,3.8808246,0.46373117,156.93692,38.599144,0
1.0000001,3.7798553,0.46330163,148.08786,38.3812,0
1.0000001,4.016447,0.4637655,199.25697,38.66524,0
1.0000002,3.6915781,0.46364838,187.71336,38.12658,0
1.0000001,3.8168776,0.46369907,191.06015,38.663334,0
1.0000001,3.6749508,0.46347857,167.58012,38.897,0
1.0,3.7383397,0.4632306,132.30225,38.772823,0
1.0000005,4.3864994,0.46366093,149.28238,37.821976,0
0.9999998,3.9442515,0.4639424,137.26198,37.74967,0
1.0000004,4.067539,0.46354866,186.55856,37.95976,0
1.0000004,3.8860755,0.4637419,145.99536,38.90455,0
0.9999999,3.621528,0.46330744,181.32222,38.17807,0
1.0,4.155192,0.4635099,160.6411,38.40126,0
1.0000002,3.9936314,0.46319124,185.20392,37.99557,0
1.0000001,3.8870506,0.46330798,152.34778,38.383057,0
1.0000002,4.11559,0.46322498,163.89687,38.274868,0
1.0000004,3.7814047,0.4638251,170.56067,38.95259,0
1.0000002,3.7600217,0.4632702,200.87541,38.41307,0
0.99999976,4.833966,0.46337536,190.03238,36.584057,0
1.0000006,3.6363473,0.46354705,172.6469,38.506916,0
0.9999998,4.0090284,0.46340606,150.03514,38.66723,0
1.0000004,3.7570632,0.4632192,190.49066,37.788956,0
1.0000001,3.7640786,0.4632406,141.83255,38.36922,0
0.99999994,3.6945117,0.46348482,153.29553,37.454758,0
1.0000001,3.672742,0.46338603,148.6855,38.581352,0
0.99999994,3.686687,0.46329328,167.41019,37.887543,0
0.99999994,3.859335,0.46334442,184.97421,38.339912,0
0.9999999,3.8531125,0.46386167,162.5829,38.277634,0
1.0000002,3.772482,0.46388763,162.34856,38.230343,0
0.9999997,4.067694,0.46354437,151.93288,38.45195,0
0.9999998,3.9432921,0.462741,157.81398,38.18437,0
1.0000001,3.858826,0.46333322,187.0676,38.072376,0
1.0000004,3.7843497,0.46291485,166.98193,38.47865,0
0.99999976,3.5927243,0.46363598,137.07625,38.290546,0
1.0,3.817915,0.46315536,218.45615,38.253525,0
0.9999992,3.7322311,0.4635165,174.6974,38.070652,0
1.0000004,3.5771532,0.46376103,156.12807,39.649387,0
0.9999996,4.064156,0.46326622,148.26668,38.682365,0
1.0000004,4.4313307,0.4631662,182.17162,37.54185,0
1.0000004,4.064373,0.46344945,166.31258,38.418133,0
1.0000004,3.7500286,0.4636345,185.09482,38.176052,0
0.9999993,3.8916407,0.46353084,183.23578,37.772762,0
0.9999998,4.6523037,0.46381223,174.723,38.18891,0
1.0000002,3.9836497,0.46321672,132.99333,37.469215,0
0.99999964,7.3548145,0.46404144,172.29613,38.020523,0
0.99999976,4.353347,0.46363148,203.99324,38.866703,0
1.0000004,3.808774,0.46389163,156.62364,37.726524,0
1.0000002,4.293435,0.46361086,155.11115,37.728436,0
1.0,3.9957435,0.46316332,198.1936,38.304794,0
1.0000002,3.6517203,0.4636024,150.25041,37.76088,0
0.99999964,4.1078324,0.46342054,141.79997,37.949017,0
1.0,3.6840594,0.4632808,153.19466,37.56335,0
1.0000004,3.7043555,0.46336442,161.81688,38.68305,0
1.0,3.7549844,0.46309027,150.02332,37.548225,0
1.0,3.9641242,0.4635213,156.65268,38.451294,0
0.99999976,3.701537,0.463409,156.92448,38.43577,0
1.0000001,3.9593055,0.46309513,188.1513,38.866573,0
1.0000001,3.6968272,0.46292222,142.08461,37.785915,0
0.99999964,3.965566,0.4636143,159.49681,37.712215,0
1.0000002,3.8037024,0.4638667,164.57855,38.173447,0
0.9999997,3.772373,0.46403748,168.2733,37.96339,0
1.0,3.7252803,0.46333644,178.06982,38.157578,0
0.9999998,4.3881164,0.46303612,183.11652,38.416225,0
1.0,3.9947438,0.4638374,158.82545,38.274204,0
0.99999994,3.6404898,0.46339455,175.15031,38.395443,0
1.0,4.475427,0.46299794,155.92502,37.897774,0
1.0,3.8249817,0.46340662,179.53465,39.299667,0
1.0000001,4.376739,0.46303672,166.29285,38.47513,0
1.0000001,3.696924,0.46346095,173.69565,38.70386,0
0.99999976,3.6387424,0.46325585,156.56775,38.729465,0
1.0000002,4.0273013,0.4637801,175.39206,38.454178,0
0.9999997,3.7134593,0.4636764,159.67941,37.950577,0
0.9999999,4.337074,0.46372658,156.72833,38.14793,0
1.0000001,11.51709,0.4643217,171.1852,38.295036,0
1.0,5.006008,0.46360272,163.12788,37.844162,0
1.0000001,3.9009259,0.463632,222.79532,37.89902,0
0.99999994,3.7623742,0.46265522,161.71762,38.532383,0
1.0000006,3.7836466,0.46281847,171.2588,37.76676,0
1.0,3.55285,0.46273103,164.89209,38.067326,0
0.9999993,4.0065823,0.46346885,175.1793,38.606026,0
1.0000004,3.9360857,0.46365422,138.64389,38.182297,0
0.9999997,4.133625,0.463096,183.89735,38.798637,0
0.99999994,4.4450502,0.463217,181.59944,38.212273,0
1.0000001,3.7412827,0.46253073,152.45714,37.236145,0
0.9999998,4.044563,0.46323934,169.3026,38.70021,0
1.0000004,4.285285,0.46301207,158.79277,38.001453,0
0.99999994,3.689827,0.4633458,215.99948,38.640007,0
0.99999994,3.6983202,0.46330425,169.71014,37.878685,0
1.0000001,4.210945,0.46358386,204.12932,38.59488,0
0.9999997,3.7397044,0.46258736,172.58334,38.061855,0
0.99999994,4.0300946,0.46319017,183.73384,38.35892,0
0.99999994,3.8209655,0.46267483,147.47089,37.62552,0
1.0000001,3.5365782,0.462729,185.54474,38.320705,0
0.9999998,7.1953773,0.46286443,194.53192,38.79839,0
0.9999999,3.7818768,0.46318048,171.49205,38.45456,0
1.0000002,4.071914,0.4633009,153.35074,38.865086,0
1.0,5.1913047,0.46326423,177.91867,38.30635,0
1.0000004,3.553046,0.46298796,158.20457,38.80883,0
0.99999994,3.8825762,0.46306726,227.55939,37.88285,0
1.0000001,3.7755613,0.463185,222.18549,38.590076,0
1.0000002,4.3247595,0.46267706,167.59743,37.2021,0
0.99999976,3.9025943,0.46322775,156.04718,38.0444,0
0.99999994,5.8933654,0.4634576,164.13022,38.817204,0
0.99999976,14.105712,0.46336564,151.64761,37.14,0
1.0000006,4.4791937,0.46296665,161.09312,38.535812,0
1.0000002,3.9583108,0.4625136,176.32314,38.107346,0
0.9999999,11.332858,0.46396828,162.1034,37.721783,0
1.0000002,12.229415,0.46410853,171.69981,38.166035,0
1.0000004,7.893699,0.4630175,181.88545,38.615566,0
1.0,3.986369,0.4633145,166.77533,38.314537,0
1.0000001,3.845283,0.46307224,135.04608,38.40418,0
0.99999994,9.7800865,0.46330103,189.73071,38.306255,0
0.99999994,3.84888,0.46312395,154.43523,37.665096,0
0.99999994,10.962723,0.46376517,144.58865,37.76421,0
0.9999999,4.984808,0.4640687,161.14954,38.074295,0
1.0,5.526399,0.4640983,164.20018,38.539936,0
1.0,11.463201,0.46565518,136.93942,38.73907,0
0.9999999,5.0455136,0.46345785,175.242,38.897907,0
0.99999964,5.7997923,0.46349114,171.04395,38.588436,0
1.0000002,11.80285,0.46435374,178.83443,37.8925,0
1.0000004,4.086247,0.46374196,155.91374,37.703293,0
1.0000007,5.625935,0.46378657,152.98665,37.760487,0
1.0000001,3.9212675,0.4632786,183.07506,38.38252,0
1.0000004,5.527659,0.46339655,148.09445,38.949768,0
0.9999998,3.771711,0.4634351,148.57555,37.698208,0
1.0000002,14.121388,0.46739826,153.82976,37.372826,0
0.9999999,4.022914,0.46371815,132.16406,37.72346,0
0.99999976,3.6978724,0.4635866,140.68971,38.76483,0
0.9999998,3.583648,0.4635584,165.02054,37.822117,0
0.9999999,7.721074,0.46372446,140.72,37.310417,0
0.9999999,3.690381,0.46370822,204.96588,37.84391,0
0.99999994,4.030409,0.46403295,163.754,37.0887,0
1.0000001,4.5367517,0.46334606,184.54495,37.573948,0
0.9999999,3.888871,0.46398592,169.54076,38.819157,0
1.0000004,4.0573883,0.4639301,207.89429,38.238796,0
0.9999996,9.223908,0.4641894,180.34653,38.041348,0
0.9999999,7.458987,0.463457,182.71149,38.379826,0
1.0000002,3.8006036,0.46343637,172.25613,38.179142,0
0.9999998,6.5182667,0.4635267,157.43652,37.849415,0
1.0000002,3.8359206,0.46364695,170.1266,38.44998,0
1.0000005,4.5332484,0.46387598,144.44754,38.56353,0
0.99999994,4.090741,0.46344632,158.29346,37.598164,0
1.0,3.9221113,0.46350273,171.08275,37.961308,0
1.0000002,7.172602,0.46349663,153.59572,38.26756,0
1.0000004,3.970699,0.46342385,177.33083,37.77724,0
0.9999999,13.928091,0.4645428,188.81926,39.04812,0
1.0000004,4.4341617,0.46412122,165.63545,37.919655,0
0.99999946,4.032257,0.4637314,150.4073,38.503113,0
0.99999976,4.304933,0.46371782,156.05835,38.485306,0
0.99999976,3.854479,0.4638654,170.62277,38.776966,0
1.0000002,3.7712867,0.46363875,163.60368,37.52615,0
1.0,3.6042638,0.4636154,154.14449,38.364357,0
0.9999998,3.8512905,0.46343276,140.94057,38.694027,0
1.0000002,3.6035173,0.46323383,192.09544,38.442326,0
1.0000001,4.808941,0.4633714,192.62,37.840454,0
1.0,3.6606677,0.4632869,159.93481,38.0346,0
0.99999994,3.915411,0.46386808,140.03091,37.65335,0
0.9999998,4.9033303,0.46365944,179.44942,38.546505,0
1.0000004,3.8987906,0.46387452,178.61298,37.70231,0
0.9999998,3.9779415,0.4637008,174.84259,37.739666,0
1.0000002,4.128998,0.4638464,223.36266,37.996258,0
1.0000004,3.9511366,0.4636643,140.0948,37.663586,0
0.9999996,4.1640625,0.46386695,165.42218,38.89656,0
1.0000002,3.8022387,0.4637502,173.61713,38.126556,0
1.0000001,3.8633177,0.46303824,163.80858,38.458622,0
1.0000004,3.6912627,0.46381903,156.00684,38.190502,0
0.9999997,3.7448878,0.46353364,144.37587,38.380142,0
0.9999999,4.310739,0.4639372,168.41045,37.824272,0
1.0000001,4.004733,0.4638662,160.89513,38.25366,0
1.0,4.1193194,0.46408632,166.99298,38.41762,0
0.99999994,4.0630846,0.46448728,165.96852,38.03285,0
0.9999996,4.002471,0.46367905,171.18379,38.1134,0
0.9999999,3.6233234,0.46357185,151.54303,38.7747,0
0.9999999,3.5961986,0.4634326,141.36517,37.61947,0
1.0000001,3.9848406,0.4636316,192.04066,38.45762,0
0.9999999,4.016949,0.46373865,153.20862,38.159042,0
0.9999999,9.191309,0.46399996,148.91113,38.4728,0
1.0000004,3.7806342,0.46360028,178.91096,37.900875,0
1.0000004,3.7268562,0.46347114,160.06549,37.826458,0
0.9999999,3.6082485,0.46375844,143.09612,38.434063,0
0.9999998,3.8342538,0.46362895,150.05571,38.37668,0
0.99999946,3.8522973,0.4637492,155.76656,38.300446,0
0.99999994,3.7398915,0.46326262,201.99892,37.951862,0
0.9999999,3.7828534,0.4639278,180.31856,37.871037,0
0.99999994,4.3594832,0.46372312,169.49225,38.382793,0
0.9999998,4.5426083,0.4634248,140.31479,37.390297,0
1.0000001,4.059043,0.46331146,146.54878,38.803814,0
1.0000002,4.0180564,0.46376473,175.53134,39.189793,0
1.0,4.2580724,0.46347633,167.36919,39.1631,0
1.0000002,4.417808,0.4636256,143.51414,37.294746,0
1.0000004,3.9179416,0.46339408,204.38788,37.48683,0
0.99999994,4.579437,0.46356058,184.82858,38.983543,0
0.99999994,4.165341,0.46341994,143.95576,37.719475,0
0.9999997,3.6810849,0.46292436,164.06033,38.658596,0
1.0000002,3.7566168,0.46347773,139.30463,38.03241,0
0.99999976,3.8886886,0.463235,161.84161,37.79863,0
0.9999999,3.7333446,0.46295625,138.6039,37.76709,0
0.9999995,3.6665926,0.46388587,195.72745,38.179516,0
1.0000001,4.5755515,0.4631689,163.60884,37.87423,0
1.0000005,3.6094801,0.46292287,165.77347,37.792324,0
1.0000001,4.37367,0.46287006,201.68153,38.583447,0
1.0000004,3.9140491,0.46388462,180.54424,37.844288,0
0.9999996,4.3275013,0.46315402,186.56873,39.06231,0
1.0000002,3.6483245,0.46331725,163.9968,37.20901,0
0.9999998,3.8335276,0.46324998,216.62566,38.065907,0
0.9999999,3.9059393,0.46297476,171.12556,38.14739,0
1.0,4.0126786,0.4637782,160.83746,37.548912,0
1.0,4.9397316,0.4630936,203.63177,38.223854,0
0.9999999,3.6077313,0.46308842,175.98154,39.47211,0
0.9999997,3.9336393,0.46309444,167.10188,37.942802,0
0.9999999,3.7030985,0.46316066,219.0677,38.427517,0
0.99999994,3.870443,0.46321017,158.22559,37.76364,0
0.9999998,4.1723456,0.46302652,146.98389,38.095627,0
1.0000001,3.8584538,0.46319535,181.67192,37.78251,0
1.0000001,4.705474,0.46314442,151.22897,37.588665,0
0.99999994,3.7483194,0.46344733,163.55309,38.959366,0
1.0,3.725324,0.46245345,163.33583,38.07671,0
1.0000001,4.006747,0.46373498,159.82408,38.25678,0
1.0,4.4703956,0.46286902,178.08101,38.34613,0
1.0000004,3.681728,0.46299592,173.29114,38.28086,0
0.9999998,4.011934,0.46309072,157.61684,38.147816,0
1.0000001,3.6470559,0.46290684,194.74165,37.864864,0
0.99999994,4.9782767,0.46302104,186.18561,38.468784,0
1.0000001,4.0614,0.46375468,192.82515,37.963272,0
0.99999994,3.9177084,0.46342137,152.08151,38.473442,0
1.0000001,4.2193966,0.4639899,222.55843,38.040558,0
1.0000002,4.962645,0.46340054,168.85934,38.85221,0
1.0000005,4.738911,0.46374336,192.48807,37.758297,0
1.0000001,3.7340975,0.46337616,173.04962,38.009815,0
1.0000002,4.568397,0.46320486,153.72485,37.534645,0
1.0000001,3.6939158,0.46377861,171.90114,37.77336,0
1.0000002,5.2462373,0.46378046,173.58397,39.40038,0
0.9999999,3.9287138,0.463204,169.70148,38.208515,0
0.99999994,4.044053,0.46342847,164.03134,38.05713,0
0.9999994,3.8254719,0.46358255,154.24315,37.98119,0
0.99999964,3.775243,0.4637387,184.99625,37.976368,0
1.0000001,3.6056294,0.46354392,226.57304,38.49175,0
0.9999998,3.8890243,0.46313024,196.38907,38.248398,0
0.9999999,3.6671991,0.4629568,143.86877,37.42493,0
0.99999994,3.7121449,0.46288285,173.12665,37.975296,0
1.0,3.5523791,0.4630941,156.6703,38.475986,0
1.0000002,4.078091,0.46347147,209.33551,38.162357,0
1.0000002,3.6001732,0.46326903,171.32529,38.515522,0
1.0000001,3.6572044,0.46290678,161.7478,38.418404,0
1.0000001,3.6741345,0.46335384,146.89626,37.664585,0
0.9999998,3.8768091,0.463539,151.51154,38.259075,0
1.0000002,3.869821,0.46359575,168.29715,38.13195,0
0.99999994,3.7989943,0.4634361,177.24844,38.365063,0
0.9999997,3.7606091,0.46361938,177.0717,39.079163,0
1.0000004,3.7662926,0.46337515,187.44522,38.62259,0
0.9999998,3.9361644,0.46347147,141.89331,38.467533,0
1.0000001,3.981274,0.46338153,176.83482,38.000565,0
1.0000002,3.9636455,0.4630925,201.81816,38.689163,0
1.0000001,3.669089,0.46308753,196.31013,38.155308,0
1.0000002,3.7564187,0.4631888,237.79082,37.942554,0
0.9999995,4.5572042,0.46271032,167.54791,37.36495,0
0.9999997,3.9074528,0.46310428,168.72531,38.08376,0
1.0000002,3.8679135,0.46277773,160.68794,38.70947,0
1.0000001,4.5065937,0.46336627,184.46725,38.245033,0
0.9999996,3.6145306,0.46340376,155.13579,37.88001,0
1.0000002,4.24208,0.46336108,225.10767,38.27662,0
1.0000001,3.6204188,0.46339026,173.46486,38.38445,0
1.0000001,4.144894,0.46273106,143.80794,37.93583,0
1.0000001,4.038818,0.46286452,143.92259,37.738792,0
0.9999999,3.8120883,0.46338114,173.64706,38.621956,0
1.0000007,3.6762571,0.46311674,167.73648,37.46023,0
0.9999998,3.8529062,0.4635267,174.88438,38.26028,0
0.9999999,3.8110502,0.46291453,189.58589,37.813065,0
1.0000001,3.9826055,0.46321908,164.46753,38.55067,0
0.9999999,3.6619396,0.46300384,155.34457,37.58159,0
0.99999976,3.8722847,0.46266702,171.90088,38.324318,0
0.9999997,3.7939832,0.46322858,187.94298,38.17093,0
1.0000001,3.7342432,0.46260256,173.50864,38.630592,0
0.99999994,3.8968835,0.4630736,178.08546,37.94584,0
0.9999997,3.5933673,0.46307838,166.2714,38.621307,0
1.0,3.9174907,0.46299553,195.26797,38.682545,0
0.99999994,3.8859143,0.46258503,160.47856,38.752064,0
0.99999994,3.771296,0.46316692,165.75922,37.312157,0
1.0000001,3.7602568,0.463142,168.23924,37.754566,0
1.0000001,4.0957956,0.46302968,179.41953,37.959106,0
0.9999997,4.8892016,0.46282768,199.45912,37.979755,0
1.0000002,3.8234267,0.46291915,133.3913,38.133766,0
1.0,3.8948781,0.46330622,184.68303,37.47298,0
0.99999964,4.178082,0.46349555,202.375,38.0796,0
1.0,3.8253338,0.46371746,164.62875,38.441868,0
0.9999992,3.6780512,0.46357214,150.26309,37.68622,0
1.0000001,3.8086534,0.46358994,196.69653,38.181416,0
1.0000002,5.323347,0.46324864,180.71976,38.04612,0
1.0000002,3.830438,0.46380508,165.38058,38.322964,0
0.99999994,3.9212968,0.4630366,162.27565,37.021656,0
0.99999994,3.6569314,0.46271613,155.79213,38.174652,0
1.0000001,3.892778,0.4628735,158.01657,38.00185,0
0.9999999,4.26768,0.46322426,161.75523,38.41505,0
0.99999976,4.029144,0.46366006,150.21933,37.640366,0
1.0000002,3.9108493,0.46318638,159.78592,38.99582,0
1.0,3.8287752,0.46266142,147.35788,37.902367,0
1.0000001,3.781332,0.46382397,146.03732,37.55605,0
0.99999976,3.5718393,0.4633556,164.07056,38.518143,0
1.0000001,3.838272,0.46356413,175.05731,39.182556,0
1.0000001,3.7800844,0.46384877,175.14809,39.284203,0
1.0000005,3.8368964,0.463597,159.53494,38.64745,0
0.99999994,3.978456,0.46383718,193.4867,38.976837,0
1.0000002,4.0103974,0.46373522,144.7045,38.322906,0
0.9999999,3.6084628,0.46321073,160.45703,38.565094,0
0.9999998,3.820614,0.463501,176.60464,38.27666,0
0.9999997,3.6804578,0.46385947,157.55373,37.605312,0
0.9999996,4.162628,0.4637034,137.80473,38.05147,0
0.99999994,4.041189,0.46308732,174.1611,38.159904,0
1.0000001,3.598272,0.46368778,160.75261,38.673874,0
1.0000002,4.213192,0.46356437,167.46727,38.239136,0
1.0000002,3.9751267,0.46350864,127.500946,38.156223,0
1.0000001,3.6225271,0.4638929,162.9584,38.270306,0
1.0000002,4.589646,0.4640364,182.35675,39.783623,0
1.0,3.702423,0.4637386,173.39847,38.70776,0
1.0000002,3.689314,0.46321073,194.2029,38.00813,0
1.0000002,3.781776,0.46400473,132.29044,37.791424,0
1.0000004,3.8220875,0.46377486,175.91591,37.91526,0
0.9999998,3.7784338,0.46352482,171.8238,38.12,0
0.9999996,4.146219,0.46319634,151.70195,38.856598,0
0.9999996,3.8394747,0.46359468,168.04672,38.00193,0
1.0000001,4.0454984,0.46317446,164.45036,38.374054,0
1.0000002,3.624597,0.46353975,156.18956,37.89324,0
1.0000002,3.7161193,0.4635085,147.9657,38.509907,0
0.9999998,4.0457044,0.463328,190.79074,38.17988,0
1.0000001,3.8376262,0.46248436,165.99551,38.017952,0
0.9999999,4.84446,0.46310413,146.77434,38.31673,0
1.0000004,3.8063097,0.46314496,170.35469,38.114937,0
1.0000004,3.7038858,0.4633884,161.10655,38.438316,0
1.0000004,3.9964738,0.4632834,138.34071,38.31907,0
1.0000001,3.9964945,0.46352416,199.53905,39.157112,0
1.0000001,5.091395,0.46280402,166.63802,38.343872,0
1.0000001,3.764273,0.46285677,155.57364,38.248226,0
1.0000002,3.7243204,0.46290696,200.78143,38.86176,0
1.0,4.389027,0.46341076,180.86949,37.876858,0
1.0000001,3.7431772,0.463275,142.40753,38.467052,0
0.99999976,4.0241427,0.46323466,148.06644,38.12394,0
1.0,3.9011958,0.46321937,175.47139,38.87879,0
0.9999997,3.9040885,0.46301484,160.8566,38.171257,0
1.0000001,3.8450508,0.462884,186.11958,38.34735,0
0.9999999,4.3287807,0.46285176,199.38521,38.686058,0
1.0,3.7890148,0.46323046,173.95502,38.042355,0
1.0000001,3.6881526,0.4635333,190.40846,38.709126,0
0.99999994,3.655031,0.46261176,143.74097,37.954395,0
1.0000001,4.1336875,0.46304893,188.62465,38.83852,0
1.0000006,3.668672,0.46323258,154.20891,37.81242,0
1.0000001,3.9608352,0.4629772,148.58517,38.563713,0
1.0000002,5.6686254,0.46307394,233.16254,39.24304,0
1.0000004,4.9893627,0.4627198,169.4613,37.84469,0
1.0000002,3.7166836,0.46294832,165.7965,37.84648,0
0.99999976,4.378455,0.46343905,186.96431,38.207863,0
1.0000004,3.6651912,0.46345645,176.10542,37.770374,0
1.0000001,4.039441,0.46386302,167.669,37.732765,0
1.0,3.8950963,0.4634697,185.03188,38.231827,0
0.9999997,4.177755,0.46358335,153.19597,39.16395,0
0.9999999,3.4658551,0.4636119,216.6548,37.609543,0
0.9999998,3.8106024,0.4631009,193.40758,37.820602,0
0.99999994,3.817627,0.4629616,187.68721,37.91151,0
1.0000001,4.286593,0.46290192,172.49374,38.954117,0
1.0000002,3.8425996,0.46303034,191.85567,38.488247,0
0.9999998,3.8191242,0.46355417,168.62743,38.738037,0
0.99999994,3.6314204,0.46348214,195.34367,38.799236,0
1.0000002,3.6158366,0.46326837,160.00513,38.09905,0
1.0000004,3.7793803,0.46279976,163.76988,38.224216,0
0.99999994,3.8507712,0.46302828,171.92418,38.25536,0
0.99999994,4.163241,0.46342734,178.12193,38.26803,0
1.0000001,4.2129817,0.4636985,146.01743,39.221916,0
0.99999946,3.873801,0.46360254,169.95854,38.476406,0
1.0,3.6509514,0.46323124,164.86368,38.344246,0
0.9999997,3.6250112,0.46333647,147.39395,38.392063,0
0.99999994,4.0620503,0.46304822,184.14026,39.07773,0
1.0000001,4.0194063,0.4630841,152.67921,38.85615,0
0.99999964,4.007922,0.4632013,193.89177,38.86558,0
0.9999998,4.19629,0.46324736,148.20059,37.82283,0
0.99999994,3.8227773,0.46349025,191.20126,37.951424,0
1.0000001,3.6566904,0.46343437,182.53244,38.009277,0
1.0000001,3.7961862,0.4630936,148.16782,38.914326,0
1.0,3.7758036,0.46359202,165.5159,38.70258,0
1.0000002,3.830235,0.46357292,179.81653,37.974224,0
0.9999998,3.678751,0.46265867,179.85786,37.44647,0
0.9999998,3.6629996,0.4630997,163.26083,38.726727,0
0.9999998,3.7720118,0.46364617,160.36757,38.029278,0
1.0000005,3.7136517,0.463113,176.96616,38.279617,0
0.99999946,4.1263638,0.46321768,177.3925,37.60967,0
1.0000001,4.0859027,0.46331084,164.10884,38.950035,0
1.0000002,3.6943471,0.463301,167.45102,37.962727,0
1.0000005,3.796411,0.46340972,179.79263,37.64136,0
0.9999997,4.723373,0.46346936,192.94191,37.87525,0
1.0000001,3.9020948,0.46327513,160.89273,38.496162,0
1.0000002,3.8098059,0.46327955,166.26633,38.23955,0
1.0000002,4.0403986,0.4632517,144.77563,38.85583,0
0.9999998,3.9332395,0.46362665,180.85124,37.95792,0
0.99999976,3.7923014,0.46350157,156.1697,37.860264,0
0.99999994,4.1376476,0.46334633,148.48555,37.787212,0
1.0,3.6873772,0.46382812,148.90907,38.06021,0
0.9999997,3.8458855,0.4633911,138.02605,38.908184,0
1.0000004,4.111839,0.46344936,172.37173,38.774017,0
0.99999994,3.873381,0.46328017,160.26663,38.698784,0
0.9999999,4.4727297,0.4634741,136.76799,38.835056,0
0.9999999,4.2233305,0.4630346,170.21571,38.62021,0
1.0000002,3.676021,0.4635616,171.13664,38.198196,0
1.0000002,4.240639,0.46268183,145.16325,37.349308,0
0.99999994,3.80509,0.46338752,178.83484,38.253696,0
0.99999964,4.8683233,0.46320552,155.34612,38.475636,0
0.99999994,3.705631,0.46312165,201.56169,37.829678,0
1.0000001,4.1963983,0.46237084,190.89464,38.353897,0
1.0,4.7761936,0.46318433,149.0852,38.231926,0
1.0000004,4.501455,0.46276155,197.96281,38.220665,0
1.0000002,4.566767,0.46275088,177.311,37.70507,0
0.9999998,3.7220695,0.46346596,168.19855,38.753822,0
1.0000002,4.0456653,0.46301305,164.43704,37.792953,0
1.0000002,3.7259421,0.46289042,189.67514,38.55044,0
1.0000002,4.1298947,0.46296456,175.9744,38.301678,0
1.0,3.7750773,0.4626755,163.8389,38.47769,0
0.9999998,3.730126,0.46326452,159.82904,38.41428,0
0.99999994,4.004682,0.462958,191.49945,37.7561,0
1.0000001,4.864032,0.46286294,168.87292,39.03268,0
1.0,3.9130707,0.46307322,187.00487,38.2924,0
0.99999994,5.523444,0.46368024,174.25487,38.215736,0
0.9999999,3.7541277,0.4639826,196.54565,38.382183,0
0.99999994,4.194708,0.46369404,186.36583,38.10522,0
0.99999976,4.1473007,0.46361613,139.97673,38.605442,0
0.9999998,3.8708212,0.4632371,203.24686,38.191483,0
1.0000005,5.052991,0.46404797,161.3457,37.61413,0
1.0000002,4.0298085,0.46405464,178.60555,38.3026,0
1.0000001,4.0413384,0.463324,196.0331,37.096897,0
0.9999999,3.8808434,0.46354336,171.19992,38.155598,0
1.0000002,3.6886108,0.46384108,180.08319,38.415943,0
1.0,4.1653085,0.46398556,130.06561,38.68023,0
1.0000001,3.7126944,0.46366838,188.47816,38.60011,0
1.0000001,3.7152388,0.46368593,183.55365,38.51076,0
0.99999976,3.9233143,0.46340755,218.27763,37.955544,0
0.9999999,4.0821733,0.463512,162.92908,37.67197,0
1.0,3.8025024,0.46357322,160.19798,37.96515,0
0.9999999,3.7124412,0.46328428,155.88046,38.621696,0
1.0000001,4.133589,0.46377176,185.27446,37.729008,0
1.0000001,4.4720674,0.46319988,170.44804,37.599884,0
1.0000004,3.818202,0.46376747,149.33257,38.4037,0
1.0000002,3.652224,0.46328723,181.4705,38.16032,0
0.9999999,4.0143104,0.46260968,145.94151,39.119053,0
1.0000005,3.6555173,0.46295312,180.53682,38.411392,0
0.9999999,3.9492114,0.46316567,147.61772,37.891026,0
1.0000004,4.21238,0.46340746,151.7598,37.747208,0
1.0000004,4.1430206,0.46292615,157.82716,38.850376,0
1.0000001,3.7725413,0.4628406,180.34035,38.187187,0
1.0000004,3.7437046,0.4634911,167.1522,38.239014,0
1.0,3.9412925,0.46371898,188.3561,38.37707,0
0.9999996,4.414189,0.46338534,141.71486,38.561577,0
1.0000005,3.7503085,0.4635671,180.34041,38.242523,0
1.0,5.3319826,0.4641937,186.33641,37.853855,0
1.0000002,4.2107997,0.4634053,206.1856,37.539337,0
0.99999994,4.168173,0.46324494,151.41704,38.271618,0
1.0,3.626814,0.46359625,215.80928,38.593323,0
0.99999964,3.7658167,0.46386102,154.69495,37.949093,0
0.9999996,4.1858153,0.46360746,172.52818,38.50372,0
1.0000001,3.8444135,0.46349856,191.6711,38.980133,0
1.0,4.003044,0.4635797,199.23102,38.337063,0
0.99999994,8.393472,0.46345922,185.71078,37.630596,0
1.0000001,4.5568185,0.4630588,165.85048,37.715965,0
1.0000005,3.7516038,0.46298358,193.45221,38.34336,0
1.0000004,4.411454,0.46313766,209.1362,38.174545,0
1.0,4.547303,0.46321326,151.06918,38.242554,0
1.0000002,3.990699,0.4635531,200.28354,37.87774,0
1.0,4.3014307,0.4636645,198.63878,39.83547,0
1.0000002,4.8329372,0.46339446,169.04037,38.512596,0
1.0000004,3.8474085,0.4629563,189.22481,38.032295,0
1.0000004,3.6655996,0.46268728,140.67807,38.366554,0
0.9999998,4.6798415,0.4636304,171.16061,38.15496,0
1.0,3.872461,0.4631455,168.08455,37.907307,0
1.0000002,3.5756683,0.463952,212.91574,37.82402,0
1.0000004,3.9555697,0.4635052,169.80591,39.049023,0
1.0,4.0532823,0.4636026,139.04808,37.349823,0
0.9999997,3.6932547,0.4634093,181.69019,38.296238,0
0.9999998,3.5804129,0.4633727,222.01613,38.00147,0
1.0000001,3.724344,0.4634212,163.2941,37.75631,0
0.99999976,5.5072494,0.46355757,199.3119,38.845467,0
1.0000001,4.8286924,0.4637916,174.21762,38.012444,0
1.0000002,4.5009737,0.46331677,155.69907,37.952667,0
0.99999994,4.975485,0.4634464,163.23476,38.113426,0
0.9999995,4.6309032,0.46280673,165.97325,37.842102,0
1.0000002,4.102943,0.46351185,210.97163,38.514732,0
1.0000004,4.0839033,0.46365583,193.17543,37.968307,0
0.9999998,4.044811,0.4633965,137.03401,37.928715,0
1.0,6.0067873,0.46352002,209.18591,37.50732,0
1.0000002,4.4488506,0.46332306,175.32349,39.673664,0
0.9999997,4.1146517,0.46391097,158.4671,38.67517,0
0.9999999,4.1026077,0.4636958,218.21272,38.523296,0
1.0000001,3.6131022,0.463443,197.19919,38.081055,0
0.99999964,3.8562706,0.4631575,205.818,38.707386,0
0.9999999,3.8563404,0.46345457,197.86691,38.42219,0
1.0000001,4.6267757,0.46379936,183.33647,38.04291,0
0.9999996,4.3758636,0.46336964,146.55182,38.31934,0
0.9999999,4.5507684,0.46316433,150.42229,38.280136,0
0.99999994,3.7658958,0.46313447,142.145,38.644356,0
1.0000004,4.5903945,0.46338817,157.09802,38.52008,0
0.99999964,4.68419,0.4636281,184.60966,38.673195,0
1.0000001,5.097463,0.46333566,162.4226,38.116657,0
1.0000001,4.8261695,0.46345168,144.80591,38.795265,0
0.9999999,4.542142,0.46361738,173.22618,38.16318,0
1.0,5.0011535,0.4633078,169.40771,38.983093,0
1.0000008,3.8200345,0.46303093,206.1953,38.07453,0
0.9999997,3.9144602,0.46356848,185.7886,37.827583,0
0.9999997,3.920931,0.46347746,158.25763,38.55303,0
0.99999964,4.170178,0.46364412,133.60771,37.9199,0
0.99999994,3.6870973,0.4633317,190.92282,38.481113,0
1.0000002,5.279654,0.46373653,156.88087,37.94202,0
1.0,4.0490303,0.4632777,167.34007,37.64176,0
0.99999994,3.9481637,0.46262208,207.6523,37.77637,0
1.0000001,4.7097597,0.46309918,169.05724,37.589897,0
1.0000004,3.6238194,0.46353328,148.84755,38.455956,0
0.99999994,3.7594795,0.46375996,154.38544,37.18703,0
1.0000001,3.7696674,0.46367657,178.07893,38.00364,0
1.0,3.7904482,0.4633187,146.39728,38.218975,0
0.9999998,4.493228,0.4625345,148.04778,38.194916,0
1.0000001,4.03616,0.4635959,203.7569,37.688065,0
1.0000005,4.7955995,0.46371815,144.02669,38.368675,0
1.0000002,4.786818,0.4636272,135.43222,38.759243,0
1.0,3.664751,0.4635407,163.79073,38.64238,0
0.9999999,4.0351543,0.4636959,165.41034,38.716137,0
1.0000001,3.6423123,0.46280143,208.8731,38.004463,0
1.0000001,3.6871731,0.46316594,175.26631,38.250637,0
0.9999999,4.3228173,0.46340796,157.8796,38.25348,0
1.0000001,4.238305,0.4629472,144.72624,38.517982,0
0.9999999,3.7350533,0.46350372,166.82329,38.014206,0
0.9999997,3.892257,0.46313658,165.31529,38.30243,0
1.0000001,4.439997,0.46283895,174.41827,37.68138,0
1.0,3.6357787,0.46298197,143.95251,38.18955,0
0.9999999,3.765955,0.46281588,213.96901,38.53538,0
1.0,5.429066,0.4634057,176.28023,37.45331,0
1.0000002,3.6567578,0.46282786,161.42007,37.919945,0
1.0000002,3.745313,0.463572,161.91327,37.545853,0
0.9999995,3.7771683,0.46323475,150.92964,38.11206,0
1.0000002,3.88704,0.46343732,162.4206,38.30541,0
1.0,4.214802,0.46307474,180.23563,37.214695,0
1.0000004,3.8295836,0.46328205,175.43098,38.12834,0
1.0000002,3.697751,0.4629493,193.64545,37.880047,0
0.99999994,3.5519137,0.46314698,155.38283,37.512535,0
1.0000004,3.80936,0.46281993,173.26039,39.092712,0
1.0000002,4.3396983,0.46277848,144.55724,38.406387,0
1.0000002,3.913,0.46294317,157.68228,38.145264,0
1.0000005,4.893384,0.46316433,151.31752,38.219242,0
0.9999999,3.8821018,0.4626286,141.40294,37.72689,0
0.9999999,3.5876346,0.46322268,159.57933,37.443867,0
0.99999994,4.660021,0.46325487,181.61015,37.35404,0
1.0000002,4.5105014,0.46298492,236.96407,37.162045,0
1.0,4.0684414,0.46344113,137.8631,37.49094,0
1.0000001,4.1853566,0.46315357,149.2665,38.268272,0
1.0000001,3.827503,0.46263784,190.80972,38.009438,0
1.0000004,5.4975567,0.46305194,167.4799,39.25879,0
1.0000004,3.6886497,0.46294555,149.71097,38.603058,0
0.9999998,3.924819,0.4629952,166.76268,37.718857,0
0.9999997,3.7143466,0.462915,196.80563,38.566162,0
1.0000004,4.698401,0.46279472,158.14203,38.570118,0
1.0000005,4.0581474,0.46330693,133.60582,37.7723,0
1.0000001,7.2404065,0.4634567,179.33916,38.520466,0
1.0000001,3.83263,0.46291453,155.8489,38.006413,0
1.0,4.070711,0.4633094,144.47972,38.178192,0
0.99999994,3.7411923,0.46277642,139.09778,38.260258,0
0.99999994,3.7371233,0.46308142,131.16385,38.13255,0
1.0000001,3.890236,0.46336216,162.59297,38.503525,0
0.99999994,3.8890207,0.4632867,179.75648,38.372665,0
1.0000002,4.530815,0.46279466,168.30202,38.14261,0
0.9999999,3.8390152,0.4629757,179.94466,38.88121,0
1.0000001,4.1858454,0.46276867,178.3147,38.046753,0
0.99999994,3.7111127,0.46306762,162.65694,38.88278,0
0.99999994,3.9354343,0.46279985,136.26845,37.83288,0
1.0000001,3.7279103,0.4629508,160.62221,38.13367,0
1.0,4.4170413,0.46318272,162.66333,38.03637,0
1.0000001,3.669343,0.46323368,158.87813,38.86729,0
1.0000001,4.1412835,0.46329,158.50346,37.897587,0
1.0000004,4.0848155,0.46307325,189.93486,38.366505,0
1.0000002,4.888053,0.46266198,174.66531,37.83408,0
1.0000001,4.331869,0.46286947,162.34229,38.401413,0
1.0,4.9358606,0.4632075,175.86446,38.50586,0
1.0000002,3.8119013,0.46326956,165.09741,38.88651,0
1.0000005,4.6585026,0.46317276,162.38121,38.30674,0
0.99999994,4.239005,0.4636772,187.95335,37.983974,0
0.99999946,3.8025417,0.46337304,206.41914,38.50326,0
1.0000001,3.6007853,0.4627779,188.68481,38.482574,0
1.0000002,4.7443714,0.46365723,185.58835,37.978703,0
1.0000002,4.040246,0.46284714,248.05457,37.605484,0
1.0000005,4.5755625,0.46301526,163.86842,38.46975,0
0.99999976,3.7238426,0.46304587,156.50742,38.022606,0
1.0000002,3.668639,0.46277547,132.54262,37.349472,0
1.0000002,3.6315055,0.46314356,166.37915,37.758476,0
1.0000004,4.6360264,0.46307608,152.72253,39.304825,0
0.9999999,4.327735,0.46352217,192.16565,37.619926,0
0.9999998,4.120322,0.46369982,155.8622,38.59487,0
0.9999998,4.9117293,0.4628538,158.58748,38.115078,0
1.0,4.0923843,0.46330667,162.0498,38.752697,0
0.9999999,4.5949574,0.4637033,168.82288,38.670273,0
1.0000002,3.7915752,0.46405432,183.58818,38.243717,0
1.0000001,3.8924665,0.46323997,133.37215,38.063293,0
1.0000001,5.653861,0.4633489,151.00917,37.65898,0
0.99999994,4.0658107,0.46350053,148.26053,38.17545,0
1.0000001,3.8063428,0.4632996,166.08739,39.422966,0
0.9999999,4.17899,0.46332374,162.22879,38.561962,0
0.9999998,3.6021879,0.46325544,182.05948,38.28784,0
1.0000002,4.827968,0.4632352,156.37787,38.80766,0
0.9999999,3.9482992,0.46350896,142.05026,37.70863,0
0.9999999,4.2063475,0.46339503,208.13188,37.548115,0
0.9999999,4.6466317,0.46323827,174.74283,38.28341,0
1.0,4.1414986,0.4641626,148.4077,38.684643,0
0.99999964,4.27012,0.46346906,176.88756,37.42836,0
1.0000002,4.3481784,0.4636853,187.23357,37.745235,0
1.0000001,3.8286486,0.46341506,148.44653,37.941547,0
0.99999976,3.9736984,0.4634736,181.87886,38.49487,0
1.0000001,3.8455968,0.4642934,154.41173,37.926384,0
1.0000004,4.4893203,0.46349928,171.44531,38.384037,0
0.99999994,3.7540724,0.46359906,165.03413,38.42301,0
1.0,3.9132698,0.46384948,173.80199,38.43198,0
1.0000004,4.023149,0.46363318,138.44604,37.513947,0
1.0000002,3.7437096,0.46293604,210.40315,38.70573,0
1.0000001,3.9534044,0.46292004,163.40668,37.785824,0
0.99999946,3.8338735,0.4637729,163.69225,38.174458,0
1.0000002,3.7512653,0.463488,139.26625,38.250374,0
1.0000002,3.7338498,0.4639473,150.66068,37.748978,0
1.0000002,3.9212065,0.4633115,179.54916,38.44889,0
1.0000001,4.0031924,0.46352983,159.18596,37.76906,0
0.99999994,3.6479688,0.46383873,168.71635,38.38605,0
1.0000002,4.677167,0.4635334,156.48984,38.92124,0
0.99999994,4.0329013,0.46358737,165.1123,38.199356,0
1.0,5.21034,0.46316707,159.43565,37.57525,0
1.0000001,4.6688156,0.46389517,138.75479,38.083073,0
0.99999994,3.9951096,0.46333644,204.59935,38.17092,0
0.99999976,3.765208,0.46357363,166.05017,38.31966,0
0.99999976,4.990591,0.46368155,169.77672,38.62526,0
1.0000001,5.4108887,0.4630332,182.87749,38.384033,0
0.99999994,4.045279,0.4636359,192.55957,38.182495,0
1.0000001,3.8401263,0.46295246,170.06937,38.11305,0
0.9999999,4.205982,0.46366447,178.69975,38.54041,0
1.0000001,3.8511016,0.46339872,168.74149,38.749348,0
1.0000004,4.069153,0.46300924,153.25996,38.59732,0
0.99999964,3.6971369,0.463833,165.48439,37.5696,0
1.0000002,4.9626994,0.46333867,150.28694,37.75931,0
0.9999998,4.310424,0.46325707,177.15964,38.75902,0
0.9999997,3.8918042,0.4638946,223.41931,38.285374,0
1.0000002,3.6543915,0.46312433,167.77843,38.585995,0
0.99999994,4.668669,0.46298644,178.41827,38.12113,0
1.0,4.75851,0.46364453,160.56084,38.11742,0
0.99999964,3.7456114,0.46291724,181.49881,37.40518,0
0.99999994,3.9075658,0.46289602,186.20346,38.433575,0
0.99999994,3.7332432,0.46338722,169.6932,38.49296,0
1.0000001,4.354323,0.4630845,192.10019,38.7004,0
1.0000001,3.9108083,0.4629632,168.92967,38.602093,0
0.9999998,3.6182954,0.46340898,156.59032,38.57307,0
1.0000001,3.758131,0.46264184,150.69347,38.2698,0
0.99999946,4.089837,0.46300235,173.59607,38.755173,0
0.9999998,4.214511,0.46382025,165.25456,38.82676,0
1.0000001,4.3256187,0.46376517,153.41145,38.76108,0
0.9999999,3.981892,0.46309572,179.37871,37.87585,0
0.9999998,5.2839994,0.46384823,167.63496,37.922684,0
0.9999996,4.751664,0.46331668,173.60945,38.065243,0
1.0000001,4.3904896,0.4632772,187.37395,38.35898,0
0.9999998,3.7063847,0.46343845,205.38327,38.48298,0
1.0000004,5.4652195,0.46417418,138.49756,37.746105,0
1.0000002,4.5844746,0.4635351,159.86694,37.984642,0
0.9999997,4.8864174,0.46398935,135.39903,38.403282,0
1.0000004,4.388302,0.4635114,179.9006,38.280228,0
1.0000005,3.992682,0.46393025,166.8758,37.946323,0
0.9999998,4.052844,0.4635612,149.63046,38.43644,0
0.9999996,4.697417,0.46342707,213.48494,38.40867,0
1.0000006,3.5871842,0.46362764,158.09412,37.32624,0
0.9999997,4.0186524,0.46390754,178.31516,37.84406,0
0.99999964,5.1414495,0.46361056,191.45229,37.89711,0
0.99999976,4.0810556,0.46287894,168.89664,38.34408,0
1.0,4.7827415,0.4638777,156.69682,38.626106,0
0.9999998,5.311829,0.4636262,177.26163,37.93813,0
1.0000001,3.953454,0.46329147,145.22377,37.874542,0
0.9999999,3.9803002,0.46364877,155.0158,38.827526,0
0.9999998,3.7585437,0.46297044,144.61298,38.06011,0
0.9999996,4.057273,0.46321818,191.74736,37.972412,0
1.0000001,3.8313742,0.46321204,166.96248,37.432213,0
0.9999999,4.6479654,0.46329972,159.85669,37.98391,0
1.0000005,3.931107,0.4632225,234.23149,38.34072,0
1.0,3.8963687,0.46352565,184.74446,37.890568,0
1.0000002,4.902225,0.46338925,200.16933,38.034416,0
1.0000002,3.653474,0.46334264,167.22122,38.218136,0
0.9999995,5.3842764,0.4638519,167.31111,37.15424,0
0.9999998,4.088497,0.4631242,178.25874,38.493557,0
1.0000001,4.241158,0.46361363,167.99907,38.082024,0
0.9999997,3.8053236,0.46325153,152.81142,37.9503,0
0.99999964,3.60485,0.4629692,152.71042,38.43638,0
1.0000004,4.4012814,0.46322042,174.6742,39.023808,0
0.99999976,4.89389,0.46324924,193.91312,37.60097,0
1.0000001,3.7154312,0.46310866,143.04263,38.32669,0
0.9999998,4.0973945,0.4632454,157.68881,38.432034,0
1.0000001,3.9010513,0.46368137,159.19655,37.208435,0
0.9999997,3.8484416,0.46354705,191.17384,37.66959,0
1.0000001,4.200228,0.46361837,169.50417,38.536823,0
0.9999998,4.232862,0.4633475,193.57748,37.77261,0
1.0000001,4.378963,0.46310535,154.69484,37.37427,0
1.0000006,4.847145,0.46329224,191.2705,37.794334,0
1.0000001,3.6131392,0.46264258,200.14447,38.832493,0
1.0000004,4.739091,0.46286482,156.18591,37.824417,0
0.9999998,3.5440598,0.46280894,140.41266,38.619686,0
1.0000004,4.2662554,0.4624792,140.70894,38.390335,0
0.9999999,3.6415832,0.4630969,154.44107,37.532146,0
0.99999994,3.7390387,0.46332756,157.37834,38.19197,0
1.0000002,4.6684184,0.46314278,177.27348,38.24428,0
0.9999999,3.8482888,0.46321118,160.71915,38.345993,0
1.0000002,4.5512767,0.4629704,211.4854,38.9176,0
0.9999999,4.4501047,0.4632912,182.9308,38.395596,0
0.9999999,4.018259,0.46283913,145.98215,38.838535,0
1.0000001,5.2059917,0.4632699,163.63026,38.985535,0
1.0000004,3.6703002,0.46321225,173.60045,37.49348,0
0.9999996,3.9805636,0.46303815,150.23473,37.966244,0
1.0000002,3.8028579,0.46356633,139.01926,38.259686,0
0.99999976,3.5347388,0.4631779,152.74194,37.61687,0
0.9999996,4.6468344,0.46346167,181.06763,38.306934,0
1.0000002,3.784435,0.46310097,159.94104,38.388527,0
0.9999999,3.812685,0.46373463,142.90646,38.19512,0
1.0000004,3.7401745,0.46314418,239.50246,38.22703,0
1.0,3.9503174,0.4629524,187.55357,37.94888,0
1.0,3.8132546,0.46304235,162.28423,38.015274,0
0.9999998,4.7662377,0.4634323,180.32024,38.947384,0
1.0000001,3.5757146,0.46276343,151.78412,37.956665,0
1.0000001,4.1804285,0.4631448,177.28076,38.262016,0
1.0,3.8005762,0.4629345,142.54106,37.772636,0
1.0000002,3.8145592,0.46325552,161.56956,38.087246,0
1.0000001,4.6184926,0.46290246,196.67593,38.17748,0
1.0,4.3999114,0.46341383,192.00655,38.08577,0
1.0000002,3.5730298,0.4631917,147.80556,37.39567,0
1.0,3.6571612,0.46300545,184.62187,38.34406,0
1.0000004,3.655145,0.46267596,163.15489,38.107964,0
1.0000002,3.9109125,0.46289757,143.85757,38.317787,0
1.0000001,3.6276178,0.4630719,149.98244,38.60014,0
1.0000002,3.831512,0.46299282,156.19899,38.55853,0
1.0000004,5.021145,0.46325862,211.66121,37.461926,0
1.0000002,3.7164855,0.46338755,148.75142,38.439774,0
0.9999997,4.283006,0.46345097,127.67426,38.861504,0
0.9999997,4.677148,0.46354228,188.68932,38.376976,0
1.0000001,5.6506233,0.4635213,168.44456,38.63135,0
0.99999994,3.7020676,0.46388316,217.05257,37.590424,0
0.99999964,3.8473902,0.46354145,207.56015,37.726658,0
0.9999998,4.567833,0.4634269,173.31589,39.26108,0
0.9999999,3.982705,0.46356505,157.68004,38.342842,0
0.99999946,3.8517218,0.4636134,167.07515,38.219685,0
0.9999995,3.8595247,0.46364233,169.14563,38.425003,0
1.0000001,3.83926,0.4634966,170.35355,37.885586,0
0.99999946,3.64242,0.46360138,174.25845,38.594566,0
0.9999997,3.9269013,0.46365547,174.75266,37.821453,0
1.0000004,3.7713048,0.4638987,175.1266,37.402298,0
1.0000002,3.826671,0.4638299,141.8873,38.2987,0
0.9999999,3.7652586,0.46334082,210.5404,37.787895,0
0.99999994,3.8676016,0.46378374,182.87292,38.995564,0
1.0000001,3.947742,0.46383968,141.18527,38.430485,0
1.0000001,4.042165,0.46342975,180.01169,38.081665,0
1.0000002,3.5676115,0.4634215,153.21448,37.926167,0
0.99999946,5.2852974,0.46303818,199.44945,38.260666,0
0.9999997,3.8336697,0.46310115,157.97171,38.18272,0
1.0000004,3.7407885,0.4637982,187.97206,38.351852,0
0.99999976,4.104008,0.46336204,168.1641,37.766357,0
0.9999997,3.8833673,0.46363693,131.80664,38.289684,0
0.9999997,3.9037838,0.46355623,152.68454,38.239513,0
1.0000001,3.7032263,0.46392867,150.10112,39.060196,0
0.9999998,3.9211438,0.4634083,180.79457,37.649586,0
0.99999964,3.761595,0.46370474,185.14365,38.17762,0
1.0,4.5254183,0.46377918,147.44176,38.98879,0
1.0000002,4.134946,0.4632874,162.02806,38.777023,0
1.0000001,4.0328765,0.46369076,156.81967,38.152164,0
1.0000002,3.827968,0.46342266,188.57422,37.975933,0
0.99999994,4.04231,0.46312255,162.93393,38.312843,0
1.0000002,3.736496,0.46402666,160.03671,38.265106,0
1.0000002,3.7788668,0.46347985,155.07245,37.794224,0
1.0,3.8228216,0.46330222,149.93022,38.2093,0
1.0000006,3.8024402,0.46302396,165.58046,38.715164,0
1.0000004,4.060771,0.4637421,141.44923,38.73342,0
1.0000001,3.7086246,0.46349788,161.36218,38.215477,0
1.0000004,4.2987523,0.46341833,206.44595,38.87897,0
1.0000002,4.2921286,0.46380344,159.22523,38.132465,0
0.9999999,6.0459733,0.46405372,150.00215,38.053158,0
0.9999997,4.0222197,0.46376243,160.67393,38.316498,0
0.9999999,4.8940334,0.46385935,170.13297,38.585754,0
1.0000002,4.247699,0.46361932,151.91466,38.770435,0
0.99999994,4.005747,0.46311504,161.77841,38.527843,0
0.99999994,3.8801987,0.463238,151.6226,37.283966,0
0.9999998,4.7963,0.46331286,148.19293,38.431995,0
0.9999999,3.717473,0.4632865,153.25356,38.134083,0
1.0000004,3.7548854,0.46344772,188.77124,37.065926,0
1.0,3.8374252,0.46311343,172.07751,38.551704,0
0.9999999,4.624347,0.46344107,183.35736,38.309265,0
0.99999964,3.7181883,0.46328443,156.05008,38.378094,0
0.99999976,3.9274652,0.46387923,181.41438,38.108707,0
1.0000002,3.5985382,0.46373752,153.1408,37.821815,0
0.9999999,3.6343236,0.46355468,171.32735,37.886833,0
1.0000001,3.9723682,0.4630468,161.34076,38.68434,0
0.9999998,3.7273297,0.46332148,179.66539,38.246902,0
1.0000001,4.0151663,0.463326,164.51517,37.787,0
1.0000005,4.3103495,0.46344572,169.21848,38.164032,0
1.0000004,3.7877712,0.46404308,164.5332,38.47826,0
1.0,4.917408,0.46334702,153.19069,37.94553,0
1.0000004,4.126524,0.46373147,166.38248,38.350975,0
1.0000002,3.6183994,0.46338597,217.80109,38.593536,0
1.0000001,5.554863,0.46305853,186.39272,38.189518,0
0.99999994,3.8471103,0.4635889,140.5317,38.495415,0
1.0000001,3.8739462,0.46353695,191.02417,38.298645,0
1.0000005,3.7239556,0.46346524,170.7484,38.288406,0
0.9999998,4.1378474,0.46337983,162.74149,38.596924,0
1.0,5.108,0.46348158,154.59254,38.25874,0
0.99999994,4.219439,0.46324003,197.46416,37.990295,0
1.0000001,4.5612526,0.46353787,157.09877,37.76581,0
0.9999997,3.817858,0.46309078,191.62686,38.342743,0
1.0000001,3.86324,0.46326175,159.12482,38.27341,0
1.0000002,3.9578798,0.4636241,157.9799,38.092194,0
0.9999997,3.9392037,0.46411186,174.05656,38.496437,0
0.9999998,3.7897525,0.46353748,157.30042,38.868256,0
1.0000001,3.8169684,0.4635969,169.38705,37.923634,0
0.9999996,3.7724195,0.4632274,149.49727,38.624733,0
1.0000006,3.7813747,0.46312603,180.49223,38.282387,0
1.0,3.7286696,0.46359846,157.54926,37.68087,0
1.0000001,3.9592903,0.46371967,184.51782,37.405304,0
0.9999999,3.7911727,0.46354583,155.39325,38.161175,0
1.0000001,3.7913537,0.4632876,159.70938,38.053997,0
0.9999998,4.2008986,0.46341324,168.70157,38.52709,0
1.0000001,4.2816753,0.46332547,202.58664,38.47414,0
0.99999964,4.219455,0.46303418,169.97784,38.685818,0
1.0000002,3.96464,0.4630771,154.2142,38.60088,0
1.0,4.5341225,0.46346506,150.50412,38.071743,0
1.0000001,3.9088333,0.46297237,215.04039,38.35187,0
1.0000004,3.8031838,0.4630082,192.81221,38.484444,0
1.0000005,5.9153423,0.46284175,164.80315,38.352192,0
1.0000002,3.6248715,0.4628756,159.91826,38.56917,0
0.99999964,3.6925955,0.46307972,144.52228,37.943584,0
1.0000002,7.877511,0.46315694,144.607,38.675976,0
1.0000002,4.359357,0.4631175,198.61269,38.23654,0
1.0000004,3.7757113,0.4626933,172.88133,38.164536,0
1.0,3.9280348,0.46305454,168.90155,38.133556,0
1.0,3.713834,0.4630351,147.3319,38.23493,0
1.0000001,3.895436,0.46332803,137.9748,38.15795,0
1.0000002,3.8689628,0.46300253,157.71544,39.140938,0
0.99999976,4.109498,0.46287882,159.46335,37.349293,0
1.0000008,3.7964115,0.4633694,168.9917,38.453987,0
1.0000002,4.4519014,0.46293503,162.56013,37.642014,0
1.0,6.239681,0.46277714,186.0821,38.376873,0
1.0000001,4.054509,0.46336028,182.53545,37.52036,0
1.0000001,4.3416805,0.4635378,139.9457,38.27082,0
0.99999994,3.6725495,0.4632279,140.58725,38.40969,0
0.99999976,3.8609107,0.46299523,166.55527,38.294067,0
1.0000004,3.9014835,0.4631423,156.63725,38.73458,0
1.0000002,3.7009685,0.46303746,156.19138,37.99417,0
0.99999994,4.161405,0.46325314,170.71736,37.95705,0
1.0000004,4.2943163,0.46294168,154.11343,38.257442,0
1.0000001,4.2340517,0.4634285,171.32626,38.9209,0
0.99999994,4.2420564,0.4626732,179.4607,37.499184,0
1.0000001,3.7538874,0.46360993,161.68925,37.94077,0
1.0000005,4.125958,0.46276504,197.97379,37.441807,0
1.0000002,5.534454,0.4640999,161.52028,38.00155,0
1.0000001,4.6175184,0.463086,167.81665,38.788624,0
0.9999999,4.8863587,0.4632015,148.86736,38.09587,0
1.0000001,3.63207,0.46314958,149.19017,38.028088,0
0.9999998,3.6847491,0.4629087,156.87001,38.001724,0
1.0000002,3.7408576,0.4628201,203.35268,38.09617,0
1.0000001,4.414502,0.46365285,167.08237,39.798973,0
1.0000001,3.8028026,0.46288177,170.62749,38.682823,0
0.99999994,4.078007,0.46332616,142.67511,38.688637,0
1.0000004,3.974341,0.46356466,173.12341,38.476986,0
0.99999964,3.7322621,0.46276477,172.66121,38.268845,0
0.9999998,3.6704931,0.46313593,168.10194,38.543015,0
1.0000002,4.2283983,0.46348435,150.78413,38.771244,0
1.0,3.9142377,0.4633818,194.2643,38.31379,0
0.9999998,3.7136068,0.4629961,171.4278,38.15156,0
0.99999976,3.9113052,0.4627257,179.17213,37.874252,0
1.0,4.332815,0.46319503,162.60622,38.978745,0
1.0000001,3.760365,0.46371067,157.05484,38.30961,0
0.99999976,5.032614,0.46289155,135.53616,37.779343,0
1.0000001,4.0874166,0.4630106,155.32349,38.008675,0
1.0000005,3.8831997,0.46311685,170.47833,37.880447,0
0.9999998,3.6142251,0.463369,151.83253,38.968407,0
1.0,3.5718687,0.46253863,148.06036,38.15761,0
1.0000005,3.6870463,0.46333668,160.79572,38.44442,0
1.0000001,4.3760014,0.46391448,173.7849,37.78616,0
1.0000002,3.7888298,0.46329993,165.80644,38.64107,0
0.99999994,3.7047675,0.4632475,138.61093,39.016823,0
0.9999999,4.343053,0.46392545,166.41725,38.029995,0
0.99999976,4.127899,0.4631425,143.85234,38.170586,0
1.0,5.2446504,0.46289477,151.96313,37.774616,0
0.9999995,3.742767,0.4629771,201.42033,38.609955,0
1.0,3.904702,0.46313325,190.60239,37.973648,0
1.0000004,3.9762306,0.46393302,186.91666,38.43409,0
0.9999999,4.045194,0.46374628,185.18806,39.56266,0
1.0000001,4.1019554,0.46409738,156.27983,37.77113,0
1.0000002,3.7085838,0.4634986,190.18498,37.69299,0
1.0000004,4.264868,0.4633901,151.91757,38.62229,0
1.0000001,3.7173793,0.4632605,180.77124,38.508224,0
1.0000001,4.1559854,0.4627068,187.78075,38.133167,0
0.99999994,5.051509,0.46266082,173.08945,38.777203,0
0.99999994,3.9269676,0.46278745,188.30078,38.21461,0
1.0,4.0893927,0.462496,145.52367,38.305504,0
0.99999994,3.6154723,0.4626677,160.67047,38.311966,0
0.99999964,4.0088496,0.463013,170.73721,39.093323,0
1.0000001,3.640018,0.46286768,182.2269,37.347973,0
1.0000005,3.8777337,0.46306428,157.08687,37.559513,0
0.99999994,3.866518,0.462341,170.4331,38.533398,0
1.0000004,3.9684184,0.4626965,161.74721,38.001945,0
0.99999976,5.645491,0.46411675,180.31497,38.45268,0
1.0000001,4.4041085,0.46264938,152.23975,38.52151,0
0.99999994,3.7103994,0.46366355,187.02838,38.719925,0
0.99999994,4.0238876,0.46352094,218.6573,37.675472,0
1.0000002,3.8309236,0.46355632,152.82764,37.87592,0
0.99999994,4.471973,0.46325517,149.99316,38.73803,0
0.9999992,3.7386901,0.4631736,198.51224,38.118263,0
0.9999998,3.7968912,0.46390548,155.81528,39.111847,0
1.0000004,4.432996,0.4636884,161.19987,38.19662,0
1.0000004,4.3091264,0.46351197,157.6159,38.44602,0
1.0000002,4.2108736,0.46347967,191.73904,37.50448,0
1.0000001,4.383244,0.4635416,190.93845,38.39692,0
1.0000005,4.3619895,0.4633804,193.01544,38.470448,0
1.0000007,3.5958855,0.46369684,177.43109,37.690453,0
1.0000006,3.624359,0.46327713,177.30188,38.44885,0
1.0000002,3.9352775,0.4633975,166.03366,38.331017,0
1.0000001,3.868755,0.46376547,148.21945,38.2041,0
1.0,3.8809767,0.46345133,153.95734,38.09223,0
1.0000002,3.849159,0.46311194,163.74599,38.860023,0
1.0,3.7718608,0.4633671,188.55295,38.823093,0
1.0000001,3.970079,0.46340683,194.25784,38.420677,0
0.99999994,3.8826437,0.46376172,190.10933,38.03076,0
0.99999964,3.879019,0.46328202,171.73639,37.772495,0
1.0,3.9016275,0.46341023,215.15717,37.895893,0
0.9999998,3.763099,0.46317512,161.77528,38.899006,0
1.0000005,3.6230724,0.4636047,137.88652,38.158634,0
0.9999996,3.8462684,0.46349618,167.66147,38.81566,0
0.9999999,3.6941726,0.46314597,162.61,38.65441,0
0.99999976,3.9094589,0.4635294,134.33644,38.866978,0
0.9999997,4.2089715,0.46360335,143.87254,38.64277,0
1.0000002,3.8906515,0.46332437,200.92259,38.26393,0
1.0000002,3.9664295,0.4628582,165.51079,38.16935,0
1.0000001,3.6850355,0.4631493,168.39578,39.04076,0
0.9999998,4.0341716,0.46345448,198.11076,37.639038,0
1.0000004,4.34177,0.46349707,165.48676,37.2557,0
0.99999994,4.0561337,0.46328652,216.85063,37.660656,0
1.0000001,3.68078,0.46322364,168.80304,38.256393,0
0.99999976,4.0173883,0.46326277,199.43771,38.963005,0
1.0000005,3.6823654,0.4630954,151.91933,38.770267,0
0.9999998,3.7265863,0.46335682,148.4574,39.137306,0
1.0000002,3.8402278,0.46281475,168.43927,38.063343,0
1.0000002,4.123139,0.46325272,185.90205,37.51905,0
1.0000002,5.8165293,0.46333718,201.40431,38.40549,0
1.0000002,3.8213797,0.46343696,183.69576,38.005173,0
0.9999999,3.900375,0.46318686,168.65767,37.132336,0
1.0000002,3.8567038,0.4638656,161.66646,40.06999,0
0.99999994,3.6651719,0.46336925,165.62282,38.119987,0
1.0000001,4.247104,0.46353215,169.12158,38.154884,0
1.0000005,3.8786252,0.46329468,187.00676,37.43582,0
1.0000001,3.732736,0.46323943,145.62526,37.10097,0
1.0,3.7774563,0.4637722,150.6078,38.283516,0
1.0000001,3.7794926,0.46340573,159.20732,38.84018,0
1.0000001,3.5541055,0.4635213,191.47647,38.57611,0
1.0000005,4.3107896,0.46306458,203.53906,38.755413,0
1.0,3.737968,0.46347725,159.09021,38.6919,0
1.0000001,3.582249,0.46390992,188.00172,38.5836,0
0.99999976,4.326283,0.46374884,185.37459,38.71894,0
1.0,4.2950006,0.46383876,154.521,37.331543,0
1.0000001,4.106881,0.4632875,186.46368,38.241833,0
1.0000004,4.543838,0.46378687,176.29874,37.592117,0
1.0,3.8351247,0.463414,163.37143,38.37639,0
0.99999994,5.4584026,0.46315515,151.14098,38.30007,0
1.0000001,3.6786168,0.46346545,217.50847,38.539383,0
0.9999998,3.8490512,0.4629924,179.82724,38.330566,0
0.9999999,4.16482,0.46328908,169.07317,38.509987,0
1.0000001,3.649029,0.46371192,164.30092,37.91217,0
1.0000002,4.014205,0.4638723,156.57524,37.47039,0
1.0000004,3.8787935,0.46350896,198.4833,38.023727,0
0.99999976,3.8987532,0.46309978,204.12015,38.134563,0
0.9999994,4.027475,0.46357358,192.81126,38.504154,0
1.0,3.577846,0.46383435,154.60628,37.969254,0
1.0000002,4.020075,0.4635937,166.49483,37.276653,0
1.0000001,3.7389672,0.46282575,151.48375,37.90682,0
1.0,3.7229002,0.46357143,172.67786,37.99951,0
0.9999995,3.7616637,0.4631834,162.22331,38.11772,0
1.0000002,4.3526325,0.46356916,175.157,38.474537,0
0.99999976,3.8462932,0.46349174,148.99084,38.588123,0
1.0000004,3.7364872,0.46326458,169.84169,38.083908,0
1.0000002,3.875689,0.4634238,186.55554,39.498856,0
1.0000002,3.728764,0.46315226,196.62201,38.735394,0
1.0000001,3.7746112,0.4637909,183.77065,38.32821,0
1.0000001,3.8833783,0.46377775,170.04437,38.6231,0
1.0,4.3173943,0.4633329,160.68507,38.09025,0
1.0,3.8221571,0.46352896,149.02411,38.825916,0
0.9999998,3.76393,0.4632039,158.34377,38.505436,0
1.0000001,3.7848587,0.46327588,197.67058,38.804363,0
0.99999994,4.890179,0.46350396,167.2396,37.995747,0
1.0000001,4.3510537,0.46342948,151.26535,37.59441,0
1.0000004,3.8156617,0.4635084,216.46541,38.899,0
0.99999994,3.8292725,0.46280837,163.04913,38.885166,0
1.0000002,3.7917695,0.4638718,138.73322,38.013603,0
0.9999999,3.7865255,0.46335277,142.65996,37.42166,0
1.0000001,3.6801546,0.46324882,155.7709,37.213802,0
1.0000002,3.660496,0.46312982,163.09624,38.430847,0
1.0000001,3.5931094,0.46351212,152.73512,38.052593,0
1.0000001,3.7200236,0.46348014,247.40367,38.42596,0
1.0000001,4.271585,0.46363837,166.0761,38.088932,0
1.0000002,4.0630217,0.46308947,169.1192,37.65079,0
1.0000002,3.708468,0.4629443,177.27312,37.39428,0
1.0,3.694259,0.46303347,196.34113,38.249428,0
0.99999994,4.053919,0.46309796,136.53714,38.303726,0
1.0000001,3.5490289,0.4629031,143.70624,38.550514,0
1.0000001,3.8245642,0.46300474,215.57411,38.300354,0
1.0000001,3.7198117,0.46299762,151.77582,39.45687,0
0.99999976,3.6416118,0.46317026,156.02048,38.99312,0
1.0000001,3.8967824,0.46345037,165.94016,38.74325,0
1.0000001,4.0346837,0.46311337,161.23518,37.632114,0
1.0000001,3.755733,0.46324718,193.58707,37.358776,0
1.0,3.5791228,0.46313554,186.84007,38.348858,0
1.0000004,4.8478737,0.46339107,223.94444,38.281986,0
1.0000004,3.8121662,0.46325934,148.84735,38.292965,0
0.99999964,3.9522932,0.4623553,163.17673,38.974186,0
0.99999976,3.732641,0.46343026,205.5847,38.28054,0
1.0,4.8231053,0.4631288,152.61389,38.404404,0
1.0000002,3.7539365,0.4632875,153.59715,38.533417,0
0.9999998,3.7738292,0.46294144,157.50243,38.558064,0
1.0,4.1364083,0.462991,167.69275,38.214344,0
1.0000006,3.83811,0.4632787,185.9498,37.441433,0
0.99999976,3.6388276,0.46326706,164.11359,38.07525,0
1.0000002,4.0918407,0.4631414,189.78506,38.46042,0
1.0000005,4.044294,0.46338332,169.27725,38.333767,0
1.0000004,4.218349,0.46313334,165.80992,38.64305,0
1.0000002,4.0842705,0.46313035,181.60005,38.8393,0
0.99999994,3.6151257,0.46298656,159.24327,37.60569,0
0.9999999,4.287486,0.46363565,165.52113,37.96607,0
1.0000001,3.8792446,0.46324125,195.37599,37.195942,0
1.0,3.7603822,0.4623619,137.8682,38.768654,0
0.9999998,3.5473485,0.46285325,159.06245,37.37282,0
0.99999994,4.512542,0.46307206,178.36977,37.520782,0
1.0,3.7737904,0.4634607,189.05832,38.730343,0
0.99999994,3.7768626,0.46392596,148.5707,38.041092,0
1.0000002,4.731303,0.46292084,168.99225,38.229675,0
1.0000001,3.7444322,0.4632692,178.0285,37.780144,0
1.0000002,3.861155,0.4634884,219.86256,38.167347,0
1.0000001,5.5484877,0.46347728,180.04478,38.146442,0
1.0000001,4.4474645,0.46311504,152.09793,38.634724,0
1.0000001,3.9601226,0.46353465,164.45932,38.397053,0
1.0000005,4.0671797,0.46327767,186.2746,37.948574,0
1.0000001,4.228779,0.4627018,149.33868,38.436707,0
0.9999999,3.7478256,0.46308562,176.60983,37.99118,0
1.0000001,3.7737722,0.4632082,172.0856,38.40708,0
0.9999998,4.2210865,0.46271512,158.03297,38.693493,0
0.99999994,4.6100907,0.46314988,167.95076,38.016804,0
0.9999999,4.449741,0.46324655,149.18814,38.57568,0
1.0000004,4.5746746,0.4629244,172.98436,37.364353,0
0.99999976,4.0356607,0.4632963,157.297,38.155846,0
0.9999995,3.7465136,0.46306303,160.66876,37.885315,0
1.0000004,3.7295883,0.46288714,172.13016,37.684574,0
1.0000001,4.0598164,0.46319374,186.32315,39.301453,0
1.0000005,3.6748793,0.46336597,172.4761,37.67463,0
1.0000001,3.7694526,0.46321836,185.74396,38.561924,0
0.9999998,3.6732814,0.46334365,133.32635,37.600407,0
1.0000002,4.05582,0.46317607,217.06427,38.959988,0
0.99999994,4.5869255,0.4634457,159.09482,38.85294,0
0.99999994,4.1256967,0.46321023,224.06003,38.092094,0
0.9999996,4.446227,0.46312532,163.93845,38.02573,0
0.9999998,3.8158314,0.4631389,199.57515,37.877453,0
1.0000001,3.981053,0.46311814,178.18883,38.79616,0
1.0000004,4.0994782,0.46293113,157.70247,38.81386,0
1.0000001,3.9059765,0.46325165,212.16165,38.632824,0
1.0000002,5.200893,0.46304798,168.29645,38.872955,0
0.9999998,3.7906022,0.4629361,188.24539,37.55922,0
1.0000004,3.8214848,0.46319145,158.53018,38.335117,0
0.99999994,4.64665,0.46295044,182.62157,38.098217,0
1.0000001,4.0959554,0.46305102,208.3929,38.373238,0
0.9999999,4.2392397,0.4623907,160.0708,38.049328,0
0.9999999,3.6132483,0.4630333,143.77536,38.35043,0
1.0,3.870534,0.46329737,120.68313,37.902046,0
1.0000002,3.957015,0.46395025,176.12796,38.183254,0
0.9999998,4.5495315,0.4627745,143.17789,37.47628,0
0.9999999,3.6990983,0.4631864,209.0238,38.870213,0
1.0000004,3.9678693,0.46336868,153.858,38.13197,0
0.9999997,4.0452595,0.46312997,150.07018,38.53856,0
1.0000001,4.4210377,0.46283457,173.20653,37.130886,0
1.0000001,3.7425182,0.46334988,190.15686,38.26029,0
1.0,4.072378,0.46315974,181.76865,38.348026,0
1.0,4.057417,0.4627098,165.87901,38.451862,0
1.0000001,4.0052195,0.46313345,175.71371,37.722195,0
0.9999999,3.7908363,0.4633424,214.5498,38.327866,0
1.0000002,3.7348511,0.46314138,197.0274,38.446125,0
1.0000002,3.7044926,0.46260867,158.00679,38.45914,0
1.0000002,4.0342703,0.46236798,160.23848,38.615932,0
1.0000001,5.396246,0.4633948,155.41855,38.04943,0
0.9999999,4.5571494,0.46268904,176.42218,38.46915,0
0.99999976,3.8250327,0.46296638,171.17021,38.407303,0
1.0000002,3.733323,0.46314204,167.7379,38.68508,0
1.0000002,4.144,0.4638543,184.79785,37.800327,0
1.0000004,3.6756566,0.46312845,148.38492,38.561222,0
1.0000004,4.2977557,0.46296847,147.13947,38.355007,0
0.9999998,3.7278092,0.46281275,177.13945,38.489994,0
0.9999997,4.1387634,0.46266136,200.64058,37.89347,0
1.0000002,4.0778484,0.46285626,217.95265,38.185486,0
0.9999999,3.8491228,0.463125,191.1683,38.298344,0
0.9999998,3.8124871,0.4630366,162.68373,38.351025,0
1.0000001,3.9076903,0.4634322,170.46613,38.14868,0
1.0,3.6793206,0.4630818,141.48029,37.57612,0
1.0000001,4.057194,0.46328595,157.19077,38.224766,0
0.9999999,3.8268144,0.46349126,139.17542,38.67905,0
0.99999994,3.8615324,0.46355665,154.98062,37.686954,0
0.99999976,3.8565905,0.4640281,143.05197,37.99953,0
0.9999996,3.8217607,0.4642475,180.3542,38.460888,0
0.9999998,4.122868,0.46406242,159.4224,37.979618,0
1.0,4.096308,0.46352452,152.70644,38.496445,0
1.0000002,4.6099277,0.46361175,199.93886,38.432705,0
1.0000002,3.6803107,0.46374848,183.43031,38.49008,0
1.0,3.9447918,0.46372718,177.38023,38.2039,0
0.9999998,4.0958123,0.46373984,147.95844,38.534966,0
0.9999999,4.017023,0.46401665,157.01407,38.36897,0
0.9999996,3.7962863,0.4635303,183.19235,38.417732,0
1.0000001,4.0606494,0.46374956,172.68755,38.20513,0
0.99999976,4.1936955,0.46336392,160.2948,38.436836,0
0.9999995,3.8194482,0.46368912,165.37735,38.29309,0
1.0000001,3.5318234,0.46316537,132.93195,38.169514,0
0.9999998,3.7301588,0.4639018,145.28642,38.277996,0
1.0,3.7094977,0.46338022,158.67383,38.038765,0
0.99999994,3.6845813,0.46361858,196.75732,38.619576,0
0.99999976,6.7642817,0.4634912,182.9095,38.292564,0
1.0000001,3.9269853,0.4635071,157.92322,38.209446,0
1.0000001,3.581679,0.4629709,148.14143,38.202084,0
0.9999999,5.4277744,0.46367383,153.91573,37.9613,0
0.9999998,3.6666005,0.46327546,167.38412,37.97171,0
1.0,3.852891,0.46323895,135.72856,38.097874,0
1.0000001,3.73505,0.46357223,161.58693,38.284203,0
0.9999998,3.8429406,0.4633555,196.93056,38.68791,0
1.0000002,3.6918137,0.46303824,165.44707,37.86386,0
1.0000002,3.6742435,0.46349147,174.44809,37.894394,0
0.99999994,3.742344,0.46334717,215.4449,38.879993,0
0.9999999,4.0412316,0.46322432,146.20236,38.65613,0
1.0000007,3.7534254,0.4629822,159.63733,38.156193,0
1.0000001,3.9721534,0.46296096,193.33649,38.84577,0
0.9999996,3.868882,0.46295923,196.57892,37.540134,0
0.99999976,3.9861057,0.46334457,163.97388,37.492687,0
1.0000002,3.7481093,0.46235004,163.17596,38.105938,0
0.9999998,3.5500267,0.46288946,166.41655,37.288532,0
0.9999998,3.8680396,0.4632291,168.01321,38.631973,0
0.9999996,4.036981,0.46272185,152.01295,38.195816,0
0.99999976,3.6785545,0.46348286,171.91116,37.865498,0
1.0,3.8041294,0.46338466,149.48227,38.340645,0
0.9999999,4.18796,0.46362934,173.75697,38.535442,0
1.0000002,3.9883947,0.46343163,179.12195,39.31911,0
1.0000002,4.045249,0.4634365,151.80179,37.907463,0
0.9999998,4.032102,0.46370873,170.90541,38.015713,0
0.99999994,3.9333804,0.4634621,140.66624,39.633175,0
0.9999999,3.7396255,0.46353287,198.26431,38.79946,0
1.0000002,3.740341,0.46348295,168.17703,38.266087,0
0.9999997,3.5453696,0.46351257,171.11884,38.182926,0
0.9999999,4.115092,0.4636674,205.59705,38.21572,0
1.0000001,3.6690385,0.46347103,233.78181,38.184353,0
1.0000001,3.9887426,0.46385083,171.80257,37.876217,0
1.0000002,3.8663626,0.46337003,213.87422,37.41868,0
1.0000002,4.0011544,0.4637709,178.34885,37.7472,0
1.0000002,3.7950478,0.46408114,139.20857,38.68925,0
1.0,3.7384646,0.46377745,167.24619,38.17972,0
0.9999997,4.1145377,0.46343035,184.8367,38.36462,0
1.0000002,4.054337,0.4631857,159.2705,37.595814,0
0.9999998,3.7422962,0.46358415,180.0532,39.461426,0
1.0,3.6735716,0.46359685,164.38,38.862015,0
1.0000001,3.6915665,0.4634488,198.38483,37.536316,0
0.9999999,5.52207,0.46350467,188.14362,38.39402,0
0.99999994,4.156357,0.46397182,172.0557,37.99926,0
0.9999998,3.7378886,0.46365172,170.50331,37.912716,0
0.9999998,3.7694345,0.46378,200.37193,38.079308,0
1.0000002,3.8893163,0.4638897,153.75955,38.46253,0
0.99999964,3.7019892,0.4631282,166.8132,38.526897,0
1.0000002,3.8425004,0.46351963,154.35414,38.837646,0
1.0000002,3.7119672,0.46291175,144.3379,38.400715,0
0.9999995,3.7997737,0.46383932,168.87337,37.80751,0
0.9999997,3.9077559,0.46356305,199.77315,37.736374,0
1.0000002,4.2325287,0.46372893,177.01628,38.076096,0
1.0000001,3.6819627,0.46344292,172.41371,38.395973,0
1.0000004,3.7281,0.46324927,185.58069,38.827755,0
1.0000001,3.9886022,0.4635423,136.76797,38.02706,0
1.0,4.629976,0.46361145,140.4555,38.600384,0
1.0000004,4.0334606,0.463221,190.2425,38.64312,0
1.0000004,4.0303144,0.46312806,161.43045,38.160587,0
1.0000001,4.13391,0.46328712,172.8525,38.582684,0
1.0,4.008283,0.463527,245.74829,37.70754,0
0.9999996,6.990507,0.46326062,142.91315,37.598278,0
0.9999996,3.8833857,0.4631245,179.84003,38.481987,0
1.0000001,3.664853,0.46325836,178.13742,37.67169,0
1.0,3.9109163,0.46361747,219.91942,37.874786,0
1.0000002,3.7339878,0.46349156,193.66698,37.23986,0
0.9999997,4.1211743,0.46343765,156.60535,37.8254,0
1.0000004,10.376166,0.46446487,176.02615,37.76605,0
1.0000002,4.048927,0.46421042,185.81033,38.287506,0
1.0000004,3.719927,0.46341535,180.94057,38.565887,0
1.0000001,8.658521,0.46407774,211.33133,37.486984,0
1.0,3.606165,0.4637841,167.94147,37.92764,0
0.99999994,3.6604953,0.46302697,167.14503,38.591995,0
0.9999996,4.1428275,0.46315494,164.51938,38.33706,0
0.99999994,4.0424976,0.46342403,146.9485,38.538982,0
1.0000002,4.1242576,0.46357673,131.46695,40.16005,0
1.0000004,3.9361994,0.4632762,166.3092,37.70105,0
1.0000001,10.099805,0.46928358,172.29199,37.596973,0
0.9999998,5.35727,0.46310717,189.12434,37.68005,0
1.0000002,3.917184,0.4627812,177.24635,38.54814,0
1.0,3.5525212,0.46337268,174.20142,38.1845,0
1.0,3.6664143,0.46349406,172.41438,38.297577,0
1.0,3.5040774,0.46301952,179.5599,37.46497,0
1.0000002,3.8946197,0.46295384,147.15274,39.355137,0
1.0,3.6772664,0.46371788,174.86017,38.11311,0
0.9999996,3.775563,0.46320128,178.22836,38.811607,0
0.9999996,11.239756,0.46412596,133.3162,37.504433,0
1.0000002,3.8937957,0.46400598,155.07527,38.33585,0
0.9999997,3.6672966,0.46347168,151.15982,38.185844,0
1.0000002,3.7131705,0.4633598,173.51675,38.801617,0
1.0000004,7.4054933,0.46429235,168.43098,38.209656,0
0.99999976,4.1827044,0.4635167,187.03232,38.52906,0
1.0000001,3.8522568,0.4641303,171.56627,38.187332,0
1.0000001,7.018336,0.4643614,136.08748,38.553783,0
1.0000002,5.3113184,0.46387187,188.20465,37.956985,0
1.0000001,4.7236767,0.4644066,151.7036,38.59031,0
0.9999998,10.362286,0.46406308,160.23875,38.745464,0
1.0000002,3.5909915,0.46367648,161.60661,37.781933,0
0.9999998,3.6309638,0.46339685,142.37384,38.40265,0
0.9999998,3.9213073,0.46325383,181.21448,38.143486,0
1.0000001,4.033361,0.4637944,159.96227,37.14255,0
1.0000001,3.6875026,0.46306977,146.56294,37.93233,0
1.0000002,4.4119835,0.46335232,161.42873,38.208195,0
1.0,4.218405,0.4633892,167.26112,37.75479,0
1.0000002,3.6727178,0.46346948,166.8083,38.13551,0
0.99999994,4.241219,0.46313104,172.69809,38.435226,0
1.0000001,3.9553473,0.4636945,154.0797,37.790855,0
1.0000002,3.8944001,0.46351537,156.29106,37.806896,0
1.0000004,3.747825,0.4637651,176.84576,38.4495,0
0.9999998,4.1954236,0.4629526,181.24326,37.581173,0
0.9999999,4.6430006,0.46329945,162.32837,38.837967,0
0.9999999,4.90342,0.4634346,167.68628,38.055347,0
1.0000001,6.501137,0.4633676,206.86667,38.547924,0
1.0000004,3.8107471,0.46297085,160.15382,38.59426,0
0.9999999,3.817415,0.46328327,159.95175,38.392082,0
1.0000005,3.6213038,0.46317434,159.22824,38.444126,0
0.99999964,3.6654673,0.463367,188.08047,38.499928,0
0.9999998,4.176933,0.46374702,150.62198,38.31579,0
1.0000002,6.8512936,0.46359834,134.73157,38.083954,0
1.0000005,3.7680137,0.46248144,194.87923,38.68921,0
1.0,8.140024,0.4637005,177.271,37.69889,0
1.0000004,4.343278,0.46383563,170.29613,38.595352,0
1.0000004,7.768423,0.4636422,149.40874,38.43888,0
1.0000001,8.880504,0.46434847,197.68713,38.45072,0
1.0000001,6.719037,0.46312085,153.6193,38.375175,0
0.99999976,9.52341,0.4639619,143.04118,37.72961,0
1.0000001,6.0410366,0.46353495,161.69716,37.808376,0
1.0000001,11.8576565,0.46430025,179.40958,38.121727,0
1.0000002,11.796073,0.46446854,194.56378,37.695393,0
1.0000004,9.419429,0.46404064,170.07753,37.895393,0
1.0,12.622587,0.4637963,150.46123,38.712593,0
1.0000001,14.039415,0.46412063,173.27493,37.46594,0
1.0000005,8.132813,0.46320084,175.238,38.096363,0
1.0000001,12.372045,0.46356124,168.93579,38.524364,0
1.0000001,3.865443,0.4638364,202.63824,38.94245,0
1.0000002,3.9332848,0.46321535,161.78613,38.519318,0
1.0,3.8198428,0.46315134,174.32706,38.51471,0
1.0,3.9074843,0.46339414,179.65273,37.46029,0
1.0000002,5.008003,0.46365947,182.47208,38.412014,0
0.9999998,4.0245805,0.4639704,148.08577,38.313858,0
1.0000002,4.091663,0.46293384,171.53345,38.605667,0
1.0000004,3.7135396,0.4634328,149.90465,38.340458,0
0.99999994,3.9066622,0.4634142,159.0321,38.49041,0
0.9999998,3.8183591,0.4631412,149.38864,38.063778,0
0.99999976,3.5638978,0.4627194,229.10785,38.39026,0
0.9999998,3.9776673,0.46304104,145.98497,37.354797,0
0.99999994,4.2174335,0.46341014,195.75703,38.737118,0
0.99999994,3.771907,0.46356466,190.02585,38.20001,0
1.0000004,4.1397147,0.46358633,173.29445,38.278927,0
1.0000001,3.6518812,0.46310788,191.7985,38.891365,0
0.9999996,4.718181,0.46355617,183.09412,39.415905,0
0.99999976,3.7690911,0.46343353,171.84134,37.95728,0
1.0000001,3.7298384,0.46340397,174.94652,38.272587,0
0.9999997,3.505521,0.46328303,144.95177,38.418922,0
1.0000002,3.6699042,0.46305498,137.11316,37.956078,0
1.0,3.991053,0.46364132,168.83376,38.621105,0
1.0000002,3.9433925,0.4632982,152.22337,37.886295,0
0.9999997,3.6937592,0.46322438,146.63194,37.304615,0
0.9999996,3.534201,0.46276823,156.72423,38.6182,0
1.0000004,4.323476,0.46312565,150.63959,37.8892,0
0.9999999,3.6812153,0.46376008,149.87665,38.450874,0
1.0,3.7872632,0.46360785,159.67569,38.10656,0
0.9999999,3.7308507,0.4632856,184.95605,38.799088,0
1.0000001,3.6993394,0.46298617,205.83226,38.406204,0
1.0,3.7892647,0.46366975,205.2575,37.57918,0
0.9999999,4.2697673,0.4637202,196.9411,37.96321,0
1.0000004,4.1158285,0.46365726,198.67245,38.850544,0
0.99999994,4.0912595,0.46405688,162.01416,37.426235,0
0.9999995,4.0090127,0.4635311,165.74649,38.29528,0
1.0000002,4.0080905,0.4627931,139.7976,38.5527,0
1.0000001,3.7276094,0.46338058,167.12473,38.098698,0
1.0000001,4.021509,0.46389762,165.0402,37.53335,0
0.9999998,3.8363361,0.46325168,164.58531,38.83988,0
0.99999994,3.5659206,0.46312907,156.34718,37.92125,0
0.99999976,3.8726482,0.46327773,146.22638,37.718742,0
0.9999997,3.956987,0.46415633,152.39703,38.161766,0
0.9999998,3.8182862,0.46322268,180.42094,37.75552,0
1.0000001,3.6404264,0.4638745,169.41869,37.555786,0
0.99999976,3.6325593,0.4638099,179.14749,38.03546,0
0.99999976,3.7601264,0.4635134,202.50885,37.894146,0
1.0000001,3.5976079,0.46334386,182.0401,38.21253,0
1.0000001,3.6788917,0.46367326,168.42873,38.35614,0
1.0000005,3.915356,0.46374685,168.13904,39.449177,0
1.0000001,4.4440255,0.46372208,163.60683,37.23348,0
1.0000005,4.015286,0.46367928,170.54398,37.911648,0
0.9999999,3.7731476,0.46292123,174.3128,38.172455,0
0.99999994,3.9028494,0.4637206,179.24393,38.065983,0
0.9999999,9.318031,0.46418422,176.20065,38.481995,0
1.0000004,3.647361,0.4632732,171.3359,37.792725,0
0.99999994,4.1131234,0.46351746,164.89566,37.624634,0
0.99999994,3.8684185,0.4639675,171.92702,38.852146,0
1.0000002,3.7952716,0.4635769,157.8397,37.82098,0
0.99999976,3.6820228,0.46341774,156.80035,37.703606,0
0.9999996,3.8902862,0.4641252,218.30786,38.22856,0
1.0000004,3.6658998,0.46395063,145.13611,38.93772,0
1.0000001,3.8165934,0.4636603,192.24081,38.702415,0
1.0000004,3.7797542,0.46424574,151.0712,38.688316,0
0.99999994,3.8387804,0.463712,165.5988,37.91229,0
0.9999999,3.6979005,0.46315822,157.04097,37.850048,0
1.0000001,4.0018063,0.46385247,151.92767,38.756107,0
0.99999976,3.921457,0.46343803,183.04977,37.818165,0
1.0000001,3.982278,0.46403825,196.25252,38.278244,0
1.0,3.865205,0.46369216,150.87315,38.816986,0
0.99999964,4.739345,0.46348307,152.8622,38.5721,0
1.0000002,3.875971,0.46329433,142.41246,38.559723,0
0.99999994,3.771613,0.46368966,170.5345,37.80505,0
1.0000006,3.6342878,0.46415505,134.40706,38.557846,0
1.0000001,3.626331,0.46387127,182.28023,38.210987,0
1.0000001,4.0001874,0.46390387,196.49713,38.582256,0
1.0000005,3.752782,0.46408203,162.2276,38.657387,0
1.0000002,3.8490257,0.4638944,161.49315,37.835358,0
1.0000001,3.6421142,0.464147,140.64151,37.173244,0
1.0,4.123094,0.46349174,163.15422,38.79996,0
0.9999998,3.9991663,0.46326688,162.44405,38.86283,0
0.9999998,3.7029428,0.46391085,173.7147,38.4413,0
1.0000001,3.9094865,0.46343452,183.96695,37.906876,0
0.99999976,3.5873985,0.46357274,153.65517,38.795105,0
1.0000001,4.115795,0.4635769,149.95721,37.68204,0
1.0000005,3.702194,0.46392804,175.38622,37.603767,0
0.9999997,3.7837932,0.4635521,182.45387,37.664383,0
0.99999994,3.988925,0.4640365,160.85088,38.546967,0
1.0000002,3.965003,0.46364433,159.13797,38.295036,0
1.0000002,6.0812593,0.46375927,201.065,38.174973,0
1.0000001,3.8386834,0.463365,153.80852,37.919823,0
0.99999994,3.670436,0.46351314,151.57367,37.828842,0
1.0000001,3.8417609,0.46371838,176.62897,37.874023,0
1.0000004,3.836584,0.46369597,166.17737,37.521175,0
0.9999999,4.0560822,0.46374238,191.75465,37.556286,0
1.0,3.7851932,0.4634273,170.14072,39.01744,0
1.0000006,4.629184,0.46359035,176.48207,37.860786,0
0.99999994,4.170905,0.46377382,139.3874,38.175385,0
0.99999994,3.8073196,0.4631722,186.97826,38.12418,0
1.0000005,3.7864842,0.46403798,150.6194,37.481518,0
1.0000002,4.1958776,0.46365836,173.86256,37.464252,0
0.99999994,3.8480709,0.4639095,181.80437,38.24239,0
1.0000001,5.015784,0.4633137,199.05399,38.70189,0
1.0,3.8608272,0.46340552,152.11272,37.16325,0
1.0,3.8189573,0.46350604,160.01752,38.225586,0
0.9999998,3.866254,0.46370977,203.55907,38.436813,0
1.0,4.4585195,0.46375442,124.28248,38.144466,0
1.0000002,3.8111825,0.4639895,172.0491,38.332317,0
0.99999976,4.186755,0.4640822,182.89412,38.29092,0
0.99999946,5.8375793,0.4640504,151.65698,39.924408,0
1.0000002,3.8159459,0.46359462,151.18938,38.31423,0
0.9999998,3.773711,0.46360755,161.65993,38.349583,0
0.9999999,3.8322299,0.46351278,170.82027,38.55189,0
0.99999976,3.8259385,0.4633777,176.47325,38.523293,0
0.9999998,3.7188206,0.46364957,192.61728,36.55815,0
1.0000001,7.116115,0.46414515,154.86353,38.0632,0
1.0000002,3.9144583,0.46350408,182.50516,38.23879,0
1.0000001,3.7514555,0.46358764,195.09167,38.203896,0
0.99999994,3.6089244,0.46377224,135.29024,38.30093,0
1.0,3.6695538,0.4635264,152.677,38.556404,0
0.9999999,3.894757,0.4642127,163.86673,39.281425,0
0.99999994,3.6262026,0.4639974,157.63303,38.874725,0
1.0,3.9419293,0.46319467,197.9636,38.379513,0
0.99999994,3.9452224,0.46329325,169.16162,37.361515,0
1.0000001,3.7858748,0.46394244,158.72658,38.12525,0
0.99999994,3.7698574,0.46339938,199.76219,38.340652,0
1.0000001,3.8799467,0.46365124,157.04257,38.16312,0
0.9999998,4.962221,0.46318793,160.10225,37.743374,0
1.0,3.9101665,0.46387807,179.83748,37.78263,0
1.0,3.9168274,0.4635977,164.3042,38.517387,0
1.0000002,3.7198007,0.4633793,204.88884,37.705513,0
0.99999994,3.7057014,0.46377027,165.90163,39.295288,0
1.0000005,3.7795987,0.46342233,160.19775,37.952427,0
1.0000001,4.040357,0.46358535,200.0507,37.943623,0
0.9999999,3.7575939,0.46351796,174.41231,38.16692,0
1.0000002,3.868429,0.4635418,196.78665,37.74133,0
1.0000001,3.6932595,0.46377984,186.48145,38.022038,0
1.0,3.5925617,0.46302694,157.33435,38.713543,0
0.9999999,3.8556705,0.46372795,188.3688,38.5795,0
0.99999976,4.366148,0.4636382,151.16249,37.766617,0
1.0000001,3.5874653,0.4637388,208.70068,39.139732,0
1.0000002,4.012871,0.46393576,148.3048,38.083317,0
0.99999976,3.722462,0.46416226,167.39902,38.71719,0
0.9999998,3.8042471,0.46372473,146.14417,38.25925,0
1.0000002,4.1792507,0.46363565,195.36346,38.952927,0
1.0000002,3.7743561,0.46351823,179.67429,38.402477,0
0.9999995,3.9005508,0.46356016,203.76631,38.15506,0
1.0,3.9231977,0.4634859,179.68289,37.267357,0
1.0000002,3.9991093,0.46383396,169.1183,37.90332,0
1.0,4.1159906,0.4636721,162.2758,38.84094,0
0.99999964,3.9028087,0.46313447,163.30621,38.27196,0
1.0000004,4.0700054,0.46359178,157.52127,38.597713,0
1.0,3.7129374,0.4635063,166.7128,37.67031,0
1.0000001,3.7663963,0.4629949,165.67778,37.97642,0
1.0,4.269773,0.46337384,157.37941,38.04952,0
1.0000005,3.8500178,0.46313664,146.34937,38.36107,0
1.0000002,4.024287,0.46360132,163.23103,37.72273,0
1.0000005,3.8408535,0.4629165,177.27287,37.671463,0
0.9999998,3.7511625,0.46328375,164.66928,37.773308,0
1.0,4.0699124,0.46386173,177.59337,38.051426,0
1.0000005,3.9415312,0.46394452,162.00615,38.962467,0
0.9999998,3.8934987,0.463888,175.65512,38.456665,0
0.9999999,3.824219,0.4636497,196.51959,38.907516,0
0.9999997,3.7432082,0.46367612,226.8137,38.049362,0
1.0000002,3.760351,0.46327168,139.42838,38.159176,0
0.9999999,4.5871515,0.46426314,152.09726,38.1743,0
0.99999994,3.7978392,0.46397686,139.32272,37.92785,0
0.9999997,3.9529126,0.46373394,211.73323,38.451595,0
0.99999976,3.7408674,0.46375078,178.71938,37.810055,0
1.0000001,3.8514285,0.46352747,167.28781,37.50426,0
0.99999994,3.7010596,0.4638677,200.70903,38.301044,0
0.9999999,4.2177086,0.46363625,175.70024,38.70092,0
0.99999964,4.0666485,0.4630047,161.22678,38.47913,0
1.0000002,3.9940827,0.46345723,150.56923,37.635387,0
0.9999998,4.171114,0.46349475,161.68878,37.38663,0
1.0000002,3.8131163,0.46301004,199.38646,38.799454,0
1.0000004,3.7871966,0.46331257,156.61682,37.9625,0
1.0000006,3.7926533,0.4633039,187.19847,37.90169,0
1.0000001,3.7658253,0.4635026,185.88286,38.587498,0
1.0000002,4.0128937,0.46346334,166.11563,37.48038,0
1.0000002,4.2743998,0.46385065,175.87927,38.369263,0
1.0000001,3.7003284,0.46332034,187.4963,37.755005,0
1.0000001,4.99995,0.46306968,160.914,38.582325,0
0.9999998,4.0221252,0.4636326,202.6196,37.96064,0
0.99999994,3.6120584,0.4631521,137.39514,38.009846,0
1.0000001,3.8475068,0.46331668,165.7461,38.720367,0
1.0000005,4.0104384,0.46342015,144.51585,37.677116,0
0.99999976,3.8507326,0.46346727,202.11551,38.181667,0
1.0000001,4.0506854,0.4633197,218.30894,38.121983,0
1.0000004,3.9582152,0.4629641,170.94759,38.74927,0
1.0000002,3.9101703,0.4633544,174.85204,38.168594,0
1.0000004,3.6442354,0.4628642,203.7667,38.25594,0
1.0000004,3.7191308,0.46362087,140.91528,38.27644,0
1.0000004,4.350462,0.463015,157.1202,38.23,0
1.0000001,3.9677255,0.4638087,170.62563,38.426846,0
0.99999994,4.84554,0.46375677,159.71846,38.676163,0
1.0000001,3.8657317,0.46338898,177.03552,37.804016,0
0.99999994,3.919496,0.46387005,182.59454,38.159554,0
0.9999999,3.5983725,0.46425623,157.04085,36.792156,0
0.99999994,4.1985526,0.46430764,178.07109,38.599155,0
1.0000002,4.033271,0.46377507,185.79715,38.31391,0
0.9999998,4.545189,0.46373343,183.2738,38.53686,0
0.9999999,5.090561,0.46402743,150.85835,39.142136,0
0.9999999,3.9576719,0.46359876,151.79791,38.272007,0
1.0000002,4.1690173,0.46333775,165.5939,37.729816,0
1.0000006,4.042129,0.46377403,171.23212,37.42417,0
0.9999999,4.120625,0.46452895,163.33722,37.752808,0
1.0000001,3.8524563,0.4640861,155.43954,38.472305,0
1.0000001,3.995402,0.46415517,133.66252,38.17574,0
0.9999999,5.002232,0.4635909,167.80655,38.237198,0
1.0,3.8660786,0.46420968,161.5653,37.949707,0
1.0000001,4.277969,0.46411523,170.49252,37.828114,0
1.0,4.0814695,0.4637867,210.41446,38.260956,0
0.99999994,3.989907,0.46412477,163.5155,37.792088,0
0.9999996,3.8172097,0.46360654,162.24255,39.709858,0
0.9999997,3.6298833,0.46407697,176.00174,37.32574,0
0.99999994,4.320847,0.46427998,220.61752,38.38657,0
1.0000002,3.9031785,0.46418723,178.77159,38.45156,0
0.9999999,4.6987705,0.464225,182.7388,38.355537,0
1.0,3.9365158,0.46445215,157.69698,38.541714,0
0.99999994,4.4415083,0.46380648,135.88663,37.907314,0
0.99999994,4.027739,0.4642867,156.54567,38.52267,0
1.0000001,4.4676023,0.46375787,153.22577,37.33462,0
0.99999994,3.951604,0.46439308,194.07715,37.577217,0
0.99999994,4.6239595,0.46385807,175.33173,38.286053,0
1.0,3.7768345,0.46411243,201.8809,37.65355,0
1.0000001,4.14847,0.46385244,191.24251,37.22374,0
1.0,4.251145,0.46447572,180.44936,38.58738,0
1.0,3.9319847,0.46394038,166.42659,37.844868,0
1.0000001,3.899845,0.46383184,200.65222,38.022884,0
1.0000002,3.8790603,0.46389076,169.13493,38.0655,0
0.9999999,3.8119128,0.46384376,164.27794,37.852867,0
1.0,3.7222483,0.46421355,179.10446,38.355537,0
1.0000002,3.9490836,0.46342552,164.0878,37.461445,0
0.9999996,3.9753754,0.46397167,146.84962,37.878395,0
0.99999976,3.901985,0.46392107,151.6232,38.49014,0
1.0000002,4.3961577,0.46493146,159.30371,39.55729,0
1.0000001,4.0942397,0.46414375,240.74525,38.18298,0
0.99999994,4.0725436,0.46437827,150.7208,38.51824,0
0.99999994,4.127326,0.46482643,157.52219,37.75566,0
1.0000001,3.6134672,0.4642392,180.02426,38.806717,0
1.0000001,4.0331144,0.464455,178.25383,37.888092,0
1.0,4.0239043,0.46438655,147.97566,37.854877,0
0.99999964,4.720081,0.4639304,155.54294,37.977154,0
1.0000005,4.196704,0.46418312,184.27405,39.07151,0
1.0000002,3.996008,0.46456128,225.82346,38.34002,0
0.9999998,3.7665317,0.4639866,164.35553,38.928448,0
0.9999998,3.8201208,0.4639012,196.54416,39.11745,0
1.0000002,4.0686555,0.4642255,202.03886,37.832592,0
0.99999994,3.6617856,0.46374583,157.48552,37.9242,0
0.99999976,4.020507,0.46348006,157.34418,38.569958,0
0.9999999,3.5914476,0.46340978,150.22241,39.338394,0
1.0000001,3.9939263,0.46338794,206.19647,39.05906,0
0.9999996,4.315826,0.46361634,186.72743,38.03636,0
1.0000005,4.4085526,0.46393085,145.26398,38.418713,0
0.9999998,3.5150611,0.4635331,190.33388,38.011356,0
0.99999994,6.3700624,0.463699,151.08472,38.075108,0
0.9999999,3.6364198,0.46430013,166.8693,38.972683,0
0.9999999,4.003242,0.4636438,172.53084,37.887108,0
1.0000001,3.7824087,0.46401152,191.73508,38.090202,0
0.99999976,4.182728,0.46317133,235.82237,37.7906,0
0.99999976,4.1705093,0.46414334,156.7711,37.853947,0
0.9999998,3.9621966,0.46387386,155.06201,39.11765,0
1.0000005,3.9507506,0.46380678,173.75623,38.351177,0
1.0000004,3.8827684,0.46412814,184.41954,37.78681,0
1.0000004,3.763351,0.46433824,173.97263,38.011402,0
1.0000001,4.4881415,0.46387702,157.67305,37.87887,0
1.0000004,4.2546005,0.4638515,188.52197,38.90882,0
1.0000005,4.108934,0.46424899,172.86024,38.46796,0
1.0000001,3.9095922,0.46409118,149.81891,38.004208,0
1.0000002,4.2777967,0.46410108,184.23495,38.15794,0
1.0000002,5.1194,0.46458796,203.31363,38.553936,0
0.99999994,3.6191404,0.46395364,185.23518,37.797485,0
0.9999997,3.9696486,0.46407264,158.77809,38.13166,0
1.0000001,3.6860855,0.4643098,175.64662,37.94132,0
0.9999998,3.8365653,0.46379468,149.39777,37.95621,0
1.0000001,3.8337424,0.4642332,162.7006,38.81516,0
0.9999999,4.157184,0.46385482,189.61893,38.197914,0
1.0000002,4.012407,0.4644065,171.60167,37.984352,0
0.9999995,4.6619363,0.46399197,146.50175,38.616,0
1.0000002,3.9002254,0.4636127,191.67862,38.13097,0
1.0000001,3.9955516,0.4635463,138.6525,37.275127,0
1.0000002,3.7986698,0.46376064,163.03827,37.91408,0
0.9999998,5.0571446,0.46398667,156.91269,37.91596,0
1.0,5.1199617,0.46371734,191.42938,38.614025,0
1.0000001,4.2056375,0.46379888,172.89157,39.160976,0
1.0000001,3.679704,0.46431485,127.67033,38.19404,0
1.0000005,3.8058076,0.46402812,168.06134,38.218613,0
1.0000004,4.087204,0.46410373,222.58656,38.703934,0
1.0000001,3.8677692,0.46419457,218.33923,38.401302,0
0.9999999,3.968536,0.4637654,150.53938,38.73833,0
1.0000001,3.6712954,0.46442664,213.27457,38.134003,0
1.0000001,3.6890779,0.46406126,159.51239,37.851234,0
1.0000005,4.291101,0.4639019,164.60197,38.20956,0
1.0000002,4.5536966,0.46355948,167.81131,38.50197,0
0.99999994,4.2932587,0.4642922,133.07985,36.52999,0
0.9999999,4.0683203,0.4644138,212.90936,38.981083,0
0.9999997,3.8399687,0.46384612,172.01642,38.608818,0
1.0000002,4.103849,0.46420372,175.2458,39.52423,0
1.0000001,3.645372,0.46455684,130.20042,38.12106,0
1.0000004,4.367903,0.46429247,202.9409,37.55065,0
0.9999995,3.948155,0.46343806,171.78906,38.06972,0
0.9999999,4.08976,0.46384194,180.14786,38.52595,0
0.99999976,3.6355093,0.46361452,160.47797,37.93136,0
1.0000002,3.7341142,0.46248168,202.79137,37.809937,0
1.0000002,3.7623696,0.46339542,193.34706,38.74468,0
0.9999998,6.0846753,0.46359158,184.90561,37.93224,0
0.99999994,4.832279,0.46328592,171.3932,37.626923,0
0.99999946,3.9223542,0.4635119,145.61462,38.207165,0
0.9999999,4.0426803,0.4635681,162.25433,38.20172,0
0.99999994,3.6740263,0.46337074,164.97672,37.64623,0
0.9999997,3.9825451,0.46405733,239.55249,38.891895,0
1.0000001,3.896232,0.46342143,171.92064,38.013924,0
0.99999994,4.0163145,0.46378264,171.09773,38.000366,0
1.0000002,3.6696842,0.4643952,153.61058,38.073757,0
1.0000002,4.0742235,0.4637672,220.43387,38.632088,0
0.99999994,3.498132,0.46338457,162.79416,37.52317,0
1.0000002,3.9779367,0.46359247,161.90533,38.58944,0
0.9999999,3.8693442,0.46360064,178.0242,38.147343,0
1.0000001,3.8723657,0.46382132,199.75742,37.905983,0
1.0,3.6667385,0.4631885,160.72607,38.832558,0
1.0000002,4.4779387,0.464273,129.10515,37.92141,0
1.0000004,3.7079535,0.4640602,168.59323,38.58234,0
1.0,3.9660938,0.46437237,154.99942,39.630054,0
0.9999994,4.7626605,0.46384355,193.20403,38.16551,0
1.0000002,4.1556754,0.4642308,194.9792,37.726948,0
0.9999999,3.669068,0.4634854,215.98187,38.568604,0
1.0000002,3.9373612,0.46431032,151.79897,38.270683,0
1.0000002,3.9057832,0.46368092,153.39885,37.758488,0
0.9999998,4.991412,0.4636438,172.6317,38.84197,0
0.9999999,3.854014,0.46408033,201.78954,36.88907,0
0.99999994,5.224472,0.46456057,171.82454,37.818577,0
1.0000005,4.193883,0.4644484,163.18051,38.893898,0
0.9999998,3.966928,0.4641654,195.75517,38.094482,0
1.0000001,3.9275703,0.46410334,157.8815,37.919334,0
0.9999998,4.4004736,0.4643185,143.96272,37.92311,0
1.0,3.7410529,0.4634085,155.85716,38.158478,0
1.0000004,3.6764927,0.46383178,149.80328,37.8534,0
1.0,4.160955,0.4639548,179.64923,37.49457,0
0.99999976,3.7996373,0.46346778,178.72578,38.041744,0
1.0000006,3.9002006,0.46361727,193.497,38.898453,0
1.0000001,4.5430684,0.46387428,145.35217,38.22967,0
1.0000002,4.0803995,0.46415034,158.06277,37.73199,0
0.9999998,4.440363,0.4641784,165.40419,38.077087,0
0.99999994,3.960738,0.4641184,178.87886,37.3872,0
1.0000004,3.7176225,0.46393174,165.4878,37.402576,0
1.0000002,4.74818,0.46414793,170.71065,38.200226,0
1.0000004,3.9007912,0.46428975,176.97246,38.70421,0
1.0000004,4.100356,0.46458733,154.98097,39.04808,0
1.0000002,3.881108,0.46410477,201.93452,38.983543,0
1.0,3.770409,0.46428433,136.14897,37.48847,0
0.99999976,3.9363046,0.4643309,182.83095,37.93841,0
0.9999998,4.5936184,0.46408537,172.61166,37.68708,0
0.9999999,3.736795,0.4636748,160.86983,39.383793,0
0.99999994,3.7472038,0.4638992,177.21387,37.47762,0
1.0000001,3.8073554,0.46385247,185.41019,38.355907,0
0.99999976,3.8776002,0.46428555,194.2162,37.68872,0
0.99999994,4.127615,0.4640327,163.30484,38.158745,0
1.0,3.7167645,0.46352392,174.55037,38.93847,0
1.0000001,3.809126,0.46367985,159.30206,37.961697,0
0.99999994,5.1862197,0.46402627,169.16406,38.876366,0
1.0000001,3.7740183,0.4636536,223.05748,38.127354,0
1.0000002,3.9202433,0.46320453,140.10646,38.592743,0
1.0000001,3.8122132,0.4632986,169.7572,37.81246,0
0.99999994,3.9870553,0.46429604,154.63528,36.751244,0
1.0000005,3.936348,0.46389434,185.23573,38.37648,0
1.0000001,3.7384777,0.46367604,183.27252,38.14717,0
1.0000002,3.8199167,0.46425468,187.29634,39.30564,0
1.0000002,3.6514812,0.4633371,156.94,37.166035,0
0.9999999,3.8118155,0.46375346,191.12402,37.896458,0
1.0000004,4.106506,0.4636886,143.27884,37.907753,0
0.99999964,3.9403853,0.4640169,176.2896,38.168045,0
0.99999976,3.9108026,0.46369183,194.21564,38.384827,0
0.9999999,3.9519203,0.46376625,163.93967,39.053467,0
1.0000001,4.0122557,0.46352807,165.29904,37.943287,0
0.99999976,3.8861392,0.462944,174.46985,38.118763,0
1.0000001,3.929371,0.463151,187.1811,38.458584,0
0.99999976,3.9924374,0.46306357,176.23886,38.386013,0
1.0000005,3.9641,0.463414,164.22748,37.594852,0
1.0000004,3.6523383,0.46365088,158.08391,37.67517,0
1.0000002,3.6142385,0.4632774,165.43074,38.068737,0
1.0000001,3.7803977,0.4635207,175.69339,38.015213,0
1.0,3.6587899,0.46364003,231.53137,38.46213,0
0.99999976,4.1352053,0.4629924,155.2417,38.97916,0
1.0000004,3.770489,0.46331728,159.5976,37.94523,0
1.0000002,3.8037288,0.46353397,207.61159,38.351818,0
0.9999998,4.090137,0.46379536,136.34909,37.140327,0
1.0000001,3.6808722,0.46336606,168.56995,38.58871,0
1.0000001,4.1846943,0.46336356,153.1218,38.204697,0
1.0000004,3.7615166,0.46320584,144.04001,37.764458,0
1.0000002,3.5940332,0.46372172,162.16896,38.869175,0
1.0000001,3.8056312,0.46343896,147.56581,38.14166,0
1.0000004,3.6145349,0.46322143,163.53287,37.898373,0
1.0000004,3.7043712,0.4638914,161.33311,38.476807,0
1.0000004,3.8202865,0.4641075,153.71997,38.38925,0
1.0000001,4.131612,0.4628066,166.76187,38.37963,0
1.0000005,3.880987,0.4640457,182.333,38.735638,0
1.0000005,3.6691716,0.46381828,175.96938,37.91039,0
0.99999976,4.032021,0.46371517,159.82599,39.1988,0
0.99999994,4.501772,0.46376678,157.10306,38.66393,0
1.0000001,3.9095619,0.46339184,171.46706,38.699883,0
1.0000002,4.299959,0.4637843,162.66406,37.503784,0
1.0000002,3.8446205,0.46400088,160.253,38.179844,0
1.0000004,4.5114446,0.46351978,170.13518,38.390144,0
1.0000004,4.2435746,0.46402267,174.06923,38.2829,0
1.0000001,4.6667714,0.46327612,157.048,37.60753,0
1.0000002,4.762894,0.46343192,220.09048,38.761417,0
0.9999998,4.2446156,0.46373,192.24939,38.370724,0
1.0000006,3.811039,0.46364987,144.64282,38.297623,0
1.0000005,4.028133,0.46292555,164.32434,38.09911,0
0.99999976,3.7146606,0.46326974,150.4295,38.060318,0
0.9999997,3.7073655,0.4634031,186.41638,37.933804,0
1.0000002,3.9733331,0.46352732,169.59314,37.89261,0
0.9999995,4.711372,0.46341443,172.5885,37.93688,0
1.0,3.579784,0.463614,139.86475,37.80737,0
1.0000001,3.5841753,0.46301627,162.6367,38.13648,0
1.0000001,4.1954474,0.46316746,154.05716,39.032845,0
0.9999998,4.258869,0.46368206,156.40404,37.894993,0
0.9999997,4.553128,0.46369898,248.38947,38.30059,0
1.0,3.9603686,0.46345514,135.01924,37.941505,0
1.0000001,5.22493,0.46259347,165.88107,38.109203,0
1.0,4.023944,0.46352822,151.26852,38.20629,0
1.0000001,3.9743915,0.46333286,170.37631,37.842422,0
1.0000002,4.2243605,0.4633799,183.63097,37.763985,0
1.0000001,3.8442674,0.46399546,175.17613,37.446774,0
0.99999964,4.0113606,0.4640974,180.32109,37.886543,0
1.0000004,4.369542,0.4631391,209.93484,37.513306,0
0.99999976,4.5566974,0.46364343,163.04237,38.217625,0
0.9999999,4.40983,0.4638189,157.1121,38.69413,0
1.0000001,3.8725631,0.46344876,175.03506,37.452206,0
1.0000002,3.672376,0.46375516,142.52158,38.01058,0
0.9999999,3.8926163,0.46341264,154.57918,38.32966,0
0.99999994,3.6208756,0.4629565,164.94434,37.887405,0
1.0000002,3.9432843,0.46317142,201.11143,38.89596,0
1.0000002,3.883703,0.4635385,169.03291,38.050663,0
0.99999976,3.845895,0.4640632,199.14024,38.446438,0
0.99999994,4.193684,0.46445537,167.41925,37.94016,0
0.99999964,3.927127,0.46424842,172.77197,38.232628,0
0.99999976,3.7187407,0.4632088,189.5919,38.01136,0
0.9999999,3.877976,0.46351415,181.25017,37.055477,0
1.0,3.6397598,0.4636017,180.3228,38.253918,0
0.9999998,4.5555344,0.46382356,129.49529,37.90695,0
1.0000004,3.883232,0.4637908,188.92992,38.376167,0
0.99999964,3.8886297,0.46359167,147.80005,37.787815,0
0.9999999,4.006017,0.46384516,175.99805,38.535248,0
0.99999976,4.694675,0.46422362,161.60669,37.29934,0
0.9999998,4.156199,0.46457428,187.04369,38.22185,0
0.99999976,4.116776,0.46399564,218.55217,38.84509,0
1.0000002,4.2086334,0.4635593,177.7474,38.765816,0
1.0000004,3.9663332,0.46381393,150.77222,37.109856,0
0.9999998,5.3851852,0.46315295,206.09273,37.970192,0
1.0000001,3.790887,0.463418,167.5583,37.93083,0
0.99999964,3.946276,0.46357203,174.55971,38.888855,0
0.99999976,4.012007,0.46355784,141.87677,37.81073,0
1.0000002,4.0064855,0.46373585,156.35878,38.143547,0
0.99999976,4.551905,0.46406573,168.4501,38.824585,0
1.0000004,3.6462808,0.46434805,133.99556,37.720287,0
1.0000002,3.7308526,0.46374413,182.02614,38.53293,0
1.0000005,3.7750046,0.46394876,166.8171,39.28251,0
1.0000001,3.8453186,0.46359387,173.69011,38.438293,0
0.99999994,3.9327292,0.4637166,163.77458,37.793026,0
1.0000002,3.730416,0.46379712,160.23987,38.799786,0
1.0,3.8830755,0.4637442,181.83305,38.12502,0
0.9999999,4.3753266,0.46386173,153.22685,38.22729,0
1.0000004,3.9531026,0.46356735,186.66678,37.86817,0
1.0000002,4.458666,0.46380636,172.16747,37.65906,0
0.9999996,3.68886,0.4641925,174.61115,38.09278,0
1.0,3.9266944,0.4638431,178.7466,37.91001,0
1.0000001,3.9811916,0.46404737,171.21849,37.964127,0
1.0000002,5.8287883,0.46431142,145.33989,37.4258,0
1.0,3.7862163,0.46384785,165.42361,38.22706,0
1.0000004,4.8532014,0.46414304,141.00078,38.560524,0
0.9999997,4.274254,0.46394262,243.47678,38.558327,0
1.0000001,3.6346612,0.4634433,167.12221,38.789566,0
1.0000005,4.0044866,0.46351212,159.97348,37.84307,0
1.0000005,3.9437966,0.463472,207.77225,38.44183,0
0.9999999,3.7927735,0.46450934,219.8225,38.895016,0
0.9999994,4.014283,0.46371868,185.94803,38.302383,0
0.9999999,3.9449248,0.46385342,174.20705,37.46875,0
1.0000001,4.034933,0.46358848,154.67398,38.200638,0
1.0000002,3.8616357,0.46415913,175.91652,38.119274,0
0.99999994,4.9195285,0.4637553,155.57628,38.319336,0
0.9999999,3.9414177,0.4644085,166.72574,38.67114,0
1.0000005,4.262869,0.46343648,228.48982,39.0953,0
1.0000002,4.234245,0.46386582,204.6518,39.288128,0
1.0000004,4.330777,0.46357235,172.06175,38.554768,0
1.0000001,4.05367,0.46392366,161.76192,38.20053,0
1.0000001,3.8374584,0.46407104,173.69049,39.122696,0
0.99999964,3.7297015,0.46405828,180.17088,38.308994,0
0.9999998,4.6481366,0.46358496,155.38771,38.035454,0
0.9999998,3.978244,0.46404096,163.29361,37.83768,0
0.9999997,4.03525,0.46393698,154.96176,38.347675,0
1.0000006,3.661405,0.46397012,205.604,37.4958,0
1.0,4.0399036,0.46366644,143.37193,38.07925,0
1.0000001,4.045837,0.46308944,163.402,38.598793,0
1.0000001,3.991291,0.4632206,183.20248,38.09401,0
0.9999998,3.7749503,0.464131,155.98335,38.740948,0
1.0000002,3.9189343,0.46358797,153.56528,37.679073,0
0.9999998,3.6996138,0.46436182,165.09935,38.26141,0
1.0000001,4.1283536,0.46368402,176.11157,38.531662,0
1.0000002,3.68862,0.46402058,191.10112,37.222305,0
1.0000001,4.6377473,0.46345928,172.4336,38.597187,0
1.0000004,3.807142,0.46373653,183.45702,37.922035,0
1.0000004,3.7275386,0.4636461,143.61037,38.08685,0
1.0,3.5965204,0.46370357,229.07895,38.71339,0
1.0000002,3.886558,0.46354356,213.38538,38.384525,0
0.9999999,3.8525138,0.46397057,167.20769,38.155975,0
1.0000002,3.8871634,0.46420044,202.38408,38.069607,0
1.0,4.1061554,0.46421745,162.11,38.26709,0
1.0000001,3.6207104,0.46365142,173.00972,38.753937,0
0.99999994,3.7321184,0.4639414,159.42488,38.152035,0
0.99999946,4.1726484,0.46376973,150.66257,38.042824,0
1.0,3.8323386,0.46329796,160.20372,38.573116,0
1.0000001,4.1491323,0.4639254,176.60507,38.158173,0
0.99999964,5.2740335,0.46399903,171.86682,38.549633,0
1.0000004,4.084345,0.46363536,156.86946,38.898365,0
0.99999994,3.7242553,0.46383262,144.34875,38.367313,0
1.0,3.8477044,0.46406865,177.35062,38.72727,0
0.99999994,3.7337394,0.4641362,158.01202,37.914577,0
0.9999999,4.2044926,0.46369702,188.31236,38.144394,0
0.99999976,4.4713683,0.46386924,153.29666,39.32188,0
1.0000002,3.6625884,0.46393025,179.43906,39.174423,0
0.9999999,3.8057802,0.46390364,184.13176,37.76971,0
1.0000002,4.031736,0.46380335,174.84663,37.75065,0
1.0000001,3.7888925,0.4637703,170.7802,38.0105,0
0.9999999,3.8140876,0.46370262,157.07274,37.66446,0
1.0000005,4.1855416,0.46428695,160.7607,38.176197,0
1.0000001,3.895354,0.46394676,168.65211,37.79028,0
1.0000002,3.741745,0.46390802,145.48595,38.556553,0
1.0,3.8299935,0.46377662,198.39395,37.702694,0
1.0000002,3.7613437,0.4643946,179.37317,37.931923,0
1.0000001,4.0906005,0.46410927,174.25662,38.940678,0
1.0,5.6509924,0.46410784,168.3912,37.895275,0
1.0000001,3.8451183,0.46343476,171.2429,38.649426,0
0.9999999,3.8080795,0.4634903,173.69801,38.466393,0
1.0000004,3.9511569,0.46414855,203.09802,37.350025,0
1.0,5.028531,0.46383077,172.767,37.96138,0
1.0000004,3.8565357,0.46423268,145.10092,38.010265,0
1.0000001,4.00752,0.46369678,145.3818,38.50862,0
1.0000001,3.957925,0.46411258,171.92201,38.59897,0
1.0,4.8867917,0.464212,137.16061,38.234474,0
0.9999998,3.614307,0.46365267,154.54877,38.4427,0
1.0000001,4.2326174,0.4637494,220.93059,37.60404,0
1.0,3.7435257,0.463869,149.70258,38.30332,0
0.9999998,3.799489,0.46404654,227.86543,38.049797,0
0.99999964,3.7896128,0.46387205,177.89934,38.74219,0
1.0,4.135375,0.46377775,157.38495,38.043526,0
0.99999994,3.8343787,0.4634404,169.80194,37.853607,0
1.0000001,3.8045766,0.46380374,188.8455,37.805927,0
0.9999999,3.8929484,0.46374142,159.8039,38.69269,0
1.0,3.6128116,0.4640521,182.526,38.179314,0
0.9999999,4.5922337,0.46406025,206.24559,38.529957,0
0.9999999,3.9319813,0.46379277,171.0148,38.707874,0
1.0000002,3.7782245,0.46421835,166.96056,39.259605,0
0.99999994,3.5971048,0.46363023,219.29276,37.807133,0
0.99999994,3.8793793,0.46407202,187.47516,38.04786,0
0.99999964,4.6452127,0.46376747,161.8742,38.106964,0
1.0000001,3.7755735,0.46390525,160.61465,38.188255,0
1.0000002,3.985411,0.46365944,168.5801,38.128998,0
1.0000002,3.9908462,0.46349123,182.45808,39.111237,0
1.0000002,3.8763268,0.46337944,156.46408,37.504135,0
1.0000004,5.0059123,0.4640146,171.6992,38.742123,0
1.0000002,3.8542054,0.4636795,158.45161,38.231033,0
0.99999917,3.9321005,0.46422142,154.63649,39.23042,0
1.0000002,3.9080915,0.46399987,162.48677,37.76015,0
0.99999976,4.188437,0.46421543,177.07356,38.10756,0
1.0000002,4.473162,0.46419832,166.26616,38.222305,0
0.9999997,4.0279775,0.4637333,160.62958,38.40734,0
1.0000002,3.821218,0.46362704,180.57152,39.644066,0
1.0000002,3.849653,0.46405488,171.7441,39.32349,0
1.0,3.8119023,0.46369132,218.7706,37.762894,0
0.9999997,3.7756858,0.46398953,157.15358,38.332024,0
1.0000001,3.7295175,0.4638617,210.52112,38.396343,0
1.0000004,3.9701738,0.4640589,171.96187,38.16421,0
1.0000001,3.8535044,0.46410596,176.44286,37.945858,0
1.0000005,3.8628705,0.46437186,166.79378,37.982162,0
1.0000002,3.8436303,0.46407047,163.18141,37.890926,0
1.0000001,4.357632,0.46441278,142.69366,38.37788,0
0.99999976,3.8716874,0.46348765,176.53154,38.727413,0
1.0000001,4.038545,0.4636466,145.97145,38.807106,0
1.0000004,4.0455093,0.46336934,171.0834,38.295105,0
0.99999994,3.7953484,0.46394673,149.16576,38.51509,0
1.0000002,3.7915642,0.4637659,140.20685,39.092613,0
0.9999999,3.8748097,0.46338576,142.30789,37.637104,0
0.9999998,3.984245,0.46369076,202.78662,38.341057,0
1.0000001,3.773567,0.46323463,161.65431,38.270573,0
1.0000001,3.9856896,0.4630521,185.31035,37.653748,0
1.0000001,3.8961964,0.4629484,172.04268,38.111126,0
0.99999976,4.3944263,0.46394524,165.80351,38.461063,0
1.0000001,3.9918613,0.4632595,184.13362,38.37161,0
0.9999999,3.6857512,0.46398047,165.1493,38.084087,0
1.0000001,4.5127425,0.4632923,175.26367,38.430508,0
0.99999994,4.007114,0.46392876,191.63542,37.974712,0
1.0000004,4.3623543,0.46334407,193.79218,38.532745,0
0.99999964,4.0619864,0.46340933,192.22177,38.111862,0
0.99999994,4.2066383,0.46347463,154.7906,37.913,0
1.0000001,4.106524,0.46396086,152.34323,38.02029,0
1.0000001,3.7568388,0.46336302,158.95308,38.420563,0
1.0000001,3.8124912,0.46381465,189.11816,37.27861,0
0.9999996,4.13915,0.46359575,149.39943,37.925217,0
1.0000004,3.74853,0.46346703,167.98502,37.983147,0
1.0000001,3.851494,0.4635874,149.90636,38.372635,0
1.0,4.240975,0.46355093,160.46655,38.6853,0
1.0000001,3.7826812,0.46376345,208.57138,38.936478,0
0.9999997,3.9434526,0.4635482,181.79723,38.60713,0
0.99999964,4.402412,0.46377212,143.02295,38.90185,0
1.0000002,3.8547163,0.46381903,164.85359,37.977253,0
0.99999994,3.7623942,0.46382388,151.4329,38.803226,0
1.0000001,3.901194,0.46353066,162.82327,38.166676,0
0.99999994,3.9971664,0.4640227,136.49806,37.81469,0
1.0000004,3.7616985,0.4637449,159.63641,37.513035,0
1.0000004,3.6303723,0.4636666,152.19942,37.891853,0
1.0000002,4.347351,0.46316335,174.59511,38.673405,0
1.0000001,4.0964665,0.4644015,161.09578,38.472446,0
0.9999997,4.3476534,0.46384853,161.05707,38.106827,0
0.99999976,4.701942,0.46366727,184.53275,38.693325,0
0.9999994,3.579007,0.46359748,162.01453,38.580173,0
0.99999994,4.745281,0.4630271,174.14197,38.517982,0
1.0,4.5194736,0.46348456,172.73447,38.059658,0
1.0,3.8533566,0.46363422,141.98016,37.737587,0
0.9999998,3.593906,0.4640278,146.13124,37.487732,0
0.99999964,4.143374,0.46415383,156.64172,37.225407,0
0.9999996,4.014514,0.46364626,145.53766,37.17153,0
0.9999998,4.2769933,0.463879,150.22803,39.209835,0
1.0000002,4.073394,0.4641973,145.26039,38.549587,0
1.0000001,4.207576,0.4642282,175.8971,38.05601,0
1.0000001,3.9121048,0.46354225,160.21848,38.083813,0
0.9999999,3.723132,0.46405473,261.72876,39.07952,0
1.0000002,3.7888582,0.4637806,192.97795,37.389572,0
0.9999999,3.751477,0.4633635,157.25519,38.212654,0
1.0,3.7986796,0.46300754,186.90353,37.82352,0
0.9999999,4.0058436,0.46417043,199.816,37.720364,0
0.9999998,4.0380955,0.46346277,167.24101,38.37516,0
1.0000001,4.2191486,0.46357486,182.36807,37.967773,0
0.9999998,4.3038893,0.46326286,185.94832,38.471684,0
0.99999976,3.9978414,0.46400145,155.79752,37.95815,0
0.99999994,4.3271527,0.4638789,190.38986,38.95599,0
1.0000001,4.203739,0.46369606,157.15616,38.082653,0
0.99999994,4.5671234,0.46397495,217.48167,38.162533,0
1.0000001,4.0082326,0.464463,187.94171,38.156464,0
0.99999946,4.114965,0.4640775,153.32419,38.205864,0
0.99999946,4.187648,0.46368894,171.25026,38.780495,0
0.99999994,4.2053075,0.4643566,150.16151,38.395054,0
0.9999999,3.7931883,0.46437383,176.57552,38.52197,0
0.9999997,3.9341648,0.46453917,151.13603,38.949234,0
1.0000004,3.8453836,0.46453533,172.51553,38.735325,0
0.9999997,3.8559203,0.46401703,171.99269,38.055195,0
0.9999999,4.085399,0.46444166,173.07872,38.436985,0
1.0000004,3.9284544,0.46312684,163.35622,37.323948,1
0.9999999,4.513311,0.4627308,202.8251,38.132206,1
0.9999999,3.6668131,0.4629064,152.59015,36.871666,1
1.0000001,4.0021906,0.46315372,182.69641,37.397945,1
0.9999999,4.002712,0.46262044,177.87688,37.822212,1
0.99999994,3.6553292,0.46284372,153.63582,37.276966,1
0.9999998,4.3329067,0.4631065,169.0266,37.03092,1
1.0000001,3.868482,0.46265012,189.0793,36.619335,1
1.0,3.8134656,0.46274227,140.06288,37.647884,1
1.0000001,3.8790946,0.46371627,194.77283,36.743862,1
0.99999976,3.8147683,0.46393132,154.53955,38.293198,1
1.0000002,4.43918,0.46345013,151.21518,38.30499,1
0.99999994,3.9105368,0.46299183,218.64655,37.839905,1
0.99999994,4.064724,0.46338162,178.49556,36.58078,1
0.9999996,5.259465,0.46364075,142.76425,36.88955,1
1.0000004,4.3777027,0.4641292,191.61969,38.090946,1
1.0000001,4.2037096,0.4629948,165.95605,37.649754,1
1.0000004,4.228213,0.46333778,153.88309,37.355553,1
1.0,4.0197945,0.46299958,150.98071,37.34614,1
0.99999994,4.8477445,0.46325397,157.94455,37.74914,1
0.9999999,4.8158803,0.46331105,179.47328,38.26433,1
1.0000001,7.532013,0.46453878,150.49892,38.049088,1
1.0000004,5.3611794,0.46356246,155.79652,37.546543,1
1.0000002,3.7793536,0.4634176,187.98024,37.07928,1
1.0000001,3.980815,0.4632042,159.04199,37.602192,1
1.0000001,3.5331242,0.4629733,166.76768,38.38824,1
1.0000004,10.750324,0.46354476,174.6453,37.543526,1
1.0000001,6.3919992,0.4633649,170.58344,36.987183,1
1.0,3.9769444,0.46308511,222.43636,37.17739,1
1.0,3.785372,0.4632361,168.29453,37.803837,1
0.9999998,4.9105473,0.46277612,150.72919,37.460743,1
0.9999995,3.58135,0.46307567,155.12888,37.566883,1
0.9999997,8.872624,0.46346152,201.09727,37.736553,1
1.0000001,10.878829,0.46393374,152.4015,37.30791,1
1.0000002,3.6998258,0.4633239,141.34543,37.06006,1
0.9999999,3.6305988,0.46254164,175.13423,36.705154,1
1.0000001,3.6991663,0.46312204,162.03389,37.386368,1
1.0000001,4.6155405,0.46317607,199.56218,37.931057,1
1.0,6.0486054,0.4630303,165.8834,38.055164,1
1.0000004,3.9289908,0.46282527,139.87112,37.818455,1
0.99999976,5.5457754,0.46326458,167.57712,37.370068,1
1.0000001,4.1643434,0.46354976,191.86572,36.867237,1
1.0000004,3.8083787,0.46295133,190.11845,38.089436,1
0.9999996,3.9668958,0.46299142,144.22507,37.637985,1
0.9999998,3.6934237,0.46284598,147.70296,37.23069,1
0.9999997,3.6228364,0.46270505,172.9763,38.713844,1
1.0,4.9247904,0.46302187,184.0934,36.795128,1
1.0,3.9979181,0.46358767,147.90327,36.950073,1
1.0,4.0986485,0.46322054,170.51836,37.772976,1
0.9999999,3.6675274,0.4628232,200.35872,37.42642,1
1.0000005,3.9921126,0.4632489,172.29498,37.42386,1
1.0000001,3.6845047,0.4633458,172.58871,36.695217,1
1.0000001,3.9500582,0.4629334,173.1107,36.647945,1
1.0000004,3.545283,0.46345553,182.20753,37.249058,1
0.9999996,3.775167,0.4631041,178.90182,36.94623,1
0.9999998,4.200052,0.46343327,150.45488,37.80548,1
1.0000006,3.8837745,0.46275896,174.25076,37.38319,1
1.0000006,3.8279424,0.46290416,185.96397,37.74239,1
0.9999995,4.6864266,0.46283168,177.55554,36.691307,1
1.0000004,3.6575608,0.46294034,157.45036,37.205128,1
1.0000002,4.786485,0.4635631,142.04546,38.227493,1
0.99999994,7.111427,0.46297753,162.70811,38.197582,1
1.0000004,3.6460307,0.4629405,155.66539,37.58427,1
0.9999998,4.11161,0.46321136,165.99393,37.681507,1
0.99999994,3.8819296,0.46302813,141.32074,37.46955,1
1.0000001,3.679039,0.462799,159.64522,37.154938,1
0.99999964,3.8490314,0.4631208,174.99417,38.218773,1
1.0000001,3.8873575,0.46340212,158.40007,38.318977,1
0.9999998,3.6668825,0.4628694,164.10226,37.083572,1
1.0000001,3.7442155,0.46334717,152.07613,37.971367,1
1.0,3.8617501,0.4635222,178.96649,37.761333,1
1.0000001,3.6491084,0.46300617,189.65233,37.90901,1
0.9999998,3.6460233,0.46285325,163.2523,37.225506,1
0.99999964,3.955605,0.4633688,144.50734,37.586727,1
0.99999964,3.9062855,0.46373698,193.84949,37.854275,1
0.99999946,3.9240713,0.46317992,236.62349,37.491245,1
1.0000001,4.2020636,0.46400392,164.8887,37.095406,1
1.0,3.8694232,0.46404967,149.32137,36.809845,1
1.0000002,4.4046264,0.46396092,171.13654,38.163822,1
1.0000004,3.9779496,0.46395898,196.89877,37.40581,1
0.9999992,3.6874855,0.46397892,182.1757,38.11316,1
0.99999976,3.996714,0.46327114,175.15979,37.707355,1
0.99999994,3.705546,0.46400297,211.08745,37.594276,1
0.99999976,3.755784,0.4634357,169.54454,36.728775,1
1.0000002,4.140583,0.46359408,153.80153,36.551395,1
1.0000002,3.821425,0.4636362,174.74638,37.596954,1
1.0000004,3.8040445,0.46344605,148.64592,37.17719,1
1.0,3.8781288,0.46380633,159.50636,37.573795,1
1.0,3.8404622,0.46402675,160.82106,37.860916,1
0.9999999,4.068019,0.46362543,156.36382,36.630157,1
0.9999997,4.1715755,0.46404588,194.20282,38.322346,1
0.99999964,3.9057066,0.46318057,168.70705,38.02352,1
0.99999994,3.7478738,0.4642142,158.47421,37.070736,1
0.9999999,3.9837627,0.463032,170.85222,37.493534,1
0.9999998,3.7097805,0.46332607,170.19893,38.405373,1
0.9999998,4.0641866,0.46351886,206.91394,36.991535,1
1.0000001,3.9105294,0.46351838,179.35396,37.473225,1
1.0000001,3.962168,0.46378762,200.04822,37.84063,1
0.9999997,4.0726833,0.46361995,178.59741,36.936607,1
1.0,4.531104,0.46361512,140.10213,37.333576,1
0.9999997,3.7323062,0.4634747,155.63379,37.677044,1
1.0000004,3.9206276,0.46348074,167.09218,38.12832,1
1.0000002,4.0364394,0.46365744,207.52022,37.85624,1
0.9999997,4.125409,0.46372023,200.18413,37.16048,1
1.0000002,3.7823412,0.4634308,157.78699,37.188927,1
0.99999976,3.916771,0.4637919,174.64069,37.746292,1
1.0000002,4.0136137,0.4633505,182.72209,37.9718,1
0.9999999,4.541391,0.4628968,160.29839,36.589813,1
1.0000002,3.8299499,0.4639651,197.48927,36.982483,1
1.0,3.661053,0.46356422,169.09636,37.44785,1
1.0000001,3.8127108,0.46331656,216.08441,36.937996,1
0.9999999,3.9672267,0.46339035,181.25113,37.097683,1
1.0000002,3.8075128,0.46360388,169.68733,37.76072,1
1.0000001,3.9359965,0.4631482,228.36319,37.635998,1
1.0000005,3.6259203,0.46316865,168.65388,37.440247,1
1.0,4.570355,0.46314886,201.6439,38.25317,1
1.0,4.7045336,0.4630824,144.09232,37.53281,1
0.99999946,3.753601,0.46325794,160.43594,37.591568,1
0.9999998,3.9854,0.4633111,169.62569,37.84684,1
0.9999995,3.6923225,0.4631584,158.14105,37.60294,1
0.99999964,3.8786306,0.46367767,172.2689,37.656395,1
0.9999996,3.907682,0.46315902,151.85774,37.77937,1
1.0000002,3.8255117,0.46396393,183.96524,37.28416,1
0.9999999,3.5689058,0.4637875,179.0247,37.72784,1
1.0,3.886433,0.46354297,203.34105,37.174843,1
0.99999994,3.7441053,0.46334386,198.11134,37.411377,1
1.0000001,3.8346908,0.46275717,158.34686,37.442596,1
1.0000002,4.862985,0.4634628,210.5985,37.665005,1
1.0000002,3.6819768,0.46331838,173.74521,37.957882,1
1.0000001,4.220906,0.46388575,163.57083,38.172226,1
0.9999997,3.9033399,0.46345556,153.27084,38.825665,1
0.99999994,4.525982,0.46338323,173.4296,37.04765,1
0.9999998,4.308863,0.46332866,193.76085,37.14064,1
0.99999976,4.273795,0.46359256,169.07782,37.252556,1
1.0,3.9490287,0.4634282,204.57889,38.120037,1
0.9999994,4.0803466,0.4635478,177.52673,37.71274,1
0.99999994,3.875637,0.4633629,163.10873,37.927944,1
0.99999964,4.182903,0.46345434,219.91946,37.00855,1
1.0000002,3.9767637,0.46338,136.08028,36.182446,1
1.0000001,4.151635,0.46378064,185.91493,37.72453,1
0.9999997,3.864478,0.46300763,162.2921,37.419262,1
1.0,3.9001606,0.46266717,177.04486,37.73389,1
1.0000002,3.7717366,0.46346155,168.02327,36.76243,1
0.99999964,4.477261,0.46344265,156.45761,36.61704,1
0.9999999,3.6793082,0.46295762,159.24565,37.637184,1
1.0000002,3.8993134,0.46344027,183.0203,37.185738,1
0.9999999,3.9467237,0.46356076,135.8051,37.134563,1
1.0000002,4.459726,0.46357104,185.72083,37.152004,1
1.0000001,3.905782,0.4634327,169.51003,37.55827,1
1.0000002,3.7921422,0.46367863,185.37164,37.756344,1
0.99999994,3.7763977,0.46310964,173.97702,38.094112,1
1.0000005,6.873421,0.46400174,181.96913,38.032955,1
0.99999994,3.7579405,0.4624957,185.06444,38.018303,1
1.0000006,3.8457804,0.46299812,168.17444,36.921143,1
1.0000001,3.754333,0.46333984,135.2395,36.850452,1
1.0000005,3.8244057,0.46346688,166.67012,37.564667,1
0.99999964,4.814258,0.46387205,167.6169,37.54163,1
1.0,4.1372724,0.46379653,155.87012,37.444622,1
1.0000001,4.7169023,0.46320623,176.94406,37.054604,1
0.99999994,3.82199,0.4637188,184.2559,36.605366,1
1.0000001,4.7591057,0.46368933,145.12859,38.211918,1
0.9999997,4.1820946,0.46278659,173.68015,36.905655,1
1.0000005,5.05126,0.46320498,171.73302,37.774265,1
1.0000005,3.6836016,0.46273825,138.897,37.439674,1
1.0000001,3.7627883,0.46271333,192.96057,36.840347,1
0.9999995,3.7530143,0.46358314,160.19836,37.717007,1
0.9999997,4.162052,0.46308342,152.43791,36.342552,1
1.0000002,3.9196434,0.46315646,158.81137,37.03233,1
0.9999996,4.093845,0.4625526,210.95084,37.320423,1
1.0000004,5.4274178,0.46321934,153.0073,38.676376,1
1.0000002,4.614391,0.46337804,137.64523,37.539074,1
0.9999998,3.9191792,0.4635736,146.16005,36.89387,1
0.99999976,3.8172038,0.46375233,167.20296,37.28889,1
1.0000002,3.6442723,0.46321732,185.04883,36.954483,1
0.99999994,8.034186,0.46293038,152.40508,37.57781,1
1.0000002,4.152621,0.46328548,193.50197,37.649525,1
1.0000001,4.213967,0.46375036,147.16615,37.629314,1
0.9999996,4.5411367,0.46381164,187.2769,37.86249,1
1.0000005,4.5437727,0.46335688,152.92906,37.619385,1
1.0,3.9086754,0.46351716,161.39574,38.363026,1
1.0000001,10.247375,0.47050822,143.6864,37.05454,1
0.99999994,3.9056215,0.46293533,156.6573,36.05542,1
1.0000002,4.8760324,0.46356833,172.6039,36.568737,1
1.0000002,4.0905747,0.46298388,200.66594,37.13857,1
1.0000001,3.713977,0.46373627,193.41512,37.43396,1
0.9999998,3.9093778,0.4633321,163.21016,37.51464,1
0.9999998,3.9095113,0.46328396,183.4952,37.52789,1
1.0000001,4.1438017,0.46379536,168.94429,37.881165,1
1.0000005,4.062451,0.46333468,193.10722,37.322475,1
1.0000004,5.129992,0.46369183,169.95474,37.429863,1
1.0,3.827549,0.46357325,194.1082,37.630177,1
0.99999994,5.628281,0.4639948,148.83188,38.108612,1
1.0000005,3.7418077,0.46370205,179.00008,36.751366,1
0.9999999,3.762828,0.46331027,169.55548,37.10007,1
1.0000002,3.6520405,0.46382105,199.75674,38.440792,1
0.99999976,3.712492,0.46397528,159.5434,37.028976,1
0.99999994,3.8022873,0.46378362,172.5808,37.605705,1
0.9999999,3.918906,0.46339005,167.56073,36.122353,1
0.99999964,4.5489607,0.46351308,177.35196,38.125107,1
0.99999946,3.9152443,0.46327356,143.88843,37.67299,1
1.0000001,4.2123847,0.4636403,159.96112,37.377872,1
0.99999994,11.052304,0.46890858,160.78369,36.504936,1
1.0000002,13.860087,0.47911394,157.129,37.66215,1
0.9999999,4.0501757,0.4633011,194.74054,37.05366,1
1.0000004,3.830389,0.46345505,165.4752,37.892593,1
1.0000001,3.793068,0.46400535,146.94435,37.603313,1
1.0000002,4.6136527,0.46403816,142.3599,37.689873,1
0.99999994,3.6578445,0.46353108,176.22778,37.569775,1
0.9999999,3.923223,0.46338657,185.40756,36.699295,1
1.0000002,4.0377464,0.46294,190.14194,37.41951,1
0.99999964,4.22131,0.46324614,163.45992,37.936592,1
0.99999994,4.3303943,0.4629999,160.8303,37.362614,1
1.0000004,3.6200588,0.46309936,193.42166,37.12423,1
1.0000005,3.8981802,0.46276513,180.43343,37.7302,1
0.99999994,4.5317316,0.46293733,167.50691,36.891674,1
1.0000002,3.726316,0.4626795,163.27661,37.212124,1
1.0000002,3.5731614,0.46270117,212.3739,38.38113,1
1.0,3.8474941,0.46350333,165.93872,37.20137,1
0.99999976,3.8556936,0.4633807,178.41063,37.270092,1
0.9999997,3.9812148,0.4628347,166.70897,37.29245,1
0.9999997,4.99875,0.46365798,191.17776,37.029255,1
0.99999994,4.8914027,0.46292812,216.79736,36.949135,1
0.99999964,3.9290543,0.46310475,151.81293,37.456432,1
0.9999992,4.1889825,0.46306375,195.18463,37.946587,1
1.0000006,4.9082284,0.46335563,164.59962,37.019554,1
1.0000002,4.07874,0.46298718,201.16098,37.21606,1
0.99999994,3.6549082,0.4630763,158.08847,37.522884,1
0.99999964,4.0515704,0.46302003,188.66922,37.851406,1
0.99999994,3.6374342,0.46323094,143.37827,37.139458,1
0.9999999,3.8818521,0.46361575,189.1276,37.15917,1
0.99999994,3.7832177,0.4634615,146.29199,37.599556,1
1.0000002,3.7683597,0.46277478,171.43152,37.16186,1
1.0000001,4.0552077,0.46357238,181.35513,37.2662,1
1.0000002,4.033645,0.46343026,149.80893,37.240326,1
1.0000002,3.8311691,0.46410328,192.27487,37.222614,1
0.99999994,3.8104517,0.4639845,158.90111,36.69662,1
0.99999994,3.7305875,0.46357852,153.81209,37.332638,1
0.99999976,3.6380775,0.46359956,181.90526,36.92143,1
0.99999964,3.8988879,0.46373847,164.69077,36.84174,1
0.9999996,3.758341,0.46389005,172.78658,37.545887,1
0.9999999,7.785641,0.46318787,152.9589,37.403893,1
1.0000001,3.9131262,0.46360624,136.83731,37.501904,1
1.0,3.8339267,0.46325725,208.41821,38.308403,1
1.0000002,3.8666906,0.4641823,180.54189,36.552692,1
0.99999976,4.364531,0.46409625,155.35785,37.187508,1
1.0000005,4.256161,0.4630151,149.65837,37.87048,1
0.99999994,3.7368119,0.46360323,145.527,37.329723,1
1.0000002,4.1568847,0.46370614,180.77812,35.988605,1
0.9999998,4.9709525,0.46370882,177.4651,37.311478,1
1.0000001,3.7553515,0.46363205,149.38692,37.314117,1
1.0000004,3.8351662,0.46382663,196.8791,37.57297,1
0.9999998,3.6223648,0.4633923,172.37137,36.60316,1
0.9999999,4.3775296,0.4631677,187.25464,38.093132,1
0.99999994,3.9192488,0.4632201,179.77748,37.409664,1
0.9999998,3.8794358,0.46338606,177.58875,36.936977,1
1.0000002,3.8066514,0.46352306,118.48391,36.724014,1
0.9999998,4.182866,0.46286157,178.69594,37.93072,1
1.0000001,4.2608137,0.46304166,190.90785,37.056664,1
1.0000002,3.8240194,0.46342796,143.3824,37.49337,1
1.0000002,4.6536493,0.4630309,180.81485,37.14425,1
1.0000001,4.0171385,0.46273622,158.8629,37.440086,1
1.0000002,3.6729822,0.46318898,183.4399,37.361717,1
0.99999976,3.7366896,0.46311063,147.6749,37.750927,1
1.0,4.471127,0.46292067,156.28006,37.7252,1
1.0000001,4.38675,0.46267793,139.14966,36.879894,1
1.0000001,4.332589,0.46292713,177.91377,37.423866,1
1.0,3.8240042,0.46313217,179.1208,37.0512,1
0.99999976,3.807287,0.46330097,167.03725,37.37315,1
0.9999999,3.624954,0.46314496,142.53864,36.32279,1
1.0000001,3.8448374,0.46283993,183.68338,37.763634,1
0.9999997,4.246335,0.46299264,174.56311,37.638874,1
0.9999996,4.08698,0.4631566,145.19885,37.676,1
0.9999998,3.9560688,0.46319452,173.7005,37.28072,1
1.0000004,5.5346475,0.4634169,204.6347,37.96806,1
0.99999994,5.1301723,0.4630453,176.08627,37.58549,1
0.9999999,5.081792,0.46319613,150.03702,37.975056,1
0.99999976,4.094684,0.46298158,154.21504,37.121662,1
1.0000001,3.688816,0.4627221,170.13974,38.628845,1
1.0000002,3.828206,0.463133,181.26538,37.305653,1
1.0000002,3.916451,0.4630234,134.72198,37.96855,1
0.99999994,4.2328258,0.4635852,148.51022,37.813866,1
1.0,3.7568915,0.4628671,153.28447,37.188667,1
0.9999997,3.7887857,0.46335357,186.62471,37.722412,1
1.0000001,4.0487556,0.46275923,178.27599,37.178738,1
1.0000001,3.860115,0.46301562,230.28708,36.61632,1
1.0000001,3.7663367,0.46342573,156.55466,37.451828,1
1.0,4.847842,0.46271545,202.95343,38.252335,1
0.99999994,3.7319832,0.46303377,181.88791,36.612576,1
1.0000001,3.977207,0.4625546,158.00429,38.26984,1
1.0,5.1268144,0.46318114,146.84814,36.9943,1
1.0000002,3.6724532,0.46296123,260.6856,37.11112,1
1.0000001,3.7678852,0.4630171,155.64978,37.942318,1
1.0000001,3.7101192,0.4628367,203.14685,37.357277,1
0.99999976,4.1040316,0.46331596,154.65152,37.628,1
1.0000006,4.164599,0.46286967,203.4945,36.79292,1
0.9999999,4.0911393,0.4632121,166.2288,36.806564,1
1.0000004,4.060267,0.4631135,184.75784,37.09751,1
0.9999999,4.248137,0.46259058,190.66171,37.541676,1
0.99999964,4.012798,0.4630418,150.13013,37.986282,1
0.9999998,3.9467971,0.46330017,192.83728,37.17173,1
1.0,3.750733,0.4633975,187.11049,37.23369,1
1.0000001,3.667948,0.4634638,168.69173,37.293716,1
0.9999998,3.9319305,0.46329412,166.09381,37.659843,1
1.0000001,3.8441129,0.46313694,180.96169,36.5347,1
1.0000001,4.226184,0.4627604,211.3101,37.113064,1
1.0000002,3.799478,0.4634934,172.01163,37.6096,1
0.9999999,4.826154,0.4632181,149.57428,37.51642,1
0.99999976,3.969276,0.46275064,196.63107,37.04355,1
1.0,3.9907248,0.4629043,128.93597,37.774082,1
1.0000001,3.7895498,0.4627322,139.98587,37.768127,1
1.0000001,4.0690646,0.46292844,214.15082,37.297615,1
0.9999998,3.7558632,0.46330255,175.47699,37.42164,1
0.99999976,3.677273,0.46287584,166.65302,37.354427,1
1.0000005,3.8394234,0.46381626,158.75818,37.497982,1
1.0000001,3.6859488,0.46364126,199.60359,37.44043,1
0.9999996,3.8751066,0.46282518,157.28342,36.81367,1
1.0000002,3.7179832,0.46352306,169.64423,37.7323,1
1.0,3.9116657,0.46278894,183.08807,37.33963,1
1.0000001,3.9618938,0.46277294,199.4797,37.69021,1
0.9999999,3.963662,0.46298715,153.96338,36.922215,1
1.0000001,4.087141,0.46372113,146.79047,36.92912,1
0.99999976,4.3843856,0.46300822,138.52359,37.241505,1
0.99999964,3.5620072,0.46325466,190.8546,37.161953,1
0.9999998,4.0042787,0.46344817,161.6527,37.82788,1
0.9999997,3.8793974,0.46288103,156.23495,36.93587,1
1.0,4.120872,0.4628068,165.72964,38.483932,1
0.99999976,3.662714,0.46267638,167.51474,36.658073,1
1.0000002,4.392475,0.46249765,182.17377,37.01207,1
1.0000001,3.7678044,0.46341348,144.27852,37.304855,1
1.0000004,3.9963143,0.4636578,132.55025,37.156113,1
0.99999994,3.695795,0.46327293,178.55804,37.22569,1
0.9999998,3.8188276,0.46357596,154.20901,36.97791,1
1.0000006,5.1155725,0.4632233,140.34744,36.73162,1
0.9999995,3.7269664,0.46316513,176.45955,37.895954,1
0.99999994,3.8321104,0.463001,143.67479,37.576912,1
1.0000001,4.2641006,0.462846,184.76244,37.441032,1
1.0000001,3.6291285,0.462844,192.29886,37.17747,1
1.0000005,4.059338,0.4629579,174.32993,36.946568,1
1.0,3.7760246,0.46307302,149.78304,37.433197,1
0.99999994,4.084978,0.4639557,165.00154,37.298748,1
0.99999994,3.7358713,0.4635096,163.88689,37.962418,1
0.9999999,3.96829,0.4627669,188.8289,38.48836,1
1.0000002,3.813857,0.46334603,157.74419,36.199554,1
0.99999994,3.9683125,0.46374065,180.95422,36.7509,1
0.9999998,3.6810877,0.46388268,151.0968,37.926125,1
1.0000005,3.8026147,0.46360293,160.06197,36.9673,1
0.99999994,3.9632747,0.4637088,188.33896,37.08762,1
0.99999994,4.1016755,0.46348545,176.09427,37.15548,1
1.0000004,3.8755271,0.4636782,166.42252,37.570293,1
0.9999999,4.0131874,0.46378252,207.03961,37.408924,1
1.0,3.9628782,0.46377465,163.30127,36.607307,1
1.0000002,3.6422737,0.46330035,163.28087,37.483047,1
0.9999998,3.808111,0.46316394,206.23433,37.53617,1
0.9999999,3.7004473,0.46301487,188.7113,37.162045,1
1.0000001,3.817429,0.46360648,170.67744,37.600918,1
1.0000001,3.815472,0.4636655,147.49866,37.581146,1
1.0,3.7940655,0.46352765,214.40295,37.12103,1
0.99999994,5.913902,0.4636028,162.7308,38.02939,1
1.0,3.7468855,0.4639677,146.18665,37.7214,1
1.0000001,4.3236523,0.46362445,191.30893,38.245815,1
1.0000001,3.9665647,0.4635058,167.2068,36.991104,1
0.99999976,3.6969604,0.46330282,150.44232,37.65909,1
1.0000002,4.804609,0.46367812,183.65324,37.594482,1
1.0000001,3.6984665,0.46344447,181.947,38.234314,1
1.0000004,3.867109,0.4639462,164.72302,37.525707,1
1.0000002,3.6120641,0.46342736,179.56491,37.189743,1
0.99999964,4.0289874,0.4637448,174.184,37.263752,1
1.0000002,5.8737187,0.4631764,198.75464,36.899723,1
0.9999998,4.041621,0.46348596,150.9362,36.732796,1
0.9999998,4.0416484,0.46355397,194.83446,37.106987,1
1.0,3.792055,0.46346945,152.88219,38.36706,1
0.9999999,4.128936,0.46348986,197.96082,37.302235,1
1.0000005,3.7966943,0.46267518,176.35289,37.13864,1
1.0000001,3.743192,0.46363497,150.86931,36.98754,1
0.9999999,3.8360856,0.4637459,147.24026,36.87074,1
0.9999998,4.3135304,0.46339515,162.16156,36.88781,1
0.9999998,4.528232,0.46385404,210.25444,37.26641,1
0.9999999,6.67219,0.4634913,158.66605,37.39074,1
0.9999999,3.7736254,0.464098,171.73958,36.887733,1
1.0000001,3.8614223,0.46301788,164.30676,37.032623,1
1.0000001,4.007083,0.4635684,167.96246,37.42642,1
1.0000002,3.8273666,0.46382633,219.19565,37.45244,1
1.0000006,3.5665805,0.46335018,167.332,36.95659,1
0.9999999,3.9455135,0.46298382,165.01138,36.820133,1
1.0000004,4.782663,0.4635153,182.74103,36.931995,1
1.0000005,3.823317,0.46339568,180.51488,37.692814,1
1.0000004,4.2138968,0.46319345,200.2038,37.54655,1
1.0,4.451198,0.46330914,186.31813,37.925224,1
1.0000001,5.199032,0.46327242,207.10551,37.567593,1
1.0,4.2211013,0.46319696,175.83055,37.55294,1
0.99999994,3.7782483,0.4635204,169.43622,36.96073,1
0.99999994,4.675255,0.46303314,166.23991,38.552105,1
0.99999976,3.8473418,0.4631644,225.6349,37.76662,1
0.9999999,3.7991478,0.4631229,180.31914,37.55219,1
0.9999998,3.7953656,0.4632853,161.26457,37.137054,1
1.0000004,3.844163,0.46316987,203.42119,37.475643,1
0.99999946,3.7897396,0.4634707,179.77507,37.31587,1
0.99999964,3.9761086,0.46355134,178.2065,37.588993,1
1.0000001,5.2994194,0.46377409,155.41173,37.705208,1
1.0000002,5.240844,0.46281973,164.52846,37.415325,1
1.0,4.061102,0.46356174,137.73537,36.279762,1
0.9999998,4.3510666,0.463504,200.90549,37.830566,1
1.0000001,3.6432018,0.46390995,153.38112,38.197254,1
1.0000002,4.1182013,0.4633185,140.3246,37.43725,1
1.0000002,4.414384,0.46350816,171.45125,37.056454,1
1.0,3.6921618,0.4632698,169.79745,37.71826,1
1.0,4.2785563,0.46355814,236.16176,36.79898,1
1.0000001,4.1020722,0.46328232,191.50581,38.0586,1
0.9999997,4.7821355,0.46373084,174.82271,37.138973,1
0.99999994,3.9219813,0.46353164,220.41786,37.781563,1
0.99999994,3.8009906,0.4631671,166.19905,37.329796,1
1.0000002,3.7741973,0.46283755,178.23895,36.739193,1
1.0000001,3.6697078,0.46299362,158.16046,37.86073,1
0.99999964,3.8768694,0.46330273,158.154,37.286083,1
0.9999998,5.030768,0.46358973,181.77808,36.96988,1
0.9999995,3.7246966,0.46266848,184.54718,36.410503,1
0.9999998,5.014619,0.46304557,158.034,37.123734,1
0.99999976,3.6657667,0.46289748,181.56773,36.51355,1
1.0000001,4.018961,0.46292368,135.69363,37.321613,1
1.0000002,3.5309942,0.46302778,157.38206,37.9793,1
1.0,3.7308192,0.46333104,199.90692,36.7735,1
1.0000002,3.958326,0.4628004,172.5852,37.16747,1
0.9999999,3.7316568,0.46272552,183.07266,37.36462,1
1.0,3.965508,0.4630825,212.81155,37.341145,1
0.99999994,4.5779514,0.46347913,137.37964,37.50971,1
1.0000001,3.8654141,0.46281698,166.89864,38.587795,1
0.99999976,3.6963336,0.46315628,214.76936,37.20799,1
1.0000005,3.653195,0.46305096,175.59581,37.911396,1
1.0000004,3.5537777,0.46293616,155.85509,37.979267,1
0.9999997,4.1560926,0.4627884,169.58125,37.719433,1
1.0,4.009264,0.46291417,192.83138,36.42916,1
1.0000002,4.2410045,0.46314836,157.07732,37.171276,1
1.0,8.236225,0.4629906,165.52402,37.30337,1
1.0000005,3.8241343,0.46267155,210.90958,38.636715,1
1.0000001,4.128352,0.46342272,169.07591,38.140778,1
0.9999999,3.9124444,0.4633023,159.92969,38.027546,1
0.99999994,3.6810088,0.46313158,178.94946,37.92923,1
1.0000002,3.6196582,0.46312177,168.73232,37.18933,1
1.0000001,3.9073586,0.46336073,146.29007,37.63345,1
1.0000002,3.7691684,0.46330965,175.36769,37.490593,1
0.9999998,4.112823,0.46288612,180.81671,37.880623,1
0.99999994,4.0504136,0.4632189,134.43552,36.81963,1
1.0000004,5.053025,0.46307203,147.84746,38.00668,1
0.9999998,4.031727,0.46310574,211.61754,38.115707,1
0.9999999,6.442434,0.46310833,161.0129,36.690376,1
1.0,3.895869,0.46289808,168.96057,37.28567,1
1.0000001,3.7549658,0.46379167,156.67195,36.836422,1
0.9999999,3.712611,0.4627351,149.094,37.806705,1
0.9999999,4.366514,0.4624362,202.56082,37.08304,1
0.99999976,3.7997215,0.4632411,216.97787,37.657967,1
0.9999998,4.0101204,0.46302876,173.73575,37.56184,1
1.0,3.937688,0.46320805,171.67143,37.33556,1
0.99999994,3.760246,0.46306843,184.35138,37.10117,1
1.0,3.7070446,0.46303725,168.57314,36.960613,1
0.99999994,4.113286,0.4629827,199.52397,37.63977,1
0.9999998,3.7599528,0.46264803,193.25375,37.274223,1
0.99999994,3.758721,0.4635272,197.48228,36.649525,1
0.9999999,3.65361,0.46346942,169.61623,36.84767,1
1.0000001,3.9309464,0.46329162,165.55301,38.099117,1
1.0,4.1038895,0.4633268,202.52803,37.174805,1
1.0000004,4.094203,0.46306878,141.03693,36.858246,1
1.0,3.5882165,0.46278834,144.44757,37.208637,1
0.9999998,4.364628,0.4628653,161.05486,36.794617,1
0.99999994,3.8060434,0.46279866,139.65738,37.478733,1
1.0000001,3.9018989,0.46298543,144.7777,36.86388,1
1.0000002,4.3767276,0.46279153,155.20644,37.95814,1
1.0000002,5.3493776,0.46346205,198.45268,37.0079,1
0.99999994,3.918763,0.4631729,150.35677,37.46791,1
0.9999996,4.070318,0.4633226,152.32071,37.19802,1
0.99999994,3.8995004,0.4627244,156.80273,38.150593,1
0.9999998,3.6500032,0.4628745,238.06285,37.53921,1
1.0000006,3.688583,0.46278915,199.67613,37.38732,1
1.0000006,4.3519683,0.46306393,169.21008,37.250896,1
1.0000001,3.7866333,0.4629241,206.77415,37.10429,1
0.99999946,3.9636016,0.46253747,191.09624,37.692078,1
1.0000001,4.430036,0.4631888,156.75977,37.035732,1
0.9999997,3.9756236,0.4631806,191.54196,37.988976,1
1.0000001,3.5558155,0.46293676,155.85316,37.638664,1
1.0000004,3.6284416,0.4632927,153.3281,36.935402,1
1.0000001,3.7556565,0.46356276,251.75609,37.313255,1
0.9999997,4.789679,0.46303275,151.90245,37.892536,1
0.9999997,4.0048366,0.46283996,161.3475,37.37418,1
1.0,3.9343913,0.46305147,165.22757,37.35961,1
1.0000005,4.1317534,0.46316174,188.59543,37.852283,1
1.0000002,3.758001,0.46325895,165.51683,37.33017,1
0.9999999,4.7920723,0.46308202,193.90791,37.63813,1
1.0000001,4.59322,0.46368593,191.50467,37.50633,1
0.99999994,3.8584142,0.46312582,176.85585,37.446392,1
1.0000001,4.4815593,0.46285105,156.97502,37.983234,1
1.0000002,4.4832964,0.46328762,181.82178,37.7378,1
1.0000001,4.982758,0.46310326,173.90868,36.66779,1
0.9999998,4.1604414,0.4632868,154.30768,37.032158,1
1.0000005,4.591909,0.46364635,174.79893,36.585632,1
0.9999999,3.7065918,0.46329212,147.40915,36.55485,1
1.0000006,3.7472632,0.4627288,174.85452,37.253338,1
0.9999999,3.881821,0.46318784,141.46791,37.403984,1
0.99999994,3.9898944,0.46316546,218.17035,37.097458,1
0.9999996,3.6548426,0.46324566,156.19019,37.567028,1
0.9999996,3.7871892,0.4631189,160.56526,37.61965,1
1.0000001,3.5790877,0.46284592,179.34166,37.493923,1
1.0,3.7734952,0.4630781,162.95926,37.85751,1
0.99999994,3.7501264,0.4626428,194.49557,37.52355,1
1.0000001,4.6484566,0.46363413,170.6843,37.32011,1
0.9999998,4.906429,0.46313706,140.07838,37.20917,1
1.0000004,4.0805955,0.46325803,157.81331,38.08311,1
0.9999999,5.455878,0.46317357,165.74316,36.90394,1
1.0000002,4.116123,0.46331787,160.92867,37.10173,1
1.0000001,3.6695998,0.4635255,166.887,37.795605,1
0.99999994,3.730602,0.46292567,159.53093,38.04933,1
1.0000002,3.8390727,0.4628615,143.95268,37.74721,1
0.9999999,3.6767757,0.46337065,180.73172,37.73923,1
1.0,4.382706,0.46291468,160.68608,37.239143,1
1.0000002,3.8493433,0.46285036,168.42776,37.847977,1
0.9999998,3.8229277,0.4626454,184.89978,38.319553,1
1.0,3.7491434,0.4638194,171.21936,37.160355,1
1.0000002,3.604082,0.46323973,159.04216,37.490498,1
1.0000002,4.0382733,0.4628311,192.13623,38.01707,1
1.0000001,4.4647574,0.4629731,140.92752,37.37653,1
0.99999964,3.8942878,0.46310654,157.84383,37.77393,1
0.9999994,3.9634836,0.46357962,198.95827,36.765984,1
0.99999994,3.769317,0.46336997,151.10884,38.71497,1
1.0000004,3.5385556,0.46325117,167.64331,36.85592,1
0.9999998,3.7013438,0.46331283,182.20012,37.442112,1
0.99999976,3.7977724,0.46268478,193.4968,36.602074,1
1.0,3.8887637,0.46311504,210.42783,37.73496,1
1.0,4.056614,0.46329212,188.90698,36.368763,1
0.99999976,3.9854352,0.46402556,155.91795,37.325974,1
0.9999999,3.7644114,0.46316898,194.87344,37.44458,1
1.0000001,3.780294,0.46350676,181.3827,38.317524,1
0.9999998,3.8480694,0.46334773,207.94618,37.389603,1
0.9999997,4.1762304,0.4637668,168.66986,38.25568,1
1.0000002,3.8383007,0.463291,200.04797,36.66457,1
0.9999999,3.6749718,0.4633493,164.68283,36.514183,1
1.0000001,3.8609889,0.46342424,142.63869,37.59462,1
0.99999976,3.9521935,0.46293455,176.95364,37.807568,1
1.0000001,6.314367,0.46371493,221.02705,38.06663,1
1.0000004,6.8500953,0.46484333,211.5661,37.605564,1
1.0,3.680978,0.46327168,148.26979,37.5156,1
1.0000002,3.8160822,0.46359187,149.38751,37.0452,1
1.0000001,4.289233,0.4631549,187.5851,38.027317,1
1.0,3.6775074,0.46349043,151.87589,37.628544,1
0.99999994,3.7122467,0.46341053,145.71088,36.953114,1
0.9999999,3.9833446,0.46332073,187.9083,37.000366,1
0.9999998,3.7980428,0.46390876,183.05586,36.851757,1
0.99999964,3.6350975,0.4634294,134.9972,36.986965,1
1.0000001,4.2650056,0.46389598,159.58977,37.544525,1
0.99999964,4.7322874,0.46339244,184.0681,37.63809,1
0.9999997,3.9804058,0.4632442,142.22623,37.28252,1
0.99999976,3.9302294,0.463108,183.9675,37.15818,1
1.0000004,4.144961,0.4634257,148.494,37.613247,1
0.9999998,3.901373,0.46387422,132.9148,37.09028,1
0.9999999,4.9606495,0.463622,141.90923,36.511623,1
1.0000004,4.468084,0.46342427,150.64137,36.506733,1
1.0000001,3.6486115,0.46347687,180.86206,37.392998,1
1.0,4.8315234,0.46318752,183.51848,37.901623,1
1.0000001,8.685782,0.46371278,184.67804,37.32177,1
1.0000002,4.4135647,0.46388403,166.72897,37.962772,1
1.0000001,5.12252,0.46326387,229.32993,37.542423,1
1.0000004,3.669597,0.4635448,200.8144,37.52098,1
1.0000001,3.7965434,0.463932,221.60362,37.499756,1
1.0000004,4.7027636,0.46359262,192.80031,38.061142,1
0.9999999,4.0488544,0.46321028,139.01428,37.475163,1
0.9999997,4.2798824,0.46323442,192.74411,37.198395,1
1.0000004,3.868079,0.46347022,158.08604,37.798775,1
1.0000001,4.1622653,0.46328363,200.36562,37.90384,1
0.9999999,4.1820273,0.4633576,162.6335,38.21683,1
1.0000001,3.7310479,0.46345627,176.91078,36.695374,1
1.0000001,3.9606547,0.4638444,161.4649,36.621044,1
1.0,3.8262112,0.46357605,139.15805,37.871124,1
1.0000001,4.046356,0.4635986,182.78305,38.496933,1
1.0000002,3.8137894,0.4629952,140.35426,36.778526,1
1.0000001,3.9866781,0.46323407,236.72423,37.953835,1
1.0000004,4.1848693,0.46299118,209.30602,37.080055,1
1.0000002,3.77682,0.4641268,153.46204,37.57706,1
0.99999994,4.4113774,0.46270627,166.2073,38.159836,1
0.99999994,4.1207213,0.46301565,167.99759,37.480053,1
0.9999998,3.6779613,0.46299487,185.08328,37.34339,1
0.99999964,4.8557415,0.46394563,154.96196,37.350124,1
1.0,3.6036885,0.463388,193.5154,36.773228,1
0.9999998,3.9341135,0.46310672,159.35184,37.46496,1
1.0000005,3.7258873,0.46328554,184.46606,37.19905,1
0.9999997,3.753368,0.4634301,164.7924,37.453964,1
1.0000001,3.767118,0.46353272,155.89023,38.08447,1
1.0000002,3.7530398,0.463625,182.64018,36.811913,1
0.99999964,4.552523,0.46321243,159.37221,37.102898,1
1.0000001,3.6107192,0.46319595,153.50931,37.273083,1
0.9999995,4.1669345,0.46346605,199.9452,37.63394,1
0.99999994,4.755931,0.4634753,172.30043,36.631687,1
1.0,4.4391956,0.46304724,168.27962,38.124336,1
0.99999976,3.8181105,0.46340513,181.19766,37.305317,1
0.9999996,3.9777257,0.46325126,175.5545,37.170433,1
1.0000001,3.6929917,0.46255082,173.34859,37.5368,1
0.99999976,3.8850303,0.4635121,197.62753,37.10203,1
0.99999994,3.8300173,0.46360824,191.17087,36.79246,1
1.0000004,3.5276968,0.4633259,174.53302,37.46659,1
1.0,3.5669653,0.46364218,210.40787,37.473003,1
0.99999976,3.728573,0.463679,206.70245,37.38476,1
1.0000002,3.8091612,0.46344572,189.86969,36.74675,1
0.99999994,3.7099068,0.46283054,160.51108,37.235695,1
0.99999976,3.9618387,0.4636475,157.09883,36.210033,1
1.0000002,3.935569,0.46338394,182.87302,37.60638,1
1.0000001,4.4187865,0.4636014,199.23143,37.18258,1
1.0000001,4.6553187,0.4634974,152.31378,37.394947,1
1.0000002,3.9079146,0.46359745,152.21416,38.111805,1
0.99999976,4.043446,0.4630669,148.45154,36.768723,1
1.0000002,4.612305,0.46346477,199.80139,38.06527,1
0.9999998,3.9194582,0.4631992,171.26506,37.005672,1
1.0000001,3.7436764,0.46368554,161.85071,37.79288,1
1.0,3.7033472,0.46343303,181.56169,37.877815,1
1.0000002,3.781004,0.46343744,156.39742,37.867573,1
0.99999994,3.8965054,0.463826,226.64645,38.298317,1
0.99999976,3.9979534,0.46316135,197.68541,37.87094,1
0.9999999,4.3322773,0.46335354,173.85861,37.0714,1
1.0000001,4.7773714,0.46349832,160.02763,37.11434,1
0.99999994,3.5925171,0.46333152,199.4512,37.95989,1
1.0000001,3.6672902,0.46328124,201.28476,38.22795,1
1.0000005,3.7030048,0.46309888,138.51001,36.92943,1
1.0,4.1022496,0.46287933,164.5741,36.564667,1
1.0000001,4.177007,0.463015,199.40358,37.47745,1
1.0000004,3.6881428,0.46349502,178.20522,37.763023,1
0.9999999,3.8966906,0.46340147,175.50612,38.260677,1
0.9999996,4.012689,0.4634163,211.27393,37.49438,1
0.99999994,3.8331473,0.46300006,155.27328,37.30113,1
1.0000001,3.9058409,0.46377483,174.79231,37.028465,1
1.0000001,4.1117554,0.46373352,179.56427,37.02929,1
1.0000001,3.9878173,0.46382123,173.76112,37.12836,1
0.9999998,4.1393013,0.46353173,187.77261,37.290997,1
0.9999998,4.9833593,0.46334326,170.43112,37.46104,1
1.0000001,3.8568563,0.46321732,195.40096,37.357178,1
0.9999999,3.8000484,0.46370974,165.63953,38.004482,1
1.0000004,4.0272,0.46272966,205.72653,36.939148,1
1.0000004,6.2519703,0.46304134,188.52252,36.801212,1
0.9999998,4.1273336,0.46305993,183.22685,36.946705,1
1.0000005,3.9295828,0.46330607,193.20071,37.966377,1
1.0000002,3.7461,0.46295086,220.81268,38.09912,1
1.0000004,3.8142996,0.46341035,154.13773,37.763695,1
0.9999997,3.893337,0.46358806,161.61401,37.494015,1
1.0000001,4.9686465,0.46339777,160.68552,36.87324,1
1.0000001,3.5320702,0.4630031,172.66931,37.542583,1
1.0000001,3.830245,0.46311453,185.65968,36.936478,1
1.0000001,3.7287169,0.46324858,179.67924,37.34221,1
0.9999998,4.372886,0.46295762,158.81621,37.564514,1
0.9999995,4.570029,0.46299562,187.1582,37.524254,1
1.0000001,3.8169818,0.46306074,187.62305,38.010532,1
0.9999997,3.7720199,0.46285114,180.30925,36.99311,1
0.99999994,3.6149218,0.4631273,153.66109,37.38743,1
1.0000004,3.718765,0.46288866,165.42331,37.20966,1
1.0,4.0537543,0.46340215,151.84239,37.69652,1
1.0000001,4.0718846,0.4636098,203.90327,36.932903,1
1.0000004,4.334937,0.46331018,161.11456,37.85852,1
0.9999996,4.035422,0.46339476,148.52734,37.42223,1
0.9999998,3.6335113,0.46299756,157.09767,36.49822,1
1.0000005,3.8765256,0.46336493,191.0983,37.43924,1
1.0000002,4.068172,0.4633344,180.39536,37.591175,1
1.0000001,3.6628535,0.46354005,164.05885,37.73736,1
0.9999999,4.3442464,0.46304494,166.27202,36.9912,1
1.0000001,3.7526076,0.46226585,142.71774,37.696148,1
1.0,4.038078,0.46311972,142.80649,37.147556,1
1.0,4.4131427,0.46301565,200.43579,36.766117,1
1.0000004,3.6542234,0.4629818,159.38129,37.78494,1
1.0000002,3.731665,0.46288604,139.45451,36.90348,1
1.0,5.1491327,0.46291238,174.94006,36.692318,1
1.0000001,3.5826204,0.4626729,161.71838,37.315765,1
1.0000005,3.651485,0.4632484,158.25735,38.46872,1
0.9999995,4.7596583,0.46306115,187.79547,37.582462,1
0.9999999,5.164792,0.46288276,196.43341,37.319927,1
0.99999994,3.640374,0.4629309,173.83972,37.27545,1
1.0000002,3.757607,0.46271914,205.29893,36.767982,1
0.9999999,3.7063675,0.46245193,158.02586,37.013847,1
1.0000004,3.6992357,0.46318904,182.70822,37.652763,1
1.0000001,3.7952867,0.46285617,157.37703,36.40186,1
0.99999976,4.0319276,0.46322328,177.54001,38.012726,1
0.9999998,4.1935425,0.4628542,145.3847,37.443493,1
1.0000001,3.881306,0.46310422,150.02142,37.63729,1
1.0,5.4188557,0.4630356,182.45407,37.98884,1
0.99999994,3.80123,0.4629915,164.17972,37.90469,1
1.0,3.7671092,0.46297938,150.02722,36.654488,1
0.99999994,3.680738,0.46322447,188.8886,37.847557,1
0.9999999,4.185163,0.4628159,216.94041,37.350903,1
0.9999998,3.9461153,0.46270964,192.20573,37.470528,1
1.0000001,3.7995844,0.4630582,159.99219,37.205437,1
1.0,3.8088467,0.46321556,167.32411,37.710217,1
0.9999999,3.9194643,0.46321857,183.62144,37.71724,1
0.99999964,4.1426835,0.46299747,171.6471,37.415546,1
0.9999999,4.04613,0.46285984,167.2683,37.964558,1
1.0000001,3.777107,0.46277222,163.16884,37.278557,1
1.0000002,3.802869,0.46337035,183.38925,37.83735,1
1.0,3.708432,0.46292958,161.8406,37.803314,1
0.99999994,3.9058585,0.46290115,166.42023,37.884014,1
0.99999994,4.695492,0.4629892,164.40071,36.98503,1
1.0000005,3.5735588,0.46303785,195.18216,38.168774,1
0.9999999,3.753976,0.4629803,153.57239,37.59316,1
1.0000004,4.8388686,0.46293533,171.00238,37.663914,1
0.9999999,3.8389118,0.46318203,164.99452,37.448383,1
1.0000002,4.3142147,0.4629767,134.52379,38.028465,1
0.99999976,4.033006,0.4626588,173.76236,37.722557,1
0.99999976,3.6590168,0.463078,140.27658,37.505436,1
0.9999999,4.159556,0.4629535,217.32632,37.0035,1
0.99999994,3.8189301,0.4630457,187.22545,36.94113,1
0.99999976,4.1619864,0.46329412,213.3281,37.331406,1
1.0000002,4.3616977,0.4631152,141.7391,37.660034,1
0.99999964,4.132658,0.46305212,185.69756,37.040386,1
1.0000001,3.7782462,0.46270603,172.935,37.811855,1
1.0000004,4.35392,0.4632391,177.76021,37.852474,1
0.99999994,4.0970383,0.46346715,187.76987,37.49425,1
1.0000002,4.0966067,0.46378908,228.55896,37.675575,1
1.0000001,3.8754013,0.46319947,160.15431,37.451736,1
0.99999994,3.9531662,0.463853,177.08153,36.981018,1
1.0000001,3.6500616,0.46307254,145.6402,37.461647,1
1.0,3.9266407,0.4635959,164.17503,36.809307,1
1.0000001,3.6934264,0.46357137,194.88301,37.279243,1
0.9999998,3.5962098,0.46380705,194.58217,37.596466,1
0.9999998,4.1678843,0.4641791,158.82018,37.59195,1
0.99999976,3.758643,0.4640273,190.66843,36.77465,1
1.0000004,3.6851609,0.46318275,189.98076,38.58327,1
1.0000001,3.6768963,0.46339127,184.9229,37.326893,1
0.99999994,3.8552456,0.46293592,173.79166,36.91993,1
0.9999999,3.891529,0.46289745,190.07387,36.565575,1
0.9999999,3.6495297,0.46361193,161.88521,37.389202,1
0.9999998,3.8742115,0.4629163,182.49382,37.777767,1
0.9999996,3.6990247,0.4639375,195.96649,37.0346,1
1.0000004,3.9138114,0.46350786,247.53998,37.818195,1
1.0,3.7017305,0.46333912,151.63968,37.594414,1
0.99999994,3.6285677,0.46346503,189.7823,37.572556,1
1.0,4.194755,0.46379966,235.98698,36.769722,1
0.99999964,4.10122,0.4632744,182.387,37.20709,1
0.9999999,3.7752295,0.46339726,222.45464,37.386517,1
1.0000004,3.9334006,0.46350524,198.71272,37.72628,1
0.9999996,3.5694165,0.46277446,149.8499,37.383278,1
1.0000004,3.8581846,0.46317467,163.71265,37.21887,1
0.99999994,3.6159186,0.46327567,178.62642,37.054134,1
0.9999999,4.159871,0.46300226,175.70937,38.11649,1
1.0000002,3.738676,0.4627677,191.38817,37.77858,1
0.99999994,3.6553583,0.46311975,196.9793,37.410496,1
1.0000005,3.9854155,0.46339658,171.63803,36.658047,1
1.0000002,3.6422307,0.46361747,183.37926,38.086437,1
0.99999976,3.5646634,0.4635611,175.66496,37.00886,1
1.0000002,4.168607,0.4634485,186.88277,37.4987,1
1.0000001,3.8645976,0.463427,182.20589,37.426746,1
0.99999976,4.1013837,0.46372604,145.8219,36.76067,1
0.99999976,5.319755,0.46367094,157.69365,37.065357,1
0.99999976,3.9256861,0.4635749,165.68224,37.581703,1
1.0000002,3.7340455,0.46362564,170.75594,38.304943,1
0.9999998,3.9528394,0.46330422,167.71606,37.448757,1
1.0000002,3.7368026,0.4636127,153.87424,37.501183,1
1.0000002,3.5951264,0.46311635,159.28728,37.90355,1
0.9999999,4.042068,0.4632989,191.96101,36.76694,1
0.99999994,3.6380296,0.46329722,198.24057,36.834846,1
0.9999996,3.8731642,0.46341175,167.20178,37.378735,1
0.9999999,3.6782308,0.46333867,212.10822,38.52598,1
0.99999994,3.7611902,0.46320418,155.34294,37.018684,1
0.99999994,3.703417,0.46363235,181.65117,37.567375,1
1.0000002,4.321358,0.4635061,181.32535,37.731762,1
1.0000001,3.974923,0.46376187,205.65605,37.32079,1
0.9999999,3.8586013,0.4636399,207.51077,36.87566,1
0.99999994,3.8865383,0.46323,165.23123,37.605602,1
0.9999998,3.6197815,0.46295404,191.29132,37.869938,1
0.9999998,3.8546968,0.46334848,193.42006,37.617706,1
1.0000001,4.946207,0.46323633,143.96336,38.57308,1
1.0000001,3.6418433,0.46324354,180.19328,38.08271,1
1.0000001,3.989867,0.46291733,154.98506,36.844162,1
1.0000001,4.0961747,0.46396512,185.22218,36.53596,1
0.9999999,4.3345037,0.46394923,172.58397,37.016197,1
1.0000001,3.9487653,0.46329305,220.73296,37.838688,1
0.99999976,3.9180427,0.46395433,185.72714,38.324055,1
0.99999976,3.6690357,0.46318454,170.1814,37.9235,1
0.9999996,3.7599015,0.4637565,187.51402,36.3877,1
1.0000001,3.8373787,0.46345988,165.95895,36.91729,1
0.99999946,3.9099536,0.46295595,198.65445,36.953224,1
0.9999998,3.6679642,0.4636905,162.70625,37.146473,1
0.9999999,3.7133846,0.4632967,164.00471,36.964535,1
1.0000001,4.166414,0.4640847,153.49017,37.797913,1
0.9999995,4.325921,0.4637655,151.3452,38.0799,1
0.99999994,3.7883823,0.46391442,206.02573,38.566563,1
1.0000005,3.865424,0.46312436,168.4859,37.646053,1
0.99999994,3.6409564,0.46342826,186.47148,38.366035,1
1.0000001,4.187721,0.46380404,185.95174,37.765278,1
1.0000001,4.690369,0.46374837,191.33908,37.24984,1
0.99999994,4.083488,0.46331123,164.73175,37.15154,1
0.9999999,3.6974561,0.4632431,179.33849,37.114136,1
1.0000001,3.6508548,0.46327728,163.25117,37.01205,1
0.9999998,3.7928772,0.46341744,217.52982,38.21579,1
1.0000001,3.8422124,0.4634619,247.57837,37.284496,1
1.0000004,3.7829928,0.464031,173.87968,36.42552,1
1.0000002,3.7196,0.46346143,171.44995,37.44749,1
1.0000004,3.9443476,0.4638113,198.75421,36.871956,1
0.9999998,3.9088216,0.4636878,178.28902,37.139954,1
1.0000002,4.198261,0.46332645,162.69273,37.288017,1
1.0000001,3.7062955,0.46329474,159.02153,37.731125,1
1.0,3.6726239,0.46342131,180.36888,37.748543,1
0.9999998,3.9845526,0.46374592,156.64833,37.277008,1
1.0000004,3.698014,0.4637435,159.30376,37.977642,1
0.9999998,4.0631495,0.46344167,153.8905,37.40308,1
1.0,4.0297318,0.46348223,192.69624,36.995922,1
1.0000004,3.8984313,0.46372834,143.20471,36.592552,1
1.0000002,3.957754,0.46385476,155.20009,37.795776,1
1.0000002,4.0849547,0.46343055,170.85645,37.560055,1
1.0000001,3.9030712,0.46302888,157.63622,37.360195,1
1.0000002,4.160279,0.4634762,210.75114,37.741905,1
1.0000001,3.865118,0.46326655,205.04817,37.830757,1
1.0000001,3.9596252,0.4632491,141.96965,36.917706,1
1.0000001,4.0014772,0.46361622,178.42432,37.5562,1
1.0,3.7984598,0.46373722,205.33426,37.705605,1
0.9999999,3.7304225,0.46349055,178.72113,37.18474,1
1.0000004,3.8133264,0.46338186,170.42792,36.189087,1
1.0000002,4.3657002,0.46344098,171.1577,37.224987,1
0.99999946,3.8241844,0.46390215,133.66711,36.9442,1
0.9999998,3.6297472,0.4632391,164.74623,38.084393,1
0.9999999,3.793294,0.46364823,165.12694,37.519833,1
0.9999999,3.716214,0.4637755,156.09436,37.236786,1
1.0000004,4.0518456,0.46355122,167.31386,36.785435,1
1.0000001,3.6988544,0.46317205,148.75148,37.185127,1
0.99999994,3.8915493,0.46368268,178.2176,37.936806,1
0.9999997,4.143531,0.4638384,154.23154,38.219227,1
0.9999999,3.6820357,0.46339294,154.05312,37.405838,1
0.9999998,3.6868572,0.46372047,187.66699,37.176983,1
1.0,3.7463295,0.4637841,201.9196,36.948208,1
0.99999994,3.8334806,0.46327737,164.42212,38.147755,1
1.0000001,3.7198436,0.4638233,184.0864,37.704605,1
1.0000004,4.123234,0.4637558,190.07622,37.178043,1
0.9999998,7.5786977,0.46380973,141.586,37.576736,1
0.99999964,3.8930988,0.46401152,174.88753,38.06788,1
0.9999999,3.7555504,0.4635981,166.47067,37.23073,1
1.0000005,3.9917095,0.46374628,148.01782,37.547607,1
0.99999976,4.2274017,0.4634472,174.63864,37.905987,1
1.0,3.8371835,0.4629627,185.96065,36.482784,1
1.0000006,3.8789241,0.46354154,144.43706,37.13832,1
1.0000002,3.7569034,0.46365285,182.76129,38.06243,1
1.0000002,3.6655636,0.46363693,195.28467,38.688576,1
0.9999997,6.2702646,0.4629155,138.39241,37.231857,1
0.99999994,4.403871,0.46372232,191.34273,36.990437,1
0.9999994,3.6988795,0.46387452,170.89514,37.141445,1
1.0000002,4.084025,0.4628681,172.89986,37.195015,1
1.0000001,3.9989073,0.46367323,149.37994,36.42851,1
1.0000004,4.088796,0.4638122,174.68974,37.48307,1
1.0,4.425216,0.46291667,145.73125,36.775867,1
0.9999999,3.7945294,0.46314016,156.71063,37.495728,1
1.0000001,3.7151852,0.4634782,159.21556,36.57155,1
1.0000002,3.6450045,0.463467,171.62582,37.871487,1
0.9999998,3.8755262,0.46375713,164.34769,37.442272,1
0.9999999,3.6371593,0.46299854,160.71259,36.525684,1
1.0000001,3.7774794,0.46319416,259.34082,37.665405,1
0.99999976,3.8552797,0.46335658,193.05183,37.078423,1
1.0,3.9703233,0.46330905,194.08432,38.603687,1
1.0000002,3.8541214,0.46357688,150.69606,37.83797,1
1.0000001,3.679351,0.46412995,157.83629,37.073597,1
1.0000004,4.2249594,0.46368012,153.0211,37.00061,1
1.0,4.0279465,0.4638155,152.43834,37.9649,1
1.0000001,3.6648571,0.46347654,151.99463,37.49933,1
0.9999999,4.1960564,0.46289378,169.25446,37.100986,1
1.0000004,3.8843727,0.4637303,158.72433,37.08408,1
1.0000004,3.9306831,0.46325898,205.65092,37.771194,1
1.0000001,3.9269352,0.46370208,198.45076,37.505863,1
0.9999998,3.8474267,0.4635521,185.04012,37.56739,1
1.0000001,4.055772,0.463115,190.83302,36.851612,1
0.9999999,4.312105,0.46330357,172.43188,37.147095,1
0.99999994,3.5516994,0.46348962,204.81396,37.75574,1
1.0000002,4.071662,0.46367782,164.90515,37.61192,1
1.0000001,4.123194,0.463486,147.59216,37.64073,1
1.0000004,3.7484627,0.46414557,149.13551,36.623745,1
1.0,3.8021328,0.4633414,205.83421,36.525368,1
0.99999976,3.9262052,0.46341532,156.85503,37.40343,1
1.0,3.8907726,0.46351284,185.61127,36.7558,1
1.0,3.7594564,0.46350724,169.96375,36.77402,1
1.0000001,5.0597816,0.46318376,189.88396,37.36299,1
0.9999998,4.284932,0.4639153,178.33437,37.05203,1
1.0000002,3.608409,0.46384317,166.4529,37.389236,1
1.0000007,3.8695726,0.46390215,198.24466,36.88713,1
0.99999994,3.951066,0.46359247,137.60811,37.232056,1
0.99999994,3.7460492,0.463697,177.38493,37.67131,1
1.0000004,4.088178,0.4640944,173.40768,38.185295,1
1.0000002,3.8952901,0.46343973,155.12242,37.797314,1
0.99999917,3.7595868,0.46296662,158.63887,38.436405,1
1.0000001,3.6101618,0.4626915,180.79034,37.578915,1
1.0,3.692168,0.46266612,136.37007,37.062344,1
0.9999999,3.7680733,0.46414024,152.32587,36.762882,1
1.0000004,3.9873738,0.46343356,144.67625,36.6055,1
0.9999999,4.814164,0.46318558,170.93002,38.610874,1
0.9999996,3.6552572,0.4640785,185.35716,37.446316,1
1.0000002,3.7917058,0.46324858,141.2522,36.644745,1
0.99999994,3.8730204,0.4635107,170.19867,37.507214,1
1.0000004,3.8571162,0.4629641,186.41353,37.33295,1
1.0,4.014873,0.46384808,172.4693,37.060394,1
1.0000002,3.845598,0.46324033,141.1792,37.580147,1
0.99999994,3.8317688,0.46279606,218.75433,37.608025,1
0.9999998,3.6212678,0.46283898,218.3591,37.009262,1
1.0000004,3.9581182,0.46328378,179.55878,37.737816,1
1.0000002,3.8501105,0.4636536,197.46846,38.144543,1
1.0000001,4.0042233,0.46370673,180.50208,36.777252,1
1.0000001,3.8478606,0.4640387,173.09427,37.421738,1
1.0,3.7871037,0.46395737,156.85948,37.92569,1
1.0,3.9094427,0.463613,196.1314,36.501797,1
0.99999994,3.845068,0.4638486,159.3508,37.33388,1
1.0,4.0298386,0.46363068,135.29951,37.871967,1
0.99999976,3.9375255,0.4634836,196.31282,36.91083,1
0.99999994,4.0639443,0.46324003,145.95638,38.30977,1
1.0000002,4.4410386,0.46367785,168.60783,37.109577,1
0.99999994,3.9967656,0.46322116,224.19829,37.462803,1
1.0000001,3.9266424,0.46335936,174.90695,37.594547,1
1.0000002,3.6192973,0.46358976,155.44121,38.1714,1
0.9999998,4.3096166,0.46350554,175.46906,37.806004,1
0.99999994,3.7451465,0.4637038,205.45259,36.939896,1
1.0,4.2979875,0.46335644,169.69402,37.56285,1
1.0000001,4.2429605,0.46338513,172.08759,37.29408,1
0.99999994,3.9644818,0.4633158,192.5231,37.31934,1
0.99999994,3.7876205,0.4639422,160.50386,36.75885,1
0.99999976,3.6898024,0.46339312,163.61572,37.122433,1
1.0000002,3.9395764,0.46351823,170.32393,37.30458,1
0.99999994,4.3681703,0.46392244,143.89575,37.591537,1
0.99999976,3.6623194,0.46332124,167.94923,37.72868,1
0.99999994,5.027213,0.4631089,205.22728,37.50356,1
0.9999998,3.9185696,0.46345443,183.44412,36.84275,1
0.9999998,4.1575313,0.4631238,167.25658,37.780045,1
1.0,3.7585151,0.46338388,166.13869,36.913387,1
1.0000001,3.7092083,0.46373725,168.20694,37.408913,1
0.99999994,4.195449,0.4635701,153.39328,38.1487,1
0.9999998,3.7565,0.4635479,182.99568,37.980957,1
0.9999998,4.013466,0.46356994,195.35445,37.70759,1
1.0000002,3.8696947,0.46359137,161.87997,36.84811,1
0.99999976,3.9500384,0.46354836,186.05124,37.0297,1
0.99999994,4.129946,0.46328232,225.60677,37.252605,1
1.0000001,3.8185964,0.4637857,208.967,37.98871,1
1.0,3.7385523,0.46380967,166.0871,37.827793,1
1.0,4.185832,0.46376455,196.55598,37.00276,1
0.9999999,3.7268536,0.4633213,145.16905,38.19737,1
0.99999994,3.8867543,0.46346042,203.95364,37.47851,1
0.9999999,4.28517,0.46383104,159.9659,36.804337,1
1.0000005,3.6662197,0.46300915,174.60272,37.45153,1
1.0,3.9425688,0.46317828,145.22972,37.71541,1
1.0000004,4.1587534,0.46321976,164.31082,38.55974,1
0.9999998,3.9016762,0.46321908,193.87978,37.149532,1
0.99999994,4.3657484,0.4631857,180.23515,37.10988,1
0.99999994,3.6169648,0.46340442,165.57433,37.62905,1
1.0,3.6792002,0.46376303,171.93575,37.652378,1
1.0000004,3.8750634,0.4636467,204.33916,37.15995,1
1.0000001,4.9871287,0.4633137,162.4726,38.24018,1
1.0000004,3.8616478,0.4634962,194.43039,37.611588,1
0.9999999,3.8026974,0.46331838,171.73674,36.216232,1
1.0000002,3.8867419,0.4638985,206.66226,37.360043,1
1.0000004,3.635171,0.46365207,205.05046,36.790653,1
1.0000002,3.8584714,0.4633795,164.30019,37.72931,1
1.0,3.8982177,0.46377152,168.11656,37.796936,1
1.0000001,4.5464644,0.46344617,182.35849,37.380924,1
0.99999994,4.54007,0.4633361,149.84068,37.756245,1
0.9999995,3.7963536,0.46347246,180.27174,37.731598,1
1.0000006,4.2762623,0.46333432,140.24619,36.876205,1
1.0000005,3.6498077,0.4634889,179.68372,37.044235,1
0.9999999,3.9566371,0.46339917,169.08498,36.838963,1
1.0000002,4.443835,0.4633865,148.63339,37.07059,1
1.0000001,3.8892894,0.46389967,151.83438,36.468384,1
0.9999999,4.058156,0.4633552,157.57784,37.685097,1
1.0000004,3.9426107,0.46367893,168.46095,35.906418,1
0.99999946,3.9649951,0.46346766,153.55548,37.052925,1
0.9999995,4.121891,0.46371138,160.45273,36.40455,1
1.0000002,3.870975,0.46322757,227.19547,38.16766,1
1.0000005,3.9713466,0.4632035,161.35869,37.97468,1
1.0000005,4.0369496,0.46359754,193.58427,37.306694,1
0.9999998,4.8570347,0.46353856,169.09149,38.709736,1
1.0000001,4.147555,0.46314964,202.63614,37.295288,1
0.9999997,3.8645587,0.46353748,151.65858,37.131435,1
0.9999998,3.6643543,0.4634768,182.75769,37.541683,1
0.99999994,4.015665,0.4633148,139.03508,36.99084,1
0.99999964,3.8168895,0.4633883,176.57954,36.60766,1
0.99999994,3.6823838,0.4629153,217.418,37.278244,1
1.0000004,3.6458414,0.46318164,181.63066,36.336903,1
1.0000002,4.8251257,0.46354294,171.75282,37.70722,1
1.0000002,3.9408576,0.46318156,167.28938,37.98522,1
1.0000001,3.7478514,0.46306238,187.51291,37.263077,1
1.0000001,3.8190765,0.46369803,212.03632,37.037403,1
1.0000001,3.772351,0.46292093,191.08882,37.573467,1
0.99999964,3.8332813,0.46364543,153.7143,37.565834,1
1.0,3.7050734,0.4629864,150.06035,36.95737,1
0.99999964,3.827345,0.46376166,152.68747,37.19706,1
1.0,3.8847868,0.46320465,197.82031,37.290043,1
1.0000001,3.8645926,0.4634157,186.74652,37.142136,1
1.0,3.7993557,0.46320018,176.55724,37.735947,1
1.0000005,4.233627,0.4637089,172.76872,36.80643,1
1.0000002,3.7743678,0.46372926,199.02734,37.895157,1
0.99999964,4.4530487,0.46333542,165.36256,37.341747,1
1.0000002,4.6388783,0.46355602,165.68681,37.6827,1
0.9999995,3.79425,0.46351203,154.34131,36.58466,1
0.9999999,3.9462688,0.46333912,153.54207,38.593575,1
0.9999998,3.8096447,0.46316364,163.49992,37.35185,1
1.0000001,5.4761195,0.4633598,186.27737,36.66889,1
1.0000001,3.7261155,0.46378803,161.79863,37.15349,1
0.99999994,4.2058015,0.46355316,169.7721,37.49969,1
0.9999997,3.8488646,0.4628377,176.34413,37.232292,1
1.0000004,3.9079368,0.46295667,214.37897,37.77615,1
1.0000001,3.7315574,0.4631857,171.9035,37.602623,1
1.0,3.878535,0.46356758,146.25008,36.932705,1
0.99999964,3.8606403,0.46325994,161.92926,37.248436,1
0.99999994,4.027265,0.46316707,159.09114,36.380756,1
1.0000002,4.898715,0.46350664,162.23782,38.26205,1
1.0000001,4.3872566,0.46319506,189.05644,37.257103,1
1.0,3.765834,0.4632333,189.07353,36.954483,1
0.9999999,4.2980204,0.46359295,131.71208,37.161385,1
1.0,4.4437847,0.46367764,182.86264,37.374023,1
1.0000001,3.7958045,0.46319982,194.7824,37.811874,1
1.0000001,3.804877,0.4634449,149.3479,36.51767,1
1.0000001,3.8913147,0.46357092,156.14165,37.132103,1
1.0000001,3.9247553,0.46289355,214.55815,37.49984,1
1.0,4.1580014,0.46368313,180.05386,38.004543,1
0.9999997,3.8263128,0.46299434,194.45851,37.23761,1
1.0000001,4.242833,0.46306738,158.67455,37.285244,1
1.0000002,4.3765807,0.46390167,168.75603,37.148453,1
1.0,3.8598824,0.46379068,179.72461,37.77383,1
0.99999976,3.9478037,0.46343926,159.60942,37.28264,1
0.99999994,3.7710428,0.46398488,168.25972,37.374687,1
1.0000001,3.8917208,0.46287942,175.10222,37.534286,1
1.0,4.7490034,0.46302053,165.71326,37.99781,1
1.0000004,3.7313643,0.4631236,197.71844,37.594933,1
0.9999998,3.741883,0.46342844,153.93079,37.070923,1
1.0,3.9350154,0.4635574,165.69829,37.503647,1
0.9999999,4.1865788,0.4632942,161.72821,36.866367,1
1.0000001,4.16017,0.46288997,184.53377,38.342995,1
1.0000002,3.9639695,0.46314734,163.00697,37.798054,1
1.0000004,3.8476982,0.46295628,201.63158,37.427906,1
1.0000004,3.830712,0.4631247,171.46092,37.19023,1
0.99999994,4.352473,0.4632316,156.22508,37.960674,1
1.0000001,5.9161725,0.4633621,143.8649,37.840164,1
0.99999976,9.207872,0.46397325,167.47551,37.378723,1
0.99999976,6.2315493,0.46345118,168.42972,37.508366,1
1.0000002,9.997334,0.4639534,152.59262,37.586517,1
1.0000001,6.545057,0.46341866,159.13968,37.493668,1
1.0,3.8480694,0.46407697,184.15863,36.87703,1
0.99999994,3.7582908,0.46346208,141.8151,37.40701,1
1.0000005,3.6533194,0.46378818,151.44661,37.440567,1
1.0000004,3.7917967,0.46317887,147.08965,37.20498,1
0.9999998,3.7996812,0.46340883,163.45187,37.203476,1
0.9999997,3.7880726,0.46331656,161.00433,37.424282,1
1.0000004,5.421541,0.4636448,206.41109,37.064804,1
1.0000001,8.351089,0.46383235,141.1875,37.29956,1
0.99999976,6.205818,0.46428832,161.07869,37.854996,1
0.99999994,3.685673,0.4637218,159.63313,36.458427,1
1.0000004,3.7507563,0.46364293,171.7002,37.296715,1
1.0,7.250207,0.46384412,196.24069,37.541843,1
1.0000001,3.9621973,0.4633124,156.0421,37.326324,1
0.9999995,3.9002728,0.46290028,167.3516,36.980682,1
1.0000006,3.7645073,0.4631702,197.48119,37.737442,1
0.9999999,7.144131,0.4642238,188.61154,36.708202,1
1.0000001,3.959252,0.4638337,140.90468,36.921677,1
1.0,12.422722,0.4649907,142.18921,37.25821,1
0.99999994,11.341022,0.46553943,162.35564,37.83658,1
0.9999999,14.092153,0.4649261,146.59962,36.11439,1
0.99999994,11.299933,0.4656381,158.0267,37.478607,1
1.0000002,9.932195,0.463564,158.11128,37.80549,1
1.0000002,4.109334,0.4628779,170.67496,37.518883,1
0.9999995,3.6256208,0.46307346,131.95389,37.648376,1
0.9999999,3.9152184,0.46337956,185.12967,37.913357,1
0.9999997,4.32989,0.46330893,203.5178,37.545742,1
1.0000002,4.6763787,0.4633548,208.2188,36.919014,1
1.0000001,3.7740424,0.46369702,157.31679,37.43353,1
1.0000004,3.868398,0.46377265,147.8364,36.289303,1
1.0000004,3.6359885,0.46356994,187.77219,36.64032,1
1.0000001,4.2028685,0.46401677,176.45659,37.85723,1
1.0000004,3.9503455,0.46343082,159.56769,37.446255,1
0.9999995,3.661773,0.46307442,155.63976,37.48802,1
0.9999998,3.6512985,0.4630838,153.31996,37.866848,1
0.9999997,4.172347,0.4632986,165.1549,37.290924,1
0.99999994,3.7602305,0.46263933,151.22098,37.691895,1
0.9999999,3.5868914,0.46284238,205.20961,37.7904,1
0.9999997,3.5499034,0.4632166,143.10156,37.182487,1
0.9999999,4.0176554,0.46336284,146.33229,36.934937,1
0.99999994,3.813981,0.46296316,160.89592,37.13981,1
1.0000004,3.5968258,0.4632137,215.4095,37.539722,1
0.9999998,3.8111446,0.4627127,206.22707,37.11391,1
0.9999996,3.891826,0.4635578,181.45639,38.093754,1
0.99999994,3.727394,0.46261907,173.55266,37.97941,1
1.0000004,4.6244545,0.46317154,158.23042,36.955956,1
1.0000002,4.3815284,0.46282038,155.30707,36.937477,1
0.9999998,6.227946,0.46355295,169.71245,37.832386,1
1.0000004,4.3426857,0.46284097,180.28436,36.968758,1
0.9999997,10.516307,0.46323523,170.3283,37.856865,1
1.0000004,9.854787,0.4644016,156.85074,37.224964,1
0.9999998,12.564655,0.46359858,156.44003,36.79901,1
1.0000001,4.3528595,0.4636733,191.11807,37.375565,1
1.0000001,3.8602104,0.4634617,173.8428,38.419163,1
1.0000002,4.3170342,0.46352732,181.57085,37.700027,1
1.0000005,3.566033,0.46360442,178.84795,37.36004,1
0.9999997,3.9202387,0.4629926,147.87012,36.979702,1
0.9999999,3.6388485,0.4634022,179.69829,37.679844,1
1.0000005,4.3968754,0.46360376,145.77457,37.565956,1
1.0000004,4.270674,0.4633019,149.65692,37.860023,1
0.99999964,3.9885807,0.46348178,156.87721,38.36553,1
0.99999994,4.090294,0.46406764,167.40631,38.237392,1
0.9999999,4.247911,0.46318498,138.8154,37.936287,1
0.9999998,3.925484,0.46345282,164.88841,37.19917,1
0.9999997,4.2163997,0.46341792,157.44672,37.67385,1
1.0000001,3.808067,0.46349248,173.0828,37.401672,1
1.0,8.097756,0.4636141,191.0622,37.980667,1
1.0000001,4.1602044,0.46334502,155.91559,37.07152,1
1.0000002,4.0228524,0.4629093,174.99649,36.478153,1
1.0000002,3.8864,0.46360943,187.09232,37.48694,1
1.0000001,3.9135964,0.46353868,156.06331,36.996338,1
0.9999998,3.8749065,0.4632891,192.92575,36.98304,1
0.99999994,4.3579063,0.46341112,150.0867,37.335888,1
0.99999994,3.9827332,0.46299672,171.84065,36.84485,1
1.0000004,3.7555165,0.4629743,149.3893,36.799862,1
1.0000004,4.6813836,0.463526,163.89824,37.40359,1
0.9999998,3.6886992,0.46276012,156.266,37.172386,1
0.9999998,3.5921676,0.46232253,205.11778,37.929398,1
0.9999999,3.7603846,0.46311894,154.31053,38.02305,1
1.0000001,3.6387696,0.46305817,184.44038,37.658127,1
0.99999964,3.9958773,0.46334127,154.92068,37.29745,1
1.0000001,3.9008653,0.46304426,181.85869,37.718433,1
1.0000001,3.7784085,0.46337488,194.17526,37.11069,1
1.0000001,3.8061264,0.46280795,155.01566,37.37397,1
1.0000004,8.015329,0.46350512,160.44185,37.09456,1
1.0,3.9109209,0.4634648,183.88951,37.51851,1
0.99999964,3.942049,0.4637853,202.83531,37.3831,1
1.0000002,4.0149956,0.4637945,166.80894,38.275684,1
0.99999964,4.0768895,0.46399269,139.9287,37.24036,1
0.99999994,3.8621418,0.4631666,164.9435,37.563583,1
0.9999999,3.7927315,0.4635331,135.59277,38.271374,1
1.0000001,4.238341,0.46380484,138.98311,37.228718,1
1.0000002,3.9992692,0.46388566,175.04274,36.94627,1
0.99999994,7.822895,0.46413136,171.69807,36.77407,1
0.99999946,5.5536427,0.46369046,162.3786,37.368744,1
0.99999976,3.768445,0.46320614,163.44621,37.668556,1
1.0000002,4.05149,0.4636241,158.65358,37.545403,1
1.0000001,3.66425,0.46355817,164.0933,37.68485,1
0.9999999,4.0939193,0.46357274,151.60817,37.074944,1
0.9999997,3.8120058,0.46342698,171.68472,37.089973,1
1.0000004,4.2247424,0.46378383,142.55467,37.196716,1
1.0000002,3.9504566,0.46384427,185.96968,37.3018,1
0.99999964,3.95136,0.46343037,159.63524,36.788445,1
0.99999994,3.8672009,0.4638054,172.13121,36.702232,1
1.0000004,3.835289,0.46355376,170.2573,37.39029,1
1.0,5.0491896,0.4636003,159.7069,36.97091,1
0.99999994,3.9835892,0.46378288,171.45505,37.4895,1
1.0000002,7.999709,0.46341962,135.29025,36.806175,1
0.9999997,4.630083,0.46298414,163.68701,37.030563,1
1.0000004,3.800063,0.46333596,145.04015,37.79969,1
0.9999997,4.2769856,0.4634256,166.71313,37.73658,1
1.0000001,4.2700796,0.4627326,143.19354,37.553593,1
1.0000004,3.8715029,0.46292642,180.94794,37.08204,1
0.99999994,3.783662,0.46278185,147.66252,36.72575,1
1.0000005,3.7913215,0.4629326,155.31267,37.834408,1
1.0000001,3.716663,0.46316683,153.73605,36.978947,1
1.0,5.09692,0.46310443,182.37917,36.987537,1
0.99999994,3.6865103,0.46283752,179.13402,37.99875,1
1.0000002,3.798691,0.46293586,174.24985,36.727104,1
1.0,4.0598254,0.46310472,179.21419,37.171337,1
1.0000001,3.672311,0.46295255,174.06673,37.45529,1
1.0000002,3.993256,0.4635231,148.56686,37.634434,1
0.9999999,5.228075,0.4628644,186.68869,37.870132,1
0.9999997,5.7960076,0.46298584,191.94537,37.458805,1
0.9999996,3.9954407,0.46338555,156.31235,36.99855,1
1.0000002,3.7979727,0.46289426,207.92938,37.567444,1
0.9999997,3.751239,0.46280783,170.8917,36.847378,1
0.99999946,4.263512,0.46333072,152.12733,37.34874,1
1.0,4.094866,0.4633668,143.94447,36.903923,1
1.0,3.758551,0.4629471,193.87428,36.408657,1
1.0000004,4.2446594,0.46307594,164.92484,37.436523,1
1.0000001,4.120459,0.46311593,191.50179,37.47147,1
1.0000002,4.1260285,0.46291763,173.05884,37.728714,1
0.99999994,3.9143958,0.46315333,183.61206,37.304787,1
0.9999999,3.589068,0.46299127,154.06717,37.48965,1
1.0000004,3.8230572,0.46302935,165.5642,37.380207,1
0.99999994,3.820826,0.46292204,195.36397,36.896275,1
1.0000004,4.158241,0.46318737,221.68153,37.581383,1
0.9999997,3.921295,0.46406668,176.02875,38.09646,1
0.99999994,3.8150904,0.46326712,178.43488,36.833042,1
1.0000004,3.9871156,0.46350634,164.66678,37.63458,1
1.0,3.7558193,0.46281695,143.86285,36.8793,1
0.9999999,4.260353,0.46301484,156.751,37.71698,1
0.9999996,3.928658,0.46301794,155.13002,37.990612,1
1.0000002,3.5900786,0.4629481,150.61946,36.81901,1
0.99999994,4.382257,0.46314216,168.30952,37.007763,1
0.9999996,4.3731537,0.4628493,173.98514,37.368084,1
1.0000001,3.5698357,0.4629765,151.59076,36.972782,1
1.0000001,3.885051,0.46325183,171.02301,36.81627,1
1.0000002,3.9558876,0.46299812,172.7843,37.40583,1
0.9999999,3.7287478,0.46300697,139.0657,37.632915,1
1.0000002,3.6905098,0.462825,195.86024,37.847336,1
0.9999999,5.3256783,0.4632609,162.2725,37.552036,1
1.0000002,4.234656,0.46291548,166.92543,37.402405,1
0.99999994,3.851964,0.46312892,151.53178,37.04683,1
0.9999999,4.033397,0.4631218,161.12671,37.37891,1
0.9999999,3.7399752,0.46299472,148.32791,37.56921,1
0.9999999,3.830781,0.46310464,189.17596,37.87974,1
0.99999994,3.9013746,0.46314865,184.0168,37.480442,1
1.0000001,3.629621,0.463017,205.55708,37.28773,1
0.9999998,4.008008,0.46328238,166.46074,37.25258,1
0.99999976,3.7957962,0.4629573,154.24498,37.901062,1
0.99999994,3.7719142,0.46305105,159.00876,37.006794,1
0.99999964,5.009579,0.46268797,139.94133,37.50157,1
1.0000006,4.2036796,0.46337894,133.53091,37.07399,1
0.9999998,3.7303536,0.4634203,192.85605,38.24387,1
1.0000002,3.7856016,0.46329954,166.46782,37.6581,1
1.0000001,3.9806788,0.4639539,154.97757,37.093964,1
0.9999999,4.691079,0.46375567,173.17917,37.17324,1
1.0000002,3.794554,0.46364227,188.75398,37.62197,1
1.0,3.7284994,0.46365032,146.76154,37.840004,1
0.9999999,3.8573089,0.46304247,195.19785,37.05347,1
0.9999995,3.5770032,0.46319127,192.82335,37.437477,1
1.0,4.016791,0.4632075,162.2096,37.746696,1
0.99999994,3.8547041,0.4637428,168.82887,37.439453,1
1.0,4.1565275,0.46390367,213.91106,37.030968,1
1.0,3.99578,0.4628049,141.88669,38.156307,1
1.0000001,3.7005813,0.4636691,152.1372,37.563587,1
1.0,3.9113574,0.46390662,151.39902,36.943436,1
1.0000002,3.8750918,0.46339762,169.6004,37.37877,1
0.99999964,3.6182148,0.46289313,149.17961,38.342693,1
0.9999999,3.997885,0.46347907,163.121,38.603962,1
1.0000006,3.8538158,0.46364737,156.24727,37.552853,1
1.0,3.812567,0.46328923,194.28442,37.22375,1
0.99999994,3.8030496,0.46391344,158.54413,38.209614,1
1.0000001,5.049071,0.46310315,163.46628,37.100063,1
1.0000005,4.9148326,0.46350345,167.21143,36.85643,1
1.0000001,3.7458174,0.46314472,160.23651,36.87329,1
1.0000001,3.759829,0.46356907,186.1235,37.27716,1
0.9999998,4.0450635,0.463739,168.30852,37.024715,1
1.0000004,3.6969159,0.46336138,155.0878,37.028076,1
1.0000001,3.6619964,0.4629221,154.51898,36.959618,1
1.0000005,3.8135858,0.4639986,162.43959,37.368366,1
0.99999994,3.8973682,0.46314564,165.86082,37.736862,1
0.99999946,3.787895,0.4633301,163.18315,36.72171,1
0.9999995,3.8824937,0.46341372,155.47237,36.647495,1
0.9999999,5.1700006,0.4634641,156.47844,37.503487,1
0.9999998,4.0273495,0.4640099,154.40604,37.00999,1
0.9999998,3.8291025,0.4630434,205.34674,37.011364,1
0.99999994,3.841418,0.46347958,155.37866,36.98761,1
1.0000002,3.9636536,0.46364948,231.82294,37.755657,1
1.0000002,3.7609704,0.46332332,193.32497,37.46913,1
0.99999976,4.9241214,0.46375704,160.49255,37.557217,1
1.0000002,3.501459,0.46363673,170.71057,38.242897,1
1.0000002,3.9067643,0.46319637,148.04022,36.663662,1
1.0000004,4.0447726,0.4632946,175.02637,36.98233,1
1.0000004,4.2650337,0.46378365,131.6402,37.072998,1
1.0000002,7.0270686,0.46301457,168.94913,37.34865,1
0.99999964,3.9081151,0.46361017,177.02129,37.206764,1
0.99999976,4.127432,0.46311113,177.63748,37.59287,1
0.99999994,3.932279,0.46316507,166.681,37.76023,1
0.9999998,3.8459818,0.46352527,169.76802,37.79234,1
1.0,3.9934602,0.46398404,198.38428,37.77672,1
0.9999999,3.797969,0.46329564,174.20917,37.581085,1
1.0000004,3.7286997,0.4635968,157.73514,36.70063,1
1.0000002,4.09391,0.46382046,172.8818,38.04725,1
0.9999997,3.6938906,0.46314698,188.9486,36.98478,1
0.9999999,4.0181775,0.46366987,184.12068,37.000603,1
1.0000007,4.08322,0.46329415,144.27531,37.80187,1
1.0000002,4.967128,0.46377772,159.71846,37.52134,1
1.0000002,3.999023,0.46327165,169.97684,37.0887,1
0.99999976,4.210779,0.46315062,161.66637,37.845215,1
1.0000005,3.798926,0.46318826,154.27171,36.749687,1
1.0000002,3.781401,0.46312916,168.18524,37.142807,1
1.0,3.8873196,0.46363372,135.6759,36.508785,1
0.9999997,3.985251,0.46301082,183.16971,37.165043,1
1.0,4.0315833,0.46336138,165.3236,37.409286,1
0.99999994,3.6799695,0.46284026,162.061,37.353077,1
0.9999998,4.2289577,0.46305084,155.28528,37.56311,1
0.9999998,3.7350657,0.46303543,163.73045,37.955544,1
0.99999976,3.920918,0.46367157,150.58026,37.105167,1
1.0000001,3.708578,0.46368426,135.05151,37.43917,1
1.0000001,4.4006095,0.46320552,150.85776,38.01645,1
0.9999998,3.8252602,0.4633552,160.28412,37.076862,1
1.0000002,4.244834,0.46364865,162.99512,37.131214,1
1.0000006,3.810586,0.4636283,195.67836,38.4459,1
0.9999998,3.752691,0.4629166,150.885,37.471054,1
0.9999996,4.6577415,0.46328223,175.91727,36.959995,1
0.99999976,3.651456,0.4635467,149.74977,37.10113,1
0.9999999,3.6647058,0.46370012,157.46355,37.518745,1
0.99999946,5.79354,0.46335644,185.60448,37.018253,1
1.0,3.9787185,0.4630179,158.95412,36.720272,1
1.0000002,3.844133,0.46309048,142.4624,37.28739,1
0.9999995,3.9012258,0.46319702,200.91832,38.103172,1
0.9999999,3.5869882,0.46371153,159.83836,37.693844,1
1.0000001,4.188678,0.46382666,143.22285,37.491123,1
1.0,4.620408,0.46325335,140.88736,37.18304,1
0.9999998,3.6071959,0.46343246,155.65704,37.34571,1
0.9999997,3.9292672,0.46328285,159.28085,36.868584,1
1.0000002,3.6487575,0.46374065,150.43108,38.311127,1
1.0000002,3.5976162,0.46367887,178.15921,36.98251,1
1.0,4.2514896,0.4636592,168.8272,37.85169,1
0.9999999,4.186039,0.46353087,163.47522,38.041935,1
0.99999994,4.2906804,0.46284652,215.44617,37.3295,1
1.0000002,3.6936903,0.46315286,169.92213,37.802574,1
0.9999997,4.157081,0.46285114,154.22708,37.808655,1
0.9999998,4.120486,0.46355638,177.80298,36.930126,1
1.0000004,4.3115044,0.46356818,160.0185,37.256542,1
1.0000002,4.019258,0.46386483,197.09999,37.609764,1
0.9999997,4.428208,0.46330822,146.5116,36.197502,1
1.0000001,3.7293582,0.4636771,156.1496,37.630375,1
1.0000001,3.5728931,0.46327338,166.69211,37.58257,1
0.9999999,3.6744173,0.4636389,165.34009,36.685135,1
1.0000001,3.6795661,0.46351612,183.44968,37.77656,1
0.9999998,3.8186278,0.46328872,181.45474,36.846954,1
0.99999964,4.082794,0.46304208,191.54631,36.841965,1
1.0000001,3.9145107,0.46361655,180.08371,37.963108,1
0.99999994,3.7700787,0.46325362,149.56625,36.51333,1
1.0000001,3.609184,0.4635597,245.62292,37.579685,1
1.0000001,4.2032013,0.46349517,148.81065,36.109634,1
1.0000001,4.315892,0.4635802,173.15056,37.735428,1
0.9999997,3.7031748,0.46323687,201.10408,37.253723,1
1.0000006,3.7704675,0.4625957,169.41093,37.502487,1
0.99999994,3.822829,0.46291745,167.06404,38.530067,1
1.0,3.8441188,0.4631706,201.91733,37.40727,1
0.99999994,3.6859097,0.46313775,160.1627,36.749836,1
0.9999997,4.444035,0.46331984,136.77293,36.962746,1
1.0000002,3.9160278,0.46322408,174.17572,37.410465,1
1.0000001,3.6777506,0.46277574,199.79716,37.601475,1
1.0000004,3.9096656,0.4635196,161.36113,37.098427,1
1.0,3.9894955,0.46306837,160.1804,37.334568,1
0.99999994,4.443573,0.46327597,168.83966,37.684734,1
0.9999999,4.21869,0.4627127,166.58684,37.212605,1
1.0,3.7781546,0.4631985,181.04254,37.6214,1
1.0000002,3.7327173,0.46351242,171.4117,36.877563,1
1.0000002,4.024753,0.46316603,164.70625,37.38203,1
1.0000001,4.3446507,0.46327785,172.22076,38.067867,1
0.9999995,3.7899907,0.4633806,179.6555,37.692776,1
0.99999976,3.9671948,0.4638139,141.52904,36.913723,1
1.0000001,3.6413891,0.46348765,152.86336,36.983315,1
1.0000001,4.609862,0.46402726,164.41783,36.436214,1
0.99999994,3.8778584,0.46355265,160.32768,37.01077,1
0.9999999,3.8215241,0.46321976,213.48901,38.326595,1
0.99999994,3.9616647,0.4627733,206.972,37.656685,1
0.9999999,3.940198,0.46348888,175.07573,36.89919,1
1.0000004,4.596288,0.4635689,173.23799,37.70772,1
1.0000002,3.973817,0.4637981,193.7958,37.532696,1
0.99999964,4.0579185,0.4631671,167.75848,37.836178,1
1.0,3.932096,0.46351165,162.32878,37.032852,1
1.0000001,4.1896834,0.46346384,252.29735,37.59442,1
0.9999999,4.6111083,0.4636191,161.21843,37.837894,1
0.99999994,3.8353333,0.46310866,183.21114,37.105465,1
1.0000002,4.294164,0.46358523,168.32475,37.22388,1
1.0000001,3.9954066,0.46345234,179.94966,37.26829,1
1.0000001,3.7992225,0.46339634,166.65807,37.9447,1
0.9999998,3.954303,0.46332777,189.81737,38.08027,1
1.0000001,3.989266,0.4629961,170.0849,37.09362,1
1.0000001,3.9333017,0.46326426,218.3004,37.12058,1
1.0000002,3.7815473,0.46336478,154.09177,37.38419,1
0.99999976,3.886178,0.46346602,188.67372,38.575974,1
1.0000001,3.7991467,0.4630979,204.71085,37.192738,1
0.99999964,4.187474,0.46359414,157.7298,37.223408,1
1.0,4.3385506,0.46360222,147.7507,36.84865,1
0.9999999,3.6858635,0.46318164,155.18716,37.606815,1
1.0000002,3.889214,0.46347708,147.52116,37.513954,1
0.99999994,3.9608865,0.4633142,191.24388,38.28176,1
0.9999999,3.5702713,0.46326908,160.5884,37.356087,1
1.0,4.6928787,0.4632208,161.26501,37.074734,1
1.0000001,4.83706,0.46374166,152.21718,37.256905,1
1.0000001,3.8648083,0.46392524,156.73712,36.877804,1
0.9999998,3.7269707,0.46291676,191.47223,37.031815,1
0.9999996,4.027174,0.46297905,201.14023,37.378815,1
1.0000004,4.000772,0.4626901,142.9183,36.42721,1
1.0000001,4.559533,0.46283644,190.76053,36.927822,1
0.9999999,3.5799303,0.46338084,193.19275,36.917377,1
1.0000001,3.694346,0.4630227,165.24246,37.28815,1
0.99999976,3.815412,0.4632865,154.08403,37.791073,1
0.9999999,3.749859,0.46402353,185.10017,38.344963,1
1.0000001,3.6827254,0.46381858,184.33482,37.297543,1
0.9999999,4.4518843,0.46348065,189.87268,37.428898,1
0.9999997,4.7157063,0.46308976,190.65627,38.686626,1
0.99999994,4.271648,0.4631641,167.57611,37.632618,1
1.0000001,4.081098,0.46351486,154.859,37.820347,1
1.0000004,4.3669705,0.46283147,142.66934,37.186012,1
1.0000004,3.5958927,0.46296746,250.23445,37.21564,1
1.0000001,4.22693,0.46335623,155.41814,37.564842,1
0.9999996,4.761139,0.46303678,154.44499,36.808716,1
0.99999976,4.1353,0.4637396,186.72464,37.52048,1
1.0000005,4.8611317,0.4628494,161.90329,37.19661,1
1.0000001,3.851025,0.4632551,165.62386,37.622986,1
0.9999995,4.030336,0.46429035,156.04118,37.695587,1
1.0,4.1498847,0.46390238,149.18196,36.942307,1
1.0000001,4.5800924,0.4634362,158.41933,37.73009,1
1.0000004,3.761885,0.46385273,172.6977,38.56372,1
0.99999994,3.678928,0.4634731,135.35634,37.273083,1
1.0000001,3.8476064,0.46350235,182.48096,37.191017,1
1.0000001,3.832101,0.46421114,184.7607,36.87901,1
1.0000005,3.8402848,0.46353132,208.03197,37.902626,1
0.9999998,3.720703,0.46310186,182.10197,36.930813,1
1.0000002,3.862226,0.46281028,136.163,36.925114,1
0.9999999,3.8112671,0.4632224,205.89896,37.039616,1
1.0000001,3.6591516,0.4628335,209.15785,37.18434,1
1.0,3.998757,0.46385515,153.53581,38.834255,1
1.0000001,3.757197,0.4631641,161.68352,37.22207,1
1.0000001,3.5229785,0.46343666,158.1592,37.095093,1
1.0000002,3.8092072,0.46418762,183.13814,37.734238,1
0.99999964,3.9531283,0.46339583,159.72424,37.550056,1
1.0000001,4.141773,0.46353012,204.6597,37.992588,1
0.99999976,3.6305034,0.46346158,164.57866,37.0933,1
1.0000001,3.6647122,0.46384588,158.0364,37.62611,1
0.9999998,3.5643144,0.46368933,150.20505,37.036602,1
1.0000002,3.6838157,0.46317253,145.11969,36.847385,1
0.99999994,4.7596555,0.4637025,153.9837,36.953976,1
0.9999999,3.6888776,0.46372873,164.58894,37.40231,1
1.0000002,3.8074548,0.46329752,191.49487,37.80744,1
0.99999976,3.9674351,0.46409813,191.60289,37.694836,1
1.0000001,3.7110317,0.46289027,181.82657,37.84766,1
0.9999995,3.832264,0.4639455,212.07794,36.791393,1
1.0000002,4.3491063,0.4634236,150.72249,37.352413,1
0.9999998,4.5604486,0.4636624,184.94844,37.826164,1
1.0000002,4.0030584,0.46346912,163.25546,36.972874,1
1.0000001,3.9911718,0.46348324,161.8737,38.270924,1
0.9999998,3.795505,0.4635951,156.19348,37.062035,1
0.99999976,3.937506,0.46367458,165.15227,37.282307,1
1.0000002,3.8438528,0.46350658,165.20836,38.4764,1
0.9999999,4.246105,0.46320796,162.1061,37.778824,1
0.9999998,3.5219219,0.46294147,147.82043,37.753433,1
0.99999994,3.793641,0.46353623,184.63164,37.814053,1
1.0000001,3.9993339,0.46313816,158.09465,37.29605,1
1.0,4.7514462,0.4636307,191.37166,37.10665,1
0.9999996,3.5074835,0.4634892,239.61424,37.953785,1
0.9999999,4.2264013,0.4634753,160.75743,37.510296,1
0.9999999,3.9032683,0.46373683,197.35226,36.824814,1
1.0000004,4.1780534,0.46333292,171.77998,37.463543,1
1.0000001,3.9818673,0.46345678,218.96143,37.80737,1
0.9999999,3.974444,0.463584,134.80417,36.686115,1
1.0000002,4.1030445,0.46325928,154.89265,36.958637,1
1.0000004,3.8681347,0.4634378,155.69022,37.05652,1
1.0,4.002159,0.46322843,159.26978,38.081726,1
1.0,5.509833,0.4633157,140.6557,36.840824,1
1.0000002,3.7730043,0.46318176,211.6234,37.794086,1
1.0,3.8176663,0.4633126,144.00345,37.875633,1
1.0,3.7517798,0.46283722,159.13094,38.07311,1
1.0000001,3.7317421,0.46278468,196.16339,37.698063,1
1.0000002,3.8920565,0.46340406,198.9889,37.38328,1
0.99999976,5.261823,0.46362522,169.64844,37.690376,1
0.99999976,4.364668,0.46345606,161.77881,36.6109,1
1.0,4.1565347,0.46328205,195.61322,37.59752,1
1.0000004,4.4487486,0.46321392,166.65442,37.18903,1
1.0000001,3.9974635,0.4636593,163.4647,37.55283,1
1.0,3.7861722,0.46356034,162.12065,37.019672,1
1.0000002,3.6786659,0.4635789,163.50497,37.993633,1
1.0000002,3.9332664,0.46366897,149.46231,37.46345,1
1.0000005,3.7242408,0.4640378,156.99207,37.269444,1
1.0,3.849654,0.46351725,209.25893,37.87494,1
0.99999994,3.6994011,0.46292594,203.92987,37.880695,1
1.0000001,4.906777,0.46341643,191.79271,37.15988,1
1.0000002,4.3014426,0.46422207,162.92068,37.611282,1
1.0000002,3.670257,0.463662,167.01079,37.523846,1
0.9999997,3.923826,0.4630856,198.9293,37.003933,1
0.9999999,3.7733657,0.46349886,174.71448,37.383583,1
0.99999994,3.9557788,0.46358252,164.95439,37.898518,1
0.9999999,3.6727607,0.46365875,180.02,36.835114,1
1.0000004,3.8387027,0.4635733,188.17168,37.80525,1
1.0000001,3.8015964,0.46368814,161.30257,37.324924,1
1.0000004,4.0658607,0.46335822,186.32088,38.28222,1
1.0000005,4.745881,0.46331868,161.16759,36.66225,1
1.0000002,3.8707929,0.46364114,171.34467,37.83115,1
0.99999976,3.7596734,0.46337453,177.42357,36.696735,1
0.99999994,3.7288988,0.46338078,155.46391,38.233475,1
0.9999999,4.20512,0.46376872,136.3229,36.701996,1
1.0000004,4.0374227,0.4640812,166.79063,38.008198,1
0.9999999,3.9971595,0.46387735,159.39175,36.871796,1
0.9999998,3.9686077,0.46382174,141.5071,36.634624,1
0.9999997,3.6496303,0.46344566,181.71973,37.64976,1
1.0000002,4.870374,0.46355155,179.24135,38.033756,1
1.0,4.0678744,0.46275547,158.96727,37.716213,1
0.99999964,3.9567928,0.4633635,183.67982,37.866894,1
1.0000001,3.6663082,0.46305093,161.84796,37.517475,1
1.0000002,4.07145,0.4634331,187.38467,37.41541,1
0.9999999,3.778738,0.46294922,196.1128,37.247932,1
0.9999996,3.7590697,0.46321544,162.96829,37.419807,1
1.0,3.6392298,0.4627262,194.40965,37.459324,1
1.0000005,3.8477824,0.46319887,176.75917,37.72475,1
1.0000001,3.7277389,0.46282148,169.24312,37.509903,1
0.99999976,4.1635447,0.462835,153.29677,37.38778,1
0.9999999,4.0385284,0.46323448,198.94371,37.484917,1
1.0,3.5974724,0.46369487,148.15607,37.640427,1
0.9999998,4.363813,0.4634029,150.80063,36.995083,1
1.0000001,3.6742637,0.4632103,163.38004,37.133965,1
0.9999996,3.780541,0.4629399,149.03345,37.727627,1
0.99999994,3.8315718,0.46282887,174.49744,37.849293,1
1.0000001,3.6190305,0.46351278,186.66154,36.81442,1
1.0000002,3.7417252,0.46307763,180.45291,38.205406,1
1.0,3.613959,0.46284235,158.51004,37.35453,1
1.0000001,3.8807328,0.46273065,242.04695,37.73812,1
1.0000001,3.744608,0.46257198,169.89009,36.99252,1
0.99999976,4.2552443,0.46336573,165.74692,38.12158,1
1.0000002,3.8692458,0.46366188,153.73433,36.800903,1
1.0000002,4.091934,0.46391296,182.07773,38.019108,1
1.0,4.586055,0.4639561,169.38364,37.178776,1
0.99999976,3.879758,0.4635381,187.03407,36.92489,1
1.0000001,3.5562427,0.46265632,161.44319,36.881645,1
1.0000001,3.8440118,0.46316254,151.49847,37.521564,1
1.0000001,3.5489092,0.46255162,179.26082,36.525906,1
1.0,3.8162043,0.46340147,166.62852,37.67498,1
0.99999976,4.101188,0.46382552,143.36293,37.47392,1
0.99999994,3.5990396,0.46312308,146.94081,37.28176,1
0.9999997,3.948902,0.46354526,174.9367,37.75815,1
0.99999994,3.7910416,0.46358806,167.77983,36.85623,1
1.0000001,4.478039,0.46351716,158.5314,37.48394,1
0.99999964,3.962804,0.4633148,218.42781,37.192474,1
1.0000002,3.7905154,0.463193,146.41142,36.973194,1
1.0000001,3.7753148,0.46313807,185.7732,37.25458,1
1.0000002,3.6464372,0.46357408,133.26105,37.48568,1
0.99999994,4.447778,0.46352684,251.78381,37.40734,1
1.0000002,3.9838595,0.46319452,171.05731,37.33804,1
0.9999999,3.9163854,0.46318576,154.14796,36.702587,1
0.9999997,3.729836,0.4626872,145.85272,37.009186,1
0.99999976,3.7270296,0.46301803,167.58904,36.858505,1
1.0000001,3.7325666,0.46366766,171.95197,37.44717,1
1.0000002,3.6281428,0.46363977,147.29323,37.90927,1
1.0000002,3.739282,0.46331275,154.09587,37.42259,1
0.9999999,3.6778321,0.46339196,208.9317,37.46849,1
0.9999999,3.617764,0.46358228,193.48064,36.75,1
1.0000001,4.4921308,0.46370012,155.47531,37.60608,1
1.0000002,3.7533069,0.46287936,211.11617,37.828224,1
0.9999995,4.7196913,0.46382722,170.42792,38.28276,1
0.99999994,3.9198663,0.46335948,152.50212,37.200844,1
1.0000002,3.8443623,0.46309066,138.55711,36.981396,1
1.0000001,3.587422,0.4629628,169.95262,37.176838,1
0.9999999,3.7522807,0.46284223,178.39238,36.947613,1
0.9999999,3.8270092,0.46317443,140.04945,36.769604,1
0.9999998,3.7108233,0.4631582,163.68776,37.70861,1
1.0000002,4.013419,0.46265614,172.07547,37.491985,1
0.9999998,3.613774,0.46263763,179.96373,36.452232,1
1.0000002,4.0729914,0.46316287,165.51625,37.497467,1
1.0000004,4.5040526,0.46293697,150.1469,37.853302,1
1.0000004,4.274621,0.46354803,214.01471,37.9333,1
0.9999998,3.952691,0.4631079,205.84503,37.815945,1
1.0000002,3.778312,0.46263245,198.6947,37.18743,1
0.99999994,4.1915193,0.46365017,155.27005,37.576298,1
0.9999998,3.7603445,0.46252823,135.00307,36.449554,1
1.0000001,3.579085,0.4625629,157.10532,37.040134,1
0.9999998,3.6100907,0.4631079,155.02592,37.108616,1
1.0000002,4.7005644,0.4629175,155.0424,36.694057,1
1.0000006,4.102775,0.46312323,219.3038,37.99405,1
1.0000002,3.9437346,0.46268386,179.44485,37.423088,1
0.99999994,3.5894387,0.46285683,156.15184,37.586643,1
0.9999997,3.5719693,0.4629653,157.98428,37.084286,1
1.0000001,3.98786,0.4632738,203.20139,37.29154,1
0.99999964,3.7013226,0.4634906,180.24724,38.491543,1
0.9999999,3.868663,0.46338856,127.93996,37.39568,1
0.9999999,4.323181,0.46314296,167.46133,37.805065,1
1.0000001,4.014188,0.46385196,199.54012,37.27814,1
0.99999994,3.8247466,0.46317965,167.4238,37.810066,1
0.99999994,3.904493,0.46411908,185.96313,37.50723,1
1.0000002,4.2560005,0.46362072,157.25821,37.790985,1
0.99999964,4.165587,0.46390772,176.11826,37.084732,1
1.0000002,4.0447297,0.4634622,158.75537,37.021023,1
0.99999964,3.827797,0.46337625,174.83887,37.60203,1
0.99999964,4.195222,0.46405298,148.12486,37.663048,1
0.99999994,3.7748039,0.4630209,175.50044,38.55058,1
1.0000004,3.8265197,0.46329385,151.59868,37.777756,1
0.9999999,3.746773,0.46342853,178.84828,37.424564,1
0.99999976,3.7176087,0.46320382,134.42053,37.39155,1
0.9999996,3.6312745,0.46341357,158.83861,37.250175,1
1.0000002,3.704734,0.46341884,176.57838,37.299908,1
1.0,3.603301,0.46347207,146.7084,37.24951,1
0.9999997,3.8252308,0.46386647,176.9925,38.557117,1
1.0,3.861358,0.46350977,181.24379,37.362354,1
1.0000001,3.8349648,0.46340996,193.53674,36.936867,1
0.99999964,3.8756168,0.46360573,181.17482,38.04831,1
0.9999999,4.2772627,0.46397257,164.79437,37.98114,1
0.99999976,3.9987833,0.463361,175.4131,36.753296,1
1.0000002,4.1515346,0.46373358,185.30629,36.7254,1
1.0,4.3313193,0.46379995,160.63887,37.66999,1
0.9999998,3.9492872,0.4635468,172.62814,37.747345,1
0.9999998,3.7584922,0.4633747,164.18762,37.058617,1
1.0000002,4.055698,0.46316093,213.83655,37.45617,1
1.0000004,3.8754447,0.4632009,162.87521,37.745426,1
1.0000004,3.7660034,0.46374875,174.24939,38.365376,1
1.0000001,3.7595103,0.46351287,148.15547,37.75456,1
0.99999976,3.6483448,0.4637376,190.4684,36.729824,1
1.0000001,3.9205878,0.46337,150.31105,38.675316,1
1.0,4.283066,0.46363863,184.44441,37.625885,1
1.0000002,3.7900786,0.46350524,171.9853,36.363518,1
1.0000004,3.684779,0.46342257,202.23662,38.771267,1
1.0000002,3.7994225,0.46282005,152.72961,37.085804,1
1.0000002,3.6493819,0.4632802,174.31606,37.706913,1
0.99999946,3.835687,0.46371806,177.91039,37.941208,1
0.9999998,3.6337686,0.46300635,176.7394,37.084198,1
0.9999999,3.8890617,0.4632944,163.78687,37.658253,1
1.0000002,3.7537878,0.4631887,208.7013,38.239094,1
1.0000002,4.0720086,0.4633858,173.37968,38.029663,1
1.0000002,3.9615276,0.4636189,197.09854,38.021275,1
0.9999998,3.8916554,0.4637249,187.4006,37.78085,1
1.0000004,3.8706582,0.462842,159.75269,37.864685,1
0.9999996,4.158273,0.46340686,166.24985,37.950348,1
0.9999991,3.7646172,0.46322975,176.24855,37.196552,1
1.0000002,3.8298123,0.46309924,153.67877,37.29551,1
1.0000002,3.9589977,0.46345434,175.95483,36.858997,1
1.0000001,3.7645075,0.46361777,144.44493,37.49257,1
0.99999994,3.8568404,0.46365032,154.53001,37.31602,1
0.9999998,3.887106,0.46371573,164.78705,37.09271,1
0.99999976,3.7123594,0.4633266,178.3226,37.383587,1
0.9999998,3.8543553,0.463851,161.08446,37.43947,1
0.99999976,4.037954,0.4633121,165.69434,37.979267,1
0.99999964,3.83964,0.46396613,161.6851,37.088226,1
1.0000004,4.2752366,0.4640411,165.63948,37.939335,1
1.0000001,3.7294216,0.46301275,137.41292,37.13664,1
1.0000001,8.45743,0.46426082,160.73479,36.964294,1
1.0000002,4.1576405,0.46359104,172.8558,36.75989,1
0.99999976,3.9165564,0.4639018,137.9508,37.227818,1
1.0000002,4.730639,0.46344858,224.6371,37.894947,1
1.0000001,3.7714097,0.46305045,159.16083,36.831818,1
1.0000002,4.1866803,0.4636201,151.45839,37.22023,1
1.0000004,3.6989114,0.46353123,144.2619,36.428497,1
1.0000002,3.9260771,0.46344045,156.97356,37.873222,1
1.0000001,3.5851972,0.4631805,136.50545,37.50646,1
1.0,4.0344687,0.4628972,158.50456,36.563812,1
1.0000004,3.8944235,0.4634779,181.89131,37.12005,1
1.0000004,3.5637352,0.46331918,148.87401,36.63561,1
1.0000001,3.810228,0.46320918,168.91718,37.21917,1
0.9999999,3.4910555,0.46313995,174.37589,38.02387,1
1.0000001,3.947517,0.4636961,155.41414,38.037758,1
0.99999994,3.7732072,0.46382603,170.77322,36.938515,1
0.9999997,3.9742758,0.4637244,174.91293,38.28671,1
1.0000005,3.8173423,0.46337947,171.56526,37.811317,1
0.9999998,3.6101906,0.46340436,223.21838,37.732044,1
1.0000002,4.3771296,0.46359375,152.50893,36.68036,1
0.9999999,4.376863,0.46317586,203.98064,37.15925,1
0.99999976,3.7709746,0.46276498,147.9785,38.195515,1
1.0000004,4.051153,0.4636815,165.74078,37.253212,1
0.99999994,3.7990296,0.46314442,143.23712,38.004128,1
1.0000001,3.7841115,0.46334702,166.80408,37.547325,1
0.99999976,3.8627243,0.463302,145.94934,36.423607,1
1.0,4.0097504,0.46379572,152.84515,36.91074,1
0.9999997,3.9559572,0.46348867,157.8244,37.401646,1
0.9999999,4.7665377,0.4634425,175.16032,37.843025,1
0.99999994,10.984813,0.46410763,150.70769,36.575203,1
0.99999964,5.1275225,0.46345717,171.25238,36.62264,1
1.0000004,3.9573126,0.46335217,152.46944,36.827534,1
0.9999997,4.583027,0.46271846,169.24373,37.475216,1
1.0,3.7900598,0.46278864,176.27844,37.50222,1
1.0000002,3.9779646,0.4632435,157.24812,36.903255,1
0.9999998,3.785872,0.4633546,185.30597,37.24968,1
1.0000002,4.035482,0.46357802,137.89574,37.835148,1
0.9999999,4.395406,0.46297354,187.87059,36.979618,1
1.0,3.8706782,0.46246442,180.36627,37.521267,1
0.99999994,3.8504405,0.4627388,166.84512,37.4414,1
1.0,4.1747823,0.46305546,160.80312,37.351337,1
1.0000004,3.6832342,0.46292016,198.28622,37.648235,1
1.0000001,3.7586157,0.46333817,157.16722,37.70777,1
0.99999976,3.795565,0.46351334,182.82065,37.073742,1
1.0000002,4.5100274,0.46285287,165.92023,37.401833,1
1.0000002,3.538342,0.4630735,168.54788,37.898594,1
1.0000005,4.0433807,0.46295315,188.84322,37.610695,1
0.9999999,3.750578,0.46302304,178.8841,37.388268,1
1.0000001,3.490075,0.4626705,184.7915,38.119335,1
0.9999997,7.0767794,0.4627883,173.80779,37.426407,1
0.99999976,3.7767932,0.4632361,152.23439,37.596535,1
0.99999994,4.221662,0.46305484,154.17432,36.84166,1
0.9999997,3.8167067,0.463149,161.40813,37.887337,1
1.0000002,3.5036345,0.4630818,151.37157,38.03106,1
1.0,3.821957,0.46304664,183.77727,37.189346,1
1.0000002,4.1760845,0.46311495,210.54451,37.03196,1
1.0,4.25428,0.46282393,170.12288,37.51599,1
0.9999999,3.7427037,0.4636401,163.91695,37.365585,1
1.0000005,5.101633,0.46315035,175.75598,37.832172,1
0.9999999,14.624577,0.46334508,197.62259,37.338753,1
0.99999994,4.9758677,0.46316636,172.44296,37.611904,1
0.99999976,4.834173,0.46267307,154.88846,37.33971,1
0.99999976,12.072602,0.46476677,151.62263,37.38044,1
0.99999976,8.447166,0.46369094,155.78455,39.219963,1
0.9999998,3.6170778,0.46299025,162.37718,37.099796,1
1.0000002,4.0583854,0.46341354,160.54565,37.279778,1
1.0000001,10.141167,0.463366,143.93614,36.385983,1
0.9999998,3.906273,0.4629641,161.30583,37.30551,1
1.0000001,10.909648,0.46411532,182.05078,37.502,1
0.9999999,4.6559114,0.4633638,153.33755,36.505665,1
1.0000001,5.4825196,0.46403694,170.91414,37.91618,1
1.0,3.9657419,0.46388742,163.92647,37.15419,1
0.9999996,10.724744,0.46555594,136.4548,37.02751,1
0.9999997,5.6192036,0.46300617,186.91553,38.47156,1
1.0000001,10.073156,0.46458834,187.93083,36.862904,1
0.9999992,13.053834,0.4643541,157.03609,37.86716,1
1.0000002,3.9713762,0.4637803,189.0632,37.34173,1
0.9999996,6.4179864,0.463888,201.70233,37.877377,1
0.99999976,4.8187857,0.46361274,193.5201,37.217075,1
0.99999994,4.0641623,0.4633592,141.5058,37.623825,1
0.9999998,15.365535,0.46731865,166.12317,37.502445,1
1.0000002,4.0490813,0.46361881,158.29555,37.41039,1
0.99999976,3.653776,0.46364716,176.66048,37.17253,1
1.0000001,3.83451,0.4631958,175.18906,38.15613,1
0.99999976,3.6541896,0.46390378,204.6172,37.209118,1
1.0000002,8.773389,0.4637032,165.66759,37.380688,1
1.0,4.111725,0.46379128,172.15903,36.792427,1
1.0000001,4.1434674,0.4636986,154.15437,37.625023,1
1.0000006,4.733757,0.46372274,151.36267,37.812405,1
0.99999994,3.8363278,0.4637926,153.85103,38.268337,1
0.9999999,3.8271694,0.46378404,206.10046,37.289097,1
1.0000002,10.103706,0.46427017,150.6254,38.706573,1
1.0000002,3.6837165,0.4631425,165.70045,36.715958,1
1.0000002,4.2767735,0.4633754,163.13857,37.54525,1
1.0000002,6.114584,0.4634975,163.96861,38.314476,1
1.0000001,4.0413275,0.4635919,259.92108,37.760677,1
1.0000001,4.079926,0.4637371,161.65865,37.00753,1
1.0000001,3.8619213,0.46355787,154.6636,36.907635,1
0.9999999,7.8086214,0.46340334,165.80096,36.838535,1
1.0000001,3.853651,0.46342114,197.97365,36.68011,1
1.0000002,4.078587,0.46382487,141.62715,37.180004,1
1.0000004,13.667252,0.464303,195.67433,36.917297,1
0.99999994,3.885102,0.46357867,152.44043,37.46544,1
0.9999998,4.000235,0.46367422,181.30731,37.90311,1
1.0000004,3.9532394,0.46364582,171.29045,37.361275,1
1.0000001,4.1715,0.46368787,186.12114,38.330597,1
0.99999994,3.5828602,0.46362272,173.11336,37.500637,1
1.0,3.9043825,0.463551,186.63525,36.962994,1
0.99999994,3.7132287,0.46361417,166.5678,37.75648,1
0.9999998,3.5861385,0.46310216,173.54047,37.127674,1
1.0000001,4.4759293,0.46354482,170.23283,37.542156,1
0.9999998,3.7483926,0.4638105,143.21614,36.971535,1
0.99999964,4.4869337,0.46389252,148.44162,36.600338,1
0.99999994,3.7450078,0.4639692,199.17387,36.954372,1
0.9999997,3.6733935,0.46333775,157.99345,36.850117,1
1.0000001,3.855825,0.46338034,252.1483,37.403442,1
0.9999998,4.2369356,0.46395332,167.97826,37.5257,1
1.0000001,3.8836365,0.46387145,186.68678,37.158672,1
0.99999976,4.117855,0.46402854,176.66054,37.488342,1
1.0000001,3.9688938,0.46381468,165.62674,36.581738,1
1.0,3.9812753,0.46320826,178.57718,37.35463,1
1.0000001,3.729455,0.46365398,147.16321,36.751835,1
0.9999998,4.07057,0.46366447,166.64647,36.558033,1
0.99999964,4.3532724,0.46362993,180.21837,38.61559,1
1.0000002,3.7380574,0.4639058,184.90096,37.024395,1
1.0000001,4.0361743,0.46402878,189.99521,38.475437,1
1.0000001,4.3706045,0.46374357,203.09627,38.019127,1
0.99999964,4.184704,0.4633883,152.33424,36.04502,1
0.9999999,3.608625,0.46368602,175.7082,38.56467,1
1.0000002,3.7925525,0.46295938,172.47282,37.381573,1
1.0,3.7612007,0.46425247,184.14468,36.83026,1
1.0000001,3.7975845,0.46319818,185.3965,38.140316,1
0.99999976,8.449101,0.46393993,171.5493,37.310585,1
1.0000002,3.6260016,0.46404323,142.4832,37.013382,1
1.0000002,3.5852392,0.46382713,148.4399,37.80845,1
0.9999998,3.7083328,0.4635118,155.8549,37.68551,1
0.9999999,3.950002,0.4633032,184.84756,37.97636,1
1.0000002,3.8011801,0.46291974,156.0334,37.050674,1
1.0,3.829829,0.46404514,183.52272,37.736015,1
0.99999964,3.7009435,0.46385917,194.91896,37.37452,1
0.99999976,4.232848,0.4638237,213.91364,37.24599,1
1.0000002,4.131672,0.46310943,205.48071,37.329773,1
1.0000002,3.8624353,0.46315947,180.30713,36.429165,1
1.0000001,3.9263835,0.46350312,151.60536,37.82801,1
1.0000004,4.4064555,0.46316162,149.92738,37.415054,1
0.9999998,3.7950053,0.46375564,162.12766,38.157585,1
1.0000002,4.617276,0.46368912,177.00923,38.19056,1
1.0000002,3.7407734,0.46348202,172.89713,37.058285,1
0.9999997,3.711524,0.46348694,154.27885,36.678677,1
1.0000004,4.1104865,0.46264872,223.59813,36.561935,1
0.99999994,3.6995502,0.46401545,160.9839,37.186436,1
0.9999998,4.482127,0.46300974,183.98888,38.00382,1
0.9999999,3.562226,0.4634132,149.48578,37.984413,1
1.0,3.7056086,0.46373844,154.48532,38.151245,1
1.0000001,3.818858,0.4628699,151.1581,37.228817,1
0.99999976,3.6046464,0.4630234,178.5672,37.551456,1
1.0,3.5254307,0.4627726,169.87283,37.38606,1
1.0000001,3.7087493,0.46350616,151.26335,36.02258,1
1.0000002,3.5916407,0.46268338,155.22595,37.398117,1
1.0000002,3.8679507,0.46346498,143.29335,37.712982,1
1.0000002,4.2363095,0.4629365,201.42757,37.76634,1
1.0000002,3.8606012,0.46294498,196.53377,38.084576,1
0.99999976,4.8853536,0.4633418,225.63559,37.49606,1
1.0000001,3.7208273,0.4631148,169.4866,37.685593,1
1.0000001,3.6788876,0.46301132,179.84111,37.260357,1
1.0000001,3.6742556,0.4633247,159.392,37.2107,1
1.0000001,3.6786532,0.46289232,149.43617,37.037838,1
1.0000002,3.7057495,0.4633105,167.22696,37.43645,1
1.0000002,4.2281876,0.46287683,167.91197,37.384296,1
1.0000002,3.989908,0.4632544,174.07477,36.783623,1
0.99999976,4.526074,0.46305478,141.7497,37.081608,1
0.9999999,3.9551203,0.4629971,153.0549,37.176373,1
0.99999994,4.2065387,0.46293506,160.48508,37.837322,1
0.9999999,3.5674307,0.46358904,148.19737,37.327248,1
1.0000004,4.165152,0.46307686,156.61124,36.763138,1
0.99999994,3.6502795,0.4630215,230.60403,36.97887,1
0.9999997,3.624592,0.4628911,180.10648,36.859856,1
0.99999946,3.536456,0.46311823,172.6912,37.34596,1
1.0000001,4.14897,0.46311677,170.75119,37.960262,1
1.0000007,4.2331204,0.46344107,201.93446,37.199524,1
1.0000001,4.19679,0.4631895,147.83058,36.913826,1
1.0,4.363386,0.4639742,168.96881,37.002266,1
0.99999976,4.129707,0.46315417,182.7369,38.775852,1
1.0000004,4.003109,0.46348947,171.34108,38.34369,1
1.0000005,3.7212775,0.4631899,144.28914,37.580906,1
0.99999994,4.10802,0.4633813,163.25424,37.95998,1
0.9999999,3.756346,0.46357512,163.42184,38.634556,1
0.9999998,4.974252,0.46387094,177.28452,37.571346,1
0.9999999,3.960376,0.46351102,143.09764,38.094772,1
1.0000001,3.705364,0.4634157,150.70877,36.778603,1
1.0000001,3.8346324,0.46348867,161.85994,36.2352,1
0.99999994,3.9420033,0.46320668,162.61673,37.2312,1
0.9999997,3.9281461,0.46351162,172.3579,37.253002,1
1.0000001,4.178294,0.4634791,150.37178,37.810223,1
0.99999976,3.7925818,0.46294054,188.2653,38.619305,1
0.99999976,3.716767,0.46307662,151.36096,37.595978,1
1.0000002,4.4897947,0.46309832,152.87105,37.00819,1
1.0000004,3.7884336,0.46338698,178.78242,37.75139,1
0.99999964,3.650279,0.46327546,191.64246,36.92783,1
1.0000001,3.5438576,0.4628955,167.61063,36.563362,1
0.9999999,3.7952285,0.46393785,159.38187,37.70015,1
1.0000002,3.8800647,0.4633416,140.38464,37.708706,1
0.99999994,3.804624,0.46361414,167.23161,38.105507,1
1.0000001,3.61106,0.46412206,189.54343,37.51012,1
0.99999964,3.7990677,0.46319458,190.24127,36.900837,1
0.9999999,3.8169563,0.4634908,215.45964,37.73707,1
1.0,3.937611,0.46337956,145.24976,38.919647,1
0.9999996,3.8884177,0.4630862,156.61714,38.009266,1
0.99999994,3.9855623,0.46311748,175.13663,38.089687,1
0.99999976,3.7776415,0.46303484,172.11586,38.12415,1
0.99999964,3.8100593,0.4628214,151.61479,37.611427,1
1.0000002,3.8224626,0.46290007,173.2394,37.386913,1
0.9999992,3.8702252,0.4631062,199.97984,36.792408,1
0.9999998,3.791194,0.46333176,162.94371,37.117207,1
1.0000001,4.3462586,0.46337712,223.1821,38.069614,1
0.99999994,4.1278505,0.4634726,162.23979,37.570034,1
0.99999976,3.8922696,0.4632666,176.7649,36.685764,1
0.9999999,3.8880389,0.4628564,165.16483,36.771614,1
0.99999994,4.463984,0.4625156,156.96487,37.202446,1
0.99999994,4.2974887,0.46344638,151.38123,37.710934,1
1.0000001,3.6658082,0.46251822,185.32825,36.80106,1
1.0000001,3.8937366,0.46307355,147.33394,37.81461,1
0.9999999,3.7439797,0.46328986,196.71281,37.731483,1
1.0000002,3.8335516,0.4627646,167.20047,37.072018,1
1.0000001,3.577872,0.46324664,204.29524,37.979897,1
1.0000001,4.146746,0.46279982,153.71454,38.25194,1
1.0,4.041451,0.46283776,148.2004,36.51073,1
0.9999999,4.093711,0.46311605,148.0966,37.366673,1
0.9999997,3.6641235,0.4630471,190.2823,38.259007,1
1.0000001,3.8952634,0.46315703,191.72757,37.014015,1
0.99999976,3.6621454,0.46320844,177.13477,37.099876,1
1.0000001,3.8728297,0.46264243,160.70317,37.873676,1
0.9999998,3.85767,0.46280313,212.59296,38.06929,1
1.0000004,3.8512268,0.46293744,164.67488,37.354057,1
1.0000001,3.824612,0.46297777,204.30595,37.457283,1
1.0000001,4.196665,0.46285805,184.83374,37.142506,1
1.0000002,3.7907112,0.46317983,147.9855,37.035103,1
0.99999976,3.717649,0.4626598,171.24959,38.01375,1
0.9999997,3.6959777,0.4636359,153.5857,36.906513,1
1.0000001,4.045711,0.46304116,210.09138,37.96542,1
1.0000002,3.7125587,0.46336338,151.07442,37.45643,1
0.99999976,3.7559564,0.46363086,210.26042,37.31869,1
1.0000001,3.8421733,0.46344027,172.01784,37.610104,1
0.99999994,4.8653646,0.4637538,207.52715,37.26785,1
1.0000001,4.2739835,0.463392,172.24469,37.217606,1
0.9999994,3.6730075,0.46288157,170.61803,36.940556,1
1.0000002,3.5671208,0.46303555,168.24881,37.08903,1
1.0000002,4.1841784,0.46298882,145.88803,36.544506,1
1.0000001,3.8157434,0.46351027,149.16415,37.31442,1
1.0000001,3.9264097,0.46329874,213.04388,36.446728,1
1.0000001,3.746552,0.46315295,137.367,37.54783,1
1.0000006,3.8474073,0.46329316,176.61719,37.052113,1
1.0,4.057811,0.4633211,162.27621,37.108803,1
1.0000002,3.7531817,0.46344346,159.36554,37.503956,1
1.0000002,3.6816235,0.46360606,140.01247,38.266197,1
0.99999994,3.877781,0.46376666,168.77182,36.878853,1
1.0000004,3.6559615,0.4633277,179.8165,37.297127,1
1.0000002,4.158425,0.4641373,177.0623,37.202896,1
0.9999999,3.779681,0.46341878,225.92844,38.015854,1
0.9999997,3.7931416,0.4637362,172.73412,37.4516,1
0.9999999,3.7972732,0.46330166,182.67546,38.450584,1
0.9999998,3.85473,0.4636784,182.33261,37.711906,1
0.99999976,4.0796785,0.46388376,161.88322,37.91867,1
1.0000001,3.8033168,0.46310115,189.9938,38.019447,1
0.9999998,4.128582,0.46418557,172.92818,37.11364,1
0.9999999,3.789294,0.46336254,154.239,37.8332,1
0.99999994,4.247189,0.46377057,160.66429,37.258587,1
0.99999994,3.8320544,0.4639249,179.84633,37.434265,1
1.0000004,3.7638767,0.46368498,169.45178,37.884975,1
1.0,3.640524,0.46330297,167.60957,37.165665,1
1.0,3.6502328,0.46299225,162.44652,37.551582,1
1.0000001,3.9511034,0.46375167,173.65584,38.04482,1
0.99999964,3.9050708,0.46367896,143.19359,37.14754,1
0.9999999,3.8520787,0.4638221,193.55609,38.640434,1
0.9999995,3.8346817,0.4634275,183.28514,37.089924,1
1.0000001,4.407439,0.46354297,189.93745,36.52767,1
1.0000005,3.9657815,0.46317714,145.88184,37.596638,1
1.0000001,3.6359668,0.46361154,186.74773,38.597046,1
1.0,3.8578968,0.46344477,203.76006,38.742702,1
1.0000005,4.0930057,0.46317437,169.50348,37.54705,1
0.99999994,4.1445117,0.46202585,145.3519,39.08533,1
0.99999994,4.476289,0.463081,176.15106,37.42568,1
0.9999999,4.3586535,0.46328485,164.41711,37.379612,1
0.9999997,3.5969422,0.4638286,182.81613,37.59757,1
0.99999976,3.872312,0.46315753,175.46725,36.778885,1
1.0000001,3.7515423,0.46304324,210.80649,37.531803,1
1.0000004,5.2063127,0.46313992,170.92747,37.483227,1
1.0000001,3.9801445,0.46270385,161.3654,36.62368,1
0.9999997,3.7421734,0.4633891,147.09985,38.016327,1
0.9999996,4.1456223,0.46339226,194.38243,37.339947,1
1.0,3.8329995,0.46309912,190.62598,38.670555,1
0.99999994,3.774768,0.46306637,143.86932,36.863453,1
0.9999996,3.8685637,0.46331844,154.9757,37.83006,1
0.9999999,4.1344895,0.46303326,186.6689,37.26761,1
0.9999997,4.5240564,0.46288753,165.788,38.321873,1
1.0000002,4.586634,0.46283138,170.31546,37.694504,1
1.0000004,3.489359,0.4633765,156.47292,37.622402,1
0.9999997,3.6789985,0.4632143,169.47984,37.05612,1
0.99999976,3.9168732,0.46306413,179.14015,37.230118,1
1.0000005,4.129204,0.46296814,201.74515,37.218155,1
0.99999976,3.8580592,0.4635638,162.7054,37.000847,1
1.0000001,4.0783663,0.46328545,174.05754,37.79259,1
1.0000002,5.366371,0.46276796,149.04108,37.467857,1
1.0000002,3.6647687,0.46292832,172.51517,37.75574,1
0.9999997,3.5846806,0.46307987,159.97638,37.875813,1
0.9999998,3.542293,0.4633377,187.40901,36.59101,1
0.9999999,3.5421383,0.46345013,164.33432,37.70984,1
1.0,3.7321336,0.46372917,150.75993,36.794876,1
1.0000004,4.066803,0.46345887,184.7599,37.282116,1
0.9999995,3.9578063,0.46365425,162.7703,36.539272,1
0.99999994,3.6666327,0.46340194,186.91681,36.559464,1
1.0000002,3.8122742,0.4630464,168.29427,37.553444,1
0.9999997,3.7540574,0.46277273,143.66173,37.375774,1
0.9999998,3.789962,0.46324733,165.7596,36.79888,1
0.9999998,3.7961452,0.4633946,169.7478,38.08388,1
1.0000001,3.822092,0.46358368,192.52296,36.617573,1
0.99999976,3.6556325,0.4633686,195.235,37.68685,1
1.0000001,3.8494835,0.46309406,172.08168,37.00267,1
1.0,3.8016765,0.46260798,182.64545,37.72932,1
0.9999997,4.201299,0.46336457,180.67352,37.809464,1
0.9999997,4.136121,0.46372414,145.99707,36.90153,1
1.0000001,4.043401,0.46354762,167.22154,37.66614,1
1.0000004,3.8663278,0.46308917,173.71584,38.343956,1
1.0000002,4.037773,0.46350697,152.83742,37.940357,1
0.9999997,3.8210933,0.4630601,153.93004,36.952755,1
1.0000002,3.813382,0.46302432,141.7761,36.632114,1
1.0000002,3.8693342,0.46338895,185.35503,37.364277,1
0.99999994,3.7567236,0.46308163,186.31451,36.528934,1
0.99999976,3.5657399,0.4635067,140.24599,37.058575,1
0.9999999,3.9798484,0.46350324,176.40598,36.237617,1
1.0,3.7657666,0.46316937,158.11945,36.462734,1
0.9999997,3.8620942,0.46355176,152.82576,37.417576,1
1.0000002,3.8802981,0.4636988,191.47552,37.15533,1
0.99999976,3.72222,0.46324468,155.09575,37.74288,1
1.0000005,4.0653076,0.46255893,174.82639,37.12784,1
1.0000001,3.895392,0.463496,186.71086,37.775875,1
0.99999964,3.86323,0.46333322,170.12007,37.26619,1
0.9999999,4.021267,0.46315435,171.76485,36.986557,1
1.0000004,3.669654,0.46315256,179.42975,37.795593,1
0.9999999,3.837335,0.46317944,176.93524,38.317654,1
0.9999998,3.5737443,0.46293467,169.30043,36.996494,1
1.0,3.604551,0.46319285,157.66217,36.738842,1
0.99999994,4.0760174,0.463235,202.67827,36.720146,1
0.9999995,3.9450235,0.46350965,146.60385,36.756252,1
1.0,3.74492,0.46332553,145.88824,37.09139,1
0.99999964,4.1843443,0.46357286,155.39801,38.00655,1
0.99999994,3.7230215,0.46378917,155.89778,37.758877,1
1.0000001,3.9016547,0.46341082,169.23773,37.774796,1
0.9999998,3.693399,0.46356198,143.2855,38.094116,1
1.0000001,3.6087816,0.46397102,149.66339,37.210182,1
0.99999994,3.6482081,0.46347165,179.92198,37.869183,1
0.99999994,3.976721,0.4631065,180.8277,37.38604,1
1.0000004,3.7075067,0.46359435,171.61429,36.8803,1
0.9999999,4.8375063,0.46316114,171.76797,37.807407,1
1.0,4.000006,0.46341598,184.47916,36.65031,1
1.0000001,3.637399,0.4629775,187.38039,37.697727,1
1.0,3.7797503,0.46263486,207.55003,37.981544,1
1.0000001,3.8830569,0.4635282,194.09338,37.545254,1
0.9999998,4.6337357,0.46333832,189.65543,37.727924,1
0.99999964,3.6709445,0.46326113,197.12967,37.60334,1
0.99999946,4.359819,0.46248016,164.57753,37.46935,1
0.9999995,4.509178,0.4629242,199.53432,37.19696,1
1.0000001,4.122039,0.4627131,158.99142,36.798965,1
1.0000001,4.2490144,0.46298257,150.12021,36.724403,1
1.0000002,3.6554716,0.46353,198.68057,37.62783,1
1.0,4.068675,0.46302918,172.88904,36.960583,1
1.0000002,3.826357,0.46323994,175.86548,37.491474,1
0.9999998,3.800581,0.4627249,160.76422,36.740597,1
1.0000004,3.7405689,0.4630815,169.92682,37.664974,1
1.0000001,4.8740406,0.46365336,157.03914,37.195606,1
1.0000001,3.7367864,0.46299654,192.13956,37.414257,1
1.0,3.7179627,0.4630701,187.94481,38.1803,1
1.0000004,4.4953213,0.4632857,129.512,36.868366,1
1.0000001,3.9180515,0.46397325,244.78996,37.872437,1
0.9999998,4.000826,0.4633252,195.31206,38.140293,1
0.9999998,3.9281642,0.46392873,183.10887,37.439613,1
1.0000004,3.8943348,0.46315,210.31377,36.75971,1
0.99999976,3.8374023,0.4631882,149.22102,38.04947,1
1.0,4.0570164,0.463437,197.9644,37.96608,1
1.0000002,3.9878922,0.46379307,169.2743,37.62301,1
1.0000001,4.1329274,0.46371478,183.0806,36.69123,1
1.0000001,4.0206103,0.4635414,156.23386,37.00761,1
1.0000004,3.731945,0.46388957,148.1762,37.631104,1
0.9999998,4.7058845,0.4635311,185.52274,36.643448,1
0.99999976,3.639658,0.46317598,170.63747,36.706886,1
1.0000001,4.235652,0.46351472,166.92357,37.54047,1
0.9999998,3.9164908,0.46332562,158.69489,36.858944,1
1.0000004,3.9007852,0.4629605,171.79982,37.01992,1
0.9999997,3.7157114,0.46370104,207.07979,37.18951,1
0.99999976,4.0614715,0.4632358,167.56041,37.51602,1
1.0000004,3.823043,0.46349537,168.00586,37.67975,1
0.99999976,4.1281624,0.4634513,207.67073,37.888268,1
1.0000001,3.678478,0.46339616,201.30843,37.920486,1
0.99999946,4.073085,0.46304345,207.67397,37.89117,1
1.0000005,4.4406095,0.46317866,229.63869,36.39651,1
1.0000004,3.739668,0.46304047,183.41034,37.65811,1
0.9999997,3.7329404,0.4630885,149.89319,37.07098,1
1.0000001,4.0887127,0.46327332,181.32442,36.786736,1
1.0000001,3.8201592,0.46275243,165.37906,37.802303,1
1.0,3.7066536,0.46299076,151.9984,37.003826,1
1.0000005,3.7725549,0.46343255,166.51375,38.013527,1
0.9999996,3.683838,0.46336076,138.0667,37.20671,1
1.0000001,3.6173453,0.46307656,203.6837,37.434925,1
1.0000001,3.5819151,0.4641036,158.01831,36.53328,1
0.9999999,4.889691,0.4635184,182.39307,36.975307,1
1.0000002,3.7332664,0.46314374,192.8651,38.118607,1
0.9999997,3.8981123,0.4637817,175.65921,37.025734,1
1.0000002,3.9449441,0.46340016,171.11147,37.591866,1
1.0000001,3.8070385,0.46374652,193.07294,37.40612,1
0.9999998,3.8222344,0.4636765,171.40479,37.47876,1
1.0000004,3.765642,0.46373716,166.36913,37.92724,1
1.0000006,6.7078533,0.46314842,170.24344,38.496777,1
1.0000001,3.984489,0.46344626,197.71388,37.06457,1
0.99999964,4.1095114,0.4631938,141.95012,37.259327,1
0.9999998,4.6734304,0.46316314,156.29086,37.398388,1
0.9999998,3.994737,0.46341515,165.31873,37.27432,1
0.9999998,4.1085987,0.46332103,187.75464,37.624447,1
0.9999999,3.7858973,0.46387705,198.7137,36.871025,1
0.9999999,3.857369,0.4636978,173.96844,37.92282,1
0.9999995,4.766348,0.46301237,160.6102,37.16451,1
0.9999996,3.6373005,0.46279183,166.75984,36.95668,1
0.9999997,3.709247,0.4627119,213.33627,37.192368,1
0.9999994,5.2934456,0.46342924,202.95189,37.33604,1
1.0000001,3.9188454,0.46317887,148.11258,37.75449,1
1.0,3.7589908,0.46365228,215.98996,36.956093,1
0.9999997,3.870844,0.4635836,145.43462,37.13009,1
0.99999994,3.904625,0.46343565,170.0436,38.11495,1
1.0000005,3.8379757,0.46308392,141.83948,36.771297,1
1.0000001,3.6965134,0.463565,142.28294,37.050606,1
0.9999999,3.7516367,0.46336043,176.17747,37.174255,1
1.0,4.3411655,0.46365014,182.72421,36.866188,1
1.0000001,3.7229702,0.4633766,183.20099,37.25176,1
1.0000001,4.5849133,0.46342888,162.74858,37.645767,1
1.0000002,4.616274,0.4636434,141.99995,36.316772,1
1.0000007,4.8855934,0.46326548,150.24016,37.78483,1
1.0000002,3.9078736,0.46321422,148.12254,36.77824,1
0.9999998,3.918987,0.46376067,157.21127,37.85385,1
1.0000001,3.8201926,0.4629385,169.70242,37.55577,1
1.0,5.514088,0.46353444,143.86041,37.526455,1
1.0000001,3.9498134,0.4638115,181.90881,36.995533,1
1.0000001,3.5726569,0.46349946,159.99704,38.084385,1
1.0000002,3.8351781,0.4635386,197.95589,37.29835,1
0.99999964,4.002235,0.4637623,153.07803,37.661396,1
0.9999999,3.6897957,0.46289197,157.23854,38.107643,1
0.9999996,4.8538885,0.4636024,195.41444,37.25682,1
0.9999997,4.7811017,0.46348363,201.9846,38.098118,1
1.0000002,4.6478567,0.46344486,154.88301,36.90755,1
1.0000002,5.0410166,0.4630905,175.67366,37.684944,1
1.0000004,3.6687791,0.46318278,204.37617,37.399593,1
1.0000001,4.38504,0.46346393,178.18452,37.73068,1
1.0000004,4.180929,0.46322772,148.71295,37.66113,1
0.99999964,4.7585497,0.46337458,146.10606,36.911716,1
1.0000001,4.490293,0.46351025,174.65259,36.903168,1
0.9999998,4.245632,0.46365494,198.07127,37.16066,1
0.99999976,3.9479053,0.46365806,161.814,38.22958,1
0.9999992,4.310248,0.46325922,171.35878,37.306282,1
1.0000001,3.837054,0.46326396,175.30629,37.265385,1
1.0000002,3.7533405,0.463387,220.54845,38.035103,1
1.0,4.459294,0.46351653,148.2064,37.560528,1
1.0000002,3.737637,0.46362475,150.44939,37.4113,1
1.0,4.2607374,0.46364182,148.29608,38.68099,1
1.0000001,4.3065267,0.46273983,163.69888,37.013607,1
1.0000001,3.8843222,0.46291807,173.71538,37.750443,1
0.9999999,4.588529,0.46300867,150.2358,37.217262,1
0.9999998,4.0540037,0.46335235,156.46509,37.37404,1
1.0,5.2163944,0.46402627,152.61612,36.667416,1
0.99999976,3.9777443,0.46339953,191.75334,36.846115,1
0.9999997,3.9614387,0.46316192,192.83916,38.207592,1
1.0000002,3.8808835,0.46289957,168.59865,38.048737,1
1.0,4.6289186,0.46308228,171.36067,36.950363,1
1.0,3.8991783,0.4636841,157.23022,37.124672,1
1.0000001,3.4695826,0.46335438,169.20166,37.417908,1
1.0000006,3.8026702,0.46376213,153.59045,37.39924,1
0.99999976,4.0438833,0.46345085,134.27571,38.142273,1
1.0000001,3.7453196,0.463133,186.94545,37.387318,1
0.9999999,3.9120226,0.46288323,173.16217,37.28601,1
0.9999997,4.179326,0.46367684,178.1992,37.224854,1
1.0000001,3.8090363,0.4631069,224.84448,37.6214,1
0.9999997,3.6583967,0.46276137,204.15118,37.929623,1
0.9999995,4.0110483,0.46324962,167.51366,37.283466,1
1.0000001,4.2286334,0.4628595,196.59143,37.210102,1
1.0000002,3.6112635,0.46347037,220.81007,37.247757,1
1.0000001,3.7682652,0.46276662,220.88712,37.08177,1
0.9999995,5.081176,0.46322548,220.70604,37.836098,1
0.99999994,3.9214048,0.4630685,193.39244,37.661915,1
1.0000001,3.8970554,0.46309668,151.18254,37.582783,1
1.0000002,4.5228148,0.46331063,161.68478,36.705956,1
1.0,3.8080213,0.46324658,215.96439,36.648586,1
1.0000001,3.5578954,0.46332836,149.19807,38.097595,1
0.9999998,3.805083,0.46302703,196.99635,37.34693,1
0.9999998,3.966978,0.46301186,176.18037,37.34353,1
0.9999999,3.7184596,0.46294516,208.35504,37.0903,1
1.0000002,3.9635823,0.46286985,199.05403,36.544945,1
1.0000001,3.7192748,0.46309847,161.36414,37.306965,1
1.0000006,4.6812005,0.46266985,168.7668,37.495415,1
1.0000001,3.9940155,0.46283615,183.51175,37.547844,1
1.0000001,4.050655,0.46290553,154.89967,38.108276,1
1.0000001,3.5613701,0.46347177,165.87706,36.570034,1
0.99999964,4.7298064,0.46325073,171.46883,37.899242,1
1.0000002,4.1491203,0.46362758,185.15266,37.44401,1
1.0000001,3.8931031,0.4632182,153.45737,37.456543,1
1.0000002,3.8203201,0.46306,175.46709,37.782425,1
0.9999998,4.702163,0.46269652,182.34305,37.917446,1
1.0000004,3.989805,0.46334234,174.75958,37.327606,1
0.9999999,4.630769,0.4629518,193.5676,37.579285,1
1.0,3.6893702,0.4631233,136.88017,37.957417,1
0.9999999,3.690119,0.46317282,156.58928,37.543854,1
1.0,3.9532893,0.46273452,157.54039,37.614353,1
0.9999999,7.294033,0.46384826,149.81148,38.212154,1
1.0000004,4.4309897,0.46307394,181.29912,36.489365,1
1.0000001,4.1527576,0.4630042,177.3964,37.271305,1
1.0000001,3.9721231,0.46333748,166.54703,36.90405,1
1.0000004,3.7098184,0.46353644,147.11235,37.380512,1
0.9999998,3.6219015,0.46289873,185.9183,36.845173,1
1.0000001,3.817138,0.46298298,153.16473,37.185467,1
0.9999999,3.7214994,0.4633308,200.17511,38.98057,1
0.9999999,4.1550107,0.46285987,185.505,38.27737,1
0.99999976,3.8339458,0.4627816,198.0768,37.950527,1
0.99999976,4.7794003,0.4632038,158.35138,37.31224,1
0.9999997,4.110478,0.46277863,163.09598,36.788364,1
1.0000002,3.7084455,0.46296924,192.54927,37.58988,1
0.99999976,3.752706,0.46322456,150.25896,37.110363,1
1.0000002,3.6678889,0.4630486,185.07854,37.593582,1
0.9999998,3.6265566,0.46313462,213.2445,37.322506,1
1.0000002,3.851878,0.46301472,186.43109,37.3146,1
1.0000002,4.7770634,0.46290854,165.0351,38.149513,1
0.99999994,4.031172,0.46266952,197.58342,36.935028,1
1.0000004,3.9186127,0.46319023,154.2814,37.39292,1
1.0000001,4.6207905,0.4627517,200.61478,37.92994,1
1.0,4.063331,0.4630927,169.41481,37.72147,1
1.0000001,4.342484,0.4630152,198.57576,37.07008,1
0.9999998,4.171427,0.46319753,161.73553,37.639664,1
0.99999964,3.8633463,0.4631746,186.79686,37.546227,1
0.9999993,3.7402244,0.46311575,168.35306,36.841156,1
1.0000002,4.123366,0.46293437,179.65366,36.840565,1
0.99999994,4.631833,0.46315002,169.24004,36.88026,1
1.0000002,3.764318,0.46308059,182.7916,37.489437,1
0.9999997,3.5954785,0.46299317,192.3561,38.253414,1
1.0,3.8772392,0.4632193,189.7889,37.47193,1
1.0000002,3.4995,0.46326932,180.40637,37.182728,1
0.9999998,3.6722407,0.46271718,148.03563,38.665066,1
0.9999995,4.723408,0.46336916,219.35274,38.11113,1
1.0,3.9821043,0.46323708,177.84544,36.810783,1
1.0,5.143931,0.4626252,233.18373,37.76612,1
0.99999976,4.4176545,0.4632876,141.37325,36.82647,1
0.9999997,4.437219,0.46420318,199.31526,37.676807,1
1.0000001,4.050122,0.46367282,173.3586,36.652504,1
1.0000001,3.6309183,0.46280015,190.59923,36.465805,1
0.9999998,4.9884267,0.46347332,166.59578,37.145737,1
1.0000001,4.9885836,0.46328336,157.89992,36.942104,1
0.99999994,4.2326517,0.46301192,156.0769,37.29454,1
1.0000002,3.8323514,0.4627847,184.94464,37.854546,1
1.0000001,3.8280153,0.46306622,232.90115,37.83146,1
1.0000001,4.0942216,0.4630597,200.65646,37.069088,1
0.99999964,3.686265,0.46322867,195.3614,37.778282,1
1.0000005,4.1425395,0.46330822,175.53316,36.83309,1
1.0000002,3.7576096,0.46336418,157.5648,37.647728,1
0.9999997,4.0918465,0.46373373,145.99236,36.77475,1
0.9999998,3.736028,0.46355802,159.24506,37.474743,1
1.0000002,3.812185,0.46340242,154.4897,37.538177,1
1.0000001,3.7528813,0.46324417,180.73128,36.89274,1
0.99999976,3.9444242,0.4632564,160.41841,38.11433,1
1.0000001,3.505115,0.463569,169.20511,37.766876,1
0.99999994,4.299507,0.4634646,153.11208,36.841053,1
1.0000001,3.7904007,0.4637718,192.97852,37.616024,1
1.0,3.8947515,0.46380267,160.70618,36.958317,1
1.0000002,4.33668,0.46356994,163.24806,37.495014,1
1.0000001,3.8628676,0.46306166,203.1524,37.440674,1
1.0000004,4.2410197,0.46291673,146.64793,37.025333,1
0.9999996,3.615608,0.46404484,180.75186,36.69705,1
1.0,3.886404,0.4633944,176.38445,37.574432,1
1.0000002,3.7017837,0.4637487,150.03807,37.45857,1
0.9999999,3.6906018,0.46340546,150.24948,37.00474,1
1.0000001,3.6710846,0.46349472,160.1666,37.677586,1
0.9999998,3.9412205,0.4639075,198.75497,37.393024,1
1.0000002,3.6430943,0.46341774,143.46811,37.451744,1
0.99999994,5.248334,0.4629461,153.66826,37.019894,1
0.9999998,3.7288916,0.46339035,165.17978,36.938076,1
0.99999994,4.314644,0.46341902,159.59988,36.86782,1
1.0000002,3.710935,0.4632505,155.62369,38.642838,1
0.9999997,3.8266547,0.46366754,174.99138,37.406334,1
0.9999998,4.6271453,0.46358663,161.50458,38.602337,1
1.0000001,4.043724,0.46327555,161.65067,36.747025,1
0.9999999,3.7212088,0.46372673,169.13112,37.06927,1
0.99999994,4.002044,0.46323445,156.82451,37.185005,1
1.0000001,4.6291947,0.4633744,166.39667,37.421913,1
0.99999994,4.0904307,0.4632455,175.88916,38.01702,1
1.0000002,4.3015704,0.46347904,189.90149,37.02521,1
1.0000001,3.997765,0.46383178,141.98862,37.09275,1
1.0000005,4.6114917,0.4629981,233.32611,37.742664,1
1.0000008,3.8735542,0.46337196,155.0144,37.063904,1
1.0000001,4.4481087,0.4634886,188.17813,37.762688,1
1.0000001,3.7057376,0.46336278,159.13843,37.342587,1
1.0000002,3.6139073,0.46324828,180.13866,38.514027,1
1.0000001,3.9715257,0.4637425,185.64067,37.19656,1
1.0,3.9341552,0.46279743,160.23811,38.180393,1
0.9999999,3.573309,0.46328896,160.55624,36.9878,1
1.0,3.9212112,0.4630952,216.08205,36.64732,1
1.0000004,3.6084642,0.46309334,176.26442,37.699493,1
0.9999999,3.6901617,0.4631785,154.04253,37.538593,1
0.99999994,4.0078397,0.46275356,188.36685,36.648785,1
1.0000001,3.6404483,0.46330765,188.54073,37.204453,1
1.0000002,4.5591726,0.46318388,163.35167,36.70249,1
1.0000002,3.8985367,0.4634054,169.57234,37.337307,1
0.99999994,4.1917305,0.46349242,190.52411,37.543133,1
0.9999999,4.554306,0.46335158,149.14244,37.96079,1
0.99999994,3.808198,0.463564,152.59544,37.49751,1
1.0000001,3.9642324,0.46347895,205.64772,37.25183,1
1.0000001,3.9682767,0.46358165,175.2717,37.761803,1
0.9999999,5.311622,0.46371138,185.22348,38.441875,1
0.99999964,3.8484733,0.46388695,153.71603,36.454296,1
0.99999994,4.4024305,0.46348336,161.30997,37.061996,1
0.99999994,3.9492133,0.46341065,178.00616,37.30524,1
0.9999999,4.312684,0.46393004,172.70152,37.638268,1
0.99999994,4.0168204,0.46355414,172.19211,36.337063,1
1.0000001,3.7950354,0.46337575,168.42412,37.369175,1
0.9999999,4.8134756,0.46364105,182.27812,36.311058,1
0.99999964,4.111796,0.46368065,243.27635,37.39077,1
1.0,3.7962668,0.46365812,191.95804,37.025845,1
1.0000001,4.3727374,0.46287036,171.69312,37.955566,1
1.0000002,4.533473,0.46362525,171.55836,36.99396,1
1.0000001,4.328946,0.46399388,200.32114,37.247467,1
0.99999976,5.1112127,0.46345586,170.17255,37.219063,1
0.9999999,4.0321274,0.46347153,162.37567,38.782993,1
1.0000002,3.816931,0.46327752,170.24776,37.207916,1
0.9999996,4.079508,0.4631619,176.5056,37.489155,1
1.0,3.902954,0.46309382,161.96884,37.900486,1
1.0000004,4.0329285,0.46315464,175.81381,37.60227,1
1.0000001,3.9133782,0.46326244,221.72783,38.118027,1
0.99999994,4.0458126,0.46314657,191.02922,37.256184,1
1.0000001,3.6889207,0.46394527,157.85933,37.982475,1
1.0000001,4.507306,0.46306136,166.96033,38.618576,1
0.9999998,5.189196,0.46356246,178.42201,37.925728,1
1.0000001,4.4907656,0.46345088,151.84332,36.53072,1
1.0000002,4.737815,0.46308136,170.51535,36.683483,1
0.99999917,3.7767775,0.46347556,166.97252,37.12388,1
0.9999999,3.8066185,0.46320868,182.77574,37.240902,1
1.0000002,3.7897534,0.46311668,179.06264,37.242195,1
0.99999994,3.9163425,0.46297196,194.3236,38.2699,1
0.9999997,3.9889133,0.4632844,163.02632,37.463673,1
1.0000001,3.6665678,0.46306828,187.90685,38.12348,1
1.0000002,3.9215474,0.46309853,185.70988,36.774807,1
1.0000004,4.0335493,0.46379113,165.15157,37.26569,1
1.0000004,3.7090397,0.46354824,156.98352,37.517086,1
1.0000001,3.7836702,0.4638116,141.52611,36.709614,1
1.0000004,3.8642752,0.463375,152.3441,36.251476,1
1.0000001,4.4938574,0.46338567,178.13756,36.943047,1
1.0000002,4.387661,0.46302587,188.9265,37.77167,1
0.99999994,4.119778,0.4627646,173.96034,37.236385,1
1.0000001,4.0945377,0.46301416,166.09615,37.64627,1
1.0000002,3.6166458,0.4631055,157.17226,37.821243,1
1.0000006,3.790589,0.4628662,181.8861,36.370228,1
0.9999997,3.6548986,0.463323,183.36812,36.419197,1
1.0000001,3.997482,0.46330768,195.71336,37.70242,1
1.0000002,4.6235256,0.46337008,188.31827,37.425583,1
1.0000004,4.587282,0.4630744,165.46945,37.65193,1
0.9999999,4.0459905,0.4626653,167.9148,37.514153,1
0.99999976,5.343368,0.4635075,168.27109,36.79279,1
1.0,4.1995454,0.4630044,165.50536,37.542942,1
0.9999998,4.187047,0.46294418,172.43715,36.701538,1
1.0000005,3.8111596,0.46299332,137.25053,37.00877,1
1.0000001,3.6172817,0.46341977,154.22311,36.892647,1
0.9999999,4.375493,0.46340424,191.7884,36.66407,1
1.0,3.5918272,0.46295595,203.79973,37.786366,1
0.9999997,4.118331,0.46317345,152.68849,37.275265,1
1.0000001,3.7500014,0.4636393,178.54321,37.09966,1
1.0000002,3.7252636,0.46356213,189.8463,37.40301,1
1.0,3.734386,0.46307173,158.76909,37.205444,1
1.0000004,3.8414783,0.4631751,181.13162,38.29709,1
1.0000001,3.6776097,0.4631892,143.22096,37.433872,1
1.0000001,3.909234,0.46281216,176.4877,37.554546,1
0.9999998,3.6167305,0.4632135,132.0707,37.67983,1
1.0000005,4.633784,0.46312934,152.93808,36.916767,1
0.9999997,3.7535846,0.46342942,149.49733,36.805416,1
1.0000002,3.8052568,0.4634014,185.09555,37.373413,1
1.0000005,3.8482425,0.46314242,158.17545,37.248314,1
1.0,4.0577335,0.46341804,200.05656,37.510906,1
0.99999964,3.6753829,0.46283528,162.93164,38.056267,1
0.99999994,3.684415,0.46315333,168.29436,37.677273,1
0.9999997,3.7699332,0.46256945,190.61382,37.69417,1
0.99999964,3.6099102,0.46287414,230.18958,38.37083,1
0.99999976,3.7948635,0.4631699,205.73744,37.69614,1
0.99999976,5.662255,0.46338496,146.97833,37.396774,1
1.0000005,3.8622909,0.4633763,176.8942,36.859512,1
0.99999964,4.244175,0.46336612,142.7582,37.251957,1
1.0000002,3.8976405,0.46382987,186.53517,37.22466,1
0.99999976,4.015772,0.46336943,174.14612,37.044693,1
0.99999994,4.6811633,0.46356052,163.8262,37.22161,1
1.0000001,3.9108722,0.46391407,170.50484,37.8234,1
1.0,3.6431568,0.4637999,195.74716,37.438545,1
1.0000006,4.4099483,0.4634044,164.13974,37.215233,1
1.0000007,3.659227,0.46310744,176.25911,37.40822,1
1.0,3.9664688,0.46427578,182.82047,36.89192,1
0.99999994,3.8808074,0.4635591,165.14186,37.299248,1
0.9999999,3.832716,0.46353343,198.79115,37.693924,1
0.99999976,4.0230927,0.46392027,134.39062,36.945896,1
0.99999994,3.570739,0.46330056,227.90836,38.313694,1
1.0000005,3.7800143,0.46381643,173.27553,37.72521,1
0.9999999,3.7351518,0.46395394,182.12535,37.279575,1
1.0000004,3.7273645,0.4637156,168.00653,37.113476,1
1.0,3.6704133,0.46385878,157.9328,38.1182,1
0.9999998,3.7853076,0.4634113,180.02689,36.776817,1
0.9999999,4.0621767,0.463372,147.69211,37.74114,1
0.9999998,3.967467,0.46313792,164.74196,37.12127,1
1.0,5.1597548,0.4632239,135.19695,37.220406,1
1.0000001,4.17534,0.46330342,213.49695,37.060524,1
1.0000002,3.5657125,0.46394238,156.06592,37.280327,1
1.0000005,4.5103097,0.46308592,146.56265,37.24655,1
0.9999997,4.1635156,0.4635895,152.12202,37.12686,1
0.99999976,3.5749047,0.4635659,200.95154,37.68893,1
1.0000001,4.0537114,0.46339017,132.33623,37.112312,1
0.9999999,3.8298826,0.46381882,186.48544,36.729504,1
0.99999976,3.9507997,0.4637744,158.35278,37.748695,1
1.0000001,4.394364,0.4637937,166.06987,36.732933,1
0.99999994,4.2398205,0.4630345,158.59193,36.62291,1
0.99999994,4.297226,0.46309853,160.68338,37.293724,1
1.0000004,3.9280472,0.46364903,176.91298,36.701454,1
1.0000005,4.1634235,0.46338576,156.50949,37.450867,1
1.0000002,3.8209457,0.4638663,193.98866,37.725414,1
0.9999999,3.8975823,0.46336028,191.61145,36.793808,1
1.0000004,3.8256319,0.4634714,194.84901,37.21282,1
1.0,3.648021,0.463382,185.78032,37.56314,1
1.0000004,4.1873894,0.46399674,172.68312,37.163822,1
1.0000004,3.7719326,0.46341905,157.68182,36.897278,1
1.0,4.5457153,0.46326557,202.69542,37.42415,1
0.9999997,4.0122795,0.46348324,170.29243,37.046524,1
0.9999999,5.348326,0.46372512,165.61598,37.585953,1
1.0000002,4.8089232,0.46347982,154.02887,37.231186,1
0.9999996,4.4493346,0.46367267,143.99396,37.1071,1
1.0000002,5.274147,0.46329388,161.01143,37.654312,1
1.0000001,3.786287,0.4639962,185.49953,36.833874,1
0.9999998,3.7638552,0.46308333,229.12434,37.750935,1
1.0000002,4.0994034,0.4631092,145.65485,38.013206,1
0.9999995,3.8424132,0.4632735,210.75287,37.11193,1
1.0000001,3.9503498,0.4631023,160.5072,37.80004,1
1.0000001,4.1714635,0.4635279,187.73721,36.764,1
0.9999997,4.1520157,0.46353865,184.15169,37.711742,1
1.0000001,3.9223287,0.4637593,151.6435,37.223316,1
0.9999999,3.9348752,0.46351615,189.9853,37.287193,1
1.0,3.763127,0.46372986,166.40976,37.365116,1
0.99999994,3.7513885,0.46363586,166.72995,37.236443,1
0.9999998,4.6326156,0.46319836,157.09984,37.070347,1
1.0000002,3.7864594,0.46326402,166.62163,37.45455,1
1.0000004,4.218031,0.46333563,162.57895,37.703224,1
0.99999976,3.863305,0.46314478,152.06775,37.412205,1
1.0,3.7299871,0.46371174,155.04962,36.560646,1
0.99999994,5.021198,0.4636428,170.65213,36.805645,1
0.9999997,3.6597152,0.4633891,171.3371,37.189323,1
1.0000005,4.0843368,0.46303663,167.07393,37.68336,1
0.9999999,5.2092056,0.46301377,194.75383,37.382698,1
0.9999996,3.796817,0.46384063,167.00732,37.655937,1
1.0000002,4.3231473,0.46334478,140.6286,37.235527,1
0.9999999,3.9523594,0.46363622,160.7775,37.41058,1
0.9999997,4.0711937,0.46320584,168.85867,37.33778,1
0.99999976,3.972648,0.46356064,196.34335,37.617252,1
1.0000002,3.9652312,0.4634181,163.39401,37.21829,1
1.0000004,4.686399,0.4636432,209.35078,37.279343,1
0.99999994,3.8037648,0.46324173,230.04735,36.55154,1
0.99999994,3.8555415,0.46336988,173.6653,37.773632,1
0.9999998,4.007194,0.46409974,174.49954,37.672756,1
0.9999999,3.7172477,0.464131,156.62538,37.122753,1
1.0000004,3.9796464,0.463496,164.82387,36.802197,1
1.0000004,3.9474683,0.46365774,167.47481,37.866035,1
1.0,3.9500294,0.46330062,160.89394,37.230343,1
1.0000002,3.8379753,0.4633335,177.12341,37.87394,1
1.0,3.6868806,0.46327698,159.63844,36.813038,1
1.0000004,3.8380673,0.4637193,157.91449,37.03457,1
0.99999994,3.922139,0.46341172,159.89803,36.80072,1
1.0000002,3.6923525,0.46363702,150.99059,37.672485,1
0.9999997,3.9923906,0.4633067,175.26541,37.221466,1
0.99999976,3.6786935,0.46310806,142.09528,36.633068,1
0.99999994,3.9270916,0.46306464,195.97404,37.60932,1
1.0000001,3.6025033,0.46315512,159.53395,37.78141,1
0.99999976,3.8570676,0.46316096,221.95248,37.69637,1
1.0,4.1361237,0.46325204,250.39752,37.204887,1
1.0000004,5.7959814,0.4629305,159.75183,37.490925,1
0.9999999,3.64208,0.462619,183.7974,38.261578,1
1.0000004,3.679743,0.46275142,160.1772,37.187595,1
1.0000004,3.8875258,0.46314287,164.78401,37.45507,1
0.99999964,8.914039,0.463131,178.71632,37.281357,1
1.0000001,4.699967,0.4626556,160.60269,37.447998,1
1.0000001,4.598366,0.4631712,143.85898,37.02019,1
1.0000005,3.860656,0.4629781,177.79384,36.83043,1
1.0000002,3.6661596,0.46322355,179.15201,37.264572,1
0.9999999,3.7179627,0.46354058,184.74403,37.680347,1
1.0,3.4832156,0.46308732,167.4012,37.839836,1
1.0000002,3.947101,0.4625371,161.63539,36.613476,1
0.99999964,3.8249319,0.4631727,193.83284,37.323772,1
1.0,3.8471944,0.46239364,149.84421,37.65548,1
1.0000001,5.9980054,0.46305203,174.21315,36.78038,1
1.0000002,4.0424466,0.46326452,177.50325,37.230274,1
1.0000004,3.848069,0.46366647,176.71191,37.8571,1
0.99999994,3.9401414,0.46339908,182.52225,37.13993,1
0.9999994,4.03047,0.46286324,170.91309,37.180294,1
0.9999997,3.7148633,0.46332464,199.21935,37.289753,1
1.0000002,3.7729092,0.46283036,163.86287,37.503414,1
1.0,4.519808,0.46316382,153.43013,37.413555,1
1.0,3.6708806,0.46307138,179.4531,37.162502,1
0.99999994,4.6587057,0.4633138,166.22061,36.576466,1
0.99999976,4.153392,0.46284878,176.21455,37.045868,1
1.0000005,3.807697,0.46361372,167.99057,37.310596,1
0.99999994,5.604549,0.46422696,156.93918,37.209946,1
1.0000002,3.7996378,0.4628666,150.6798,36.756836,1
1.0,4.896439,0.46299654,162.92487,37.403984,1
0.9999998,3.8137553,0.46312752,180.51297,36.78069,1
0.9999997,3.6144729,0.46343312,186.71042,37.458992,1
0.9999999,3.799309,0.4627596,154.96815,37.632484,1
1.0000004,3.6193383,0.46276742,143.88045,36.53604,1
1.0000002,3.7441895,0.46357477,161.6478,37.058147,1
0.9999999,3.840465,0.46267095,153.16411,37.18876,1
1.0000004,3.915973,0.4631641,167.86868,37.405464,1
1.0000002,3.7334135,0.46325937,211.58195,37.511135,1
1.0,3.573802,0.4628427,136.53299,36.803375,1
1.0000001,3.8252819,0.46327594,166.7994,37.3153,1
0.9999998,4.093346,0.4635587,169.09718,37.160046,1
1.0000001,3.5607119,0.46336207,184.40678,37.331482,1
0.99999994,3.756863,0.46280637,149.43858,36.658733,1
1.0000001,4.855083,0.46288353,157.44772,37.525455,1
0.99999964,3.7047012,0.4633666,211.88295,37.58354,1
1.0,4.1739306,0.46320996,168.78082,37.86234,1
0.99999976,4.687638,0.46304637,191.8698,37.260826,1
1.0,3.7239647,0.4630742,210.1319,37.928654,1
0.9999998,3.8806512,0.46316063,225.79619,37.31022,1
1.0000004,3.7164247,0.4630044,156.1491,37.831573,1
0.9999999,3.902399,0.46249697,178.00313,37.304752,1
1.0000004,4.8644342,0.4638509,170.72499,36.738503,1
1.0000004,3.7113285,0.46335188,153.54428,37.684982,1
1.0000001,4.056325,0.46350825,167.47057,37.5458,1
0.99999994,4.523679,0.4637454,171.4653,37.63668,1
1.0000002,4.1151156,0.46340474,193.72073,37.5721,1
0.99999964,3.7803106,0.46279076,219.72665,37.23545,1
1.0000004,6.308348,0.4626676,160.36967,36.85519,1
1.0000006,3.8212264,0.46333346,177.26733,37.40246,1
1.0,3.7667994,0.46335214,194.74312,36.710644,1
0.9999997,4.129526,0.46395385,145.7712,36.756657,1
0.9999998,4.06201,0.4637587,170.5796,36.394173,1
1.0000002,3.7903054,0.46369755,169.5028,37.54974,1
0.99999994,3.8885164,0.46350643,149.56802,37.62388,1
1.0000001,4.028518,0.46324453,179.27022,37.0306,1
1.0000004,3.5929801,0.46297657,156.09521,36.70994,1
1.0000001,3.8428864,0.46297207,181.04544,37.099983,1
1.0,4.518592,0.46276942,177.53139,36.47977,1
0.9999996,3.7636,0.46258992,211.34622,37.839935,1
1.0000004,3.7226002,0.46279937,151.72314,37.34182,1
1.0,3.4968908,0.46315804,238.25388,37.67363,1
0.99999994,3.6663039,0.46282676,174.98367,37.749905,1
0.99999976,3.9333591,0.46287423,147.43861,37.393898,1
0.99999994,3.8579621,0.4631625,232.93869,37.63255,1
1.0000001,3.682013,0.46268204,197.36316,38.501816,1
0.9999998,3.9631755,0.46282536,169.60266,37.685608,1
1.0000002,5.1787853,0.4641587,165.05089,37.343716,1
0.99999976,3.837625,0.46346772,163.4215,37.213783,1
0.99999994,5.007718,0.46347722,169.44463,36.751717,1
1.0000001,3.6258128,0.463936,186.70343,38.080307,1
0.99999964,4.568545,0.4633847,170.2793,37.15088,1
1.0000001,3.7282226,0.46280515,185.61165,38.53808,1
1.0,3.6226215,0.46362028,187.3272,37.63842,1
0.9999997,4.1427193,0.4635203,160.833,36.96643,1
1.0,3.598246,0.46349227,194.34103,38.303036,1
1.0000002,4.474156,0.46351373,176.37164,37.06985,1
1.0000002,3.7254314,0.46354672,171.93709,37.82804,1
1.0000001,4.0909967,0.46353164,191.14987,38.0309,1
1.0000002,3.8028965,0.46348184,193.69994,38.065132,1
0.99999976,3.848937,0.46360862,147.17738,37.17221,1
1.0000001,3.895614,0.4636096,155.74341,36.73668,1
1.0000002,3.829928,0.4634071,152.5576,36.432705,1
1.0000006,3.7463782,0.4638815,191.93275,37.956116,1
0.9999998,3.738443,0.46346733,167.55661,37.593933,1
1.0,3.7728713,0.46325317,158.88779,36.684902,1
1.0000004,3.6802874,0.46339047,162.40216,36.77315,1
0.9999998,3.8260655,0.46357116,181.18031,37.414265,1
1.0000006,3.8801818,0.46358377,208.81729,39.01993,1
0.9999996,3.721496,0.4635118,165.91702,37.81733,1
1.0000005,4.0409884,0.46381387,181.97855,37.37229,1
1.0000001,3.723652,0.46333608,153.19621,36.949722,1
1.0000001,3.6616323,0.46347964,144.91418,37.621307,1
1.0000001,3.654157,0.46317205,195.33131,37.257618,1
1.0000001,3.9545445,0.46328208,215.79932,37.30573,1
1.0000006,3.7120442,0.46334833,172.88573,37.517937,1
1.0000002,3.8616643,0.4633728,207.96828,37.23173,1
0.9999996,4.1881,0.46343696,170.65553,36.64526,1
0.9999998,4.431576,0.463238,144.42206,37.180065,1
1.0000002,3.7634363,0.4632758,220.59369,37.000572,1
0.9999995,3.8733644,0.46354502,164.18916,37.753994,1
1.0000002,3.9082022,0.46284473,176.5513,44.98748,1
1.0000002,3.6873758,0.46348542,152.7682,38.297882,1
1.0,3.6915243,0.46311352,168.64151,37.63952,1
1.0000002,3.8376787,0.46340382,156.34587,37.72835,1
1.0000002,3.8667889,0.46337414,180.03613,38.59798,1
1.0000001,4.209067,0.4631591,151.19911,36.256718,1
0.9999999,3.8691854,0.46300286,138.7043,37.610565,1
1.0000004,5.7307663,0.46339965,144.86554,37.183212,1
0.9999999,3.937259,0.46331966,198.39174,37.865322,1
0.9999995,4.003858,0.46308118,159.7504,37.49278,1
1.0,3.9613209,0.4634568,172.89682,37.072525,1
0.9999998,3.8890069,0.46324623,179.78195,36.78857,1
1.0000001,3.7622163,0.4629136,146.03453,37.02712,1
1.0000002,3.934949,0.46354482,165.4272,36.72362,1
0.99999976,3.5668619,0.46299204,151.45654,37.380497,1
0.99999994,3.7470698,0.46379417,192.22955,37.60198,1
0.9999999,3.676849,0.46332872,155.67615,36.683994,1
1.0000005,3.8430119,0.4633562,197.21078,37.901737,1
1.0000001,4.756235,0.46338236,210.96413,36.984093,1
0.9999996,4.3760967,0.4634139,141.11897,37.334625,1
0.9999999,4.7177963,0.46367607,181.19823,37.47532,1
1.0000002,3.8462274,0.46344918,177.06679,37.31617,1
0.99999976,3.9474134,0.4637344,174.37784,36.61679,1
1.0000002,4.3977656,0.4638753,163.28876,37.728992,1
0.9999999,3.7583342,0.46341702,150.81052,37.105698,1
1.0000001,4.391217,0.46404818,150.9892,37.202564,1
0.9999998,3.9783766,0.46349803,159.02159,37.12324,1
0.9999998,5.0477457,0.4630168,178.74918,37.162205,1
0.99999994,3.81179,0.463491,188.8906,37.398773,1
1.0000005,3.5530097,0.46311134,171.12952,37.29747,1
0.99999994,3.8389325,0.46334654,180.784,37.611244,1
0.9999997,3.6484094,0.46360925,157.26611,36.711758,1
1.0000004,3.734282,0.46330863,160.33289,37.762062,1
0.99999964,4.04379,0.46328866,182.07858,37.914715,1
0.9999999,3.82663,0.46319994,203.0215,38.320118,1
1.0,3.8661923,0.46393323,171.18657,37.30224,1
1.0,3.77368,0.463955,151.47195,36.56696,1
1.0000002,4.161844,0.4635005,167.8255,37.39334,1
1.0000005,3.6938677,0.46316603,228.94461,37.632946,1
0.99999964,3.9508405,0.46320245,163.51585,37.00563,1
0.9999998,3.7734563,0.46344826,160.56503,37.805042,1
0.9999999,4.472169,0.4633602,168.93428,37.700317,1
0.99999994,3.749233,0.46362114,139.18115,38.40554,1
0.99999976,3.6684809,0.46361002,148.86304,37.418625,1
1.0000002,4.0384507,0.46341053,146.4071,36.98719,1
0.99999976,3.768367,0.46317717,155.85109,36.509464,1
1.0000002,3.698721,0.46361783,181.7538,37.391273,1
0.9999999,3.8802433,0.4634047,187.12549,36.47359,1
0.9999997,4.2006707,0.46339002,158.76106,37.513435,1
1.0,3.792029,0.46354473,159.42473,37.062046,1
1.0000001,3.8038845,0.46339533,135.872,37.33939,1
1.0000002,3.962375,0.46336848,173.73444,37.55617,1
1.0000005,3.7640305,0.4636042,179.43735,37.702595,1
1.0000001,3.795022,0.46325427,224.38405,37.14102,1
0.99999994,3.9187553,0.46333724,142.94519,37.54988,1
1.0000002,3.6412191,0.46343872,194.30319,37.85549,1
1.0000001,3.8811538,0.46337736,181.80211,37.313656,1
0.9999998,3.8127875,0.46318308,148.237,36.435722,1
0.9999998,3.7337296,0.463415,186.03665,37.48648,1
1.0000004,4.0645337,0.46349353,186.60066,37.257153,1
0.9999999,3.6585286,0.46314514,203.80159,36.985725,1
0.9999993,3.716069,0.46344516,158.44496,37.054302,1
1.0000002,3.825506,0.46378446,202.87337,37.455334,1
0.9999999,3.9647975,0.46294346,228.43257,37.26935,1
0.99999976,3.6273313,0.46301204,190.7503,37.375397,1
1.0000001,3.7636583,0.46277338,154.38777,37.70222,1
1.0000004,4.0909348,0.46274135,160.76056,37.681664,1
1.0000001,3.7341526,0.46275997,222.84415,37.723133,1
0.9999999,3.8034854,0.4628689,157.14919,37.73606,1
1.0000002,3.7132354,0.46323472,155.27411,37.349155,1
0.9999997,3.7148576,0.46352768,164.58942,37.32213,1
1.0000004,3.6440141,0.46362147,182.53468,38.01358,1
1.0000001,3.6674907,0.4632645,140.71251,36.877174,1
0.9999998,3.954039,0.46298316,129.35582,36.938995,1
0.99999994,3.8667269,0.46273214,210.00014,37.57782,1
1.0000001,4.2333612,0.4633902,174.74385,37.141533,1
0.99999994,4.00547,0.46291745,173.51683,38.481194,1
0.9999999,3.7440457,0.46284544,166.66545,37.05653,1
0.99999976,3.599158,0.4633135,220.13115,36.988335,1
0.9999999,3.9660497,0.46304578,165.77635,37.7307,1
1.0000001,3.6860273,0.46285462,160.28302,37.668453,1
0.99999994,3.90301,0.4628915,146.11536,37.324577,1
0.9999996,4.093765,0.46307826,165.66075,37.287277,1
1.0000001,3.805115,0.46288952,211.36365,37.6831,1
1.0000002,3.706629,0.46325174,174.20624,37.76129,1
1.0,3.7409856,0.4634675,227.19167,37.814205,1
0.99999994,3.7319608,0.46289137,158.13016,37.60339,1
1.0,3.999925,0.4630814,155.60663,37.080605,1
1.0,3.9774356,0.46333447,164.03998,37.409363,1
0.99999994,3.6831691,0.4634991,168.1214,37.77989,1
1.0000004,4.177241,0.4632964,207.90695,37.403046,1
0.9999998,3.766906,0.46264857,187.66432,36.277508,1
1.0000001,3.5521266,0.46278065,154.10826,38.1797,1
0.9999996,3.544457,0.46282867,148.73955,36.752777,1
0.99999964,4.007384,0.46338564,155.26439,37.532593,1
1.0000002,3.5812526,0.4634538,180.50314,37.787666,1
1.0,4.242867,0.46356314,171.01004,38.185913,1
1.0000001,4.706461,0.4632594,164.83914,36.975056,1
0.99999994,3.781326,0.4630531,184.86671,36.276417,1
0.99999976,3.8545334,0.46324673,149.46783,36.94626,1
1.0000004,5.4094024,0.4636146,161.2757,37.513573,1
0.99999964,4.8734703,0.4632257,167.92966,36.893143,1
0.99999994,3.6440828,0.46342966,202.0205,38.01167,1
0.99999964,3.7556233,0.46315768,183.66617,37.970997,1
1.0000002,4.1187367,0.46282667,193.25452,38.031708,1
0.9999999,3.579303,0.46268484,188.13193,37.955276,1
1.0,3.7487998,0.4632162,189.5325,37.789417,1
1.0000005,4.1487584,0.46253264,201.29916,37.735977,1
0.99999994,4.9690323,0.46339568,155.33337,38.366817,1
0.99999964,3.6742604,0.46326014,171.41403,37.901123,1
0.9999995,4.6493855,0.46330717,183.41588,37.720276,1
1.0,3.7890422,0.46307975,159.74178,37.123245,1
0.9999998,3.7628276,0.46285495,183.20361,37.97474,1
1.0000001,3.6673512,0.46311778,158.01495,36.89266,1
0.99999976,4.0343366,0.46322814,151.17508,37.396427,1
0.9999998,3.7011256,0.46322888,204.02863,37.916084,1
1.0000002,4.2144,0.46310017,200.6351,38.1858,1
0.9999998,4.1398535,0.4634756,207.41812,37.476677,1
1.0000001,3.9106617,0.46306622,184.72685,37.746063,1
0.99999994,4.26577,0.46349582,171.99124,37.75012,1
1.0,3.8497736,0.46330813,165.37317,37.27338,1
1.0000002,4.105398,0.46295798,216.45322,37.675163,1
1.0000004,3.7939,0.4629877,166.88905,37.935074,1
1.0000002,3.6922896,0.46272454,181.70834,37.46572,1
0.9999999,3.7272067,0.46270692,150.22595,36.743942,1
1.0000002,4.6329703,0.46299574,188.00998,36.628582,1
1.0,3.857291,0.46322027,167.47687,37.66173,1
1.0,3.5285392,0.46285737,205.23996,36.84655,1
1.0,3.8666182,0.46285546,198.9534,37.852917,1
0.99999994,4.2182517,0.46279737,186.57872,37.05729,1
0.99999994,4.291258,0.46271008,151.13097,37.62821,1
1.0000002,3.6634326,0.46249324,155.47122,38.276775,1
0.9999998,3.5790637,0.46303537,235.81099,36.919724,1
1.0000002,3.5526917,0.46315116,165.25305,37.3555,1
0.99999994,4.1172247,0.46358973,184.79231,37.316296,1
1.0000001,3.8306096,0.46284667,139.78865,37.78754,1
1.0000001,3.8620934,0.4632622,172.83774,37.5146,1
1.0000001,3.8051229,0.46348745,162.94994,37.288845,1
0.9999999,3.5425804,0.46291742,164.43982,37.559563,1
0.99999976,4.9771824,0.463332,162.40373,37.553097,1
1.0000001,3.9210348,0.46302,169.17387,37.46041,1
1.0000002,4.6117687,0.46278995,158.22041,36.610466,1
0.99999994,4.089973,0.4631036,163.4522,37.556667,1
1.0000001,3.7525625,0.46314615,220.22153,36.491863,1
1.0000001,3.9868243,0.46314302,198.58426,36.567127,1
1.0,3.8387632,0.4624246,159.22015,37.11672,1
1.0000002,4.2827706,0.46298677,156.50238,37.280098,1
0.99999946,5.1739273,0.46303147,194.45564,37.837177,1
1.0000004,3.8820858,0.46304888,142.87022,38.171234,1
1.0000001,4.8066874,0.4627741,164.46385,37.24261,1
1.0000002,3.8401966,0.4630493,183.56383,37.461952,1
0.99999976,3.850855,0.4637385,171.82674,36.984844,1
0.99999964,3.609438,0.46365082,161.00151,38.270367,1
0.9999996,3.7007937,0.4630779,141.36691,38.463444,1
1.0,4.479158,0.46326214,175.23595,37.40063,1
1.0000001,3.854582,0.46299082,213.16197,37.77261,1
1.0000002,4.215676,0.46286282,168.71234,37.222054,1
0.9999999,3.6020384,0.46289334,179.78201,38.08557,1
0.9999995,3.6616638,0.46302244,189.42569,36.918243,1
0.99999976,3.87876,0.46316177,175.97218,37.821213,1
1.0,3.5539649,0.46334445,189.1448,37.450256,1
0.9999999,3.8802588,0.46349528,154.61916,37.323494,1
0.9999998,4.0052123,0.4629549,161.45874,37.3396,1
1.0000002,4.060757,0.46308067,154.13936,37.06273,1
0.9999997,3.8718157,0.46388692,188.89124,37.758312,1
0.9999998,3.8597658,0.46419197,146.86325,37.7137,1
0.9999997,4.8905153,0.4643683,216.29224,37.481544,1
1.0000001,3.8330038,0.46380627,182.20761,37.112854,1
0.9999996,4.6417274,0.46348146,170.64133,38.15241,1
1.0000002,3.6873696,0.46391737,168.50345,37.401615,1
1.0,3.855504,0.46342507,167.08076,37.19273,1
0.9999996,3.864856,0.46365967,144.24823,37.430172,1
1.0000001,4.179204,0.46376085,141.50993,35.971725,1
1.0000002,3.707123,0.46390623,172.58856,36.460384,1
1.0,3.973448,0.46343622,222.1601,38.01565,1
1.0,3.8199368,0.4634335,168.69536,36.994274,1
0.9999999,3.9966576,0.46323684,190.03984,37.842392,1
0.99999994,3.5557861,0.46367475,155.17474,37.451904,1
0.99999994,3.71871,0.46376315,140.63052,37.37636,1
1.0000004,3.6275406,0.46393722,194.49489,37.277653,1
1.0000001,3.600124,0.46346432,173.41231,37.62308,1
0.9999997,5.5949626,0.4636698,188.26051,38.124733,1
0.99999964,3.8350797,0.4636568,179.27849,37.802753,1
1.0,4.04664,0.46349785,171.31502,38.29851,1
1.0,3.540076,0.46304297,172.78198,37.819023,1
1.0000002,4.8950663,0.46329215,160.9676,37.269756,1
0.9999998,3.799351,0.46332115,196.87715,37.44282,1
0.99999976,3.6786506,0.4631213,174.14272,36.927326,1
1.0000001,3.5763426,0.46342704,178.16428,36.822575,1
1.0000001,3.8160076,0.4632687,169.99413,37.533913,1
1.0,3.7790923,0.4635448,149.66408,37.00302,1
0.99999976,3.8313975,0.4638159,171.4355,38.100803,1
0.9999999,3.6931093,0.46295857,154.56723,37.06037,1
0.99999964,4.286358,0.46293947,179.62099,37.973057,1
0.9999997,3.7679625,0.46349338,183.97217,36.92076,1
1.0000001,3.9188726,0.4627171,156.0289,37.18055,1
1.0,3.7854936,0.46322343,177.29268,37.37861,1
0.9999997,3.8412697,0.46255195,177.81169,37.182293,1
0.9999997,3.9160314,0.46259087,149.74287,37.033386,1
1.0000002,4.0244193,0.46316835,150.36288,36.922935,1
0.9999999,3.9629476,0.46273583,172.71243,37.711746,1
0.9999998,3.9024627,0.46335337,209.5446,37.411373,1
1.0,3.6718905,0.4635889,201.41911,36.813004,1
0.99999976,3.8925383,0.46355027,143.51796,37.260933,1
1.0,3.6539872,0.4634497,163.57944,37.226803,1
1.0000002,4.095144,0.46358344,167.61652,36.193237,1
1.0000002,3.9116423,0.4634327,179.34962,36.368046,1
1.0000001,3.8511264,0.46370235,143.8634,37.31756,1
0.9999999,3.84794,0.46350223,182.41562,37.822914,1
0.9999999,3.6125188,0.46360722,158.47682,36.927994,1
0.9999999,3.8965287,0.4636732,138.25566,37.59602,1
1.0000004,3.6832447,0.4635163,153.32617,36.914318,1
0.99999994,4.4099755,0.4634169,191.19226,37.230537,1
1.0000001,4.0591965,0.46312433,146.77168,37.132427,1
1.0000002,3.6709144,0.46372744,173.84303,36.83908,1
1.0000001,3.9215238,0.46373162,214.2609,36.869175,1
1.0000001,3.7740674,0.46392897,190.21326,37.52838,1
0.99999976,3.7297535,0.4637532,181.68161,38.02232,1
1.0000001,3.8210604,0.4636038,150.63799,37.01874,1
0.99999964,4.392594,0.46317986,199.2425,37.76339,1
0.9999998,3.803921,0.46341377,153.90143,37.425365,1
0.9999998,3.7315376,0.46372494,151.74667,36.899296,1
0.9999997,3.7597773,0.46349552,209.39449,37.804417,1
1.0000001,5.057557,0.46317455,175.14343,36.76197,1
1.0000001,3.8973281,0.46348163,206.96037,37.586514,1
1.0000001,3.75365,0.463853,197.06868,37.289783,1
1.0000005,3.6699247,0.46327928,191.79175,36.780327,1
0.9999996,3.9467878,0.46408695,175.4018,37.61881,1
0.9999997,3.6552272,0.46342832,132.43027,37.853977,1
1.0,4.0007753,0.46327773,168.36565,37.549526,1
1.0000001,3.7450123,0.4632324,166.92401,36.851902,1
0.9999998,3.8032348,0.4634805,165.77515,37.545235,1
0.99999994,4.03091,0.4633939,199.97264,37.014046,1
1.0000002,4.3024087,0.46331206,221.62904,37.10902,1
1.0,3.7297962,0.46316943,159.87482,37.29569,1
0.99999976,3.788641,0.4635366,142.7895,37.5043,1
1.0,3.767783,0.46352074,178.10927,37.07457,1
0.9999999,3.9308734,0.46310744,165.14612,37.6431,1
0.9999998,3.816444,0.46355328,159.57152,37.37117,1
1.0000006,3.7208698,0.4629891,153.95871,37.26861,1
1.0,3.9666343,0.46316716,160.59471,38.266975,1
1.0000001,4.0551386,0.46328038,182.18208,37.577583,1
0.99999994,3.6599348,0.4637224,181.3296,37.82384,1
0.9999998,6.7319493,0.46315494,179.94383,37.51322,1
1.0000004,4.0841837,0.46272337,152.5414,37.135384,1
0.9999999,3.8531778,0.46364123,184.96474,36.639133,1
1.0000001,4.2067566,0.4632504,199.41168,36.25003,1
1.0000004,3.9286005,0.46360686,179.27916,38.20291,1
0.9999996,11.863612,0.46474436,147.1051,37.72159,1
1.0000001,3.8281293,0.46354374,148.71785,37.212917,1
1.0000001,3.8782787,0.46437952,171.4163,37.537506,1
1.0,4.7971272,0.46356544,169.479,38.494846,1
1.0000002,8.552859,0.46367332,209.64845,37.091908,1
1.0000001,3.6485653,0.46324912,181.31985,37.977245,1
1.0000001,3.4836552,0.46302405,196.78508,37.368008,1
1.0000002,3.809707,0.46319026,206.43176,37.57124,1
0.99999976,3.8387258,0.46370065,179.10237,37.318066,1
1.0000001,4.1127057,0.463331,177.61632,37.342136,1
1.0000001,9.454079,0.4693577,164.86472,37.62329,1
0.99999976,4.7557464,0.46312124,182.1179,37.411777,1
1.0000001,3.6926444,0.4630027,154.1188,36.704697,1
0.9999998,3.6837857,0.4634759,139.6892,36.69953,1
1.0000002,3.7998526,0.46305254,166.78958,37.077965,1
0.99999994,3.8690653,0.46332744,157.83737,38.27612,1
1.0,3.7483792,0.46316874,140.86937,37.456253,1
1.0000005,3.86524,0.46363214,151.95662,37.226887,1
1.0000001,3.9094815,0.46364856,146.37248,37.706482,1
0.99999976,10.798608,0.4637818,180.3517,37.331795,1
0.99999994,3.856968,0.46337712,181.3361,36.88466,1
0.99999964,3.8826387,0.46379042,144.80377,36.71305,1
1.0000002,3.7825255,0.4628591,169.35379,36.98227,1
0.99999976,5.23311,0.46370828,182.09496,36.508152,1
1.0000001,7.711021,0.46381515,145.23247,37.122055,1
1.0000001,3.8682253,0.46367297,165.17346,37.153603,1
0.99999994,3.8058574,0.46377113,190.58975,37.909756,1
1.0000001,6.6035004,0.46395594,188.46217,37.602142,1
0.9999999,3.64153,0.46409664,196.80203,37.548164,1
0.99999964,10.634518,0.46471196,156.90918,36.99703,1
0.9999998,4.068392,0.46351263,189.65541,37.254562,1
1.0000001,3.586141,0.46360442,163.56444,36.953854,1
1.0000001,3.8275797,0.4636239,152.63435,37.669865,1
1.0000002,3.8159978,0.46342075,155.82616,36.88296,1
0.9999997,3.9220226,0.46336138,170.71231,38.077408,1
0.99999994,4.11461,0.46353608,219.0947,37.681957,1
0.9999996,4.413529,0.46305212,156.53368,37.390167,1
1.0000001,3.9138708,0.46347362,253.74672,37.43527,1
0.9999997,3.7724512,0.46328494,181.17882,37.09279,1
1.0000001,4.409992,0.4630627,179.00383,37.11813,1
1.0000001,3.7995965,0.46341282,172.63528,38.09297,1
1.0000001,3.8296502,0.463983,162.4805,37.57188,1
1.0000005,4.0601306,0.46355444,168.3716,36.867134,1
1.0,3.9542444,0.46355703,199.0488,37.11439,1
1.0,3.7556982,0.4632236,175.53711,37.859657,1
1.0,5.8007927,0.46347612,200.74702,37.594444,1
1.0000002,3.9837754,0.4628659,170.40572,37.568897,1
1.0000002,3.6821866,0.4634153,141.84682,37.65482,1
0.99999976,3.7360854,0.46309513,168.60909,37.696224,1
0.99999976,3.7250483,0.46326134,154.18665,37.055984,1
1.0,3.7492898,0.4636782,184.15271,37.238056,1
0.9999999,6.5072126,0.4634799,161.69981,37.739613,1
0.99999964,7.1568007,0.46338528,179.08533,38.36996,1
1.0000001,4.823925,0.46323878,223.37389,37.439713,1
1.0000001,8.700513,0.46387395,185.95834,36.8342,1
0.9999996,4.273956,0.46349052,190.19412,37.642254,1
1.0000001,8.759145,0.46438128,168.31514,36.899487,1
0.9999998,7.142185,0.46352333,193.27824,36.099,1
1.0000006,10.175725,0.4636642,150.95758,37.68724,1
1.0000004,6.0863504,0.46350667,181.17421,37.281464,1
1.0000002,11.2765465,0.46390954,175.90637,37.714554,1
1.0000001,11.626168,0.4643469,171.94649,36.559807,1
1.0000002,8.363997,0.46423277,198.85378,37.902763,1
0.9999997,12.9137335,0.46466193,167.88696,37.417034,1
1.0,11.8965025,0.4634848,196.61372,37.640392,1
1.0000001,8.8147135,0.4636924,154.24022,38.00162,1
1.0000005,7.75754,0.46308336,174.77364,37.298077,1
1.0000002,13.303281,0.46384233,146.66228,36.53944,1
1.0000004,3.9376018,0.46323276,137.07779,37.397617,1
1.0000001,3.8762476,0.46297878,174.74728,37.28922,1
0.9999998,3.8779738,0.46316057,154.19847,37.37035,1
1.0000002,3.5765264,0.46360487,161.30568,37.41766,1
1.0000002,4.321986,0.46339455,184.03917,37.264366,1
1.0,4.3765087,0.46375817,181.38097,37.74326,1
0.9999997,3.6815388,0.46337762,158.14986,38.048016,1
0.99999994,3.8521113,0.46329528,195.35878,38.12858,1
0.9999999,4.11218,0.46364376,178.08084,36.61935,1
1.0000002,3.7984023,0.46303916,182.96317,37.195644,1
0.99999976,3.6869993,0.46259004,154.79146,37.90097,1
1.0000005,4.0409603,0.4633036,149.2748,37.484055,1
1.0000001,4.723949,0.46328372,170.32085,37.590508,1
0.99999964,3.8326433,0.46349207,159.41675,36.67547,1
0.99999994,3.8030467,0.46373114,164.88013,37.631435,1
1.0000001,4.1677585,0.46304923,163.0165,36.88651,1
1.0000002,3.5153549,0.46360886,184.36726,37.104397,1
1.0000002,3.8559356,0.4631011,149.42575,37.249947,1
0.9999999,3.7601273,0.46300173,169.33061,37.448498,1
1.0,3.682225,0.4633589,167.1339,36.546867,1
1.0,3.6243844,0.46331865,145.5148,37.212456,1
0.9999998,4.011873,0.46321464,151.31429,37.940285,1
1.0000002,3.840084,0.46318284,198.40373,36.72062,1
1.0000001,3.7737985,0.46319753,152.36397,36.906395,1
0.9999999,3.9466128,0.46308008,158.9891,37.10582,1
0.99999994,3.676531,0.46333444,195.12573,38.276905,1
1.0000001,3.7421312,0.46356297,189.7289,37.991745,1
0.9999999,3.87927,0.46385348,208.72057,37.14337,1
0.9999999,3.6231806,0.4631733,192.06128,36.697575,1
1.0,3.5762713,0.46315348,177.1984,37.33833,1
0.99999994,3.8986025,0.46377778,181.7444,37.456127,1
0.9999997,3.9241457,0.46420196,184.26602,37.975437,1
1.0000005,3.853102,0.4638708,216.72789,37.461124,1
1.0000001,3.7927015,0.46352673,226.45996,37.658455,1
1.0000002,3.6217031,0.46374577,192.14874,39.073906,1
0.99999994,3.6872826,0.46311435,169.63387,36.92654,1
1.0000002,3.9595885,0.46366587,167.1345,37.549362,1
0.99999976,3.6692479,0.463411,181.23244,37.01418,1
1.0000001,3.5744114,0.46312433,170.71649,36.853012,1
1.0000002,3.9911695,0.46381015,158.07143,36.86726,1
0.99999964,3.9186518,0.46348295,186.54568,36.709923,1
0.99999994,3.946829,0.46398014,192.37785,38.02656,1
1.0000004,4.033824,0.46368685,160.17412,37.318745,1
0.9999998,3.675355,0.4635333,153.55162,37.7708,1
0.9999999,3.7683582,0.46343216,162.96317,37.088604,1
0.9999999,3.5916905,0.46371478,165.61424,36.94344,1
1.0,3.7292485,0.46360826,159.5745,37.527897,1
1.0000004,3.8804367,0.46341443,176.71971,37.1514,1
0.9999996,4.071221,0.46375918,211.96936,37.10509,1
0.9999998,4.14942,0.4636848,160.97209,37.15458,1
0.99999964,3.9786675,0.46342924,152.07898,36.79518,1
1.0000005,4.1058807,0.46281797,205.95453,38.32541,1
1.0000007,4.3295135,0.46403906,153.96107,37.74246,1
1.0000002,8.398916,0.46378884,184.69952,36.49169,1
1.0000001,3.6231208,0.46343735,146.64394,37.189438,1
0.99999994,4.4590063,0.4632324,163.47829,38.185883,1
0.99999994,3.7453532,0.46390718,152.82472,37.446472,1
1.0000004,4.291828,0.4636013,173.74315,37.501705,1
1.0000005,3.738378,0.46365756,205.33748,37.448986,1
0.9999997,3.8521507,0.46397159,175.7489,38.07799,1
1.0,3.8523068,0.4635252,173.40439,36.359894,1
0.99999994,3.864582,0.46360227,179.35205,37.592697,1
0.9999999,3.8275478,0.46405002,172.92851,38.286022,1
1.0000001,3.7484193,0.46354565,163.6702,36.480637,1
1.0000004,3.7950404,0.46335182,160.2666,37.199116,1
1.0000001,4.1026525,0.4652821,176.81581,36.145298,1
1.0000005,4.446591,0.461495,176.99403,37.2288,1
0.9999997,3.7470763,0.4610007,203.53201,36.68227,1
0.99999994,3.8950706,0.46065223,158.31976,35.662163,1
1.0,3.7751176,0.46156755,210.29053,36.184578,1
0.99999964,3.8376427,0.46099538,184.7901,37.00013,1
1.0000001,3.7752,0.46144786,203.18793,36.853947,1
1.0000001,3.6693773,0.46141958,182.05292,36.18165,1
0.99999976,4.185896,0.46153125,206.2469,36.327866,1
1.0000002,3.8589306,0.46156856,246.73982,37.678844,1
0.9999999,3.5993094,0.46159,262.7187,35.576107,1
1.0000001,4.480407,0.46145663,231.83289,36.02052,1
1.0,4.155042,0.46127045,238.76253,35.210293,1
0.99999994,4.0730014,0.46111214,232.05649,36.685535,1
0.99999994,3.9190311,0.46111965,182.25682,36.915813,1
1.0000002,3.7283678,0.4612798,190.0785,36.50763,1
0.9999999,3.6730978,0.4611825,203.93411,36.253525,1
0.9999999,3.6582036,0.4614745,202.98137,36.633503,1
0.99999976,3.7174015,0.46133322,212.7883,36.342976,1
0.9999995,3.6016004,0.4617474,230.06676,35.946796,1
1.0000002,3.814072,0.46125764,183.93602,36.69326,1
1.0000001,3.7174518,0.46101958,202.75095,35.815483,1
1.0000002,6.7194285,0.46122223,177.53876,35.722137,1
1.0,3.7456527,0.4612234,229.1962,36.86708,1
0.9999998,3.697677,0.46127477,213.63416,36.173313,1
0.9999999,3.8240645,0.4613433,191.87614,36.448437,1
1.0,4.1593094,0.46132118,192.23048,35.723694,1
0.99999994,3.799772,0.46167728,196.08138,36.18753,1
1.0,4.2902546,0.4616576,199.64429,36.052464,1
1.0000001,3.784348,0.46133283,189.17915,37.07836,1
1.0,3.7088003,0.4612304,187.77449,35.685944,1
1.0000001,3.522979,0.46165636,187.1969,36.7247,1
1.0000001,3.9113631,0.46151993,189.67755,36.47331,1
0.9999999,3.6785214,0.4613157,226.14001,37.112762,1
1.0,3.6698902,0.46111974,209.02757,35.959946,1
1.0000001,3.6459591,0.4611858,253.57065,37.33668,1
1.0,4.638177,0.46144286,220.65211,36.702587,1
1.0000001,3.771297,0.46137422,200.27493,36.51193,1
0.9999999,3.9375653,0.4613192,204.28027,37.041412,1
0.9999999,3.5427308,0.46121883,195.51735,36.484497,1
0.9999997,3.701899,0.46111694,213.72284,35.964222,1
1.0,3.8387387,0.46126798,210.73726,37.0962,1
1.0,5.417287,0.46145356,160.523,35.796364,1
1.0000001,3.918115,0.46128878,229.92918,36.419716,1
0.99999994,3.7559721,0.46190044,194.2206,36.14474,1
1.0000002,3.5979753,0.46118373,221.26321,36.737633,1
1.0000001,3.7335415,0.46121866,195.3181,36.223614,1
0.9999996,3.9347198,0.4612024,176.99942,36.657055,1
1.0000001,3.5105507,0.4619196,203.1375,36.74997,1
1.0,6.960153,0.461323,226.8153,36.257565,1
1.0,3.9686253,0.4617039,196.26115,36.732414,1
1.0000002,4.0772223,0.461205,168.79988,37.217266,1
1.0000001,3.7585113,0.46139312,173.73935,36.24531,1
0.9999996,3.5406144,0.46144113,249.68053,36.683395,1
1.0000001,3.5719843,0.4614051,178.43149,36.263466,1
1.0000004,3.604142,0.46120963,193.11153,36.423744,1
0.9999996,3.8721013,0.460823,187.20912,36.306507,1
0.9999996,3.749869,0.46140006,186.16196,37.017292,1
0.99999976,3.6508567,0.461503,191.53845,36.303207,1
1.0,3.4448035,0.46075225,178.71811,36.892418,1
0.99999994,3.6841605,0.46119848,189.58478,36.27377,1
1.0000002,4.0085583,0.4612634,199.04015,36.91237,1
1.0000001,3.5574234,0.46114767,193.91946,36.111702,1
1.0000001,3.6668108,0.46124128,173.13136,36.70879,1
0.99999976,3.6596918,0.46157578,174.192,36.46171,1
1.0000002,3.7149663,0.46135333,201.70894,36.623695,1
1.0000001,3.6174548,0.4610576,210.2364,36.814953,1
1.0000002,3.5709217,0.46128395,188.84644,36.845387,1
0.99999976,3.576997,0.46138567,180.77005,35.918148,1
0.9999997,3.663602,0.461273,197.81926,36.860245,1
0.99999994,3.7889888,0.46165556,220.70482,36.158768,1
1.0000005,3.9298635,0.4613411,166.55057,36.471725,1
1.0000002,4.105945,0.46117982,181.01138,36.514793,1
1.0000001,3.5621648,0.4615324,190.99893,37.44709,1
1.0000001,3.7037444,0.461018,176.38147,36.335735,1
0.9999999,3.8187656,0.46161047,220.24706,35.90703,1
1.0000001,3.780732,0.46165934,211.55093,36.225777,1
1.0000001,3.8389091,0.46096662,197.57016,36.134624,1
0.99999964,3.759928,0.46095622,202.82608,36.63987,1
1.0000001,3.7084737,0.46152067,221.63904,36.384403,1
0.9999999,3.7605317,0.4610304,226.50517,36.037067,1
1.0000004,3.651315,0.46144265,174.28107,36.859116,1
0.9999993,3.9518404,0.46163362,180.9166,36.57387,1
1.0000001,3.7517402,0.4611621,171.77539,36.30386,1
1.0000001,3.6894095,0.46080977,181.80704,36.75588,1
1.0000004,3.7009807,0.46077386,176.00424,36.419678,1
0.9999998,3.702494,0.46051696,191.25554,36.175964,1
0.99999994,3.7902927,0.46126893,184.69153,37.096725,1
0.99999976,3.6567678,0.4611712,200.99728,36.63164,1
0.9999999,3.8000102,0.461616,203.64287,36.851166,1
1.0,4.4852276,0.4608631,194.38956,35.77848,1
0.99999994,3.5430908,0.46091726,177.20874,37.179493,1
1.0000005,3.4373739,0.4613681,195.16673,36.12533,1
1.0,3.9259632,0.46147504,182.99278,36.735348,1
0.9999999,4.192318,0.46142805,191.57053,37.194798,1
1.0000001,3.8007443,0.46136665,197.68068,35.46557,1
1.0000002,3.6537066,0.46124288,190.06079,36.144756,1
0.9999999,3.7570677,0.4610506,214.2874,36.081352,1
0.9999998,3.8791826,0.46071163,169.42023,36.380627,1
1.0000002,3.8511624,0.46157,178.6986,36.253876,1
0.9999998,3.8220422,0.4612241,200.73282,36.728725,1
0.9999998,3.5987673,0.46117473,179.29095,36.216843,1
1.0000002,3.5927618,0.46089876,219.22995,36.31984,1
1.0000004,3.6096928,0.4611677,217.91415,36.544792,1
0.99999946,3.9595058,0.4612374,199.56242,36.169373,1
1.0000002,3.8206117,0.4610908,219.4954,36.343,1
0.99999964,3.7118523,0.4609263,238.07562,36.61563,1
1.0000002,3.9366896,0.46103102,193.06003,35.825714,1
1.0000004,3.6867118,0.46053964,185.0344,36.21273,1
0.99999964,3.5562115,0.4604176,218.02739,37.1973,1
0.99999994,4.190136,0.4611125,237.96233,36.737797,1
1.0000001,3.772997,0.46077603,209.99692,37.575813,1
1.0000004,3.6250176,0.46077326,181.88713,36.05993,1
1.0000002,4.1355367,0.46153045,212.33783,36.628113,1
1.0000005,3.766889,0.46108422,193.50003,37.05824,1
1.0000001,3.817131,0.46093658,185.77339,36.613407,1
0.99999994,3.7398646,0.46102056,186.71912,35.979424,1
1.0000001,3.6089137,0.46080607,167.07979,36.54538,1
0.9999997,3.8819318,0.4607674,155.28058,36.08688,1
0.9999998,3.7401621,0.46128276,196.94519,36.496666,1
0.9999996,4.0512514,0.4610954,158.7363,36.853626,1
1.0,4.1602345,0.46107194,198.122,36.483852,1
0.9999999,4.024638,0.46079513,205.94511,36.134518,1
1.0000001,3.7848024,0.46110606,206.89641,35.822933,1
0.99999994,3.7037635,0.46107024,180.55594,36.786556,1
0.9999998,3.8252473,0.46078917,204.91609,36.660007,1
0.99999994,4.174991,0.46160135,261.4146,36.736458,1
1.0000005,3.7536223,0.4609403,205.28786,36.17766,1
0.9999998,3.6761541,0.4612859,177.66226,36.225273,1
1.0000002,4.0629764,0.46117076,189.54883,36.437965,1
0.99999994,3.5865176,0.46114483,179.84358,36.483192,1
0.9999997,3.6510508,0.46123812,212.88286,36.25712,1
1.0000002,3.6515515,0.46171007,204.29068,37.02345,1
0.9999997,3.7202218,0.46182314,183.82507,35.685143,1
1.0000002,4.6314435,0.46120074,211.19981,35.44576,1
1.0000002,3.6227884,0.46133864,212.3305,35.916264,1
0.99999994,4.595212,0.46151555,155.72072,36.70308,1
0.9999998,3.5327754,0.46116075,187.50566,35.92696,1
1.0000002,3.8561757,0.46145627,206.0266,36.121414,1
1.0000002,3.898316,0.46131757,190.33887,36.49514,1
1.0000002,3.773438,0.4617514,294.04105,37.21459,1
0.9999998,4.0503707,0.461639,187.08167,36.433254,1
0.9999999,3.6566162,0.46149856,196.35478,37.253815,1
0.99999964,3.777873,0.46176055,180.47638,36.428585,1
0.99999994,3.788661,0.46146706,223.3987,36.872845,1
1.0000001,3.597114,0.46154562,183.01263,36.448055,1
0.9999999,4.159506,0.46129858,182.4398,36.634617,1
1.0000004,3.9418647,0.46106347,186.46355,36.82918,1
1.0000002,3.6789157,0.46187723,208.37769,37.14161,1
1.0000001,3.5436847,0.46159092,193.19962,37.109203,1
0.99999964,3.7511747,0.46171433,222.6255,36.98516,1
0.99999994,4.2573285,0.46132287,218.45555,36.075264,1
0.9999992,3.8564615,0.4614131,215.43227,36.672287,1
1.0,3.6786919,0.4618466,199.04463,36.528805,1
1.0000001,3.927916,0.46137536,201.78484,36.192745,1
0.9999999,3.8694997,0.4614318,183.65105,36.43353,1
0.9999998,4.057082,0.4615482,186.9827,36.708324,1
0.9999999,3.6895928,0.46131915,174.0742,36.721027,1
1.0000001,3.659928,0.46157482,200.16972,37.153122,1
0.9999999,3.6642003,0.46154782,200.68776,36.57441,1
0.9999998,3.747191,0.4612535,174.7657,37.10301,1
1.0,3.6745186,0.46159887,187.11772,36.8099,1
1.0,3.8292727,0.46148074,182.81125,36.092766,1
0.9999997,3.8900874,0.46195602,182.69463,36.416744,1
1.0000004,3.6664057,0.46083432,177.45628,36.563347,1
1.0000001,4.1456714,0.46183327,217.43723,35.92045,1
0.99999964,3.5611415,0.46114454,240.55173,36.03223,1
1.0000001,3.4281216,0.46123898,242.94875,36.932117,1
1.0,3.9932182,0.4612263,188.57375,36.803356,1
1.0000004,3.6575024,0.4618513,215.65776,36.73012,1
0.9999998,4.152708,0.46162578,165.06322,36.032417,1
1.0000001,3.7823896,0.4616653,167.6419,36.13777,1
1.0000002,3.703116,0.46224213,181.3522,36.459133,1
1.0000001,3.824398,0.4620368,225.90485,39.67411,1
1.0000001,3.8974524,0.46145567,197.25763,36.269726,1
0.9999997,3.8699405,0.4618315,198.21062,36.10368,1
1.0000002,4.2738943,0.4618616,184.96472,35.565514,1
1.0000002,4.190804,0.46178496,223.58475,37.178318,1
0.9999997,3.892379,0.46180147,257.5387,36.360817,1
1.0,3.8335278,0.46096867,194.10814,36.473133,1
1.0000001,3.8103037,0.46152416,174.54576,37.697697,1
1.0000001,4.1910863,0.46146348,186.248,36.750763,1
0.99999976,3.9196856,0.46137592,193.47005,35.534386,1
0.9999999,3.9691498,0.46126723,203.37074,35.783253,1
1.0,3.6915238,0.4607261,179.0611,37.303066,1
1.0000004,3.836513,0.46089715,195.71849,36.28793,1
1.0000001,3.6653342,0.4611307,232.93701,37.187267,1
1.0000006,4.2863016,0.46100342,173.94257,36.63322,1
1.0000001,4.6547275,0.4618409,199.88876,36.67498,1
1.0000001,3.709516,0.46147317,194.29395,35.753014,1
0.9999995,5.5289803,0.4612861,205.19522,36.280067,1
1.0000002,3.841106,0.4610126,213.92336,36.744858,1
0.9999999,3.544697,0.4614927,205.48616,36.827682,1
1.0000001,3.602803,0.46174374,207.9947,36.749115,1
1.0000001,3.8518894,0.46125665,204.89491,36.291904,1
1.0,3.9990263,0.46200404,174.9646,36.77858,1
0.99999964,3.8484688,0.46176523,196.14638,36.5882,1
0.9999999,3.6039546,0.4616719,198.82884,36.93384,1
1.0000002,3.840439,0.46169418,168.29489,37.26258,1
1.0000002,3.973891,0.4619891,192.44647,36.545418,1
0.99999976,3.678862,0.46187225,184.15292,36.444042,1
1.0000005,3.8085053,0.46169204,210.20476,37.168205,1
0.99999976,3.5453386,0.46137226,168.41109,36.60865,1
0.99999994,3.733216,0.4614691,170.28462,36.71647,1
1.0000001,4.100146,0.46149194,189.68916,37.10703,1
0.99999964,3.588386,0.46180937,226.88998,37.174404,1
1.0,3.5224414,0.46145424,213.77527,35.723736,1
1.0000002,3.762557,0.46180096,200.13184,36.287945,1
1.0000001,3.9112585,0.46165305,149.96349,35.801254,1
0.9999998,3.7963512,0.4617796,202.82805,36.918,1
1.0000004,4.278145,0.46105078,197.81259,36.528534,1
0.99999994,3.9859698,0.46158156,221.45241,36.50122,1
1.0,3.9209654,0.46215016,171.13939,35.716618,1
0.9999997,4.110496,0.46184373,197.30542,36.170097,1
1.0000002,4.076526,0.4612274,179.59218,36.403652,1
1.0000001,3.945968,0.4612591,183.13889,37.069122,1
0.9999999,4.2875686,0.4613818,215.78206,36.277367,1
1.0,3.7269409,0.46146405,223.95082,36.891075,1
1.0000001,3.7187183,0.46109027,221.7554,36.641342,1
1.0,3.566031,0.4616224,164.78227,36.644627,1
1.0000005,3.5704422,0.4616695,181.81537,36.576553,1
1.0000001,3.8782606,0.4612967,179.6932,36.414593,1
1.0000004,3.7120702,0.46154794,201.67395,36.433544,1
1.0000001,3.7355483,0.46127516,188.36783,36.5753,1
1.0000001,3.5605946,0.46134537,201.9806,35.634953,1
1.0000002,4.0834413,0.46155715,184.57428,36.677048,1
1.0000001,3.848543,0.4615555,180.15143,36.02004,1
1.0000005,3.7585135,0.46162897,211.53415,36.533314,1
1.0000004,3.8624964,0.4615598,233.75256,36.08918,1
0.99999994,3.8952296,0.4620345,242.06152,36.979816,1
1.0000006,3.97228,0.46202698,201.66992,37.002586,1
1.0000004,3.6900783,0.46156576,226.03589,36.107452,1
1.0,3.6722054,0.4617392,175.12814,36.464024,1
0.9999996,3.7243788,0.46185273,296.6195,37.686764,1
1.0000005,4.0308013,0.46161094,162.544,35.45015,1
1.0,3.7256877,0.46076977,201.66844,36.597992,1
0.9999998,3.9967296,0.46140954,196.99983,37.0179,1
1.0000006,3.6734338,0.46075052,207.40862,35.803158,1
0.99999994,3.693523,0.46051106,181.05397,35.651012,1
0.9999999,3.6001296,0.46135408,178.94624,35.617687,1
1.0000001,4.5182595,0.46122426,186.17902,36.5875,1
0.99999976,3.8739674,0.46068442,241.27394,36.44934,1
0.9999999,3.438616,0.46076155,206.09508,36.427494,1
0.9999999,3.642852,0.46107072,216.23103,35.874573,1
0.9999998,3.6781871,0.46130663,188.65633,36.674583,1
0.99999964,3.7925017,0.46131882,204.68465,36.50761,1
1.0000001,4.010306,0.46105433,182.67836,36.42706,1
1.0000001,3.6647666,0.4615188,198.84105,36.760864,1
0.9999999,3.6215842,0.4616185,178.68373,36.83832,1
1.0,3.9548686,0.46100304,193.13994,36.89488,1
0.99999994,3.5668488,0.46121562,192.98149,36.949608,1
1.0000005,3.6712549,0.4613435,188.63051,36.736633,1
1.0000002,3.9059083,0.46170327,187.91925,36.228374,1
1.0000002,3.9955194,0.46117553,191.20752,36.24484,1
0.9999998,3.7271688,0.460849,153.85501,36.0719,1
0.99999994,3.8133824,0.46161744,221.57382,36.061287,1
0.9999999,3.8516037,0.46185702,188.65646,36.280823,1
0.9999999,4.2216635,0.46114564,193.74371,37.75574,1
1.0,3.8694375,0.4615067,207.36736,36.714504,1
0.99999964,4.0918407,0.46136948,186.01851,35.863316,1
0.99999976,3.6744835,0.4611549,172.30553,35.975178,1
0.9999998,3.57221,0.46144342,193.29408,36.76161,1
0.9999999,3.9032123,0.46159878,199.47888,36.116123,1
1.0,4.041089,0.46153563,226.3078,36.559437,1
0.9999998,3.9439666,0.4616666,195.35551,36.0359,1
1.0,5.5961356,0.46125245,209.42516,36.324974,1
0.99999994,3.8644075,0.4617238,197.0501,36.214134,1
0.9999998,3.6213734,0.46164334,173.15749,36.359505,1
0.9999998,3.953632,0.46170017,270.06665,35.936,1
1.0000002,3.93071,0.46170104,184.18251,36.969215,1
0.9999999,3.781767,0.46157697,196.7451,35.38181,1
0.9999997,3.6558197,0.4618452,200.35265,35.949257,1
1.0,3.9366531,0.46137503,185.24472,36.13023,1
0.99999976,3.6816547,0.46096107,172.40044,36.841087,1
1.0000002,3.8215768,0.46125785,191.2003,36.777664,1
1.0000002,4.244205,0.46149212,178.88086,36.666523,1
1.0000001,4.0068746,0.46216387,235.3633,36.914005,1
1.0000004,3.7476382,0.46164528,186.31784,36.79738,1
1.0,3.9158971,0.4618164,182.80869,38.196644,1
1.0,3.715728,0.46151534,192.7882,36.7964,1
1.0,4.2441974,0.46103084,194.29189,36.75581,1
1.0000001,3.6297023,0.46167237,196.17953,37.032608,1
1.0000001,4.0531344,0.46185398,179.64572,36.79709,1
1.0000001,4.437913,0.4616506,188.87234,36.701576,1
0.9999997,3.6899564,0.4620445,167.93457,35.758865,1
0.9999998,3.742163,0.461833,183.87187,37.709705,1
1.0000004,3.8985207,0.46187323,193.29703,37.200916,1
0.9999999,3.7098422,0.46137333,230.20146,37.559647,1
1.0,3.6123776,0.46150604,175.93074,36.792236,1
1.0000001,3.5874352,0.46145925,191.57939,37.28844,1
0.9999999,3.775461,0.4617605,232.2907,37.39887,1
0.9999998,3.9756427,0.46146467,179.44443,36.99487,1
1.0,3.6257968,0.46140558,230.5182,37.59188,1
1.0000001,3.8991458,0.46125934,177.63844,36.901554,1
1.0000002,4.5434995,0.46097425,200.61157,36.35688,1
0.9999999,4.0051556,0.46105948,216.53423,36.337368,1
0.99999994,3.794133,0.46123672,190.75566,36.51787,1
1.0000004,3.5464652,0.46145588,194.90347,37.1469,1
0.9999997,3.7600436,0.4613155,217.30597,36.24733,1
1.0000002,3.6488154,0.4611102,228.19504,36.63549,1
0.99999994,3.7112317,0.46160147,215.05363,36.81482,1
0.99999994,3.5874014,0.4614858,268.65973,36.167496,1
1.0000002,3.598296,0.46108416,175.0054,36.20169,1
0.99999964,3.704217,0.46104956,207.70674,36.126556,1
1.0,3.7548196,0.4615022,212.99399,36.85605,1
0.99999994,3.7471623,0.46139118,186.87222,36.539463,1
0.9999997,3.8424535,0.4615581,185.02617,36.355465,1
0.9999999,4.1773667,0.46069485,187.66658,36.67382,1
1.0,3.9973156,0.46086136,189.41827,36.171898,1
0.99999976,3.5774872,0.46066785,193.46774,36.31937,1
1.0000001,3.720228,0.46097487,199.51775,36.22285,1
0.99999964,3.8006592,0.4607967,186.79979,36.423103,1
0.9999995,3.4822443,0.46079612,181.83656,36.43924,1
1.0000001,3.632536,0.46145645,155.72252,36.175232,1
1.0000001,3.5659883,0.46084714,189.84138,36.506474,1
0.99999994,3.915745,0.46131065,215.06938,36.65723,1
1.0000002,3.9507353,0.4614419,211.81358,36.862076,1
1.0000001,4.1323175,0.46099126,176.74571,36.110798,1
1.0,3.6215818,0.4607222,240.6273,37.688972,1
1.0000002,3.741205,0.46141505,192.0155,36.699142,1
0.99999994,3.6562552,0.46114644,161.59747,35.88278,1
1.0000002,3.688231,0.46111065,213.58994,36.809982,1
1.0000004,3.7525034,0.46138215,176.63132,36.974865,1
1.0000002,3.6338646,0.4607882,193.1837,36.56086,1
1.0000001,3.6762097,0.4608644,216.74312,36.603558,1
1.0000002,3.6481802,0.46119875,217.03871,36.348915,1
1.0000001,3.7827978,0.46110752,168.60779,36.04856,1
1.0000001,3.732296,0.46109188,234.6613,36.93257,1
0.9999999,3.5338748,0.46092233,193.33511,35.85879,1
0.9999998,3.6365566,0.46107668,234.18935,37.14594,1
1.0000001,3.6581593,0.46206623,187.75638,37.312943,1
0.9999998,3.60983,0.46118575,212.54904,36.96579,1
1.0000004,4.1318326,0.4611484,227.28284,35.91835,1
1.0,3.6901922,0.46132427,208.9615,36.7056,1
1.0000002,3.5255675,0.46108285,178.24478,36.367764,1
0.9999998,4.9055963,0.46152446,209.8264,36.191055,1
0.9999998,3.777173,0.46171907,196.86449,36.712585,1
1.0000001,3.955275,0.46132967,172.11081,35.76629,1
1.0000002,3.837124,0.4618641,164.96056,36.543716,1
0.99999946,5.1652513,0.46093372,172.75758,36.843815,1
1.0000004,4.7000237,0.46131673,193.60649,35.885647,1
1.0000001,5.087254,0.46101034,189.92612,36.68857,1
1.0000001,3.9292016,0.4610042,185.8686,36.524525,1
1.0000002,3.6920247,0.46127027,184.1652,36.33758,1
1.0000001,3.736488,0.46046406,243.85315,36.142487,1
1.0000002,3.443436,0.4608478,183.92064,36.71592,1
0.99999976,3.7661045,0.4610084,187.89621,36.89468,1
1.0000005,3.8026524,0.46095166,226.71074,36.217712,1
1.0000001,3.834702,0.46114185,189.80319,36.636337,1
0.9999999,4.0182242,0.46121955,239.77701,36.627293,1
0.99999994,3.6609595,0.46108347,263.05417,36.523926,1
0.9999995,3.7134557,0.46123037,178.98839,36.331978,1
1.0000002,4.593913,0.46151483,185.98508,36.711906,1
1.0000002,3.4984503,0.46171612,191.65584,35.7312,1
0.9999999,4.12844,0.46123192,186.55206,36.8393,1
1.0000002,3.638081,0.46115986,198.23853,36.199017,1
0.99999994,4.064644,0.46176946,212.78505,37.155533,1
