Potencia,Maximo,DesvioPadrao,Curtose,Assimetria,FFT_Peak,FFT_Mean,FFT_Centroide,Classe
0.34625448224594374,-0.068468918636884,-0.061273742559676714,-0.07435708867615401,-0.09834841311272098,-0.8311656777514548,0.8449108343585277,1.5197081224309845,0
0.34625448224594374,0.5214955279052176,-0.4103392432036097,-0.06454290662997102,-0.08940586080005891,0.6142552458593655,-0.39898264256129085,-0.6976713511956117,0
1.3168346700122053,0.2658022872857479,0.12001637646924528,-0.06773491129019556,-0.05342136092357235,1.4671767880557285,1.4867796351321776,1.0287701197895023,0
2.287414857778467,-0.3620041825683498,-0.3623905200402239,-0.06957395961108014,-0.08046755393826072,0.537522579518889,2.113122693506252,1.3359209560857486,0
-1.5949058932865796,-0.16401642562663987,-0.5591518529460953,-0.0754094217320223,-0.124608298541839,0.82663222910715,-0.4129972451982701,1.517955425719656,0
-0.13903561163718708,-0.3496149813560234,0.14274160307838293,-0.08771735053094795,-0.12995458507541155,1.1854270701686798,1.3072647619634619,-0.7928349144476842,0
-1.1096157994034488,-0.23202252096698694,-0.11193143313342331,-0.058801154615474756,-0.054892010904485575,-1.4055630517663709,-0.4205712239277332,0.494941581746237,0
0.34625448224594374,-0.3496301340632706,-0.22275829985507212,-0.07183211729739007,-0.10605271366410442,1.5088176981162953,0.8435337473168071,0.08496169255143897,0
-0.8669707524618834,0.18419079967271249,-0.16722446794267612,-0.07094626445874966,-0.10415490757055582,-0.42785488470710104,0.2518433172890372,-0.5390471613016004,0
1.3168346700122053,-0.22247234092068918,-0.28554614449965643,-0.06527463199261015,-0.0761805175544927,-0.6469968876981452,0.601190801195964,-1.424912857966569,0
-0.8669707524618834,-0.1928497918726464,0.002868585790087978,-0.0716497229016564,-0.07689009890542915,1.1542377314432106,-0.1338872937245867,2.5240748748734623,0
1.3168346700122053,-0.1420961715558523,-0.5655329761793895,-0.08424054705320734,-0.15181654744159526,-0.42829539762061564,-0.1525571817592408,-0.19905293009392394,0
-1.352260846345014,-0.09341474605636602,-0.49684560250779725,-0.08382877685477517,-0.15755000487895968,-0.25862475101492166,0.8416143560860904,-1.0350879416498462,0
0.8315445761290746,-0.44411446749535716,-0.15994035557259492,-0.06880678883469832,-0.08602271681831149,1.697714318625116,0.825692548829383,-0.5162067722803482,0
1.3168346700122053,-0.44456184496670353,-0.44423143547101235,-0.07706322838152153,-0.12059844660964575,0.4568552986668379,0.44621976255844514,-0.12089502673258704,0
1.3168346700122053,-0.4502935427867179,-0.2627306189768401,-0.0778546783759001,-0.1401807268300025,-1.2177750310315942,0.3268031614803932,0.7022561509018272,0
0.34625448224594374,-0.04033058968395196,0.11655491811156206,-0.07486451046410893,-0.11534745614934794,-1.0551943007366027,0.9081105989458097,-0.3147286611971961,0
-0.13903561163718708,-0.3099735119571684,-0.46472928887607556,-0.07084632002885892,-0.09750633975457519,0.4817193988135359,0.990016811400712,-0.12264080752743707,0
0.8315445761290746,0.6761937390770605,-0.06560809041625397,-0.0645674377744783,-0.08796596615451607,1.1244694493257905,0.9229051446860643,0.6450341939278059,0
0.8315445761290746,-0.10852572125733323,-0.026297963328129757,-0.07805711207032247,-0.1347160731115727,-1.2009448034388441,0.6598754264119411,1.4451170370211837,0
-0.8669707524618834,-0.047400693842452886,-0.0748787788872664,-0.07300615047487549,-0.08580001818414718,-0.48185869455808145,0.6406510475773021,-0.5686762566964032,0
0.34625448224594374,0.08869048963995595,-0.03412386918028312,-0.06869213898936583,-0.076362475181058,-1.3322322866467071,0.8244495145085379,0.03447039577477729,0
-0.624325705520318,-0.23218323902582155,0.16992157609566944,-0.0677793843387628,-0.05077804499038517,-0.9537270538269897,1.1600992476641911,-0.8081852067520633,0
-1.352260846345014,-0.3993474085663739,-0.48944109158614446,-0.06708881732698392,-0.0696657653304276,-1.7616599341698802,0.5832703897371135,1.830012066465406,0
0.8315445761290746,-0.2694362939954732,-0.40335612721245745,-0.075648687143214,-0.1373104723331063,2.333531778867209,-0.05884214325630993,0.47122666962285636,0
-0.624325705520318,0.3497234449313088,-0.1414892775442487,-0.0436413233353059,0.01758591611180366,0.4604598943677895,1.1046928208041684,0.9135874750225808,0
-0.3816806585787525,1.29953935127961,-0.2726935991193892,-0.049984580081168524,-0.0712727231276519,-0.7824063131681804,0.06415732145241324,1.318921552003157,0
1.3168346700122053,-0.7196743977460696,-0.17908372527247776,-0.08105589770400509,-0.13064181653253115,-0.7197298138637533,0.723306736608008,-0.9047117916391724,0
-0.13903561163718708,-0.1562637044269064,-0.3878247140597223,-0.07037881288516831,-0.09828157823634373,-0.20923388702240633,0.8324012781786501,0.7118326671426386,0
-0.13903561163718708,-0.1925894633940395,-0.5129188091426046,-0.07285160001558925,-0.1274464670042388,-0.011539447976731917,0.8538131536857566,-1.2407962885180306,0
1.8021247638953362,-0.04259107551918344,-0.4631039084298591,-0.08656931976946572,-0.15228364452225324,-1.0729509225959797,0.4559568647383985,1.9854992795261834,0
1.3168346700122053,-0.25338485732503496,-0.10443662329809182,-0.07288962090460253,-0.12297646680806447,-0.2707008051872327,0.2016649465431571,-2.1199464949150135,0
-0.13903561163718708,0.1581500028508458,-0.06491579874471733,-0.06730924282579458,-0.07187644209048641,1.191664498864358,0.930722855635301,-0.8342167583934764,0
-1.837550940228145,-0.6470661022882133,-0.1758329643800448,-0.07390608033660691,-0.10536666252072847,0.5608939116530127,1.97891763999344,-0.7472863247194351,0
-0.3816806585787525,-0.3314563247580831,-0.10970405992934888,-0.07417816264709513,-0.11298922148061649,0.7906909122083193,1.3270801914310517,0.66412931938089,0
-0.13903561163718708,-0.5093314710820801,-0.6772327323999323,-0.0870788331829035,-0.16026606608169647,-0.7452349261570275,1.114990507089601,-1.4237878142658387,0
0.34625448224594374,-0.44183858054784164,-0.26531918783562924,-0.06944087232353433,-0.06950208702634822,-0.7311011937242462,0.6931022212725706,0.7551073410275054,0
-1.5949058932865796,1.7372816880570763,-0.4827288723360283,-0.06348691065467954,-0.09620153429336624,1.1822820128559128,1.5206645069861957,-0.3381927725597498,0
1.3168346700122053,-0.531223655383705,-0.23251058253237092,-0.06894030502896772,-0.04384634991665135,0.3220737138609148,1.1909496533820285,0.2701624253929034,0
-0.13903561163718708,0.19228035810239913,-0.00652250123249606,-0.05330270651194557,-0.017484669773658607,-0.8927840679646158,0.49477122073733676,-0.3564676093110265,0
-0.3816806585787525,-0.5487851462730852,-0.7752070537413139,-0.08514524336793367,-0.18510073954075276,-0.4214008582997943,-0.284154300520476,-2.0406731709369583,0
0.34625448224594374,0.5625916571997996,-0.41669026679901106,-0.06430192749723307,-0.09351668053134153,0.8362832670080534,1.6493733989431143,1.2441709810839883,0
0.34625448224594374,0.2173717508734686,-0.08228328980891922,-0.07724390065568822,-0.12323690207800973,-0.6311713515177797,0.5532182070390346,1.230071265107031,0
-0.13903561163718708,-0.650626988491295,-0.6440930310798522,-0.07948001989874404,-0.14465396607434636,1.1815539225752698,0.29313764862417124,-1.3255025568264913,0
0.8315445761290746,-0.07251543668698518,-0.5776932298881201,-0.07990591513275927,-0.12350973444436318,-0.8887031036478868,-0.06408238598144131,-0.609397865412812,0
1.8021247638953362,-0.6501562609464858,-0.005348615354673055,-0.07575241463227549,-0.06964637375164318,-0.7350123922669962,1.454466836095699,-1.3578382310333212,0
1.3168346700122053,-0.4122088277537305,-0.49615331083626063,-0.06241006634653409,-0.06814145053171744,1.5403714478565986,1.369203212313416,-0.5737067091011965,0
0.34625448224594374,-0.2910736147293016,0.07194725475428787,-0.07360747773673279,-0.10294548158748883,0.019778678577272897,-0.562916933580982,-0.23484324982934304,0
-0.3816806585787525,-0.28516331368780024,-0.5889203948221708,-0.0710128105575936,-0.09713886254773056,0.5143188179116671,0.34452858716342477,-2.34746396166472,0
-0.3816806585787525,-0.28701790569283736,0.16345015394869644,-0.06980700730366182,-0.06369388504952546,-0.43214366574714924,-1.3706820697435005,-0.4021438331624813,0
-0.13903561163718708,-0.1977647339315354,0.03895805162367215,-0.06702024628583782,-0.08942876506373482,-1.0200842507310486,0.945145709740401,-0.8948274656125146,0
0.8315445761290746,1.3693764401464947,-0.34815339131688333,-0.07002325766216008,-0.10910666833315491,-0.5710962199999712,1.1799756101867243,0.21858905823018154,0
0.8315445761290746,0.0014238129582524388,-0.6894832850223417,-0.08172284661095951,-0.15603970905312714,0.060834921166248064,0.772242073033043,-1.4850101217377725,0
-1.1096157994034488,-0.4035494281695361,0.1307619471970097,-0.056746777322744926,-0.02800781825038877,0.9102521172781901,0.284320635573863,1.4544188703676877,0
-0.624325705520318,0.3864968297748251,-0.19900968555757595,-0.0840970223507988,-0.1606884397575041,-1.1521444609101266,0.42324190753929347,0.2661876897752847,0
-0.13903561163718708,0.760675795295803,-0.4093158555152512,-0.0662079708829733,-0.08231315109303877,-1.7980146892682718,1.4367475037181616,1.078802874066116,0
0.8315445761290746,0.6046441458862104,0.1800651540655759,-0.05554044796223355,-0.01521768616142738,-0.13979090447666795,0.7225450734212157,1.9748620470784388,0
0.34625448224594374,-0.2198695529446941,-0.3029136355638583,-0.06752746154866678,-0.11643713028056864,1.1667784462468869,0.4770701682762825,0.3573340972942609,0
-0.8669707524618834,-0.47055022832579724,0.009641004315989929,-0.06960953145061288,-0.075742447264377,-0.1897013102774812,1.1729134691187857,-0.1415510623488797,0
0.8315445761290746,-0.4065754983283042,0.23821765447465398,-0.07961647641034976,-0.08766604153620063,0.19974576572460107,0.712820157852251,-0.9149628254219192,0
0.34625448224594374,0.7694459835264275,-0.2544833181941861,-0.06828039483599022,-0.08527963687810305,-1.5003457713255588,0.7635834859255876,-0.20306535758098024,0
0.8315445761290746,-0.6086890145268669,0.19388088785841587,-0.06352177100174959,-0.04714985750099385,-0.8879867213516563,1.7508086555073725,-0.770555737554504,0
-0.3816806585787525,0.874711592367384,-0.25430272036682877,-0.0708258365379676,-0.13732351606288556,-0.6427344496230248,0.777098437512031,-1.0659659506439514,0
1.3168346700122053,-0.5100292408305599,-0.19925048266071912,-0.07840796611043387,-0.13719785769316462,-0.8146866896910752,0.2632804517019111,-1.548511239644637,0
1.3168346700122053,0.2183082378623502,-0.49588241409522454,-0.0617155135121593,-0.08043936831183748,-1.114629151856861,0.6928158359143366,0.4552206100934667,0
1.8021247638953362,-0.4152773751737981,-0.21776175996485111,-0.06890332413823809,-0.11465345917573289,-2.2699467107024223,1.1062466137052247,0.11620937309386324,0
0.34625448224594374,-0.3752285215145277,-0.4241850766343426,-0.07234894359257033,-0.08902878829498823,1.3029240112368485,1.1087448689579036,-0.24657606089183665,0
-0.13903561163718708,-0.0986580795739557,-0.07818973905548514,-0.06286267843191011,-0.09402522770733708,-1.2297954722779467,-0.07414852665808902,-0.9160246245773754,0
-0.8669707524618834,-0.5255210209530007,-0.2352195499427317,-0.07302985153238764,-0.08251803246706416,2.4271656524559355,-0.42206408377384624,1.3171250308158273,0
0.34625448224594374,-0.2396746381268008,-0.386741127095578,-0.07586497343437043,-0.11364279828422186,-1.4591051279820892,-0.09197753853452437,1.1200243293530132,0
-0.624325705520318,-0.4165792659718693,-0.5014207474675177,-0.06524566912957291,-0.06695046719174486,-0.8483925133161732,-0.11589985590529853,0.3626428582211358,0
0.8315445761290746,-0.47319151908250234,-0.5588508565671663,-0.06798525259608382,-0.09232441855564306,0.1913935823444424,1.0385073365246602,1.727628540626833,0
1.3168346700122053,-0.5831467666139353,-0.2774794415443599,-0.06950418053125663,-0.07196258499983023,-0.35597517790554273,0.4522033885538858,0.5247577276243418,0
-0.624325705520318,0.07309909909774283,-0.44889687934441147,-0.06971604552067193,-0.10614025855903213,-0.8405057223164053,0.1298492479868799,-0.6556319426068538,0
0.34625448224594374,-0.5402027522503107,-0.8094303420255384,-0.07718406029334753,-0.14809645870289131,1.302531062010009,1.3335025354220849,-0.7518000947313909,0
-0.624325705520318,-0.6924186518890252,-0.5421154578987152,-0.07853278286796987,-0.1252954186256723,0.02165195608324856,0.5857016186293548,0.6889891754091793,0
-1.1096157994034488,-0.5271664559170197,-0.5693857298296804,-0.06795013512086732,-0.06519305884359015,1.27356038633068,0.5015713496690188,0.2111635520416207,0
0.8315445761290746,-0.38679103076425514,-0.21092914216316339,-0.05313631340611334,-0.05088137715450228,0.229124025611285,0.5916121249588634,0.8587516498037016,0
1.3168346700122053,-0.5736514840807788,-0.15298733921933558,-0.07598864380306365,-0.1127225811701008,0.08556072074707526,-0.9133673057823842,-0.6556599500162411,0
-1.5949058932865796,-0.1575131817622047,0.2491137233918829,-0.04474007747127263,0.01480531298609933,-0.5983121615154996,-1.206619819308428,0.8129347174649078,0
-0.3816806585787525,0.08796514693238716,0.5123952560410578,-0.05724184680431631,-0.006987149943732551,-0.25746492880907346,1.315880695932457,-1.1965546942231278,0
-0.13903561163718708,0.04362137018617694,-0.11220232987445938,-0.0653136121100885,-0.04882419276121841,-0.6845085380062821,1.3918215623084016,1.8176687253264874,0
-1.352260846345014,-0.19770312948239943,-0.5185474414285764,-0.06379251511415188,-0.07050324299952421,-0.7165620723311875,0.7525972561192947,0.8871429890686936,0
0.34625448224594374,-0.5739557802509062,0.12925696530236483,-0.052822635853418835,-0.02218483076280106,-0.537948720881537,1.1958974174434316,-1.0608444110588073,0
0.8315445761290746,0.5495951056724029,0.40024400525212156,-0.034305995500304734,0.054041276775298824,-0.9965599830505387,0.4185013158646979,-0.20853640399209575,0
-0.624325705520318,-0.5002296621272762,-0.13453626119098938,-0.08497752536842954,-0.11292844222570175,0.24642037733345168,0.5557408355136908,-0.19311618771991135,0
-0.624325705520318,-0.0677068119838631,-0.27386748499721214,-0.07365952789222209,-0.12812477721211285,-0.513969305306997,0.32626085729139703,-1.522900594391084,0
-0.13903561163718708,-0.5881051795542711,0.1048762586091178,-0.08036512738132662,-0.09880927775520043,0.8147552106698488,0.7207292683839027,1.0719138729517597,0
-1.1096157994034488,0.4654151099784561,-0.13134569957434222,-0.06363529020690419,-0.06362181966440414,-0.14740694833690024,0.6088257129803706,-0.21773093834560578,0
0.34625448224594374,0.12410162126144922,-0.08577484780449533,-0.07489693783791265,-0.12339506333710777,0.6611845061291847,1.8989125388527714,0.027211092228715535,0
-0.3816806585787525,2.8822242221327805,1.1291669361044216,0.29574170296929303,0.572692537710296,-0.31696124684749655,0.5188946171894241,0.8802019268438569,0
-0.624325705520318,4.574091552447778,1.0598474700370786,0.09295714021756854,0.21563022949667165,0.24659892409574,0.21099379725498982,-1.5581365943855114,0
0.34625448224594374,0.05475885841787351,0.213535951402478,-0.06638257218548735,-0.05265376490621214,-0.28606899822649084,-0.520940152030482,0.3711627645154351,0
1.3168346700122053,-0.19868979428872244,-0.3492369782810277,-0.06593396954201393,-0.09119155348252049,1.2136030664060207,2.22520295476912,0.5783165001368031,0
0.8315445761290746,-0.22420918893826486,-0.2264605553158985,-0.06462857907995984,-0.0829073558655886,-1.3526590607011253,0.7634189666772404,1.4167674974626188,0
0.34625448224594374,6.553764436114522,-0.11391800923435455,0.23072847215950712,0.20353768676096842,0.2068071438232984,0.9456758273184085,-0.920938285576381,0
-0.8669707524618834,2.144215838545669,-0.23570114414901805,-0.06545239035332434,-0.1164339252762923,-1.5743965774865818,0.12378031571451846,-0.4935014636353941,0
0.34625448224594374,2.844910307929103,-0.14940548231008077,-0.026101477819586553,-0.03721640769097147,0.674202321297664,0.5320378771407129,-1.2135129572492604,0
0.8315445761290746,-0.35695261773919956,-0.24211236702020525,-0.09551554252939408,-0.1968588589556231,-0.5386394919618656,-0.244066443673221,-0.7909593738394521,0
-1.5949058932865796,0.28988465879717884,-0.2930710539728808,-0.0741186896143317,-0.11262624381550775,2.0886578213849014,-0.39276747095706527,1.3606580617189195,0
0.34625448224594374,-0.36251564853920054,-0.16457569980810113,-0.0679966561872277,-0.05005195828921976,0.14986828862994755,0.4443125579387171,1.2964151193723,0
0.34625448224594374,0.8265895750108583,-0.17523097162218687,-0.07779954847694703,-0.1281703654479769,-0.6489857815501928,-0.06835988643846715,-0.46183884703132067,0
0.34625448224594374,6.866871036088431,0.6086237983846513,0.8839338460560184,0.9727802890321668,-0.17087121259729696,0.7737653994066277,-1.306527666798373,0
-0.13903561163718708,-0.4723442095018458,0.5254584988865754,-0.07925364697686398,-0.1276992096196037,-1.2348181975908439,0.27983596273002964,1.3146134744337634,0
0.8315445761290746,-0.22886131846817862,-0.3252174672424954,-0.07143256565774253,-0.11829165931321849,-1.0274185712163588,0.7703409617188093,-0.984410068940478,0
-0.3816806585787525,-0.3293021562786186,-0.13643253837824193,-0.06522911030942524,-0.0635481879735814,-0.687916293219301,-0.05895791606070237,1.2208602595292883,0
-0.624325705520318,-0.32555918918353416,-0.3879752122491868,-0.07498849224633461,-0.12164238908595892,-0.5937819032969468,0.8491944281210478,0.24107767265417818,0
0.34625448224594374,0.7473960620264102,-0.07527007417987408,-0.07047517064192427,-0.12289319596887886,-0.8122111827368893,0.17542107977903984,-1.3512127622462835,0
0.8315445761290746,-0.37282967407377704,-0.4465491075887654,-0.08456217538070387,-0.13465290239513483,-0.1323834090887806,0.7089630954743344,0.9921357507528514,0
0.34625448224594374,1.1861290380907887,-0.19407334494314074,-0.06279276917512483,-0.06458569496431692,-0.1999897015798319,0.17829102666687344,0.6020876453306946,0
1.3168346700122053,-0.4955040047064581,-0.26658337262713094,-0.06852271852917283,-0.06905037138287026,-1.088446439965722,1.015949919584618,0.18393616820431571,0
2.772704951661598,0.31013563102041086,-0.4501911637738061,-0.0745924814414123,-0.11015728274390922,-0.5366432806195602,-0.5702167135632,-0.3654058973952806,0
-0.13903561163718708,-0.3292875003814451,-0.204277122188833,-0.06922636711177763,-0.09768989674369132,3.4564409051103655,0.03520193374331522,1.210178594936377,0
1.8021247638953362,-0.7031249089767699,-0.23431656080594476,-0.0750798762130645,-0.10848981744313019,-0.6358560087807704,0.6367513320609253,0.9049976260790935,0
-0.3816806585787525,-0.4781144101025702,-0.4073894786901057,-0.06377625938827723,-0.06412162282092111,0.30967934886239307,0.17498236178344745,0.1788310039395681,0
0.8315445761290746,-0.19767431449812614,-0.24403874384535068,-0.06680611483885601,-0.09330463737590736,0.48854369022788324,1.2892590442276908,-0.7450707526816381,0
0.8315445761290746,0.06889658268450699,-0.3822261814116434,-0.09026777029558211,-0.17324843104305274,0.3737249505940391,-0.11258509771637822,1.5822058075301721,0
0.34625448224594374,-0.4740013195025963,0.03549659326598893,-0.07600287920074464,-0.09270594475130986,0.99359686781554,1.539876699209846,-0.22576334981604923,0
-0.3816806585787525,-0.4908471554808444,-0.1575925838169489,-0.07279175366457216,-0.09654551581046002,0.1218810836412557,0.37280761796265116,-1.8488805481501522,0
-1.352260846345014,-0.24189786320650647,0.04401479078967894,-0.06983431421065035,-0.07075637453743248,-0.18740727708168678,0.5343655198395503,3.40073253784916,0
0.34625448224594374,-0.43227200576911257,-0.13977359818435356,-0.07154304329458026,-0.0758961805358823,2.5071670416945344,1.5155887835094115,1.2022262031730113,0
-0.8669707524618834,-0.13986599113511514,-0.15714108924855544,-0.07915041476267236,-0.13635733420960716,-0.3358754956656445,1.3599352946565266,-0.541521188648472,0
-1.1096157994034488,-0.7244944490808862,-0.08715943114756862,-0.06963019062406611,-0.0649539559302678,-0.7539471300578658,1.596763799304993,0.7931388443789231,0
-0.3816806585787525,-0.5486922427893075,0.10815711913944363,-0.06828246396945564,-0.076722858577622,-0.47952002467171495,0.8487618034309498,-0.26820242277816375,0
-0.624325705520318,-0.4397236600641976,-0.34436083694237823,-0.0794887842629418,-0.13348848612992367,1.3469372516389673,1.471948529558957,-1.3030899743512634,0
-1.837550940228145,-0.5249323010156931,0.009851701781240212,-0.08145414629514118,-0.13075729406464467,-0.5713128177115997,2.3464048943570135,0.9578601079448325,0
-0.624325705520318,-0.5152656190071181,-0.511323528334281,-0.07936124407356743,-0.12991748070806655,-0.6686522683668342,0.5808757206778384,0.9675363680840605,0
-1.5949058932865796,-0.3018454507467717,-0.40209194242095575,-0.08892530999469342,-0.15639785707064074,1.5462788577416537,0.969226453054028,-0.39406672806137927,0
-2.08019598716971,0.48023247042588,-0.5126178127636756,-0.06820629280827308,-0.10157448451427802,-1.1438961858916274,0.7339273680846405,0.7475105264509133,0
-0.13903561163718708,0.5713538964692453,-0.11409860706171193,-0.04757298788605146,-0.01692703518038277,-0.3325840885477232,0.4017020726168058,0.8055336276137106,0
1.3168346700122053,3.83909632195752,-0.05453142367166766,-0.006855729558393958,-0.005730998900751276,0.28418960329866017,0.9665453986365189,0.5594546870303514,0
-0.3816806585787525,-0.44756953315274556,-0.06822675891293606,-0.0714932103073175,-0.12442652411099182,-1.4138603539695966,1.3649988315223223,0.9385044334792411,0
-1.352260846345014,-0.6296966284923093,-0.520413618977936,-0.07724245199773604,-0.13818157047344842,-0.4318363311563251,0.19173895189287918,-0.5006197065486058,0
1.3168346700122053,-0.08246505203251944,0.12796268087297022,-0.06544475867013055,-0.05976021582728153,-1.761962146517524,0.004711033049643825,-0.5686982209995797,0
0.34625448224594374,-0.43183779376471865,-0.7511273434269958,-0.08113059081777908,-0.14095284316265166,-1.2059667970027157,0.1619914344695171,-0.2078382778102491,0
1.3168346700122053,-0.625400960190259,-0.04941448522987508,-0.087070763051094,-0.16082603814129492,-1.0514660394502957,0.7667824713101155,0.5444135269189608,0
-0.3816806585787525,-0.5376573458378253,-0.6072510742989455,-0.062147574325888175,-0.06940650723448454,-0.8065518357715706,0.1115083984489201,-0.12278710614055416,0
0.34625448224594374,-0.49754514889416107,-0.22862772924418714,-0.06367210442659578,-0.041643631773711456,0.3472824677987514,1.3117006883633406,-0.4872428907532984,0
0.34625448224594374,0.20992208381867825,-0.32642145275821133,-0.06652155807243008,-0.08471483879821305,1.1775549141494273,0.5751175469856883,-1.1337838150830963,0
-1.5949058932865796,0.5066404098921942,0.03787446465952784,-0.061055821912429496,-0.04659769908129127,0.3649512797750359,0.01949339217890977,0.7169756543681522,0
0.34625448224594374,-0.23021090303332287,-0.09143357972836007,-0.0731992579099611,-0.09086962358040879,0.28632923745001676,1.7702036468958529,-0.8385123907849057,0
0.8315445761290746,-0.39196903375715625,-0.2942449398507038,-0.08309691265923408,-0.15265129663784932,-1.6400051951372763,1.2416703283169046,-1.3262361727788274,0
0.8315445761290746,-0.29360212959928195,-0.4101285457383594,-0.07445375379150054,-0.11786056109827084,0.27800120178770854,0.2601058395393606,-0.8924658277852001,0
-0.13903561163718708,-0.21221370970932768,0.42116325358768536,-0.06240120934917482,-0.020439756083007063,0.23493923511909304,0.4523435345802556,0.8140178379061797,0
0.8315445761290746,0.5246820677177835,-0.20737738489180146,-0.04295937758646735,-0.011698372642357072,0.5806782100628034,1.1913152517116887,-0.518477447851044,0
0.8315445761290746,-0.3073369408961632,0.2688289862117308,-0.05492836010247202,-0.03127608039177442,-0.8513524381254198,-0.09534104316739939,1.481578138702188,0
0.8315445761290746,-0.4165054896759282,0.6828796050664296,-0.04673944841471902,0.021999215721942314,-1.1242136005964192,0.9648270864871153,0.36228382754462535,0
-0.8669707524618834,0.4133682930398801,0.8130605389532115,-0.037654634317547786,0.07645684249907893,0.22790639523240083,0.7572220749894979,-2.17117451083392,0
0.34625448224594374,0.7885751586032963,0.9928757757253815,-0.0406751291041407,0.05814842186052773,-0.28213877420907085,-0.39203627429774457,-1.019867067542356,0
0.34625448224594374,-0.33486642910380376,0.5702166604333141,-0.05560499313363958,0.021542694468220998,-1.1938563506261932,-0.6625546650244103,2.1888344454496473,0
1.3168346700122053,-0.1026847252211098,0.33381410442249665,-0.03965269596653677,0.020238301732232303,0.8002116987826354,0.8890994858034726,0.3275809129030567,0
-0.3816806585787525,-0.5226186565025782,0.7293534459730634,-0.060069199492926065,-0.005326741885323893,-0.0034536212419541607,1.8292904302744564,-0.6867885266732648,0
0.8315445761290746,-0.4270448185789174,0.03766376719427755,-0.05760663937344108,-0.031088719528106528,-1.34755291599929,1.9425954459416863,0.8362021487498555,0
-0.13903561163718708,-0.3032009970328001,0.23249872327500345,-0.0625686685713128,-0.05188243038632473,0.9660370042578988,0.5131790966357342,0.7290269595854343,0
-0.3816806585787525,-0.6687672631165092,-0.1218342140001866,-0.04402844331363396,-0.0015437833968905575,0.40762102896583774,1.7466713010767163,-1.581761664703014,0
-0.13903561163718708,-0.2923670597561203,0.3885051464738915,-0.05509402953687282,-0.010762860287914029,1.0537305392554104,1.2252123101766956,0.009409654497344405,0
-0.8669707524618834,-0.11915348235343694,-0.010495653434358538,-0.04639613942589589,0.02065922076608911,-1.1520932384783227,1.7777715323198215,1.7107595287515567,0
-0.3816806585787525,0.17396297068591896,0.845839044618577,-0.04571971478047582,0.06412580572020152,-0.9419729692260183,0.7885782250633654,-0.01008296585986415,0
0.34625448224594374,-0.2649078701739051,0.45526614332033827,-0.049965683889898284,-0.003083016001473949,-0.726598010219647,0.7141119386170508,-0.189786448781718,0
-0.3816806585787525,-0.3106613455041745,0.593152584507702,-0.03869090972963013,0.06499137485206746,-0.12603841328631382,0.8384031840905738,-0.2807017197745693,0
1.3168346700122053,-0.3149940261567138,-0.35179544750192393,-0.04972197117618517,0.00015758390895294211,2.843894527385866,0.4569744467559531,-0.7579317823029614,0
0.34625448224594374,-0.303079526969786,0.6985314167707364,-0.031699706753064966,0.09056411501364525,0.2862685022808777,0.8087348796386381,0.6126241931768177,0
1.8021247638953362,-0.170108807560144,0.18442960156004604,-0.07431595345632848,-0.07306701437468713,-0.6860225267406038,2.0179208884627027,0.3837702289791858,0
-0.8669707524618834,-0.44571966084340836,-0.2660415791450588,-0.05437920926143634,-0.0003453492109865468,-0.035170551015004575,1.103358386900908,0.3315916984084961,0
-0.3816806585787525,0.37431753081862734,0.38152203048273925,-0.05679219066618136,-0.035433761966829895,0.5336618716589173,1.2499023840397565,-1.1500374660288017,0
0.8315445761290746,-0.29412104772123787,0.2697921746243035,-0.05402565136688765,0.004286424597472849,-0.45858029455023075,1.2980455907505273,-0.658723186164218,0
-0.3816806585787525,0.3814149595311805,0.35834530930520814,-0.04206061574552899,0.01936415628005759,0.7197558933990323,0.2905053406506169,-1.4726344450358932,0
1.3168346700122053,-0.39702730552230114,0.22229494602931119,-0.05936409154752582,-0.017123140443609387,-0.8595436367199087,1.0148714045121199,1.2946351656802335,0
-1.1096157994034488,0.6169034312642702,0.42038066300247,-0.04393275615865338,0.009341148889380856,0.2553696679186401,0.18719943929959676,0.2603847143648346,0
-0.3816806585787525,-0.4361275003458849,0.48271701307866083,-0.061744448503427106,-0.024639804601281515,0.7967951625813071,-0.8897130938533611,-0.02292420283252241,0
-0.13903561163718708,-0.3247101407676198,0.08555229108187756,-0.06203057339289636,-0.03597866903388553,-0.31261026714025775,2.728418589019091,-0.6077324830686558,0
0.34625448224594374,-0.5035165575747248,-0.10994485703249207,-0.06036146198295588,-0.01876913156745933,-0.4280495299479563,1.3160330285698154,-0.47486369096043357,0
-0.3816806585787525,0.567162806687704,0.5992327113620672,-0.04741850827502358,0.009283310931348692,2.3361851008346575,1.565468582286069,0.428551401883137,0
-0.8669707524618834,-0.6257169313971177,-0.026809657172309015,-0.060354207609855916,-0.024025982501306373,-0.6143908828587822,0.982966856943762,0.6302951343085851,0
-1.352260846345014,-0.30408680939416666,0.31906528185497685,-0.06084385091203561,-0.009468758702233529,1.0333930385821364,0.7758310299692086,-1.2722703744941517,0
1.8021247638953362,-0.0597186028092066,0.4273637789936222,-0.049094250463253906,0.029128411326728804,1.2388213330811921,0.6759983127499616,0.1707971019310606,0
-1.352260846345014,0.4639554819819923,-0.6272372338598295,-0.06816316303249739,-0.09497811750328802,0.1561723064869711,0.07989023623879603,-0.2938880656369,0
2.772704951661598,-0.40430408267145185,0.07712439247186625,-0.0496413795534871,-0.013357200726586676,2.2251487719150274,0.8755053212456028,0.04938022360274004,0
-0.624325705520318,-0.14701061680466765,0.519077375653281,-0.033587683979932496,0.07610776161416159,-0.5442659102210246,0.684224275167319,0.0237832539152113,0
-1.1096157994034488,-0.5146428675797636,-0.2069559899613009,-0.058999493831886206,-0.04303544620427028,-0.886429559424814,1.9538193146622584,-0.08885059057412614,0
-0.8669707524618834,-0.2407109839404915,0.1012342024240772,-0.0638285383129432,-0.06054745687796602,0.8124567869798998,1.0462092746695044,0.11636613482052187,0
0.34625448224594374,-0.15992718191020244,0.6878460453187577,-0.04704436212542792,0.021249949142140304,-0.9156439075297251,0.8539654863231151,-0.09171321720564722,0
-2.5654860810528413,-0.336880993952565,0.06758280725981773,-0.06804452879844765,-0.09029541628546517,0.8277561956107353,0.25257451394835784,-1.5702887458436035,0
-1.1096157994034488,-0.32288933184759266,-0.3446016340455214,-0.08439555916136415,-0.14764226754209886,-0.17502022957342273,1.4566543327681665,-0.10553749338902864,0
-0.13903561163718708,0.7837446742569324,-0.17953521984087123,-0.07000074693060448,-0.10965938541965452,0.013260990004723987,1.276475289300568,-1.722732113478992,0
0.34625448224594374,0.719719766441998,-0.04041469349989871,-0.05724580890676784,-0.02975986827249459,-0.37832864714481795,3.017454535143052,-0.9910413737600449,0
1.8021247638953362,-0.04949276106270779,0.15008591472424992,-0.07766941088995635,-0.09353873283198094,0.14155122920302593,-0.10613228719787342,-0.024582460835531377,0
-1.5949058932865796,-0.37684240903886823,-0.004415526579993231,-0.07810713278113111,-0.08930056423908801,-0.24003174001908745,0.3010406658503287,-0.4624737537544176,0
1.8021247638953362,-0.3169703366298019,-0.1984979917133967,-0.06794557413771776,-0.09488667128846348,-0.2064612899637572,0.0913151840406813,0.5230710456685677,0
0.8315445761290746,0.34963054144753114,0.058372318064591075,-0.06984586685420825,-0.0968066231443761,0.7500393268305959,2.5159084665985305,-0.5905259071991,0
-0.624325705520318,-0.20498015503658693,-0.0898683985579294,-0.05381856459718941,-0.015139604938305554,-0.7964149165175547,1.4669093659151387,-0.7020774720967934,0
0.8315445761290746,-0.13737001732496062,0.3119316676743601,-0.05060039803329263,0.020544749129429846,0.31916793847957525,-1.2835173346469837,-0.19503272431965235,0
0.8315445761290746,-0.6110245186832236,0.2206695655830947,-0.05590629756617211,0.014257415885619537,0.2725021078590339,-0.6960130054938247,-0.6250624366517902,0
0.34625448224594374,-0.4817433592857457,0.070442272859643,-0.05527705657885522,-0.0006111854443360226,1.1063220734866512,-0.042286632228191394,0.8719115455709693,0
0.34625448224594374,-0.4857116297492427,0.2789424645437444,-0.05116552232006758,-0.006584967059169978,1.8657838983624213,0.9489540256743627,-0.31337802514111046,0
-0.8669707524618834,-0.4957588682742545,-0.3083917696603657,-0.07447116763170684,-0.096537854225868,0.6816361596504792,-0.06974306678568205,-0.8198189370368134,0
0.8315445761290746,-0.38674755988280834,-0.08198229342999024,-0.052595039178052375,-0.019783186958218055,-0.7766540340765887,1.048433331174938,0.7036026512420673,0
-0.8669707524618834,0.5955838205725584,0.0004907143965490711,-0.06380320409574733,-0.058428379020114406,-1.165662060663208,-0.009547301807108983,-0.25775351590442647,0
1.8021247638953362,-0.20803181091414943,0.3505495030909477,-0.05704234684820598,-0.008108427680622659,-1.848902711767516,0.6635557829305216,-1.6225548400398788,0
-0.13903561163718708,-0.07738367859894854,0.07995375843379862,-0.05397304045723935,-0.011824103585645548,0.1459000136631874,0.6959417016329325,0.45818871921862825,0
0.34625448224594374,-0.1395241858044252,0.17654349643210687,-0.04855454454373812,0.015586773736536955,-0.3950381361483157,0.7926485531335836,0.9049909264417101,0
-1.1096157994034488,0.17244819677127704,-0.22965111693254564,-0.060336224711369894,-0.031141304738309703,0.137726377045317,0.47496797788073564,-0.23659764109363568,0
-0.624325705520318,-0.26766864375332955,0.49879021971346815,-0.05064649157800403,0.005880994458193222,2.013950636347761,1.4553320854758949,-1.4303376098864058,0
-0.624325705520318,-0.28492310601717724,0.5219970405288922,-0.04556389352413508,-0.003952336071971022,-0.6377307497847976,-0.6006405878964337,-1.7188080919210968,0
0.8315445761290746,0.05861609182990367,0.4668545039091038,-0.06977587641999226,-0.0693817136434848,-0.5680850727589205,0.2626162814030282,-0.6384258623692602,0
2.772704951661598,0.22468827282851345,0.31262395934589676,-0.047997677431767104,-0.002568229773446486,0.13677510331181375,1.1130284627204239,1.325885417664655,0
0.34625448224594374,-0.2419927539305788,0.2679861963507297,-0.06055924888217592,-0.05851998530745025,-0.8576645052217269,0.5851227546073926,-2.599198570263742,0
-0.13903561163718708,0.7726275552382565,-0.12963002021444708,-0.0636294576419539,-0.07288933323821403,-0.9449731402316823,-0.3620023715161486,-0.5522869085256257,0
-2.08019598716971,-0.5258695332196852,0.37450881485369414,-0.05652002218463011,-0.01718500571127209,-0.1877775420887273,0.1674083830539843,-0.9451799355045974,0
1.3168346700122053,-0.41569742809109217,0.5158266147608481,-0.053791718123178865,0.0115013621862321,-0.260925369951948,0.21675197094713997,1.1956430157324958,0
-0.8669707524618834,-0.3339577634790481,-0.6931253412073822,-0.06104662831333395,-0.08636960131152702,0.9926060796346451,0.7506656782775892,1.2435026823395623,0
1.3168346700122053,-0.16322053588860894,0.2291877631067847,-0.07700670460994644,-0.06680902471018492,-1.342542630419831,1.455673310583578,-1.3977626270660657,0
-1.1096157994034488,0.07381698965420647,0.10418396693758115,-0.05780948607710582,-0.04281200547395125,-0.36787634406069436,-0.22219147694854469,-0.35381600658908274,0
1.3168346700122053,-0.5000306896927683,0.010543993452776856,-0.0692221709459981,-0.0772072090974082,-0.42629260053707835,1.2220437913196394,-0.9088137430809398,0
-0.3816806585787525,-0.3300431485035082,0.09313739983088776,-0.0491219972306906,0.011156861904698686,-0.5887123460464001,0.8068825147683591,-0.08809662165308041,0
-0.8669707524618834,0.12907518690903216,0.3688500829298294,-0.06376480365167227,-0.04653879984127539,-0.5111206063496676,0.8396157518839472,0.2657681270683139,0
-0.3816806585787525,0.2681204030895259,0.4786234623252268,-0.04718632690896633,0.019070200993759934,-1.167415331328957,1.2127636870517615,0.3121067258315488,0
-0.624325705520318,-0.21587370952210796,0.5911660084067707,-0.06816709410591369,-0.03491252662090639,1.4192596666011175,0.6384208977663741,-0.33344774096616636,0
0.34625448224594374,-0.5312783044918095,0.43067473916184096,-0.052942809445420326,0.019831897748452777,-1.5671881178337044,1.2136654962649236,1.1844502808274215,0
0.34625448224594374,-0.06924394235182049,0.05346607708804877,-0.07692570592903272,-0.08878915621271218,0.8479466147298292,1.5872704293448132,1.3496853852739688,0
-0.13903561163718708,3.927347179395178,0.3414293128093997,0.18385754672726765,0.2751666245365329,0.44522268440414453,1.6060012504344108,1.3447388756589604,0
0.34625448224594374,-0.009857750194810532,-0.5705596157075034,-0.08430335026585979,-0.1353877081801402,-0.7959187906780815,0.38278845236237813,-0.5047147188540455,0
0.34625448224594374,-0.276381947230518,-0.22348069116450164,-0.06204894873102765,-0.07065664961881285,-0.00028880670549137334,1.3252582930882444,1.0814604255033207,0
-0.13903561163718708,-0.07290891026533756,0.0729405428047535,-0.06517351832279418,-0.09672850871343222,-0.19553847225606238,0.2528791792230748,-0.7085570187273544,0
0.34625448224594374,-0.4205770966347501,-0.17474937741590052,-0.042479660645550296,0.004833228068859941,-0.4404673109153028,-0.3703989464873475,-1.0268490320733734,0
-0.13903561163718708,-0.14964122614478867,0.017587308719714884,-0.059035694383129736,-0.03566692191480749,1.037487906130355,0.8947297000802417,0.8002142103743651,0
-0.13903561163718708,0.24958292881040672,0.7723357288841212,-0.050021689618368434,0.026232367106337643,0.0754003855242346,1.1922658073688057,-0.21770381564568825,0
1.3168346700122053,0.01389921071836184,-0.13577034634459817,-0.0628245977709957,-0.051356634878432186,0.5490973856085465,2.4068017384169,-1.0649428191115304,0
-0.624325705520318,0.31300371557574963,0.07814778016022476,-0.06055378706608693,-0.05950313199445267,-1.033630388696135,0.6675956444732684,-1.1405529842593067,0
-0.13903561163718708,-0.0063413284933229635,0.5718721405174234,-0.049145314242687164,0.037518339091347414,-0.7297284325518985,0.27184154592145715,-1.8626380803696045,0
1.8021247638953362,-0.09900932429604552,-0.058624974425101735,-0.0590613924319652,-0.07841555444887882,0.27328361581855815,0.08979185766709659,1.485567071518091,0
0.34625448224594374,-0.20908579348545572,0.24971571614974084,-0.06340336472773506,-0.06972834319773871,0.5728287382633499,2.268898048469024,-0.9467995145594378,0
-0.13903561163718708,1.2194078608760592,-0.773130178726704,-0.0665397831177137,-0.10404411665824351,1.1185532584524258,0.5136117213258323,-0.20907064176069887,0
0.8315445761290746,-0.5396406116519449,-0.1671943683047832,-0.07244080370355274,-0.10069871201038867,-1.5855798978474513,0.7838376333887698,-1.0785182359673948,0
-0.3816806585787525,-0.2878493173511363,0.3199682709917637,-0.06567641929451315,-0.03908138640693689,-1.691190307740984,0.27033649946435545,0.8730014891530314,0
-1.837550940228145,0.251004799241271,0.044406086082286605,-0.05318260274534692,-0.028519492436905457,0.870417163813228,0.5143977577346021,-0.3189439829293471,0
-0.3816806585787525,-0.09981167256503427,-0.721087904809884,-0.08166083065967611,-0.16475805345595199,0.20801526146484753,0.6993661393207509,-0.36427302203389,0
-0.13903561163718708,-0.6038197789947561,-0.60210403621926,-0.08697493788775817,-0.178796079889141,-0.38524294368933515,-0.3140054041372418,0.44794023968183627,0
-0.13903561163718708,0.9681754779081375,-0.5828402679678056,-0.0520191274963415,-0.050475870291926704,-0.7083445307717708,0.9812729180163358,-0.9485124769674733,0
-1.837550940228145,-0.20041024757386675,-0.17333469443493432,-0.07116441179871999,-0.0711332762858186,0.0111630655478364,-0.26783033510114235,-0.10549365891212441,0
-0.8669707524618834,-0.2336562808942746,0.41059828068727827,-0.05374837799645263,0.002260573365971847,-0.05162905010266261,0.2728408480225287,-0.21602322998575474,0
-0.8669707524618834,-0.29439007037613407,0.07023157539439272,-0.052920194189993525,-0.01804887592527837,1.7437618213188801,2.501229693662668,0.2650338055071421,0
-0.8669707524618834,-0.07299883288867315,-0.24837309170192792,-0.06614765050123239,-0.07003971908511578,-0.21799145936284256,0.9128024441764506,-0.08425752253279775,0
0.34625448224594374,4.445746631634146,-0.19997287397014865,0.0019910100627789605,0.011397137721125251,-1.009145334544787,0.9012556302646786,1.3124249077751917,0
-1.1096157994034488,-0.1483589593446277,-0.35673178811635914,-0.057651967528215844,-0.055637912159426706,0.14766791930945192,-0.05917118175300423,0.46433836957166325,0
0.8315445761290746,-0.4245811374235519,0.2340338048075412,-0.04023705136364459,0.026708201059538608,-0.8453052641764421,0.13707590830316574,-1.7354385197008653,0
-0.13903561163718708,0.3083491019954675,0.5321105188609058,-0.051536317497063534,-0.0007243290788268921,-1.373850512487475,-0.3912197713615032,-0.010916381676181508,0
-0.624325705520318,0.3239360212470175,0.08895355016377499,-0.05612561928143978,-0.03209204404403271,1.8393004376216904,0.029809358380825372,-0.19406075811327078,0
0.34625448224594374,0.008357294346492126,0.23954203854194148,-0.054690957845628226,-0.027214203596321335,-0.8936248475952276,0.2095984302967862,2.24396607638687,0
2.287414857778467,6.916995198041875,6.816884811260023,6.773040399835795,7.363917919936588,-0.7019402632982166,0.7797002789581137,1.0406524857128305,0
-0.13903561163718708,4.619745417358276,0.06120168402652344,0.15902739755263282,0.21867374267855225,1.1545633597596792,2.4150216075287627,-1.7067738400661465,0
-1.352260846345014,0.891580778419095,0.3421517041188292,-0.03928434729639799,0.04494011157650707,1.6151422950589809,0.5086273974314632,0.34787560180996524,0
0.8315445761290746,-0.2501933494117323,-0.4870030209168198,-0.05978441599326577,-0.05851376888737012,2.1981684535857973,0.6697526746182643,-0.2532958926986728,0
0.34625448224594374,-0.34110015350326905,-0.1283056361471596,-0.06153433769704128,-0.06436555491197939,-0.3624972569722463,0.43996193781575915,-0.4748069902848203,0
-1.1096157994034488,-0.3505246406009265,0.10421406657547405,-0.06762688522051308,-0.05926692172063159,0.312545609796341,-0.7439246665958107,0.3090057533318768,0
-1.1096157994034488,-0.5415823938249125,-0.19982237578068418,-0.06689081855962621,-0.055477881469900965,-0.4256771996064043,1.3973177238642953,1.0262254790515652,0
-0.13903561163718708,0.3743269702100272,-0.06049115197446138,-0.059162593701548236,-0.06764167780267098,-0.09450954301288673,0.2877877264001418,-0.0779890097406866,0
0.34625448224594374,-0.15897280975866845,0.030259256272624754,-0.060203929205365415,-0.022966024841655414,0.4342684014883415,1.3030481945613794,-0.6659252226644663,0
-1.5949058932865796,0.8897217151233947,0.14502917555824313,-0.07079247429742443,-0.08006041226742193,-0.5008534357690643,-0.06332681610014329,-1.6843592805474366,0
0.8315445761290746,-0.3525965870131974,0.15941680247104817,-0.06233585499818783,-0.019922711268397,0.9719985635708613,0.568908468686957,0.6491530372221214,0
-0.13903561163718708,0.44507471194196213,0.28911614215154374,-0.06269247737634473,-0.0342044617500956,0.40112090236990733,-1.1444498233496891,1.4028578358858625,0
-0.8669707524618834,-0.4928271920294851,0.15586504519968628,-0.04326670554978119,0.045894050318753786,0.5440314871031287,1.8139901401781715,0.6961313028836995,0
0.8315445761290746,-0.5357483531297205,0.4486743226217937,-0.06766945826263918,-0.06407123561795487,-0.44990980034386135,1.5339479129638542,0.8784845838933292,0
0.34625448224594374,-0.4873483705369724,-0.3803901035001766,-0.06703369153859721,-0.08305015160129335,-0.7934945061556997,0.1857309526754611,-0.08763484952675031,0
1.8021247638953362,-0.2676390835539458,0.3424226008598653,-0.0337614483566084,0.04717922421629712,0.6456941110026226,1.0016733048113822,-1.3996909039405028,0
0.34625448224594374,-0.19399742314284082,0.39756513747965366,-0.04090644373317258,0.041321915036423365,0.1326641372850281,0.44377634705521524,-1.1907027508245838,0
0.8315445761290746,-0.5286310520142202,-0.24728950473778363,-0.07877290609802114,-0.1122090774660007,-1.32173388337396,-0.03797257193819952,0.5703585040028016,0
0.8315445761290746,1.26653079317442,0.43473819027738214,-0.061300735871610605,-0.041865202474583856,0.3084207405380657,0.7942449991731004,-0.6956540415503171,0
-0.3816806585787525,0.29367730689963095,0.19180401284380594,-0.06708746846155218,-0.06551020986523746,3.784112264858746,0.35048174663139375,-0.6643049048399955,0
-1.352260846345014,-0.4853998814280102,0.2959186603153386,-0.05706473490159359,-0.017058682026233327,-0.46485650594427497,0.6481762798628106,-0.6436444004768093,0
1.3168346700122053,-0.16464290312954688,-0.018532256751762184,-0.051919447454263266,-0.005297984587453921,0.21596717812790905,-0.06711075881212769,-0.20475175195951928,0
0.8315445761290746,9.87305190036696,21.880158295846925,23.196488781182815,23.039601768502322,0.39845587241804664,0.26562028101173724,0.8974058758895185,0
-0.624325705520318,0.13361106288170543,-0.2414200753486686,-0.05812739200281244,-0.06635365448688935,0.4185292116930171,1.0965521646637317,-0.5961581203660988,0
1.3168346700122053,-0.07167731809269166,0.2859255805348966,-0.06072010759759306,-0.027003585688332,-0.4540675983082964,1.4741847726753792,0.48368068064461694,0
-0.13903561163718708,-0.36931697844784206,0.26669191192133507,-0.05101339269930131,0.013017421383024112,0.8617466696068585,2.2994864420506045,0.34008344487019676,0
-0.13903561163718708,-0.2005359405225071,0.6268641789477473,-0.032308239515905286,0.0935773192653634,-0.8830327804471817,0.8046036185134764,1.5790927849670655,0
-0.3816806585787525,-0.399756780067084,0.365147827469003,-0.06058848163496321,-0.027870906509861147,-0.040989419267941474,-0.006732194668724455,1.3290942464132272,0
-0.13903561163718708,0.12059911024202462,0.11715691086942,-0.06990492406083773,-0.0654991100528535,-0.3013208431706513,0.9479425369623025,1.3907846104903914,0
1.3168346700122053,0.34336427598824,-0.17890312744512038,-0.06620951120203572,-0.058296726733138654,-0.3201824060589437,0.5359619658790671,1.1121006176329573,0
0.34625448224594374,-0.24941385440613273,0.05491085970690786,-0.05412262420296275,-0.008587819493779288,1.1553851139156208,-0.19167620303289593,-0.22509885166092794,0
-0.3816806585787525,0.059351370738946,-0.47162210595354914,-0.06832626429487153,-0.07020994015074136,0.19864155644471151,1.9921462062216495,0.6218365250099918,0
1.3168346700122053,-0.5368155011679793,0.17816887687832336,-0.07356403345275116,-0.11001429313027826,1.2773135270838631,-0.010120072523576832,-0.37199477014350035,0
0.34625448224594374,0.15460327573486393,-0.5045812094462719,-0.06971193517742749,-0.13541269347955578,-0.1919411940453685,-0.37761342019264466,-0.44553947052397214,0
-0.8669707524618834,-0.5677541001011931,-0.09462414134500721,-0.06942616235553473,-0.06496155140844954,-0.6555290813386437,1.0359725214390152,1.760478734082358,0
-1.837550940228145,0.4695237292877669,-0.5998164637393998,-0.07017042723473407,-0.14182163316352592,0.3264071315915351,0.6071439606639331,-0.6361435989878671,0
0.34625448224594374,-0.6993523816823017,-0.3795172140012826,-0.07896108342391137,-0.08883113814634662,0.02144194411285207,1.1168124054324082,0.22291883202079782,0
0.8315445761290746,-0.6575321517053351,-0.18212378869966042,-0.08834896138602735,-0.12497915166453102,2.505140828642172,0.9535605646280829,0.853762642657485,0
0.34625448224594374,-0.23601066383343106,0.20507795315457378,-0.07009776279260466,-0.06508385386977425,-1.0542364412618674,0.5248721498793705,-0.29400659928583706,0
-1.352260846345014,-0.3718859833388271,-0.5708907117243253,-0.07618250279810625,-0.09634822533537478,0.004376825082829258,-0.8871234390182671,-0.6157687591862941,0
1.3168346700122053,-0.4032935709815923,-0.33205008504418315,-0.0681524719565271,-0.09155670297713027,-1.2968229512896126,-0.5786437550618706,0.10043763643880267,0
2.287414857778467,1.8533921639963336,-0.21390900631456022,-0.04268374831392349,0.007338741048858333,0.04156577407060077,0.6397736115861173,0.9200043904037616,0
1.3168346700122053,-0.3913274035470021,-0.18398996624902006,-0.05885221551007928,-0.03227953805036759,0.09927735623516656,1.34179552419988,1.7535496287357897,0
-0.8669707524618834,0.6440918593563314,-0.25186464969750405,-0.08247087046723661,-0.12533839315272444,-0.24722775993852675,1.3497533811754865,0.6364190168975439,0
-0.13903561163718708,1.4059963106772448,0.15743022637011694,-0.039292790898109116,-0.025710123722946912,-0.6499187615580518,1.4002607904180608,-0.989941179031059,0
0.34625448224594374,0.3610651221032867,-0.2684796498143835,-0.06476167081088584,-0.06091127298185679,2.461494926250991,0.08099312453327136,0.6143836011886817,0
0.8315445761290746,0.12322028019074578,-0.49464832894161576,-0.06700718542683266,-0.10561684937328167,0.7569067914374636,1.6513049767848198,-1.5913785663383413,0
-0.3816806585787525,-0.5180003100576744,0.15324637670300417,-0.07075310297510674,-0.06239823450510296,0.8091002541986848,0.24353814190025339,0.4538478405132263,0
1.3168346700122053,0.3088419375885553,-0.4683412454232233,-0.08267148493779337,-0.13345741531047473,0.08777499329906055,1.1466391358271966,0.010875481479905058,0
1.3168346700122053,-0.5074736498115641,0.33619197581603555,-0.06251202382920079,-0.03882957102085871,0.18720797791702803,1.6314286142622865,-0.563157818406997,0
1.3168346700122053,-0.6507020068124203,-0.29240886193923704,-0.08038044636853849,-0.09777384986691554,-0.30075812816983283,-0.37094125067634365,0.17378646567367367,0
-0.13903561163718708,-0.16742951083280258,-0.420242024070373,-0.06784198281942115,-0.08382979977986348,0.12082224280096399,1.9503705037524628,-1.2597289709610797,0
0.34625448224594374,-0.36198132930496063,-0.14955598049954524,-0.07615425096099836,-0.09722043034406991,-0.8114889464484526,0.7636383256750366,0.7829289723837469,0
-1.1096157994034488,-0.2033605541963991,0.2257564043869944,-0.07279313709206095,-0.08066803339076309,-0.6331053641928944,1.5109334981117366,1.6019613872065974,0
-1.352260846345014,-0.4048326885898444,0.5171509988281356,-0.036942539214139675,0.06284313151584174,0.5904609627883458,1.5737493844528754,-1.3392677796243921,0
-0.624325705520318,-0.4490117727966306,0.48244611633762474,-0.0417247733944656,0.033062770112253885,-1.3057883403533679,2.213778006967235,-0.46625260656151596,0
1.8021247638953362,-0.4933597724284671,0.6355629742987946,-0.051297485395453125,0.04321884083280732,-0.3380583030095216,0.6657432796029893,0.8413347254834522,0
1.8021247638953362,-0.44486887359223604,-0.36281191497072446,-0.061237032808221514,-0.05331857789977504,0.26591563487806247,0.7442372409810618,-0.5493004290047142,0
-1.1096157994034488,-0.7333908270702247,0.21368644959194247,-0.05979364062819378,-0.013574452226858852,-0.12094983056109712,0.5602864414124676,-0.26394229613073233,0
-0.13903561163718708,0.2603801021416344,0.6951301576888389,-0.06156109175448355,0.0034519908058468964,1.0502525361359172,1.3898595179392246,0.2912254051091627,0
-1.1096157994034488,4.077718671635365,-0.022234512212588584,0.06038489750722949,0.06545699390506582,-1.1192845391588206,0.28472888704198374,0.18571536616792866,0
-0.624325705520318,0.5270006803316353,0.5692233723828484,-0.04726489595390747,0.007689548898644285,-1.0135358286994174,-0.847126981753427,-2.067820070756956,0
1.8021247638953362,0.07152520478433332,0.27662479242599125,-0.05513397064660079,-0.029563615356936555,-0.34517895277930644,0.43932823404434795,0.4523891027347333,0
-2.5654860810528413,-0.5025837966613957,0.6090752929530447,-0.05204834153861291,0.019306231321795042,0.5656605248068899,-0.99616314083946,1.188588956310235,0
-1.1096157994034488,-0.45101093653310786,0.4262199927536921,-0.06126590026856133,-0.01680838724692427,-1.4385327358715425,-0.15275826084055397,-1.5741576593136144,0
0.8315445761290746,-0.3295128037498577,-0.09167437683150326,-0.05555383014628377,-0.021568149438691862,-0.24412807106535767,0.08373511200572381,0.017756519857201156,0
0.34625448224594374,-0.4384957939671043,-0.028525336532204175,-0.05780742460990372,-0.023771751924965646,0.9782842877022405,0.46949009624132504,0.6380461612091107,0
0.8315445761290746,-0.04008615912770275,0.393652184553577,-0.04920037207812059,0.031212951177128634,0.30133887346664673,0.46317743174919,2.403753193336773,0
0.34625448224594374,0.450043806298882,0.28321661312453583,-0.05665097473349995,-0.02301762877950526,2.178100968303033,-0.5692478779896001,-0.2329504553534839,0
1.3168346700122053,-0.3626383606273988,0.513809939022024,-0.06144651195948385,0.0009850419716765178,-0.3142940216485585,0.734835270603297,-0.09783411419439576,0
-0.3816806585787525,-0.3389969080563564,0.5366555641827333,-0.04843920357761362,0.038942417307676856,-0.38495975681636146,-0.5155841365009582,1.3476269458377719,0
1.3168346700122053,-0.580762823475395,0.19066022660387583,-0.07565569658144311,-0.0860468129844642,-0.3101823238727471,1.951455112130455,-1.0772464012687772,0
0.34625448224594374,-0.3351212926716002,-0.04517043628697652,-0.06421743460005756,-0.07063017626378224,2.026055228732077,2.340530947860471,0.10037808158822036,0
-0.624325705520318,0.6383179326800543,-0.49208985972071945,-0.08261331443177156,-0.1376279881940838,-0.8026867374174443,-0.20190076965239645,-0.8275770613589495,0
-0.624325705520318,-0.26655653440340304,0.1282034779761134,-0.06339719065514528,-0.05005931118972765,-0.6926448554238381,0.2385172581729182,0.03959195826007924,0
-1.837550940228145,-0.03482444363738701,-0.112021732047102,-0.03958518569662021,0.029573641558854977,0.5132329023574218,1.6040940458146826,0.44412489200260613,0
0.34625448224594374,-0.45267102739430043,-0.741676057128626,-0.07420792696410089,-0.11654919172468185,0.25094697680687567,0.5997162212663341,0.5483082722597469,0
-0.624325705520318,-0.3191977845951338,-0.8056678872889262,-0.0760980266776266,-0.13829021696994026,0.653605049720241,0.2146985269955478,-0.5068408905024807,0
2.772704951661598,-0.337185786932766,-0.21589558241549148,-0.07666320947305005,-0.07559243007208694,0.5848462525135992,0.8827197949508999,0.6597846831659803,0
1.3168346700122053,-0.4723963745595819,-0.3110405377949407,-0.08299112880960939,-0.14033973564927832,-0.7231880597595506,1.6283332150711625,-0.8241831932261869,0
-0.13903561163718708,1.024134674176922,-0.633287261076302,-0.06692683673684113,-0.09054126383671757,0.7547744747763648,1.6807234557114874,0.04089555016184278,0
-1.1096157994034488,-0.5524091273555239,-0.38382146221996694,-0.0739311557846411,-0.10609700683515234,-1.5413624994671424,0.5809671202602535,-0.7312564726742221,0
-2.08019598716971,-0.45327738408922347,-0.3537519239649623,-0.07157827360161721,-0.1223035431042198,0.9333197735666185,-0.5556049669877755,-0.8939463810293042,0
-0.3816806585787525,-0.5228685519696378,-0.112021732047102,-0.07361496635074023,-0.09710525327200839,-1.0475343519348241,0.5640581975134633,0.5812170753737532,0
-0.13903561163718708,-0.019439726085823634,-0.1919061710148521,-0.07602711780585156,-0.105413360136771,-0.48301339452074926,1.8503428007573968,0.04931983345374719,0
0.34625448224594374,0.19541373923708155,-0.8565061756900302,-0.08209091876275953,-0.17580694821746345,-0.31214926525402154,-0.6855081468215846,1.6267719218446222,0
-1.352260846345014,-0.46732841499800026,-0.2931613528865595,-0.07726427268683338,-0.1268461961759119,-0.7937586675540033,0.3029295905535737,0.217833144953845,0
0.34625448224594374,-0.09135844916141589,-0.10552021026223612,-0.055240190906970646,-0.04522912127388575,1.2702301965143927,2.200214308936837,0.5693159292566605,0
-0.8669707524618834,-0.32032380462712334,-0.1368539333087425,-0.07573770235388036,-0.1416261966519986,-0.6875262709885648,0.31976539363443185,-0.8647688993824446,0
-0.13903561163718708,-0.07226802527029391,-0.4001956652337032,-0.07507181758699731,-0.1320488415316637,1.3343299476739459,-0.3235962669853311,0.6264529857346557,0
0.34625448224594374,-0.19488770679487047,-0.5113536279721739,-0.07982491315506911,-0.14853641869068412,1.2631366214585615,1.2778340964258055,1.0904438927398734,0
-0.624325705520318,-0.07794109950161442,0.14864113210539084,-0.06995923070828279,-0.09365872829835306,-0.9753377978051065,-0.6627374641892404,0.30993157451258885,0
-1.1096157994034488,-0.31251767634446953,-0.11674737519628692,-0.05745727586668459,-0.07669694356028535,-0.7538402947001032,0.47750279296638054,0.3134357034308514,0
-0.3816806585787525,0.8981441363024452,-0.2561989975540813,-0.06636600100835596,-0.1058045734693142,-1.5107497789739814,2.167517631654215,0.5779065082988702,0
0.34625448224594374,-0.0867242047941545,-0.031023606477314673,-0.0668896315399983,-0.06025622769118126,1.1688236847739188,0.3005288281888042,-0.09049450407024127,0
0.8315445761290746,0.966977172010428,0.033058522596664225,-0.03018820421785464,0.01802787972146763,-0.7955960893577161,0.3142814186895269,0.47483982207431447,0
-0.3816806585787525,-0.3967806393207204,-0.2523161442658975,-0.07083218960425816,-0.12432589533087042,-0.2367981410742021,0.5611882506256297,-0.7057515265636455,0
0.34625448224594374,-0.2315572583329882,-0.2989705829998887,-0.06895479072978396,-0.10972154484044659,-0.8931901886739192,0.7708406127693451,1.5637780821871772,0
-1.1096157994034488,-0.48961705373841957,-0.6632063011418421,-0.080195869534524,-0.18688439384004346,-0.8196508750819106,-0.15110697505158815,-1.440562322312394,0
0.8315445761290746,-0.6475611735266327,-0.07581186766194624,-0.0804932072206793,-0.11720886727275971,1.9618874249131275,0.5955240270862289,-0.6121791885384439,0
-0.8669707524618834,1.3719802217426371,0.3410079178788991,-0.07473644939452816,-0.09541581677077948,0.20696446986383932,-1.7522082999660304,0.5072761132701739,0
-0.8669707524618834,-0.2011186987389305,-0.13564994779302658,-0.06678654940270799,-0.06346615021330727,-1.2486804511350638,1.7316147432002051,0.09359043734090748,0
0.8315445761290746,-0.6479628444712008,-0.30983655227922474,-0.07780205210653862,-0.16220115167707427,-0.7951043540123975,0.020437854530532287,-1.2187762134244402,0
0.8315445761290746,-0.6663733837764954,-0.1723715060223616,-0.07624162630607757,-0.11592674344615637,0.043955666388771276,0.6839439831145794,-0.5060479800138308,0
-0.13903561163718708,-0.44047881137618705,-0.4683412454232233,-0.06918015820505498,-0.0767201712056561,0.11379379340842641,0.7245132110958872,1.244876179570847,0
0.34625448224594374,-0.5472842830405062,0.17558030801953417,-0.08469419562488856,-0.11675294600164635,-0.4127325593405022,-0.42264904110130275,-0.6881186642887689,0
0.8315445761290746,-0.2829825658693939,0.08064605010533527,-0.07725098443945051,-0.10513091209083594,0.8880947567778217,0.6298232437138621,-1.2009038855773666,0
-0.8669707524618834,1.3192925198090175,-0.5256509559713002,-0.06926849517776196,-0.14271284966731518,1.0623015155942748,0.8105080315374907,1.4690997779323547,0
-1.352260846345014,-0.48242299546653616,-0.32329109041734994,-0.06756018376196707,-0.10806624736381318,-1.0805245250127173,1.2078951359617847,2.1413127120680433,0
-0.3816806585787525,-0.4338041680363332,-0.45771607324703045,-0.07615766501585536,-0.1238481649803364,-0.33569475365627893,0.4752970163774299,0.7510296433820906,0
0.8315445761290746,1.367239163209535,-0.11289462154599603,-0.05704606943491681,-0.04871529720796442,0.28198630698206145,0.8903912665682725,0.7485130080894926,0
0.34625448224594374,-0.5624946202562089,-0.45867926165960315,-0.08495388607694221,-0.13734038529449422,-0.9822820960596804,1.7707337644738603,-0.9950714194886503,0
-0.3816806585787525,-0.692685190493553,-0.49326374559854247,-0.09548652962186287,-0.1856725974484002,-0.6804356229288365,-0.068554872214286,1.34610154276585,0
-2.322841034111276,0.21133550847829002,0.14180851430370311,-0.07284483117108019,-0.07255832901744862,-0.12165670011999262,0.6917738806748047,0.28331396882518345,0
1.8021247638953362,-0.357128985315355,-0.43216148067596044,-0.05861724235801192,-0.07043898115492998,0.7288588512796328,1.581512255652663,-0.5850512227268564,0
0.8315445761290746,-0.40228976622772744,-0.24307555543277795,-0.06622018006851721,-0.0690985690910253,-0.7462418128164894,1.1798049976328828,0.5323871317145156,0
0.8315445761290746,-0.28612141191488677,0.2084190129606854,-0.056022235457163935,-0.04181468699465694,-0.5593714053600306,0.5808635340668498,1.1794305216144796,0
-1.5949058932865796,-0.5311337327603693,-0.37596545672992066,-0.07582653288650108,-0.11942625599409469,-0.13544651051066112,0.6884286559584127,0.04721867334457955,0
0.8315445761290746,-0.3148576517914894,-0.24840319133982083,-0.0761055638117601,-0.12888885240439518,-0.1838414640791011,1.2155178611352027,0.10396372195841451,0
0.34625448224594374,-0.29250865062711834,-0.06837725710240054,-0.07607389398773771,-0.11212675050171889,-0.2733782748725315,1.1916381969028889,1.116766346124713,0
1.3168346700122053,-0.18089902555034015,-0.21478189581345425,-0.07960196273168461,-0.10702651403879172,-0.3791328393241411,0.3889853440501207,0.4760613659053781,0
-0.624325705520318,-0.4553520629568997,-0.38755381731868627,-0.06450988770710676,-0.04843416275882852,0.11237859079258385,-1.0494247241654755,0.09745912955513718,0
-0.624325705520318,-0.14688691109632201,-0.17827103504936953,-0.058971548893626,-0.0639642987531844,0.19337296345915497,0.8907203050649668,1.3259620314586291,0
-0.13903561163718708,-0.5057785338401773,0.17350343300492424,-0.06729730728599667,-0.08856836324572195,-0.3991893483715188,1.8899614730815877,-2.3931852761952697,0
-0.624325705520318,-0.1050584837531397,-0.40588449679546085,-0.0684192725780627,-0.08260088469254882,-0.19141945698999324,0.7051974326788331,-0.541980756482091,0
1.8021247638953362,-0.08885750725052462,0.11381585106330838,-0.06602432175637608,-0.047551109458858404,-0.0031075039527641264,0.825619429163451,0.6834717369682997,0
-0.624325705520318,-0.052441328849982254,-0.1882641148298115,-0.08731999876439273,-0.16119741398096063,-0.45265824968466,-0.3209091192623277,-0.853219373935946,0
0.34625448224594374,-0.43946531882588546,-0.5287512186742687,-0.07261812967936286,-0.09391172733343647,-1.1801067864319421,1.054368210726424,0.6646188777597766,0
-0.3816806585787525,-0.25353390034713813,-0.40964695153207303,-0.064604764233815,-0.06840326383525228,-1.353538623030103,0.47919673189380674,-3.3184437088446566,0
1.3168346700122053,-0.39057945598108096,-0.25689128922561794,-0.07358855680879439,-0.09449152355066602,-0.734814088281012,1.2672378381711504,-0.35036043144566503,0
-1.352260846345014,-0.4313991104696616,-0.4257803574426661,-0.07887455540228845,-0.11187397643138414,-1.0721438034205535,0.8543371779582698,0.51735810614226,0
-0.3816806585787525,-0.37715664141046906,0.2966410516247681,-0.06865655412762964,-0.08707327912831285,-1.3467875065183328,0.3271017334496158,0.03624869283532333,0
-0.624325705520318,-0.5379390371496003,-0.3182042516134503,-0.07762506477553076,-0.13526409550538473,0.25063964221605156,0.7271637989859245,0.4678614962613198,0
0.8315445761290746,-0.5143711124694622,0.30178808970445364,-0.052833140445348356,-0.010426451232561655,0.4192177875262683,1.2405796266334181,-0.591177367337547,0
0.34625448224594374,-0.1349684374288048,0.34434897768501077,-0.07035648064176718,-0.06373256543201658,3.4958477853952514,1.0986665416702672,3.195597157269971,0
1.3168346700122053,-0.6675597662324366,-0.34935737683259926,-0.07608609147196387,-0.10897884465179027,0.7864628663374101,0.2883361238946323,0.975414220705479,0
-0.3816806585787525,-0.6917804993493868,0.3495863146783749,-0.07819047764040912,-0.08131076300043834,-0.9234436203954262,0.5566548313378417,-1.300726464350824,0
-1.1096157994034488,-0.16502196921576262,-0.5829305668814843,-0.07570645687620683,-0.11243768444042092,-0.9361050737883546,0.12239713536730355,0.13088894380471447,0
0.34625448224594374,-0.21865584593470055,-0.5287813183121616,-0.06784269769610295,-0.10143383794991766,-0.45622406268724575,0.33624778499661834,1.6738839587460481,0
-1.1096157994034488,0.05049622798572271,-0.24223276557177684,-0.06669877430948704,-0.0993353357789115,1.1676602038229418,1.6993933437461415,-0.25576869994128887,0
-0.3816806585787525,-0.30402123046444124,-0.059708561389246045,-0.08125770668102847,-0.1401446965947177,-0.160035473023669,-0.5213605901095915,0.5163721398103456,0
1.3168346700122053,0.21605321693792917,-0.04324405946183108,-0.061520994191359264,-0.031100952178142335,-0.28069137463609434,0.16196706124753976,-2.1890855454944225,0
0.8315445761290746,0.0649896682651091,0.07209775294375236,-0.0632792110468871,-0.05270550854569309,0.914336740340048,1.9999761037818748,0.7134435368907448,0
1.3168346700122053,-0.339713308182599,-0.017298171598153386,-0.06233388747217723,-0.024986351791209796,-0.886535663033551,0.02685410521607105,-0.34163826524423985,0
0.34625448224594374,-0.41804286844892247,-0.2304638071556539,-0.08630302167218028,-0.17692751116291533,-0.9645444996749734,0.07319369350051769,1.1511544049489153,0
-0.8669707524618834,-0.5724216307433908,-0.17763894265361868,-0.10083566576320531,-0.22808996533026468,-1.3044338729066645,-0.23977066329971214,-0.2933760343966191,0
0.8315445761290746,-0.32605103115647466,-0.7990158673145958,-0.09775107902834204,-0.20160084213856763,-1.2764737426319261,-0.09680952979153504,-0.19137170843367296,0
1.3168346700122053,-0.59990566082929,-0.6067393804547663,-0.07980826696646082,-0.15401023053450816,-0.9601752262420903,1.274263419406123,1.4486076830812438,0
1.3168346700122053,-0.4794172945207888,-0.018863352768584057,-0.0818006954239456,-0.11820173846631535,-0.5627491588629929,0.7133929285687188,0.5978916848540965,0
-0.624325705520318,-0.5193454233321556,0.6206034542660246,-0.07738941622784486,-0.07195508565483806,-1.5900486891478394,0.9460840787865292,-1.7409061833159152,0
-0.3816806585787525,-0.5101531949439423,-0.29653251233056405,-0.0786980732973912,-0.12372687086448127,-0.9873128706118611,-0.755044949122979,-0.41846564208933773,0
0.8315445761290746,-0.4111821697364765,-0.5228817892851536,-0.07584629466143969,-0.09776642037403639,-0.5360139764573966,0.06343221809858691,-2.122675709647405,0
-1.1096157994034488,0.010703728324469773,-0.3172410632008775,-0.06129270428510345,-0.04770248840299844,-0.7474440764658323,0.4949357399856839,-0.30269694634649025,0
-0.13903561163718708,-0.38915162382933255,-0.45753547541967304,-0.06007858262369586,-0.04002565639018356,3.212856289411468,0.6248815729579533,0.46846573937875396,0
-2.322841034111276,-0.392957685803774,-0.4296933103687428,-0.0820619707217929,-0.1358163018124677,0.13474742676140025,0.2529766721109842,-0.04577039975856313,0
-0.13903561163718708,-0.4756152070269368,-0.7120580134420148,-0.06570504479423528,-0.09914350750889064,1.393204279040463,1.1905474952194022,0.5573850418375679,0
0.34625448224594374,0.8548148457266839,-0.278322231405361,-0.06830855993264705,-0.08917272989462444,2.8810029839808022,1.1352141880253115,0.9169518823794732,0
0.8315445761290746,-0.36909043305424527,-0.4049815076586739,-0.07806667019129547,-0.1385509434148813,-0.24165549110727494,0.993380316033587,0.7919599127453986,0
0.8315445761290746,-0.37321047899525067,0.022011955489970824,-0.06967239922756965,-0.07195382561985267,-0.6182815924288105,0.010633725990141146,-0.28796937275520085,0
0.8315445761290746,-0.434609497165764,0.0056979517520203485,-0.06292049514279217,-0.06299956097508365,-0.20227275854023974,0.5346336252813012,0.35300919385118634,0
0.8315445761290746,-0.06085381382755911,0.5428861892265631,-0.051426536132439644,0.03167713493586982,0.818951059583624,-0.1946375495031446,1.9543321637448436,0
-1.1096157994034488,-0.4505183493450569,-0.38872770319650923,-0.0785964574013852,-0.14366581279481114,0.4250029953240197,0.93994812015373,-1.3367866030141675,0
0.34625448224594374,-0.07064544356966401,0.13783536210184064,-0.05174328541564502,-0.0016031847860570794,-0.07959137562447821,0.3554173240818082,-1.3681192011860108,0
-0.3816806585787525,0.0854398613278857,0.6145534270495522,-0.04441807994555784,0.053890753899062074,-0.4824133603196164,0.5715773364934774,-0.8899147291721975,0
0.34625448224594374,-0.3523327808640748,0.2111279803710462,-0.03505124838022916,0.03984901511329752,1.2640220377797453,2.180240453526394,0.9130369292102753,0
-0.13903561163718708,-0.27603815465953335,0.37830136922819924,-0.05671042168688344,0.015117626035396773,-0.31569678453096295,-0.08784018410386832,1.5104763912633743,0
0.8315445761290746,-0.31647799784678776,0.3022094846349542,-0.044246605936759505,0.026019934880724255,2.0516913241009647,1.3131813615984649,-1.1492177511709385,0
0.34625448224594374,0.08884301033257486,0.10349167526604451,-0.053817199050146335,-0.01810655724952838,-0.9450463151342595,-0.3621547041535071,-0.3007420618769735,0
-0.13903561163718708,-0.15779189221353762,0.23228802580975316,-0.06524668051636995,-0.05104907253476256,-0.42328072154700186,0.3054034725842753,0.07684127378902071,0
-0.13903561163718708,0.003433409706276911,0.051599899538689126,-0.0495890094835901,0.00257686056630627,0.8395490629100728,0.3187051584784169,-0.8426786965665627,0
-0.3816806585787525,-0.36386175543382904,0.1307920468349026,-0.053141415391668584,-0.023092564266218474,-0.8798401594477395,-0.6267869617726415,-1.0026887497170935,0
-0.13903561163718708,-0.4214939596257215,0.3078983161967118,-0.06257254914184951,-0.0161531617534342,0.7151722175015981,0.9935631151984171,-0.11304232814036982,0
2.287414857778467,-0.5204557938468243,0.1060802441248337,-0.06016260420860393,-0.027705090123636093,-0.042151436720867005,1.1392662361790467,-1.3147104395536944,0
-0.8669707524618834,-0.60812538349828,-0.026930055723880603,-0.0740658460664914,-0.08758233860309764,-0.36295679536043096,1.3257152910003198,-0.47123261592189986,0
-0.624325705520318,-0.6353230025767042,0.12055816995131743,-0.05216081797898698,0.0072866264425013065,-0.3841394661584714,0.6374520621927743,0.3241056069850531,0
1.3168346700122053,-0.5173447691654574,0.5373478558542699,-0.051136965287073094,0.03301142075107086,-0.6974026875894059,0.24306286407169495,-1.506399487135352,0
-0.13903561163718708,-0.2503764239238824,-0.36684526644837273,-0.0752165827049965,-0.08559074439498426,0.45690359410253883,0.2769964823696678,-0.2000601817962152,0
0.34625448224594374,-0.4655585291105251,-0.10019257435519326,-0.045645908605004004,0.006001256114181919,-0.3233450253483292,0.36056007391903017,0.23525731149004397,0
2.287414857778467,1.7535715935628797,0.7984020152993704,-0.04807685389540218,0.02373689093607993,-0.9666951100617165,-0.1049684658484547,2.456155736434184,0
0.34625448224594374,-0.11168443970577317,0.6148243237905883,-0.05195549592881251,0.030214190757606955,-0.31752762059344386,-0.039526364839255916,0.3696565914236235,0
0.34625448224594374,-0.5908490615911905,0.023125642092008035,-0.07470956701894363,-0.09770888799176632,-1.013619979837381,0.28738556823751543,-0.09631696114242044,0
-0.13903561163718708,-0.46103730903502527,-0.3819853843085002,-0.06510444436567288,-0.07369209790042487,0.5033418507760652,0.12218996298049603,0.9866171042226459,0
1.3168346700122053,-0.1837303461602268,0.1840383062674384,-0.053485045713331285,7.211996207798555e-05,-0.029376562228943918,2.548690450158073,1.627187201172179,0
0.34625448224594374,-0.6486203726037126,0.32565710255352137,-0.061905343623649106,-0.02653004840632571,0.5940004328260037,1.3994077276488535,1.9899019676575915,0
-0.3816806585787525,-0.528063446505044,-0.033943271352925734,-0.06502674877795302,-0.044402309352948505,-1.9096773953539625,1.159380237615859,-0.8867423359463082,0
-0.13903561163718708,-0.2767741787836862,0.5865306641712645,-0.06798713417155104,-0.024247837622492545,0.9651215862266584,0.6160645599076451,-0.9831518808631184,0
0.8315445761290746,-0.24852655161454518,0.5857179739481563,-0.06749720900111497,-0.05211202567303826,-0.7547418094998539,0.07691670315755869,0.41256757833042407,0
-0.13903561163718708,2.3938350792043606,0.38654867001085313,-0.029803216946314926,0.03161586510105416,-0.7884168996658696,0.37503776777357917,-1.3094948606394075,0
-1.837550940228145,-0.16968751261766568,-0.26038284722119404,-0.06591003196980642,-0.07331627474719997,0.07820664303806923,-1.2036462862271906,0.6327348701029578,0
0.34625448224594374,-0.20597476880408877,0.010875089469598729,-0.07044999291947186,-0.07747138306980753,-1.2015536186282862,0.417154695350449,0.43148820007701255,0
1.3168346700122053,-0.2062482627496481,0.6255698945183527,-0.05746776080305886,0.0017826235711081784,0.5865702532183175,0.3667874321342444,1.644944758617167,0
0.34625448224594374,0.36804331639815735,0.34573356102808406,-0.056743835505843866,-0.039756637045230706,0.4467088666754869,0.6850103115760886,-0.9166881379863688,0
-0.3816806585787525,-0.21145980042252246,-0.44284685212793906,-0.06623843916526038,-0.11159204220400329,-1.0197117904769308,0.6396639320872193,-1.4102788757990006,0
-0.8669707524618834,-0.19855416513860855,0.25829411294921667,-0.0554765111616789,-0.015004975844994157,-0.9348186590010479,-0.01916253787717562,-2.663753654499509,0
-0.13903561163718708,-0.16869438928038485,0.6700872589619481,-0.055261554819217934,-0.008361734190840117,-0.024318712962809633,1.3868981714689759,-0.45079867173658694,0
-0.8669707524618834,-0.46176513579296247,0.04007173822570936,-0.051296118204141636,-0.0074314688556914804,-1.7755814593851875,0.5458270274744016,0.4303585971423075,0
-0.13903561163718708,0.5400578426880207,0.5798786441969341,-0.05461270270062392,0.0030506565964868184,-0.7051980099609524,-0.9219162133909417,-2.002557411396314,0
-0.13903561163718708,1.9476683340075494,0.34811143242162296,-0.03088854567300826,0.021128439984276774,0.2563985070488752,0.8902450272364083,0.36179836837630563,0
0.34625448224594374,2.0854283025274403,0.9743042991454638,0.012227046176265676,0.16140180771159587,0.017107062884180266,0.7793590538504307,-0.15473868416111555,0
0.8315445761290746,-0.28592815279622635,-0.18019741187451496,-0.0489080647817137,0.012457369204277228,-0.9478181804438829,0.9374620515120398,0.37986743770217524,0
-0.8669707524618834,-0.38326864734188343,0.6582882009079323,-0.0337234828754985,0.09975441419517285,-0.5788608089124352,0.3188635844212697,-1.2658992657958785,0
0.8315445761290746,-0.6551837304870627,0.48783395152045345,-0.052750163883291,0.00031582283484962346,0.4986206060617859,0.6078934372397367,1.985408862884942,0
-1.1096157994034488,-0.2830404442429773,0.3870904634929253,-0.07167467567988889,-0.06195965989472873,0.6978685482891737,-0.7150058387196787,0.726994768796667,0
-0.624325705520318,-0.5078549515431113,-0.47487286684598207,-0.07038307702058375,-0.09152257755949074,1.5044111054830978,0.557398214608151,-2.3794287461947707,0
-0.624325705520318,0.4185594614997337,0.4158356176806425,-0.044778327241895795,0.011894738768210894,-0.8276093774862041,-0.9349741670653097,1.6503115218592486,0
0.34625448224594374,-0.49922660258852175,0.1802457518929333,-0.05672715487020128,-0.027322347862868447,0.5874798172573517,0.7081587791490818,-1.0754633215769476,0
1.3168346700122053,-0.5264679409534295,-0.12213521037911558,-0.06391156690189646,-0.06947969604362046,0.6016040369527978,1.6947197784319836,0.7456918899389768,0
-0.624325705520318,0.9002118598290899,0.10896980936255186,-0.037787977395650964,0.08124043459128057,-0.3212829565937044,0.8118119989132793,-0.009809591604972235,0
1.8021247638953362,0.5235557992807572,0.526451786937041,-0.06700713457109875,-0.06691958952685419,-1.272521566143733,1.3840647844141083,0.8990075447620587,0
-0.13903561163718708,-0.5548246179337427,-0.24608551922206773,-0.06546188622749344,-0.07999670806331079,0.5299255611333268,-0.24794178596762048,0.27846662155384727,0
1.3168346700122053,-0.25071251593872507,-0.04387615185758193,-0.06737134625469066,-0.04748147859836583,0.6789689344515412,0.4447390893233208,0.13727538431188258,0
0.34625448224594374,-0.21555972555554395,0.37634489276516087,-0.056212672379557224,0.01865852494976797,1.9854058386014313,0.7579410850378299,-1.2413181975997463,0
0.8315445761290746,0.8677612194366393,0.19704134983717012,-0.06593356768858148,-0.08744938067697035,-0.9924614567571911,0.41048861913964235,-1.2430897258949025,0
-0.3816806585787525,-0.5298430201889559,0.4013877914920516,-0.05810535945777864,-0.0199292873981499,-0.6940907914987631,0.549952195294069,0.3589192308995797,0
0.8315445761290746,0.081572691714382,-0.29608101776217055,-0.05853008307308565,-0.017568193678655232,0.15889880335699663,0.5880962876886299,-1.992015953211735,0
-0.3816806585787525,-0.48513706889903496,-0.06383221178057301,-0.06879118837829655,-0.0925515647778013,2.114923952664978,1.172505217650665,-0.3779401603436573,0
1.3168346700122053,-0.5418499260495876,0.15011601436214284,-0.06071156253008777,-0.06938272841383598,1.8807862168887937,1.8130152112990774,0.8807904975916707,0
-1.5949058932865796,-0.39925723753800146,-0.014318307446756526,-0.05668735170534843,-0.027698288484332225,0.6286633841768111,1.1808103930394487,-1.2221743637530482,0
0.34625448224594374,0.6099560391939676,0.27141755507052,-0.041777092009843,0.029540717261870415,0.2892101333644801,0.9924480402929532,-0.06470495836831154,0
1.3168346700122053,1.1237237311160422,-0.18931760215606291,-0.05434957858455636,-0.024697773344873497,-0.30707824450542337,1.281636319054273,-0.2597074011709994,0
-0.624325705520318,-0.0668701838197906,-0.08339697641095642,-0.06270524211768487,-0.05039799999763082,0.1951174531365948,0.09845653808004637,-1.630693697540937,0
0.8315445761290746,1.251368646535864,-0.03704353405589418,-0.03820004530802798,0.037624332170999725,-0.22318248695166729,0.2235399132678334,0.22637054562716732,0
0.8315445761290746,-0.43979271666443875,0.4467479457966483,-0.048394956194100884,0.04944597887175123,-0.6604259458191083,-0.025469109063816286,-1.7710732179038253,0
0.34625448224594374,0.69275738693346,0.4561089331813394,-0.05599755284226848,-0.007450009111454672,-0.031980125262639776,-0.6861845037314561,0.0901013849674293,0
-0.3816806585787525,-0.10323966207340729,-0.1565390964906975,-0.06559050872389785,-0.04575861781721648,-0.28969774164529294,-0.09100260965543015,-0.00625187684327437,0
-1.1096157994034488,-0.3568969750109477,0.14734684767599626,-0.05320189426517381,-0.0071559752668671475,-2.1800034133251756,0.8053591883947744,-0.6746698838813336,0
1.3168346700122053,1.144736809992295,0.6174429922872703,-0.050024386624711425,-0.013097741824275417,0.6198055622198442,0.21442432824830254,-0.21678022592591834,0
-1.352260846345014,-0.08047979897810516,0.41059828068727827,-0.06507645625557805,-0.04198048236709489,-0.8096888438450541,0.6847056463013717,0.58084735496563,0
0.34625448224594374,-0.3984861883036544,0.17049346921563446,-0.04584804275634494,0.005884785005354259,1.8511262336271876,2.1552335277776278,-0.7753816008805668,0
0.8315445761290746,-0.14311214815652226,0.2045361596725016,-0.04352503149257307,0.04900638785293753,-0.6294758890250666,1.682405208027925,-0.6178731343618176,0
2.772704951661598,-0.4085905599871391,-0.04240126960082995,-0.07826976680364187,-0.11482412881446113,-0.33260969976362526,-0.7929818691307324,-0.42078930839591977,0
-0.624325705520318,-0.2930114224216797,-0.04815030043837338,-0.07055909829223389,-0.07683133248739012,0.2676447578259611,0.26048971778550395,-0.610052928142972,0
0.8315445761290746,-0.48114370952681723,-0.10982445848092048,-0.07882573578896737,-0.11381598956631389,-0.521951955429141,1.276853074241217,-1.4179831345449405,0
0.34625448224594374,-0.28676428415022515,-0.5068687819261322,-0.06828522103790106,-0.0695959074264261,-0.504258995735006,1.7935044471062045,0.1801636611043424,0
1.3168346700122053,0.8454842557329515,-0.33484935136822264,-0.06757058674381908,-0.10266242570496857,1.1691880957887533,0.616728730206528,0.3621576428506418,0
-1.352260846345014,0.22032478995140617,-0.09194527357253933,-0.07491938076556101,-0.10301460805511423,1.2039600777444006,0.03765753585753376,-1.0024226907877678,0
0.8315445761290746,0.829108402084402,-0.4962737093878322,-0.06805104296080322,-0.09422582699530804,-0.5939780120358537,0.40321321237940183,-0.5279502596211986,0
-0.13903561163718708,0.06268446952324666,-0.08968780073057202,-0.07361004797794875,-0.07263635848264367,0.32297669215871716,1.6303318192733056,0.4470959694420676,0
0.8315445761290746,-0.22212979037488872,0.023607236298294396,-0.08879823837051037,-0.17081297580958463,-0.24577231112626677,0.5363275642087274,0.712314791789425,0
-0.3816806585787525,-0.3230085662652752,-0.44928817463701914,-0.08128933087853617,-0.1511350480112824,-1.3207987081190236,0.11115498673024844,0.958334566954016,0
-0.13903561163718708,-0.3171188828418314,-0.3585076667520401,-0.07394813561103541,-0.11255038917603598,0.6090408023017161,-0.4779579750734161,1.443634723063391,0
2.287414857778467,-0.6055827095411999,-0.44564611845197855,-0.061433181822937784,-0.05640790712796469,0.923373840808329,1.627084087444823,0.003829576380084791,0
0.8315445761290746,-0.31928273911773264,-0.3930921506909794,-0.0820237683568898,-0.15863355484364303,-1.0234788344616037,-0.1852477657363685,0.4593397297526745,0
-1.5949058932865796,-0.39761652226968236,-0.3047196138374322,-0.06888104271539044,-0.06126184505055894,-0.5718777279594954,1.3789098479658977,-0.8785293418405786,0
1.8021247638953362,0.17968473230445983,0.19171371393012726,-0.07271620315833824,-0.07150891472776935,-0.8593358199965895,-0.2487643822093562,-1.325590424867676,0
-1.1096157994034488,0.6348978921328602,-0.30465941456164636,-0.07947874899170439,-0.1323584756151178,-0.29471900346013863,0.6239066440788591,0.338246166568023,0
-1.5949058932865796,0.08942924621951401,-0.6925835477253101,-0.07317429979604594,-0.11587461805868703,-0.8673631068093055,0.5944394187082366,-0.3350908032605168,0
0.34625448224594374,-0.5242027354224981,-0.6033983206486546,-0.07376868028092896,-0.11743904325965983,1.6289255197084176,0.8844015472673374,1.6991751207747599,0
-0.624325705520318,-0.1717900128494678,-0.11494139692271306,-0.06466618490093107,-0.033317647932081494,-0.6604508252859845,1.3120967532204726,0.22290425887571524,0
-0.13903561163718708,-0.48819940619318153,-0.23696532894051975,-0.08361366896539207,-0.1334924741277319,0.676148041957191,0.21822655087676998,0.10027045436069296,0
-0.624325705520318,-0.5817415393205392,-0.2415404739002402,-0.07258724329639159,-0.07316697999816468,-0.34107237724667544,1.336256709505526,-0.07773173420837591,0
1.3168346700122053,-0.27779835275057185,-0.23085510244826155,-0.07369037404561873,-0.10608652126598987,-0.3881911605141695,-0.7865656184451937,-0.6126774022372319,1
-0.624325705520318,0.33155559734700546,-0.6308491904069772,-0.07185157727080706,-0.09890792240110913,1.5045750172648706,0.5044839496953128,-1.3982304401872343,1
-0.624325705520318,-0.550398785392389,-0.45350212394202477,-0.06953295078268373,-0.1108881425862983,-0.9044876618828092,-1.5090061977704856,-0.7816624736329105,1
0.34625448224594374,-0.20097363019741676,-0.20370522906886795,-0.0646593825488101,-0.11290490595407397,0.5392853629219732,-0.6683676784660095,-1.5110106180731417,1
-0.624325705520318,-0.20043061678688753,-0.7423081495243768,-0.07885163141981556,-0.15298685546586024,0.30816023788489094,0.009323665308858302,0.5655837881512557,1
-0.3816806585787525,-0.5623637108017949,-0.5168016624307884,-0.07892924458561557,-0.129551583175683,-0.8543416328956974,-0.8616107689134704,-0.6824808778348453,1
-0.8669707524618834,0.14359495812232345,-0.2513830554912177,-0.0712012949631274,-0.10186986613773226,-0.1162629780510291,-1.2546289732983236,-0.9458444196333184,1
0.34625448224594374,-0.3402826525270331,-0.7123289101830509,-0.07215642325705907,-0.0913721974427741,0.8453825661435251,-1.9120600763045148,-0.40392690133576375,1
-0.13903561163718708,-0.3976036052077668,-0.6192608298182116,-0.06709355336700086,-0.09328043008227638,-1.505244099304075,-0.2691343024769309,1.6986541468806797,1
0.34625448224594374,-0.3292256475272723,0.3644555357974663,-0.0605921886454759,-0.00638796472864279,1.1184208118787613,-1.7131502117473187,-0.19348214464032001,1
-1.1096157994034488,-0.39624632008648053,0.5816545228326151,-0.03871978786652272,0.05979983029866309,-0.8110023333463143,0.7616397214728935,-0.2677355382513505,1
0.8315445761290746,0.25431951605284564,0.09566576941389114,-0.06268868519372993,-0.05405251229385961,-0.9704255665951009,0.7804741287558947,1.658502810224796,1
-0.3816806585787525,-0.29646648807906817,-0.3672064621030875,-0.08923602160308354,-0.14414820163523476,2.2633065566129207,0.03758441619160169,-1.1787999808940428,1
-0.3816806585787525,-0.13582096351523495,0.026466701898119664,-0.05434495308989808,-0.04425240536306392,0.33782973388383203,-1.9736451149357972,-0.2275751804827589,1
-1.837550940228145,1.108963503827091,0.28818305337686395,-0.053778502529742235,-0.023843975435164012,-1.3756974470285228,-1.4804407816130254,0.1287883125229189,1
1.3168346700122053,0.19026728368385892,0.7815161184414549,-0.06477714480307074,-0.061302962282217426,0.9672092661971853,0.43857875746854424,-0.11973440332961997,1
0.34625448224594374,0.008986255899767523,-0.36419649831379775,-0.07582869583780377,-0.1295409080738122,-0.26351356625610267,-0.2661485827847048,0.940172119163047,1
1.3168346700122053,0.034515835155820324,-0.017809865442332644,-0.07286138821088535,-0.09369262401400985,-0.8424836399330663,-0.7360825824245967,-0.1885942211032474,1
-0.13903561163718708,-0.18263239589740007,-0.3593805562509341,-0.07687969627469456,-0.13159754844448118,-0.9816696221251094,-0.7511147670791305,-0.9122838888912259,1
-0.3816806585787525,0.6799973170011335,-0.10245004719716058,-0.07711110238044316,-0.09993149820810306,-0.64771253824535,-0.10739360143520155,1.300101163594607,1
-0.624325705520318,0.646798480637725,-0.04480924063226175,-0.051261985221192644,-0.033801524462536335,0.3847172844591822,0.7155316787972317,-0.1660844849193846,1
0.34625448224594374,3.476699704143871,1.195175442003546,0.39955763385555254,0.7480156588188589,-1.0047745976138522,0.37171691627916453,0.5955159608376144,1
1.3168346700122053,1.214938060643185,0.20911130463222205,-0.05051357102925802,0.00680515533232026,-0.7507230438503155,-0.4310090562395356,0.5802233993509257,1
0.8315445761290746,-0.4331444042584898,0.06279696483484702,-0.05743240490333945,-0.023694392783695697,0.792676147315238,-1.177378046241096,0.886351781714646,1
0.34625448224594374,-0.22324463218022048,-0.1527164424782995,-0.06479538901555615,-0.047780098376797,-0.5950836848137947,-0.34211991568812106,-0.21474743611278954,1
0.34625448224594374,-0.6896874385089845,-0.38592843687246975,-0.07344469804057159,-0.1023960890086751,-0.2245911038262779,0.9134544278643448,-0.7314296138769679,1
1.3168346700122053,6.829813972692844,0.19123211972384088,0.25712033338030843,0.23478554257721745,0.15318677046182239,-0.4358288608855576,-0.8786972379687177,1
0.34625448224594374,2.2889351225776307,0.009580805040204133,-0.0450609820260701,-0.05432787081908101,-0.04160335670056397,-1.324488720790918,1.7675731815527893,1
-0.13903561163718708,-0.2272772395482587,-0.2729945954983181,-0.056544288934109344,-0.05208085616665309,2.445050330394823,-1.0206643222321963,-1.6000860304522524,1
-0.13903561163718708,-0.42687391591357243,-0.1205098299328991,-0.09410196794546777,-0.1789889460617164,-0.15137010106048002,-0.020027787257371733,-0.9779754053657472,1
-0.8669707524618834,0.745430681374943,-0.58506764117188,-0.06861557167140836,-0.0940583004541629,-0.9937317730659309,-0.568059683418204,0.4063055263963502,1
-2.08019598716971,-0.6394415580874886,-0.2825361807103667,-0.07668982057744866,-0.08632966986375315,-0.7827407224729581,-0.3985195513437211,0.9684560434819538,1
-1.352260846345014,4.873464334744952,0.10716383108897802,0.2932133516330625,0.3210705891234397,1.4217154163316075,-0.12750150956651962,0.6636228089498616,1
0.34625448224594374,6.963701306688421,0.5840925935019398,0.5080135997877185,0.5202204390591111,-0.9135342750884252,-0.812181874743394,0.02527434388443011,1
0.8315445761290746,-0.5160033819665287,-0.03183629670042291,-0.0660292501035997,-0.06479013612269152,-1.4437383984408827,-1.2080822126270694,-2.341993415357686,1
-0.624325705520318,-0.5881300200579549,-0.821891592113198,-0.06333398266669506,-0.08681072790384015,0.17663420449462636,-1.7749789825983746,0.3659410682533078,1
0.34625448224594374,-0.5166904702984244,-0.23570114414901805,-0.07744502583728849,-0.1010114210504582,-0.4516045310875487,-0.6868608606413278,0.8265695800114018,1
0.34625448224594374,0.43806720585274456,-0.18113050064919478,-0.07258375277913001,-0.12449633632495534,1.3480985373428669,0.1831839509788275,0.16605427852951643,1
-0.13903561163718708,1.9311578448290334,-0.32834782958335673,-0.0781256270444391,-0.1731575633299084,-0.2669974233678019,0.38142355193164623,2.496908758531029,1
1.3168346700122053,-0.2772394414176849,-0.535433338286492,-0.08622754004689279,-0.15512437754964095,-1.5144399893109484,0.0033217593969345777,-0.2072792599236806,1
-1.1096157994034488,1.4072661572255638,-0.09173457610728905,-0.06663309413975123,-0.08608375983588679,-0.18577401325616427,-0.7128975550186375,0.05758647499066389,1
0.34625448224594374,-0.03202889335280513,0.19628885888984768,-0.06981622738867865,-0.05897186176220395,0.9790079874887289,-1.516080525449413,0.998226892870943,1
1.3168346700122053,-0.4029035750737557,-0.40811186999953525,-0.07934727164994705,-0.11113987772226969,0.8952161382966323,0.4361658084927861,1.1023384387326125,1
-1.837550940228145,-0.23774676663589622,-0.3676278570335881,-0.06543405316781503,-0.08869640936857985,-1.3056427222972393,-0.28494643023474003,-0.18212733769050982,1
-0.8669707524618834,-0.5226735540157195,-0.5145140899509282,-0.07379076453167309,-0.09352354502987344,-1.1388573621001632,-0.9355286578652945,0.6629062730133923,1
-1.352260846345014,-0.5962175912473469,-0.6568552775464407,-0.08459914396652421,-0.16683853978384827,0.07314879377193495,1.4335485183336338,-1.507784364889165,1
-0.13903561163718708,0.7602703982756823,-0.3368660271070468,-0.064007685532613,-0.10613706070242174,0.6062791814784535,-1.6312622792088995,0.4500228515422516,1
-0.13903561163718708,-0.2054250484575649,0.23457559828961339,-0.07892266337190404,-0.12787579366298982,-1.1292509608898318,-1.3837643966398459,-0.5787192714780135,1
-0.13903561163718708,-0.10047541082346707,-0.13622184091299164,-0.08116360754212085,-0.09866948090613903,-0.04472426629548045,-0.06932262870657269,-0.23113956338158118,1
-0.624325705520318,-0.5496545639020204,-0.5375102133011018,-0.08462253997131354,-0.14220214990838573,1.3862972999862035,-0.6228872462562647,-0.2909916320287424,1
1.8021247638953362,-0.2114737111045854,-0.10756698563895316,-0.06787622072523868,-0.09193126216143387,0.04047546802220087,-0.626975854242966,0.434417840522563,1
0.34625448224594374,-0.5319661380388157,-0.009713062849143202,-0.06573825758969723,-0.039957792741375335,0.054561636768306915,-1.7908520434111272,-0.11748116334888964,1
0.34625448224594374,-0.2552896271475136,-0.4262318520110596,-0.07363722508682528,-0.11614112167964538,0.07959403919093247,-1.8663602850969736,1.3506675732623976,1
1.3168346700122053,-0.6770192784402883,0.10111380387250561,-0.07115576861666274,-0.0862843666341268,0.5158408558852723,-0.9061893919100531,-0.5681302592779823,1
-1.837550940228145,-0.43750639670537605,-0.25382112616054237,-0.06598955382123269,-0.09986797984405513,0.35731255169500464,-1.389900355272645,0.21844648052022247,1
-0.8669707524618834,0.005175225824589346,0.07862937436651113,-0.07951494388749289,-0.09255741807275147,-1.0068864253022296,-0.017401572589311704,-0.7175240934696567,1
2.287414857778467,-0.32434970505916694,-0.602405032598189,-0.08420862026220624,-0.1453815149040673,0.13426666765146822,-0.691936584118112,-2.8769281441545105,1
2.287414857778467,-0.3825204513709255,-0.4557595967839921,-0.08855544966482036,-0.15642525721903747,0.6959842945478115,-0.11817875216018124,-0.2070869708056373,1
-2.08019598716971,0.5119224945955307,-0.5289619161395189,-0.08654365613551757,-0.1411052677774368,0.2927503351511638,-1.7970976815428246,-1.1500359346979163,1
1.3168346700122053,-0.5600386396569854,-0.41921863638201445,-0.0759780623906103,-0.09701882921767999,-0.6714116939430195,-0.9763598979828588,0.14066483535293256,1
0.8315445761290746,0.6161721268358173,0.20977349666586578,-0.065803822951387,-0.07804737911627675,-1.4101679483855523,0.6566886276384019,0.012607934556339635,1
-0.3816806585787525,3.0384968244281065,-0.3816542882916783,-0.024586245555320328,-0.07578878549257938,-0.41927146863479847,0.6089110192572913,1.0488187900998793,1
1.3168346700122053,-0.5720517556435382,-0.4190380385546571,-0.0758733515584202,-0.11458394721053385,-0.7570116949777979,-0.3707462649005248,-0.2371067483982472,1
-0.8669707524618834,-0.0869711194007721,-0.1454925293840041,-0.06380104393904665,-0.07389829285406745,-0.2616973651741372,-0.2154279078498286,1.006116743703204,1
-0.3816806585787525,-0.3262718632342242,-0.3305451031495383,-0.06238856810303735,-0.06670724421549219,-1.4449223683645813,-0.5539902410317757,-0.05486383835864925,1
0.34625448224594374,-0.5376608235083411,-0.5619511192701346,-0.07147276807944535,-0.13987908129711146,-0.5661554505779605,-1.0565295183718746,0.20455599657114878,1
-1.5949058932865796,-0.3605480322424018,-0.23696532894051975,-0.07871018777776224,-0.11354268972036531,0.16991748018706754,0.6427593312783434,-1.439527329289852,1
0.34625448224594374,-0.32061667416555606,0.047175252768433186,-0.06199743908415024,-0.05154377953260777,-0.6258676345789862,0.8028182800036351,0.7009642637865008,1
-0.8669707524618834,-0.5503264995266689,-0.49085577456711066,-0.059810595153513564,-0.06394659480183823,-0.35241375539711167,-1.1705230775599649,1.5997845055095377,1
0.34625448224594374,-0.4697543385877663,-0.008328479506069913,-0.06918817204647651,-0.08465131254591794,-0.9291380913139818,0.24757191013750565,0.09537307578232065,1
-0.13903561163718708,-0.34729661714720855,0.16844669383891744,-0.06258657231679644,-0.054718272175819545,0.3604137040662253,-0.08791939707529473,-1.4960990396263407,1
0.34625448224594374,-0.5688450950229883,-0.3527285362766038,-0.0712234208414144,-0.08742370950249874,0.8728626690573571,0.1479707385270435,-0.9289499026046457,1
-0.8669707524618834,-0.5720594561996801,-0.5071697783050612,-0.0889622474415753,-0.15420765428215044,-0.3931743713796751,-0.943809460032101,-2.042864458457142,1
-1.5949058932865796,-0.24951048396546296,0.013523857604173713,-0.06737621667260792,-0.04721378552387109,-1.2921060970694878,-0.3668221761621706,0.5418017261848238,1
-1.5949058932865796,-0.30089579829093765,0.3853747841330301,-0.06799768898016961,-0.05764604479613958,1.0741412148312615,0.06053789798877598,0.23955840915739862,1
-2.322841034111276,-0.2823650309478131,-0.177247647361011,-0.054774058120580275,-0.03770286842314279,3.125407158588564,-0.519337612685471,-0.6770625516365648,1
0.34625448224594374,0.00727126752543366,0.6549772407397135,-0.053228355300110025,0.006978283372303113,-0.31469941060883605,-1.1516216439165259,-0.6127388834905384,1
-0.13903561163718708,-0.33930219784663107,0.7011801849053113,-0.05879511124247484,0.010294556651903862,-1.0612451334307091,-1.6077543066117403,1.7125156830947437,1
0.8315445761290746,0.21831867087389745,0.6115434632602624,-0.03492870721396669,0.08576599205213142,-0.015078918014389837,0.5549852656323928,-0.48804997388418875,1
1.3168346700122053,-0.22622996391294706,0.609586986797224,-0.05445344835886505,-0.0016625915509446223,1.220372476643435,-0.6558032825366829,-0.2915703904558374,1
-3.2934212218775376,-0.5288605782682592,0.6297236445475725,-0.041135503961063906,0.05528064969917424,0.5143144274175124,0.4740600753620791,0.4472300357926072,1
-1.1096157994034488,-0.20667949389359996,-0.08511265577085159,-0.053752626015255246,-0.018725769005419782,0.17785988411279402,-0.17413966982018883,1.2493898907247873,1
-0.3816806585787525,-0.5100436483226964,0.6540140523271408,-0.05211703591161517,0.026223328257721727,1.9008032114887796,-0.3547635245888741,1.1525197278155463,1
-1.1096157994034488,-0.45770122939028257,0.08109754467372873,-0.05880831150089319,-0.056180751142793015,-0.09142448912023307,-1.7372492349774287,0.09977760043873568,1
0.8315445761290746,-0.05678444251406877,0.24104702043658635,-0.06452452459652532,-0.04070370616762021,-0.8463948384758163,-2.020581847158689,-0.1543074834775497,1
0.8315445761290746,-0.38931085145794614,0.2835778087792506,-0.05374772235622657,-0.01673594907537961,0.1580346077575602,-0.35048602413184826,-1.9273592459178874,1
1.3168346700122053,-0.407419330238445,0.09154211902256418,-0.05619906918368862,-0.025164431308536253,-1.0936367358055212,-1.0209872674233962,0.2116039495291113,1
-0.13903561163718708,-0.33023193633150555,0.45541664150980277,-0.04384522897701692,-0.00238770342322159,-0.5728143667124833,-0.38747848178797917,-1.0753829070927334,1
-0.13903561163718708,-0.36947620607645565,0.6780335633656731,-0.04611014034028838,0.06409675792366518,-0.5097668706519899,0.07114634285441984,0.6624024129277707,1
-0.624325705520318,-0.13238800590612518,0.27271183949991457,-0.049911028065318414,-0.007765369543284245,-0.7235180785701737,-1.8947733686170756,-0.09880965441171065,1
-1.352260846345014,-0.024493774965342288,0.6973575308929133,-0.0440131831702402,0.03177661282968643,1.091085595272032,0.8081986687551364,0.12952042768805574,1
-1.5949058932865796,-0.30149892572038184,-0.17658545532736725,-0.04311570813275229,-0.015817932273979332,-0.13158726614874094,0.33087958285610586,-0.09210829105509716,1
-0.3816806585787525,-0.46594281170251445,0.8673602857119987,-0.04535566586144156,0.036817833785688966,-0.6223120660627612,-1.191027050548415,0.9121355759237562,1
-0.624325705520318,-0.22017335230474772,-0.3266321502234616,-0.06087421529622634,-0.04307907126805901,-0.02871359761159472,-0.5156816293888676,0.6284106760864179,1
-0.8669707524618834,-0.5056317264634057,-0.029639023134241382,-0.06726509032805962,-0.07143614896755886,-0.06004270040098611,0.9408194628394204,0.2616733652566557,1
-0.8669707524618834,-0.13638086846826922,0.1650755343949129,-0.04927080456554005,-0.007596778847446306,1.7006588767048214,-1.3175362592218773,-0.1716554033387692,1
0.34625448224594374,-0.29647418863521013,0.16459394018862655,-0.0502831267396305,-0.01614074513363201,0.37899500707764716,-0.5481223878407275,-1.146567841053627,1
0.34625448224594374,-0.24267263851640614,0.4365140689130631,-0.054601320439442935,0.0028010323634806815,1.3714069390607744,0.03874214423552606,-0.0325240389639708,1
-1.352260846345014,-0.12752820976541432,0.2671735061276214,-0.06814329171782324,-0.047031279660245104,0.3427141586308584,-1.405273765034862,-1.3909855579071204,1
-0.13903561163718708,0.350094065246272,0.26229736478897203,-0.05634633513285966,-0.04993332786149297,-1.5033620408097899,-0.7711861153774825,1.9957026238897537,1
-1.352260846345014,-0.48216241858289244,0.12046787103763873,-0.06341722805114808,-0.06101780264955146,-0.7585271472101711,-0.222557075278205,-1.122955406302509,1
1.3168346700122053,-0.2859529932999102,0.12657809752989693,-0.05678890582174673,-0.01960820395419558,-0.20902972904421602,0.49827487139658155,0.3819773042301399,1
0.8315445761290746,-0.16529024665554834,0.30503885059688657,-0.04820648403196168,0.021218908721274705,1.7297334607458101,0.06367595031836046,0.5245926935345987,1
-1.352260846345014,-0.07259393267862618,0.36845878763722173,-0.05671976822537911,-0.011922880950104735,1.3779246276333232,-1.0476759454886002,0.004337927778654672,1
0.8315445761290746,-0.430031640741865,0.07613110442140063,-0.058111526252725594,-0.022785977720154976,-0.6552685786854691,-1.0022381664173157,1.4542149278966683,1
-1.1096157994034488,-0.28997119317581177,0.4408484167696403,-0.05879548728242887,-0.030865512110073226,0.15296578225603932,-0.11194530063947264,-0.7078172933199444,1
0.8315445761290746,-0.18907204807240457,-0.004957320062065387,-0.03903052456857271,0.03748471258742767,0.540516896532347,0.2482665469638603,-1.1072129117901388,1
-0.624325705520318,0.3608117489657113,-0.4631942073435378,-0.07209963309608851,-0.131557144613387,-0.5348322017807752,-1.959216167525203,1.0581351736516629,1
0.8315445761290746,-0.3804288809607443,0.6157574125652681,-0.05226002353467557,0.014210887601913991,1.2486904321917758,-1.3319956731599434,1.3848638857352884,1
-0.13903561163718708,-0.5564002510824101,0.210887183267903,-0.05688057018095257,-0.022440596939408267,-0.11291742150520069,-0.5886550559890692,0.216195648161413,1
0.34625448224594374,-0.3983900555543978,-0.039240807622075706,-0.058452301790642786,-0.02583804777697963,2.140437114197536,-1.4030558018349224,-1.1948695893061845,1
-0.624325705520318,-0.2374019804447642,0.03528589580073865,-0.06335653747580242,-0.06894214373271164,0.46997555869892527,-1.1479839405364056,1.4534315434435106,1
0.8315445761290746,-0.40380578216755353,0.25094980130334965,-0.05512772696273215,-0.036800538290127395,-0.0845767817370611,-0.08890041925988328,0.15933939678927064,1
0.34625448224594374,-0.26994030781521877,-0.209273662079054,-0.05795828749438809,-0.058226454767300755,2.7292770187341087,-0.2881210423972906,-0.1423688253521479,1
1.8021247638953362,-0.5930044720958393,-0.18862531048452627,-0.07981459562997546,-0.13326387062594808,-0.1341366797545297,-0.6007990138392865,-0.39803094141143347,1
-0.13903561163718708,0.39098898646101476,-0.20861147004541025,-0.057600464327052354,-0.055756612145927024,1.4479295934308543,0.6977026669207964,-0.6420054745698005,1
-0.13903561163718708,0.5307878635232769,-0.27573366254657183,-0.04703711477158168,-0.029011208385989067,-1.3120089388214535,-0.4529449560191553,-1.2598386472737153,1
-2.322841034111276,-0.459975625907577,-0.0984467953574052,-0.07474562232005474,-0.09167793991718398,-0.5282354843134429,-0.35908977148985466,2.66506337513022,1
-0.8669707524618834,-0.21846755491677688,-0.044749041356475956,-0.08186056490767595,-0.13167049179199555,-0.08753304780117895,0.04866204558030964,0.9399133000496325,1
-2.08019598716971,-0.5238209368808772,-0.19897958591968304,-0.06302025827543178,-0.06385918636704715,-0.6382890742914615,-0.3409256278112307,0.24236183333936798,1
-1.5949058932865796,-0.32970904372896026,0.325476504726164,-0.07377870401062273,-0.08933176697571818,0.03922490893715696,-0.255540137919061,-0.05114110522927601,1
-1.837550940228145,-0.2994408899901738,-0.1983474935239322,-0.06347214477961916,-0.06998081475123075,-0.939610883370827,-0.05911024869806084,-0.4366913369877628,1
0.8315445761290746,-0.38505294072149526,0.6145835266874451,-0.04336111428891068,0.045614865100066744,0.6001332214109967,-0.8501187947511475,1.1620343041817778,1
-0.624325705520318,-0.6524070589852806,0.4363936703614915,-0.05833201724491771,0.005648015236982325,0.3632053265995445,-0.14141861931558944,-0.05792162782471697,1
-0.13903561163718708,-0.32157998889841627,0.18942614145026704,-0.050064977285312756,-0.01967523615665998,1.5293176470732905,-1.0247346503024146,-0.35415246616914653,1
-0.3816806585787525,-0.46986910171478574,-0.011669539312181542,-0.048368140169024264,0.012980155396355561,1.2785223764744382,-0.6469131498204426,-0.9836848954379306,1
0.34625448224594374,-0.3754893468032082,-0.6042110108717629,-0.08331431912044061,-0.14646843243535798,-0.6284192434318522,-0.5970455376547738,-0.43820630773085534,1
0.8315445761290746,0.6958763605760058,0.10845811551837262,-0.05744789689531837,-0.052423761073324936,1.8773550457069499,-0.24178754741833827,-1.04272301279586,1
0.8315445761290746,-0.5345999766444155,-0.03740472971060895,-0.07558994041766283,-0.1004178967441868,0.11002235892959884,0.22603207521501797,-0.32317649776484353,1
0.34625448224594374,0.026902717586790154,0.5356321764943748,-0.05575814566382042,-0.019508514632752248,-0.37789911046668995,0.5684088176364213,0.42754642695246436,1
-1.352260846345014,-0.30396484252107886,0.10114390351039851,-0.06893657776352316,-0.06784582414414432,-0.8718443378431318,1.6121615822891873,-0.14082874484077212,1
-0.3816806585787525,0.344757331434831,0.02809208234433613,-0.05583686956945843,-0.00725735733965579,0.09488686208053611,-1.2279037354001534,-1.6149305104053733,1
-0.8669707524618834,0.11854430377729551,-0.027020354637559297,-0.05182550140038121,-0.0007078070500545522,1.0698904847405535,-1.0793672273646564,0.160831862763978,1
-1.1096157994034488,0.08200740052884958,0.23951193890404857,-0.05118576933411699,-0.02099284439605736,-0.11380649657151336,-0.9006018307717445,-0.12997026083905952,1
-0.13903561163718708,-0.25636224009658276,0.07351243592471854,-0.0495758455233773,-0.008858536114050596,1.5886793232909717,0.485046305168372,-0.5467460097029746,1
-2.5654860810528413,-0.11954397507134726,0.19430228278891645,-0.05294899804503283,-0.03929450022804149,0.2913687929905068,-0.16553592246218246,-1.1632791822956872,1
-0.3816806585787525,-0.332828017371506,0.007564129301379997,-0.05852884129355206,-0.0476818166174724,-0.40005939796316137,0.17821181369544703,0.50352920787084,1
-1.5949058932865796,-0.012692051665139238,0.0999098183567897,-0.06033428770241658,-0.05432988410924725,2.324350523840851,-1.2903601167171264,-1.123182025396207,1
0.8315445761290746,-0.22746553056618238,0.024841321451903195,-0.06524820996404893,-0.0577505385010381,-1.6962335220266027,-2.6099141679601496,-1.7584795306815533,1
0.34625448224594374,-0.04526937862637749,0.4294707536461251,-0.049203616113249686,0.021621475019981753,0.6936324531789811,-0.14670760848467554,0.41415446159129204,1
-1.352260846345014,-0.344454366715701,-0.3512536540198518,-0.06362753413829653,-0.05790994992712708,-0.43922187407343927,-0.6343182873636443,-0.4716474477306448,1
-0.13903561163718708,-0.3072773236873219,-0.6951119173083135,-0.06826661752483225,-0.08275945728660808,0.2682601587566351,-0.1317546368015681,-1.032415144228041,1
0.8315445761290746,-0.44108044837541016,0.10719393072687092,-0.07314983170193781,-0.07766566505655703,-0.16437840349162428,-1.6834940939063718,-1.3248004806478932,1
-1.5949058932865796,0.2939957621568581,0.08811076030277386,-0.038423013780370954,0.018012438941854298,-0.7190200173087548,-1.9157282462121068,-2.2669068155441088,1
-0.624325705520318,-0.5373803742217502,-0.4017608464041339,-0.06753162817785774,-0.06993285217422288,-0.5853170305668193,-0.2862260243885512,0.9549617051811596,1
0.8315445761290746,-0.30815990678320954,0.08570278927134206,-0.06077373575235275,-0.030742194453809334,0.5548174677430042,-1.007332169810583,-1.499276335010776,1
-0.624325705520318,-0.25876381999273856,0.20739562527232688,-0.052282745852886656,-0.019707390105730162,-1.7094298839573705,-1.0890738630171382,-2.5104365180605077,1
0.8315445761290746,0.2757260685074509,0.21778000034537653,-0.0571546560654699,-0.035472744765366916,0.6843238738221388,-1.061215270297021,0.7360341397246489,1
0.34625448224594374,-0.30142042972874084,0.07805748124654607,-0.06581466981029373,-0.0535501728112733,-0.09307970541652875,-0.4122782351499381,1.4937184422486731,1
0.8315445761290746,-0.41982020648750284,0.3264396931387367,-0.06371600009933315,-0.03043492981412767,0.6675785291163782,-0.09588944066188988,0.13434978541428017,1
-0.3816806585787525,-0.4362241299052151,-0.24822259351246345,-0.07747310181858337,-0.1139593767527339,0.12113909012912316,0.4436362010288455,-0.13978769778831496,1
1.8021247638953362,2.7905220251132863,0.652779967173532,0.12271744307649717,0.20006211345584146,0.5044080091066147,0.3459483273436057,-1.391992034579118,1
-0.3816806585787525,-0.4554544058320772,-0.8682751341061531,-0.08314058363232961,-0.18838535391565858,0.6528462259805157,0.32254394093985034,-1.2536037098913548,1
2.287414857778467,-0.3639352833247333,-0.3608554385076861,-0.06997127008673364,-0.08903681742656433,-0.1571289658933036,-1.4299760255089113,-1.028744183522034,1
0.34625448224594374,-0.4592130224444824,-0.015732990427722714,-0.06081908959091832,-0.05714661402070397,-1.7365536250956517,-1.5428910696245037,-0.10354119082413563,1
1.8021247638953362,-0.38620529168738965,0.11258176590969958,-0.05053164155047394,-0.006781851019645025,-0.2292699070970624,-0.40205976183593195,-0.2580726321667063,1
-1.5949058932865796,0.645108332767075,0.5217863430636419,-0.055581718327144376,-0.01648350371392034,-0.18386634354597733,-0.43885723371624397,1.7127703184314789,1
-0.13903561163718708,-0.06023379485560991,0.44551386064303944,-0.052330767745546417,0.003349042790449559,-0.7471938182990184,-0.5938099924372798,-0.5306708893853846,1
0.34625448224594374,0.543674620024391,-0.15066966710158247,-0.05813023450550289,-0.03440264179842987,0.26342622469238697,-1.2167956394839738,0.6631125736314547,1
-0.3816806585787525,-0.3887221315206386,0.3670140050183626,-0.05271546905924684,-0.01812543930545024,0.6140723086029226,-1.9343737610247835,0.7293536294348985,1
0.34625448224594374,0.5876457892153434,0.3372454631422869,-0.04677239639466231,0.0028462343918179652,-1.262313667234217,0.6318096613050165,0.5139205705173082,1
-1.352260846345014,-0.013534144740022175,-0.574502668271473,-0.06386061818418201,-0.0961963263908983,0.10690218108370812,-1.454714845815927,-0.6318748243221556,1
1.8021247638953362,0.8920373468768044,-0.15193385189308417,-0.06715421600781098,-0.08560666237211467,0.013525883152053357,-0.06726309144948617,1.7779888499579475,1
1.8021247638953362,-0.5329070963183603,-0.6233242809337528,-0.07483608227439799,-0.1333190993392569,-1.5611548471162164,-0.6017130096634373,-1.892329893331895,1
0.34625448224594374,-0.45040358621803744,-0.6484875782122151,-0.06417789925253826,-0.07125728963840602,1.0315124435859029,-1.5590322358790072,0.30980870043655684,1
-2.08019598716971,-0.46058695070323685,0.23000045332989294,-0.052886116654654904,0.031180384521124718,-0.539628816644709,-0.15872360691951165,-0.09392845663459994,1
-1.352260846345014,-0.03441606575682431,-0.2747102748582133,-0.059448716894216755,-0.0889569889677173,-0.9117883219129338,-2.3541720430572557,0.24714648270204165,1
0.8315445761290746,-0.28697840929198004,-0.20093606238272138,-0.08283066198458468,-0.12793708386847136,-0.6061433395893089,-1.2523744502654182,-0.19197590905927386,1
-1.837550940228145,-0.10548027550569168,-0.8108149253686117,-0.09563337530718426,-0.24864240323152706,1.8942518624610454,-0.7921958327219627,-0.8286896007920551,1
1.3168346700122053,1.2839509415978392,-0.13742582642870754,-0.05840516557608875,-0.0740443573219657,-0.8844831070162612,1.373700071768238,-0.065068118327899,1
0.8315445761290746,0.4368693967651087,0.022854745350971956,-0.060127823018350415,-0.044850183665359956,-1.6211846101944272,-0.442939748397451,1.0414109527471689,1
-0.8669707524618834,-0.28746205389870483,0.22036856920416573,-0.049973651324331715,0.014817956071769223,-1.2128488965900988,-1.4735370664879395,2.4224038362260143,1
-1.1096157994034488,-0.39370886263517396,0.40087609764787235,-0.06863047590270466,-0.03948109428195755,-0.20371723111711315,-0.8425630959381674,-1.2335073097638565,1
0.8315445761290746,-0.573883742790223,-0.13947260180542456,-0.07318191892790321,-0.09516539004017589,0.6520976467271512,-1.3767205354883902,0.9515280330849856,1
-0.3816806585787525,3.999907284275887,-0.4292719154382423,0.0014985425581978554,0.0064451670756278615,-0.9133630458163946,-0.38106832440793476,-0.1000530135721012,1
0.8315445761290746,-0.044242472204086614,-0.07063472994436786,-0.0444321262959061,-0.002899145768480928,1.05747563076931,-0.26651418111436515,-1.0105015225790015,1
0.34625448224594374,0.01967313739463883,0.39888952154694113,-0.05028321244870113,0.014667631425536521,-1.1646002928268133,-0.2987965136233722,-0.49049190247273833,1
-1.837550940228145,0.3605469491964413,0.4607743770547385,-0.06239200770335117,-0.041194690386320544,0.7589469077213153,0.07366287802358176,1.133065990855738,1
1.8021247638953362,0.36329331528372916,0.0014840024470146906,-0.057997379756483246,-0.024032122830877512,-0.888234784271393,-0.3146573878251361,0.6926382526672592,1
-0.13903561163718708,-0.2984057862016673,0.16335985503501776,-0.0631883632922438,-0.05099279358108453,-0.48220773884337453,0.8731776785467653,1.5303298914525658,1
0.34625448224594374,6.305797585760882,7.22416301158882,6.681842486129339,7.391631131129751,-1.3314749264050334,-1.2168992256773776,1.3227973434256475,1
-0.3816806585787525,-0.3015876063185332,-0.42427537554802125,-0.07027921978733062,-0.07955515254126094,-0.70944361780848,-2.8128151476161376,-0.08418531671757437,1
0.8315445761290746,0.7094700778119626,0.21504093329712287,-0.04304417959367611,0.013316233148130682,0.0552897270489498,-1.9928816803814247,-0.5469149722148199,1
0.8315445761290746,-0.10888739899097026,-0.37524306542049113,-0.05807067614723455,-0.06475705582472235,1.4010303348710917,-1.0826758922480824,-0.6179268172225025,1
0.34625448224594374,-0.5012593010049722,0.3846523928236006,-0.06217151339384466,-0.04644695555695642,1.0533105153146174,-0.6108407812939568,-2.151175764716644,1
-0.8669707524618834,-0.2976739849631407,-0.023558896279876076,-0.0630829997137922,-0.09353466648245035,-0.3951954621888566,-0.48196737008869106,1.0675131135585338,1
-0.8669707524618834,-0.29753487814251106,-0.07216981147690563,-0.051077759958026915,0.0053090469369281345,0.5775916926720981,-0.4608053201068524,-1.9276210737132145,1
0.34625448224594374,-0.05343097451674734,0.44433997476521647,-0.06024885266686012,0.0009422120322744797,-0.12021003229604188,0.10348960841837022,-1.4457210003553895,1
1.8021247638953362,-0.1381892571364544,-0.02094022778319399,-0.07363254585657523,-0.07882027937487447,1.038545283472595,-0.7889176343660085,-0.2715880241664397,1
1.3168346700122053,0.974067148571876,0.3397738327252903,-0.06637568448329004,-0.0775241064015191,-0.0717528800604113,-0.6173849913948767,0.8740043557916036,1
-0.13903561163718708,-0.3829303196817092,0.22000737354945096,-0.06411468279637188,-0.03367121238319715,1.0865480195632213,-0.2974194265816516,0.04379303319417694,1
-0.3816806585787525,1.493227713843717,0.6457667515444869,-0.04797447464993681,0.010591736499149313,-1.084718910428441,0.46679685521282727,-1.1387156256520783,1
1.8021247638953362,-0.4722629810547996,0.3500980085225542,-0.06068183254343423,-0.04211375760191258,0.3620242836719489,-1.7011646798399542,1.1363939879549576,1
-0.624325705520318,-0.4503621025768854,-0.04559183121747709,-0.0660210316840148,-0.05407024131216547,-0.09089982506875473,-1.1441695312969495,0.3073159971614418,1
0.8315445761290746,-0.5657902098799469,0.47028586262889416,-0.07240698438270779,-0.05915480507395874,1.3574290691704824,0.9973958043543563,-0.2935834466639534,1
-1.1096157994034488,-0.50280661597944,0.626051488724639,-0.030173687002662767,0.08569264101194708,-0.5710384118269353,-1.257730465794942,-0.975902545358239,1
-0.3816806585787525,-0.4092500753599457,0.43248071743541483,-0.057285675352730166,-0.03458026642921897,0.054181859023931384,-0.33650798132783505,-0.5879335423582724,1
-0.624325705520318,-0.2877467260709219,0.03498489942180967,-0.0770113249884532,-0.09866645623190146,-0.18655991170984312,-2.705902009412469,-1.4608558797436102,1
-1.5949058932865796,0.3686986088853376,0.1592362046436908,-0.07516757383524711,-0.10166272440036868,0.2829873396493172,0.49314430817034827,1.5203815036964166,1
-2.322841034111276,-0.2915617306266895,-0.08267458510152688,-0.05939286584440018,-0.07033330904231194,-1.3217865693038156,-0.22903425901868715,1.7891344884815161,1
0.34625448224594374,0.018024721570177715,0.28773155880847046,-0.05126682722903903,0.013996558107620844,-0.551006050497408,-0.7004306519772203,-0.22624183822571922,1
-0.3816806585787525,7.1444427987324985,5.608564947687543,5.235262781441354,5.57652435804138,-0.5115589240161049,-2.094792214774241,-0.4283323802994139,1
0.8315445761290746,10.069833402449781,15.915734449541919,18.38556906317329,17.856807717869014,-0.6868230601747981,-0.2463453399281037,2.182545063388701,1
-0.624325705520318,-0.15097863886312782,-0.054862519688489535,-0.06831438620323291,-0.08492030206336386,1.1168724309402283,-1.2183006859410754,-0.38316314790950184,1
1.3168346700122053,-0.37997131888288754,0.10063220966621925,-0.06377399345565862,-0.05374274262075008,-0.28657317330524756,0.1217451516794093,0.4411138092938766,1
0.34625448224594374,-0.41885564972945843,0.6564220233585727,-0.05308463954026927,0.0026282228320395535,-1.1752369966654312,-0.34032848387278547,0.2412342682499106,1
0.8315445761290746,0.4361003347710563,0.6895617246786528,-0.0435303910112958,0.05075307075249946,-1.395088796211474,-0.2020652889007436,-0.5474342057416709,1
-0.3816806585787525,-0.5597430376631475,0.17741638593100093,-0.07859448754235268,-0.09474728316365175,0.22907646192460984,-0.39390082577901225,-0.3319782417652468,1
-0.624325705520318,-0.28324885606888495,0.03146324178834066,-0.06849933573544745,-0.06614629624349234,0.6693010663230449,-1.784338299837679,1.2923886705583203,1
0.8315445761290746,-0.163928490243599,-0.41954973239883636,-0.06713176108339183,-0.09593422148863362,0.896342300047295,-0.6339222225065122,-0.4303730091206419,1
-1.5949058932865796,0.027324012529268464,-0.11036625196299263,-0.06731354199400892,-0.06660700844886167,-0.3832181941350247,0.1920253372511131,0.009205491638145744,1
-0.3816806585787525,0.14097726584411802,-0.35904946023411227,-0.06170073376473807,-0.09222622658991297,-0.5093234307423723,-0.7248038739545756,1.746268554982395,1
1.3168346700122053,-0.5991115099265168,-0.25860696858551313,-0.06963688610070465,-0.0775232654040775,1.0536244356466735,-1.1055806276013018,0.0553637752389566,1
1.8021247638953362,-0.30934057592330355,-0.5961744075543592,-0.09203133008005988,-0.18803201355992818,0.4307618601568433,-0.13764686321459374,-1.1302296369138236,1
-0.3816806585787525,0.35074786730323126,-0.4222586998091971,-0.07407800279642875,-0.11504946162180435,-0.18914079052374005,-1.4770468104526786,0.5450183507144829,1
0.8315445761290746,-0.4884035951334629,-0.6826506672206539,-0.0885865318833665,-0.16836710993281973,-0.3920086951816207,-0.9651847757062415,-0.6934371955137202,1
0.8315445761290746,-0.647973277482748,-0.6607682304725173,-0.08336121396441999,-0.15921350083516478,1.9624962401025696,0.9020965064228973,0.255225449174383,1
-0.13903561163718708,-0.36214974791993726,0.14939362305271328,-0.07367682850740295,-0.08353831179920297,-0.26434483314937934,-0.9823618038947826,0.0702571464238501,1
-1.1096157994034488,-0.3536068502980201,0.02553361312343984,-0.08100218202141424,-0.11625143335388224,0.33375681880638647,-0.872590905414269,-0.13268750739250817,1
-1.352260846345014,-0.2228280569334421,-0.5259218527123363,-0.07213295061784428,-0.12148371698758273,-0.22740687407744756,-0.8368780419119493,0.10173578506228252,1
-1.352260846345014,0.837328124753392,0.30558064407895874,-0.0620083017684836,-0.06198414184094333,0.946016350912784,-1.2572856544938553,-0.550058049731067,1
-0.3816806585787525,0.7254842537268751,-0.43155948791810245,-0.07310880794024983,-0.12625751847184588,2.1746273556776945,-1.3852633497914533,0.5399231350261995,1
-1.5949058932865796,-0.27717336567788586,-0.25315893412689866,-0.07819488029738197,-0.10662154919506991,-0.9417600302595186,-0.5749451186268069,-0.36375080323046294,1
-3.2934212218775376,-0.006357723225754313,-0.2945760358675257,-0.07529497489712113,-0.09476286558773903,1.138169254586289,0.20798979764628078,1.4437995602941358,1
2.287414857778467,0.7430146939866504,0.00021981765551299303,-0.04553703846220301,-0.026036362875612434,-0.32856239590208175,-1.2727809303659587,-1.4821746983829762,1
0.8315445761290746,-0.1212177282095659,-0.3719020056143795,-0.07017048849536323,-0.10913532392509395,1.4247704685142044,-0.9588964844360838,-0.29887284542889814,1
-0.3816806585787525,-0.562802394096852,-0.28190408831461583,-0.08333201209843549,-0.1422217505197928,-0.6408106814342709,-0.46879973691542487,0.33403055092770095,1
-1.5949058932865796,-0.14952546939762187,-0.3387322046564064,-0.07155352443375727,-0.062329801734984196,0.8257168110759096,0.055955732257033194,-1.2761122992558283,1
-0.3816806585787525,-0.5810082476517916,-0.1257170672883704,-0.06789063858886553,-0.07258845649689441,-1.346251866231468,-1.0812561520679014,0.2006081518683491,1
-0.624325705520318,-0.3263525948711967,0.2629294571847229,-0.0633675706954548,-0.018921788978522744,0.8476985518100927,-1.0497720425786528,0.025691773351480072,1
-0.3816806585787525,-0.42911850382644623,0.10713373145108512,-0.08069613776631078,-0.12061081823085397,-1.2065214627642507,-0.3463303897847092,0.1508539485835783,1
0.8315445761290746,-0.44459885731719245,-0.5864221248770604,-0.06889898643609313,-0.10267901188529978,-0.0009327458481705069,-1.0454701688996495,0.13492289758465317,1
0.34625448224594374,-0.14573580215561183,0.21913448405055694,-0.06480849057903398,-0.07460067854884403,0.47496316005858547,-0.8788060770184946,-1.096529792459201,1
0.8315445761290746,-0.16820155368729703,0.07558931093932848,-0.07131278070127474,-0.06749877769330614,-1.0378635568102248,-0.9201369681865946,-0.42869483610961984,1
0.8315445761290746,-0.3791585376023515,0.755329433474634,-0.04078045862904106,0.05277309072720433,0.9986291058657724,-0.9484281855968097,0.8982357152832805,1
-0.3816806585787525,-0.40074369327844384,0.6353522768335443,-0.04754346582483393,0.024423160140752402,-0.6018399235687453,-1.7886097069892106,1.2008970425764383,1
-0.3816806585787525,-0.4839531704934621,0.22533500945649382,-0.05750489923858441,-0.03175815117986327,-0.8458884681499822,-0.7726850685290899,1.3510593704793301,1
-1.1096157994034488,-0.580338050862401,0.2465853538088795,-0.06657193214902254,-0.06680180601311421,0.501344907684734,-1.429519027596836,-0.4320028026556091,1
-1.5949058932865796,-0.3086033097739665,0.38687976602767504,-0.05968609618220245,-0.036650931853363634,-0.3241916589711471,-1.5568081793735735,0.4531284609036417,1
-1.837550940228145,-0.45503708537018833,0.539966524350952,-0.05889477165865282,-0.03286452438639202,0.0640502263854891,-0.4320571047845619,-0.4734399953182986,1
-0.624325705520318,3.740951491902579,-0.16921104404360734,0.03807733477600965,0.04973032922695663,-0.8868042149260092,-0.6588682152003353,0.314977803224593,1
0.34625448224594374,-0.29376856097396387,0.25332767269688855,-0.03651719869974371,0.07854782952482377,-1.6599292576109894,-0.5023129171342883,1.3414004979770484,1
-0.13903561163718708,-0.376285484946276,-0.09913908702894185,-0.06208994730005518,-0.044564911280830795,1.772797622661503,0.7859276371733279,-2.03461627367661,1
0.8315445761290746,-0.34214916797383854,0.8351235735287055,-0.04373628718006806,0.06628394358801275,0.43596313223202887,-2.0185101232906137,0.5464422954530237,1
-1.1096157994034488,0.17654389901867226,0.7482259189319102,-0.04916777009691504,0.031854479763434175,-0.7717600965922273,-1.0045048760612099,-0.900540219611728,1
1.8021247638953362,0.06363486719419124,-0.3436986449087345,-0.05678541720452598,-0.056049306587851136,-1.0450837244475144,0.08642225972872723,-1.2494273712699266,1
-0.3816806585787525,-0.4774680601967161,0.2502876092697059,-0.04748730595718833,0.0022386112155686104,-1.2432077001713169,-0.7773403539267647,0.5437261861729764,1
0.8315445761290746,-0.039799996525264655,0.3542216589138812,-0.06504058364764977,-0.011456099533962146,0.447292070649027,-2.9195393933494818,-0.6291879474013738,1
-0.8669707524618834,0.8083660846983032,0.35693062632424194,-0.05430379605083563,-0.0049869563078397215,0.2884132586754147,-0.8064846341061872,-0.29339729261004943,1
0.34625448224594374,-0.4581518361271078,0.2793939591121378,-0.06292741308205532,-0.02472786615192817,-1.0581015396159938,-0.8022680667041048,0.758378140017136,1
1.3168346700122053,-0.374994027159752,0.475914494914866,-0.06605572690742789,-0.023011105353405108,1.2194292521492154,-0.38879463577475637,2.9198024298608187,1
-0.8669707524618834,-0.5967089364102137,0.03724237226377699,-0.061506924395095676,-0.019561034531067674,0.044138603645214214,-1.9378956916005112,-1.8316065055416595,1
-0.624325705520318,0.1900869416271141,-0.189588498897099,-0.0700188081046075,-0.09705892822354771,0.7578792858927144,0.44207022151680037,2.7034513302320744,1
-0.3816806585787525,-0.28738951962794795,-0.1366733354813851,-0.07662999460220889,-0.1116679793537302,0.39930543303696764,-0.6496490439874006,0.7353068052501863,1
-0.8669707524618834,-0.3288701799195562,0.030951547944161398,-0.05329751831457307,-0.040182902395860955,0.2943426210312431,-1.404682714401911,0.4385954001160118,1
0.8315445761290746,-0.4047032695656515,0.16931958333781147,-0.04770573261662855,0.002708255253866605,-2.5400832056759604,-1.7448536802343635,0.007379324055373298,1
-0.8669707524618834,-0.012730306040812387,-0.4987719793329427,-0.06836717476656601,-0.12273852375341536,0.34743906209026654,0.18264774009532567,0.292648453718827,1
0.34625448224594374,0.06848224308306015,-0.31687986754616276,-0.08829085410558045,-0.16863755602847635,0.9330724423959077,-1.2135052545170308,1.3528702419104077,1
0.8315445761290746,-0.3866077078470682,0.07327163882157536,-0.07377379098111704,-0.10636234488865666,-1.346053562245484,-0.5159436415251243,-0.7097806832233441,1
0.8315445761290746,0.4777722669410303,-0.3277458368254988,-0.06994827355039826,-0.10629852172702636,0.4490533905540596,-1.0736029603670119,-1.2693369436318327,1
0.34625448224594374,-0.18539962800778234,-0.6253710563104699,-0.07497074982876223,-0.1175934554182474,-0.6036722231292777,-0.6010549326700487,-0.6923213555010089,1
0.8315445761290746,-0.5439713050641894,-0.16809735744157014,-0.07473456624311724,-0.12203580373152159,0.5749398342027013,-0.7262358007457451,0.0483270102586053,1
-1.1096157994034488,-0.4775954919806143,-0.24722930546199784,-0.07764323237598658,-0.11592184881083893,-1.1402030485585575,-0.10454193446385099,1.1279565741252855,1
-0.13903561163718708,0.28760479736907396,-0.4390843973913269,-0.06456698252446663,-0.07584618166475782,-0.7275346489726348,-0.1456351867176719,-0.3912842227970949,1
0.34625448224594374,0.19969375802181105,-0.6842459480289774,-0.07373632561087444,-0.1381987158798407,-1.5490385467474879,-1.4958629378191968,1.1217710245028267,1
0.34625448224594374,0.1432640826132544,-0.4325527759685681,-0.0929230304100071,-0.18934107719360355,0.309929607029207,-0.6269636676319773,0.004694567956603348,1
-0.13903561163718708,-0.3866236057694259,-0.2254672672654329,-0.07553497536888881,-0.1196637572562148,0.36781388196385495,-1.222230867984924,-0.02309044899306531,1
-1.1096157994034488,-0.4040410217374397,-0.05498291824006113,-0.0715476142509577,-0.11797785676954285,-0.2116640255369943,-0.7079741641792118,-1.090491366323205,1
-0.624325705520318,-0.5940112577101462,-0.21255452260937985,-0.07674601344928868,-0.10733018227048102,-1.3865170881235838,-2.385741458823425,-1.0381809807659137,1
0.34625448224594374,-0.36491772524543004,-0.5206243164431863,-0.0738345331078972,-0.13594782133813427,0.5866163534069411,-0.08424513386220842,-0.7288397499845422,1
-1.352260846345014,0.05339710200592417,-0.36639377187997924,-0.07822900427645578,-0.1437787005784145,0.1492455702090158,-0.2835266900545591,-1.3629830080464496,1
-1.837550940228145,-0.11263285013642305,-0.20078556419325688,-0.0688675577362022,-0.08589518747412354,-1.2589439629705381,-0.22422664098365383,-1.8512365889669822,1
-0.8669707524618834,-0.24902733616881184,-0.1624988247934912,-0.06898802346055528,-0.0844712082241637,0.10787833428408763,-0.8556149563070411,-0.3862238091514636,1
1.3168346700122053,1.3956721005361579,0.06210467316331037,-0.07299022211920222,-0.11738906031767077,1.5913560612272448,0.24228901427391392,-0.2592402506194121,1
-0.3816806585787525,0.974254942779726,-0.31320771172322925,-0.05081390000689213,-0.04673209026296711,0.2222902214596027,-0.36879640714233636,0.7754296121117322,1
-0.624325705520318,0.9238480958943587,-0.16087344434727474,-0.04865736553296589,-0.01762919180906864,-1.0269253723729888,0.2534641365505313,-0.19879454540279173,1
-1.1096157994034488,-0.10460588977601973,-0.37756073753824426,-0.07431105880332939,-0.1465293318637898,-0.826564439877402,-1.109681422198992,-0.7383190170645623,1
0.34625448224594374,-0.5274742297576628,-0.6396382846717032,-0.07074055594393475,-0.12845250230199695,-0.0628811548719547,1.2977774853087765,-0.07913719328107391,1
0.8315445761290746,-0.382245715400182,-0.22462447740443175,-0.08486656719681902,-0.17718334925880763,0.47065901228899604,-0.8157891115960426,0.13557653670669623,1
0.8315445761290746,-0.29030455273524924,-0.335330945574509,-0.08791075768245599,-0.14727519589132698,-1.7613716250537261,0.24307505068268362,-1.3213672167383874,1
-0.3816806585787525,0.03932197580857403,0.23207732834450287,-0.07223538803794205,-0.07264514837288394,-1.1001441798917093,-0.004008487112755007,-1.4374412870192135,1
-0.13903561163718708,-0.45654738799416716,-0.4931734466848638,-0.08201443661505264,-0.1269622785559819,-0.8711908859631176,-1.0026525111909308,-0.1975228014231722,1
-1.352260846345014,-0.42331725259611697,-0.0018570573590969384,-0.06870733745140728,-0.10507265939567657,0.7276704908617795,-0.15008939303403357,-0.9571164398305183,1
0.34625448224594374,-0.15245813926253868,-0.6021341358571529,-0.08291733977235691,-0.15126842496070772,0.3272998654029766,-1.0185133853926946,-1.5096619696954814,1
0.34625448224594374,-0.3490001788898478,-0.34318695106455527,-0.06602935905525045,-0.07816858202181794,2.821538862899513,-1.9168737876450423,0.2679858412783326,1
0.34625448224594374,-0.4467065740547682,0.07101416597960805,-0.07577667084308323,-0.07280704424881525,-0.7143660935048465,-0.5822997383584738,0.2593813289065099,1
-0.13903561163718708,0.6800991630662373,-0.6463505039218195,-0.07894962120486897,-0.16439272778758254,1.5107290265716111,0.6963682330175361,-0.44616706058209976,1
-0.3816806585787525,-0.48249900740780877,-0.32485627158778063,-0.07169687094423832,-0.13624092071605107,0.5005129090424316,-1.9228574136404832,-0.20254645180310238,1
0.34625448224594374,-0.22700374560269937,-0.8087982496297875,-0.07004525571651297,-0.12864407142282425,-0.6448477408094536,0.724330411931057,0.3973026526970863,1
-0.13903561163718708,0.9707564062408909,-0.17601356220740222,-0.06523987255460055,-0.0798013426958597,-1.179850674272922,-1.3131186127384817,0.48678682600907625,1
0.8315445761290746,-0.5445225158409344,-0.3981187902190933,-0.08120236889949328,-0.13921729516641723,4.279327808543927,-1.1265233185853445,1.8076678296195308,1
0.34625448224594374,-0.44509318334050135,-0.34168196916991034,-0.08371801228863181,-0.15321089304472524,-0.7577602742311624,0.20117138879811564,-0.45609926463624306,1
0.34625448224594374,-0.505278742906058,-0.5238750773356193,-0.09293345378606191,-0.1951366652796059,1.5200046772222937,-0.7333284083411555,-1.5173358286618752,1
-1.1096157994034488,-0.09486692190172462,-0.03984280037993366,-0.05982041554643573,-0.028038808543380495,-0.8056327589952014,-0.30089870401891905,1.9536819748394858,1
2.287414857778467,-0.03176260315331412,-0.4905848778260746,-0.06815785135553204,-0.10112989876518275,1.536676847025477,-1.6347903030901216,-0.4241366215945186,1
-0.624325705520318,-0.1082991758637364,-0.14474003843668165,-0.07183210716696684,-0.13094868298415602,-0.25043355242043275,-1.6129945493368718,0.6115381513561304,1
1.3168346700122053,-0.1404646472738962,-0.24433974022427965,-0.05380470524800574,-0.011989337681931726,0.6381431928056841,-1.1482581392836508,-0.9028989442227051,1
-0.624325705520318,0.055274547274350494,-0.7724679866930602,-0.09100788837774591,-0.19659814973288192,0.9212685988611837,-0.4387841140503119,1.5937753447076661,1
-1.5949058932865796,-0.18992209010846636,-0.31672936935669826,-0.06844610867526034,-0.1032778624176759,-1.0224602398177296,0.2713967346203704,1.9447842406159692,1
-0.8669707524618834,-0.25868731124139227,-0.05579560846316936,-0.07033255119119278,-0.09162780116485873,1.0255999114576673,-1.029706787585795,0.8510351346767072,1
-0.13903561163718708,-0.46296393850074563,0.042509808895034064,-0.08146420785609793,-0.1345849257853257,0.7509664528462486,-0.9307393197467442,0.042076718634588124,1
0.34625448224594374,-0.5492163774170371,0.10948150320673113,-0.06582951840406152,-0.03862107242096633,-0.13232194217061577,-0.8348550644878288,-0.2860099476369156,1
-0.8669707524618834,-0.2741766073134647,-0.06190583495542756,-0.06800514815767585,-0.09242167903500059,-0.25690733605143534,-0.2500317897521787,-0.1463686300296585,1
0.34625448224594374,-0.3656726281523826,-0.22065132520256928,-0.06322035421551186,-0.056462106569444975,0.45609501142906106,-2.04725224530741,-0.8062600663016115,1
0.34625448224594374,0.032401908292323624,-0.60096024997933,-0.07647543383095874,-0.14210695460931932,1.9114808932728409,-1.1234157327832317,-2.640892803410653,1
0.8315445761290746,-0.41217703190901517,0.1393704436343784,-0.07037468255846654,-0.0974582374578706,0.026886888613619608,-0.33028671641811513,-1.0013610893291915,1
-0.624325705520318,0.657502750485175,-0.13869001122020924,-0.07662535530562016,-0.14905788315462995,-1.0491163933285426,-0.47912788972832915,1.1405398866547947,1
-1.1096157994034488,-0.23526693915313623,-0.6108028315703075,-0.05798801765258662,-0.05601601095880897,1.2075346717352955,-1.2344540388065677,-0.9150837320757367,1
-0.13903561163718708,-0.21291967682402305,-0.45560909859452764,-0.08998455650869308,-0.16954095899314944,-2.0388450016341646,-0.06755557011321443,-0.39634664876777054,1
0.34625448224594374,-0.4225211144530492,-0.629434507426011,-0.08049068897260803,-0.12765541730864483,-1.508937236637145,-0.07706721998987731,0.30549828535358725,1
0.34625448224594374,-0.13129850141455096,-0.4312283919012806,-0.07779454736283932,-0.140021331065456,2.0477098776517404,-0.8286277062726145,-0.34500268340307244,1
-0.8669707524618834,-0.45761875891805215,-0.05338763743173756,-0.07587624094927259,-0.13348580589720918,0.19307148286053702,-0.6305221580406711,-0.8561111885538396,1
-1.1096157994034488,-0.5395007596162048,-0.4843542527822448,-0.0742747068551651,-0.1334905383300076,-0.23009019775495254,-0.7378801075454267,0.6169789550031081,1
1.8021247638953362,-0.3705585068219615,0.4654398209281376,-0.052449700571626526,-0.011426033369408338,-0.6086942166931492,-0.5085768351824687,-0.6625984741523376,1
0.34625448224594374,-0.5304615487306841,0.28869474722104316,-0.07185798490442612,-0.07786293702692085,1.3500845041988114,-0.6005065351755582,0.7771234592373948,1
-1.837550940228145,-0.33338071857847196,-0.5355236372001706,-0.07164137364385599,-0.06987492570886339,-0.679417760033988,-1.6016427212009186,-0.40702393570460416,1
0.8315445761290746,-0.4970853511709728,0.16931958333781147,-0.06631125028796829,-0.04093468470521662,-0.08664397273486628,-0.1342955451927074,0.42528912889945764,1
-0.13903561163718708,-0.29529029022963726,-0.572124796877934,-0.07894351643441026,-0.12566760570437802,0.5580678969154823,-0.7615160395579669,-0.7954122207449398,1
0.34625448224594374,-0.24295830430877055,-0.58828830242642,-0.07011223833170091,-0.0824049464000595,1.3441434338585707,-0.2015290780172418,-1.1500389053680682,1
-0.624325705520318,-0.24111613255557532,-0.3719321052522724,-0.06395366189466044,-0.09754007972181478,-0.8386331765594554,-1.4282638066650022,0.8576973380667109,1
0.34625448224594374,-0.11246492833152014,0.36936177677400867,-0.07372153200916744,-0.07400281625054393,-1.1826166855903393,-1.4172349237202488,-1.006398745405613,1
-1.1096157994034488,0.19723007686644556,-0.3506516612619938,-0.06206640395518406,-0.06241256127220233,-1.5790622092749025,-0.9182541367888439,-0.2864825551855685,1
-1.5949058932865796,-0.6595946587262062,-0.10175775552562394,-0.07742839838742985,-0.08948603851597761,0.9305186382959643,-1.0453239295677854,-1.4766178696851915,1
-0.8669707524618834,-0.19879809888478409,0.09367919331295992,-0.0739524668368929,-0.0906518421648826,-0.4698850852493784,0.01837831727344577,0.357636239796429,1
-1.352260846345014,-0.3289101731304872,-0.4791169157888806,-0.09773831453721608,-0.19313898733039594,-0.729697699092816,-1.4064497729952692,-0.3159363527721629,1
-0.13903561163718708,-0.07732108052966521,-0.5540951137800885,-0.09073745554483774,-0.18429634732419017,-0.2743712583005038,1.0663049961898339,0.460378516185371,1
-1.1096157994034488,-0.5546696131907554,-0.6858111291994081,-0.08804427320624951,-0.1598100185988277,-0.18876540327351915,-1.8501825590095042,-0.35398370112299843,1
0.8315445761290746,0.20565845976638011,-0.8663186576431148,-0.07953072491778042,-0.1583079573133788,0.5142214952912394,-1.2847359957458515,-0.9685701940742644,1
0.34625448224594374,-0.4451773926479896,0.058643214805627154,-0.0755688809916359,-0.07665992127768756,-1.3030794054599608,-0.8170626124443594,1.836528056609306,1
1.3168346700122053,-0.20709606914037834,0.30540004625160133,-0.07269925177201658,-0.06512125664873243,-1.8655192686447408,-1.0546527802796182,0.17582959300258655,1
-0.3816806585787525,-0.5202029175193226,-0.08330667749727773,-0.0797271563281039,-0.10786881084457879,0.3408262461443673,-0.9435169813683727,-0.6366333994319584,1
-0.8669707524618834,-0.3920169759292661,0.22274644059770463,-0.06734053261483913,-0.058132303374974874,-0.8268534807425819,-1.3393015464476556,-0.17692332318766088,1
2.287414857778467,0.959043611943876,-0.13342257458895215,-0.06980390475008559,-0.08764607831165169,-1.4915977117224577,-1.732703629078652,-0.7855443556984368,1
-2.08019598716971,-0.4877259461929671,-0.1921770677558882,-0.07363407625390644,-0.11317062511226904,0.24019099787705683,0.12711335381992178,1.156121426836975,1
-0.3816806585787525,-0.37817783451691267,-0.35793577363207507,-0.07914348372221931,-0.1429229438355169,-1.3320317874136456,-0.38250025119910436,-1.7312413822067425,1
0.34625448224594374,0.07190675492091744,-0.5144839903130353,-0.07151136486281202,-0.11454198786989256,0.6383634492624414,-0.5995437929074526,-0.17830597055672034,1
0.34625448224594374,-0.5896619339201388,-0.5165006660518594,-0.08332280638310696,-0.14041479822773076,0.9997794153342855,-1.0205363628168151,-0.2772137462197284,1
1.8021247638953362,-0.1414324332974195,-0.4014899496630978,-0.07716651087575047,-0.11789121204520615,0.138062981597172,-1.3893641443891431,-0.5291860172203393,1
-0.13903561163718708,-0.4366128837878675,-0.2852150484828345,-0.07341274992412695,-0.10006329539650802,-1.0391053349069594,-0.6120594423928246,0.13152624509162447,1
-0.3816806585787525,-0.11471845882572013,0.6062760266290053,-0.06308586637716054,-0.04925968038460764,-0.30928812656325405,-0.8268179945407959,-0.05637472369400611,1
-0.3816806585787525,-0.47844801806704446,0.15571454701022178,-0.058622914910730836,-0.025584069296647444,-0.36274239289587984,0.2332770154477868,-1.1247351504102396,1
-0.624325705520318,-0.23629409398046394,-0.5943985289186783,-0.08745964972685676,-0.18580975155557133,0.8333745646306108,1.0733793238687612,0.557461761992474,1
0.8315445761290746,-0.3971957241372778,-0.009472265746000021,-0.045512203275864145,0.020337813494934184,-0.6573211347027588,-2.58258569281804,-1.1278652659793147,1
-0.3816806585787525,-0.23627074390700112,0.38907703959385653,-0.03607162645417067,0.08888298616306023,0.45573718615545866,-1.7019080631102637,-0.8265964401650836,1
-0.8669707524618834,-0.5355262790267867,0.5325319137914063,-0.039671526612089426,0.0752696221641789,-0.9761024755370381,0.1753053069746474,-0.44972763629618856,1
1.8021247638953362,-0.40890901524436624,0.24998661289077692,-0.04281062731296547,0.041447353045577603,-0.5461699211860825,-1.3562470290274118,0.7764832818127064,1
-0.3816806585787525,-0.24151954233540124,0.35690052668634903,-0.04675792513800186,-0.0012876875918290502,0.8098788351621059,-1.1640580804304714,0.3042937123619324,1
-0.3816806585787525,-0.0973216604757639,0.13133384031697476,-0.07417584763580476,-0.055789696740004904,0.2226736579491071,-1.0556642689916784,1.5250101010499435,1
1.3168346700122053,-0.3329425320934886,0.32601829820823613,-0.06181652967788042,-0.03816694746959672,-0.2411439985382605,-0.39307213623178217,1.343254256568804,1
-0.624325705520318,-0.18951619627827204,0.43136703083337763,-0.04246417239289069,0.020453901446242023,1.7066855616810774,-0.6508311452533024,0.10318435613983193,1
-0.13903561163718708,-0.2419326399116639,0.42342072642965267,-0.06030542561124135,-0.02026114371679432,-0.3908261887559735,-1.931272268528165,-0.2530323353608027,1
0.8315445761290746,-0.5759661222140412,-0.05561501063581198,-0.06266683946193596,-0.022219725265079468,-0.3918045372034304,-0.532432126192805,-0.23654186342643696,1
-0.8669707524618834,-0.40318253393012543,-0.1933810532716041,-0.0691574984579635,-0.09036448490133725,1.6680675068459738,-0.4475767538786428,-0.8331243320536685,1
-0.624325705520318,-0.5153557900354905,-0.3439394420118777,-0.07082685674081894,-0.10618392421065426,0.827734974888988,-1.0451776902359213,1.039763043703089,1
0.34625448224594374,-0.39347411987536146,0.2535684698000317,-0.057741098169937374,-0.040940953506348604,-0.03709505095278426,-0.34415507972323023,0.0077627545571824375,1
0.34625448224594374,-0.39551327682276977,0.3131657528279689,-0.056315468326427594,-0.01631565758825637,-1.1486547498062212,-0.3757366821003883,-0.04336862966611322,1
-0.13903561163718708,-0.4178163230553256,0.1739549275733177,-0.051424808962879674,0.014039147009001343,2.0598012985535927,-1.1106929109110522,-0.2838355288108974,1
-0.3816806585787525,1.7908119798756525,0.24986621433920533,-0.05430493874591919,-0.041117512133136705,-0.41818335783347593,0.3402510867063989,0.44674146805873743,1
-0.13903561163718708,-0.46697245058021053,0.618406180699843,-0.06121920730215506,-0.013143131209405766,-1.2115734580381787,-0.15170411899003336,1.2089680739323094,1
0.34625448224594374,0.13395286821239538,0.27171855144944895,-0.05494462290936523,-0.021165424479237187,0.9523064655383179,0.6859547739277112,-0.07844901831052918,1
0.34625448224594374,-0.23809180123206505,0.1518918929978238,-0.07819219901392101,-0.08298943915768567,-0.20353283036261868,-1.3182248027427377,0.0029429216453846644,1
-1.1096157994034488,-0.5189887136992554,-0.05311674069070148,-0.06714422017708198,-0.06077613612003034,-1.0074886547504396,-0.2512382642400578,1.5159916519857464,1
0.8315445761290746,0.6350548841161422,0.32592799929455746,-0.052587292849488605,0.0019565961880657267,0.5851711490810418,-0.3544344860921798,-0.8277737607535687,1
0.34625448224594374,-0.5174195390815458,0.08994683821424061,-0.058166532157115994,-0.030454593318912374,0.5033469730192456,0.6675834578622797,0.4575234987729852,1
1.3168346700122053,-0.3417132171341868,0.596674242141171,-0.06404306914784104,-0.021677765610949824,-0.32264474153066564,-0.46429069084961416,-0.8119126940823915,1
0.8315445761290746,-0.6074410276217896,0.07266964606371741,-0.06763702064351294,-0.07210069609972788,0.3891114373589415,-1.0009341990415273,-0.9900784679255867,1
-1.5949058932865796,-0.1730543944869764,0.3932608892609693,-0.06226730499664232,-0.02802549419588882,0.13106526566371685,-0.88271797914586,1.0977964749572517,1
0.8315445761290746,1.7489457949668707,-0.18079940463237293,-0.049634423219111976,-0.04123111699685114,1.309372183651949,-1.4641899358596238,1.287729234340505,1
-0.8669707524618834,-0.15989141158489767,0.13184553416115402,-0.06336234605275218,-0.07476260096769113,-0.9838041340332857,-1.7308268909863955,-0.7008395493584091,1
-0.8669707524618834,-0.15986309341069807,0.20053290783274624,-0.06676911719390949,-0.04927036545208949,1.1213763461938533,-1.1331223684357132,-1.1937865509419614,1
-0.13903561163718708,-0.41991112273098574,0.11517033476848877,-0.05771734791541964,-0.007492683779697724,-0.8904827172785638,0.8796243957597758,-0.1776926231880514,1
-0.624325705520318,-0.06891952537370925,0.1357885867251236,-0.06692450824367754,-0.06734375118084644,1.2713036723351998,-0.8212487133189702,0.9776373529379891,1
1.8021247638953362,-0.415077409119143,-0.687015114715124,-0.0745771771181387,-0.13711404354890916,0.23507607218691234,-1.08256011944369,1.8560594605016092,1
0.34625448224594374,-0.4708207414109145,0.2823437236256418,-0.044227441677315814,0.013732789843059912,-0.9870121217622689,-1.3239159500744502,0.7744955663629988,1
-0.624325705520318,-0.3740361773377023,0.3943745758630065,-0.07235965767853612,-0.05588958184907998,-1.1610461878086398,-1.51048687100561,-0.18321647823831375,1
-0.8669707524618834,0.12340708077844843,0.04013193750149516,-0.056286856316067155,-0.03170031816570852,-0.44548198698891656,-1.4832193289184439,0.34544652198808673,1
-0.8669707524618834,0.3471017781725139,0.5036061617763318,-0.06075404507202862,-0.01585472843157046,1.8608555686738486,-0.8784709452163059,-0.23050082144544978,1
-0.624325705520318,2.580862212300603,0.13723336934398267,0.011405898734303865,0.05164219880086688,-0.6131125173107589,-0.6798779325448155,-0.09297437449022405,1
-0.624325705520318,-0.4391125836735746,0.7500017975675911,-0.04429444475181525,0.06603953622925117,0.013840535233135207,-1.4833411950283306,-0.3610134277906243,1
0.34625448224594374,-0.3476381740728616,-0.34089937858469505,-0.05292198806271954,-0.008440591797437258,-0.3426068549537188,-1.251905265742354,0.8781440987408924,1
0.34625448224594374,-0.19587635884148819,0.21510113257290867,-0.049150584513465566,-0.008464456850737117,-0.16729442335932468,-0.6228872462562647,-1.392448821238509,1
0.8315445761290746,-0.38312034953489077,0.47561349853593704,-0.06728793778840483,-0.04127238264708474,2.2896392770543423,-0.5813248094793796,0.31890592290681885,1
2.287414857778467,-0.6548297533095677,-0.00528841607888726,-0.06820408810529931,-0.09042794050775353,-0.19752882960616153,-1.3733570308555152,-0.15651591017266725,1
-0.624325705520318,-0.2600247239597314,-0.37530326469627695,-0.05909087755050834,-0.030060015722908253,-0.30881614844163124,-1.5913206616935087,-1.5283879010006294,1
1.3168346700122053,0.6121896972852204,0.1614936774856581,-0.05095488494168837,-0.020104986617961538,0.5414249970733298,-1.4126405713775174,0.0942479326464644,1
1.8021247638953362,-0.3873395090855948,0.04067373098356731,-0.061710264902937795,-0.04565634703840065,0.4346679364564129,-0.19736735036460837,0.06921003804521329,1
1.3168346700122053,0.019600106313808274,-0.16358241175763552,-0.04598732689336878,0.011767004703614421,1.378867852127543,-0.43099686962854694,0.8578104111063158,1
-0.13903561163718708,0.266841117149807,-0.046735617457407196,-0.05574215037620583,-0.011509795750411979,0.7129681894359736,0.17386728687798345,1.8502848232778741,1
0.34625448224594374,1.0459987887093838,-0.08381837134145699,-0.07342007605579491,-0.11559009459247935,1.7098459857233856,-0.39738619652177404,1.7821075620462403,1
-0.13903561163718708,0.027106409716997827,-0.1600306544862736,-0.07125940252923504,-0.10419546087954125,0.21002683953669407,-0.4207905829255294,-1.5076145084513697,1
-0.3816806585787525,-0.43429601000927365,0.1666407155653436,-0.05163171550370602,0.008836497206802876,-0.09661917545418668,-1.3667397010886633,-1.396156076217773,1
-0.3816806585787525,0.5002827313793464,-0.3254883639835315,-0.05687108836359735,-0.028257422228632173,-0.24990083912967093,1.1751984586791626,0.37136150816754077,1
-1.1096157994034488,-0.3623084787384771,-0.19292955870321063,-0.0662325410192874,-0.07164244847695195,2.5984395611770954,-0.07947407566014114,1.1588950113629835,1
-0.624325705520318,-0.4125210728850367,-0.23482825465012402,-0.053832677428280976,-0.016329579184300756,0.425281059953813,-0.42199096410791415,-0.2464001002049058,1
-0.8669707524618834,-0.41646177038944465,-0.07081532777172524,-0.055119823364862944,-0.02533378985424721,-0.48849785346890845,-1.0850949345293348,1.7387203582293471,1
1.3168346700122053,-0.3656204630946465,-0.18739122533091748,-0.06525414488564948,-0.05852164204956243,1.5331607929566438,-0.5442592321573166,-1.5674857392196115,1
-2.322841034111276,-0.42232338404372566,0.11643451955999046,-0.06007514001991499,-0.06134540253941205,0.3991898166908957,-0.7994712394822032,-0.307403848069125,1
-1.5949058932865796,-0.22814814760741492,0.19788413969817126,-0.04826204154678322,-0.0009186619238067401,0.3239674803396121,-0.36320275269853336,1.273173996567969,1
0.34625448224594374,1.1505912199005077,0.4228488333096876,-0.05873846026981413,-0.017488397397138693,-0.7691762907822274,-0.17757020081350158,-1.2915482627164856,1
0.8315445761290746,1.089562076829847,-0.5410318709345708,-0.05582360436576354,-0.038834065752913434,-0.33197527335828114,-0.6406065786338019,1.2578787896427044,1
-0.13903561163718708,-0.13959473283488735,0.2083889133227925,-0.05186164874168887,-0.031310261199910004,-1.6168621686991935,-2.4544678514940723,0.3592958246509637,1
-0.8669707524618834,0.16251547296824778,0.15005581508635704,-0.04374441798328398,0.03174630983679899,1.4125180628266822,0.02266800434146029,0.12612377549791415,1
0.34625448224594374,-0.5749990814056284,0.5600730824634076,-0.04985197267488553,0.038880736422315466,-0.8665559876338793,0.6083869949847781,-0.9444327569840106,1
0.8315445761290746,-0.08010371375233148,-0.037284331159037364,-0.06949908353690122,-0.0688556772626292,-1.492693140014038,-0.6055883519578368,1.6955222971425352,1
0.8315445761290746,0.22848489541155498,0.1542697643913627,-0.04793441802643257,0.023002277443317277,1.3405642152356405e-05,-1.2138403863192195,1.1183951707539035,1
-0.13903561163718708,-0.5239883618757063,-0.08646713947603198,-0.05515123167336434,-0.04033945615871893,-0.07929574901806644,-0.1567189094118742,1.0294566929340436,1
-0.13903561163718708,0.08696804911451692,0.2047468571377519,-0.061118793877729456,-0.038907698607314495,3.1032644330687114,-1.6251080406596172,0.052605200570334215,1
0.34625448224594374,-0.09690831449446444,-0.073825291561015,-0.06093437318515342,-0.037154465379923715,0.9617482232178507,0.3869136201820455,0.19588935405146884,1
-1.352260846345014,0.6116402253437334,0.37917425872709326,-0.051810115634082235,0.0035020409876613434,0.16169481638447045,-1.0820300018656825,-1.6186155756431917,1
-0.3816806585787525,-0.2845425495007405,0.17798827905096598,-0.06884149525821964,-0.051024336692412936,2.3482516422696333,-0.05560659803881603,0.5145085967457833,1
-0.3816806585787525,-0.410601150355311,-0.19019049165495697,-0.07867516043095453,-0.135984451654069,-0.25186046302068765,-0.7772245811223722,-0.2684792525005454,1
0.8315445761290746,-0.43851665999019873,-0.5230322874746182,-0.06735778696167832,-0.060453518794167625,0.3255239105174286,-1.7206084176723895,-0.2988445401286693,1
0.34625448224594374,-0.5473828998401311,-0.3654004838295136,-0.08251825068074,-0.11490201453564604,-0.6373582895306799,0.07084777088519724,1.0046249606908992,1
-1.5949058932865796,-0.33154401173608716,-0.05320703960438017,-0.07746043680753534,-0.1212621315969668,-0.6376678193685813,-0.8470477687820007,-0.28439153704580605,1
-0.8669707524618834,0.8706869339605247,0.23665247330422332,-0.06579495347299733,-0.03634542972732662,0.4952457795549266,-1.3521279545132388,-1.337700343519644,1
-2.08019598716971,-0.4900907621436708,-0.693787533241026,-0.08184328191269295,-0.15619228738078458,0.6280406657558794,-2.2456319922865986,0.9450089477502077,1
-0.8669707524618834,0.8538614671952972,-0.31293681498219317,-0.07362383661201341,-0.1232538558142754,-0.643423025456276,-1.106372757315566,1.0929817948535079,1
-1.1096157994034488,-0.5514890350990737,-0.46250191567200116,-0.07016708900419213,-0.08680449952236059,0.48515861923466314,-2.0810335309680243,0.36270892323824805,1
0.34625448224594374,-0.1835008199061879,-0.4360443339641442,-0.0818283376213365,-0.1527627413360885,-1.714775310590633,-0.790294721407729,1.431721109193551,1
0.8315445761290746,-0.6919066891081008,-0.33090629880425304,-0.08381903167816503,-0.14697332499690166,-0.6746870025823738,0.26024598556573036,0.32256860928811315,1
-0.13903561163718708,-0.4837117207976549,-0.024612383606127494,-0.0807065966425557,-0.11250286243494542,1.364630943082128,-1.6658113213618007,0.25312372982981607,1
0.8315445761290746,-0.24667543728002372,-0.5605364362891685,-0.07962774188701936,-0.13307242122827198,0.05439333449237942,-1.0365130098229716,0.46747880418696225,1
-0.624325705520318,-0.4828390739032408,-0.6361768263140201,-0.08560981261956636,-0.17357068814880922,0.5573288303994528,-0.7215987952645533,-0.4928517830977229,1
-0.13903561163718708,-0.23919273235533384,-0.2756433636328931,-0.07147681259919107,-0.07646933298940221,1.9834842656597547,-0.7590969972767143,-0.4144640362527443,1
-0.3816806585787525,0.398903667744767,0.12495271708368047,-0.071188044576758,-0.08149541805159655,-1.63392143373701,-0.48984601409287115,1.09479864028022,1
0.34625448224594374,-0.34347912854107254,-0.5438010376207174,-0.08305385682722692,-0.16626594957621832,-0.2183112336871048,1.2322074248841965,0.8054883886404336,1
-1.1096157994034488,-0.519641770541104,-0.20111666021007876,-0.07679700387527374,-0.13879542128307015,2.0773727879094497,-0.9717899188621048,2.4108128276762297,1
1.8021247638953362,-0.5645874326915743,-0.30748878052357875,-0.07978581818953964,-0.12887970315618782,0.19876961252422157,0.15177905446100529,-0.01080406005622364,1
1.3168346700122053,-0.6681688553827649,-0.42343258568702014,-0.06900544162069043,-0.08122297283463804,-0.7479145910894036,0.26019114581628133,1.0895797602064397,1
-1.352260846345014,-0.040625198057642566,-0.5726665903600062,-0.07983083745044406,-0.12156194257128652,-0.08966390096422626,-0.15484826462511217,-0.4144097718481641,1
-0.13903561163718708,-0.19360394956448845,-0.44564611845197855,-0.07838939465880675,-0.13113272849634444,1.0253167245846935,-2.215829635113787,0.16297619786973214,1
0.8315445761290746,0.047843262192286205,-0.20912316388958951,-0.07658160220924505,-0.13004225760528162,-0.689301494125087,-1.0304318909396215,0.2533632737068815,1
-0.13903561163718708,4.21040869335338,-0.3684405472566963,0.18647494633707476,0.22056242495684583,-0.2842323081718038,-0.8194329082816572,1.7037748754756332,1
1.8021247638953362,-0.386487976619312,-0.6906872705380576,-0.055899283237781074,-0.02891160509638157,1.8922732130953586,1.3103479745435973,-0.18981636841839217,1
0.34625448224594374,-0.06952762090389021,0.06797410255242539,-0.061773040362629324,-0.038791322059514896,-0.11389796519973483,0.5181756071410921,-0.23516084133979684,1
-0.624325705520318,-0.2944789993793223,-0.05362843453488074,-0.06623471229749182,-0.08752431096206867,-0.5525134534904979,0.3373080201526333,-1.7990025916753511,1
-0.3816806585787525,-0.5356085010939804,-0.22606926002329084,-0.08360944001615075,-0.1519570326966737,0.35959707215346404,0.1802652576470392,1.0586222000925736,1
0.8315445761290746,-0.5995288303884058,-0.23597204089005414,-0.07486066996480437,-0.10368918764261001,-0.13037548976206292,-1.0015922760349159,-0.7515607058477128,1
0.34625448224594374,-0.299777727220127,0.005366855735198475,-0.08454715213886355,-0.12454582430266584,-1.2066136631414979,-0.29219137046750887,0.12196126709086366,1
0.8315445761290746,-0.44375626743223584,-0.04622392361322794,-0.06278857640659949,-0.04405880340456857,0.187829964588934,-0.5203795679250028,-0.1818987379890424,1
-0.8669707524618834,-0.08570723457333718,-0.47396987770919513,-0.07219100906573821,-0.1068253561011562,0.44914266393520375,0.10262435903817411,-0.18500285736688657,1
-0.3816806585787525,-0.1507307306363629,-0.137877320997101,-0.06566748397430157,-0.10554727176551243,-1.7751094812635648,-1.5921249780187614,-0.5015453640532754,1
1.3168346700122053,0.8938760409594839,-0.2862083365333002,-0.07346412010724243,-0.11086541567165241,-1.1319276988261049,0.3039776390986,-0.7196438159050429,1
-0.8669707524618834,-0.1702002206137006,-0.25216564607643305,-0.07611148074991643,-0.10714116343139413,1.92622417264409,0.47813040343229746,-1.8188094156209254,1
-0.624325705520318,2.3414822272603995,-0.24954697757975094,-0.05937683364628258,-0.09366027118597332,-0.5005673218999875,-1.7985844480834432,1.7274771508291706,1
-0.13903561163718708,-0.3117486143504172,-0.4618999229141432,-0.06724399661231643,-0.074548531465577,-0.11942925608554343,-0.8477058457753893,-0.19501654365619772,1
0.34625448224594374,-0.45855375547671273,0.44060761966649714,-0.07253016448536254,-0.08834717916371433,-0.7087411387437391,-1.5653022472326819,1.355360186241724,1
-0.624325705520318,-0.5026826618660575,-0.6265148425503999,-0.08995384775478082,-0.19042870272084866,-1.072148925663734,-0.015445621525628948,-1.103784166912034,1
-0.624325705520318,0.17861013211509597,-0.9283841109782696,-0.0661756055460748,-0.11619589875653036,1.491901124138504,-1.1713761403291725,-0.49997492615915207,1
-1.1096157994034488,-0.41192341036640295,-0.11545309076689232,-0.08068787786643224,-0.1322952771683451,2.1832839466525744,-0.2530296960553934,-0.7386139582387453,1
-0.8669707524618834,-0.1927116786721641,-0.32991301075378743,-0.05810490389108875,-0.06959850967861231,0.10956867453362036,-0.406574901207237,-0.8771565817416102,1
-0.13903561163718708,-0.26817787407884874,-0.14883358919011572,-0.08203421932640394,-0.1436950006929922,0.010572544084038604,-0.7680175965204263,0.9864469831017096,1
-0.3816806585787525,-0.4530523291258477,-0.2898503927183408,-0.06960154021203259,-0.10238823094976525,0.6186508622571764,-1.14241465931458,0.7496303956645098,1
-0.13903561163718708,-0.5084821742611288,-0.3213346139543116,-0.0738974400069673,-0.1163198936010134,-0.13800909559891375,-1.3669285935589877,-0.4561325285591403,1
-0.3816806585787525,-0.08522483199179656,-0.37641695129831415,-0.0705557073866597,-0.10700994756218421,1.3462662377823345,-0.2820947632633895,0.10431795340043012,1
-0.8669707524618834,-0.4533578673211592,-0.7144358848355538,-0.07196618127935459,-0.1227055208244343,1.0455722693670813,-0.8659918555639,0.824830531244202,1
-0.3816806585787525,-0.45464112774146753,0.17350343300492424,-0.06630360701534338,-0.07611613200072477,1.2483552911379723,-1.8638376566223174,0.45903177915268484,1
-0.624325705520318,-0.5641549595224382,0.11514023513059586,-0.07569549324980057,-0.06723624076551063,-0.08798673219715743,-1.5473330893298767,1.1349054670189147,1
0.34625448224594374,-0.27520202330553456,-0.06443420453843096,-0.07361161283837078,-0.0857909616935458,-0.28284198502283747,0.451630617837418,0.8092831465165136,1
-0.13903561163718708,-0.09501497130368043,-0.028886532186918945,-0.07504160267047703,-0.07497592990733652,1.4903285954821206,-1.024795583357358,0.7168462115509113,1
1.3168346700122053,-0.10510717114036007,-0.289489197063626,-0.06328220978323333,-0.06469721090464128,-1.4585329002439358,-1.5304424464995696,1.354152398176154,1
-0.13903561163718708,-0.6322874930265362,-0.572726789635792,-0.07508605488264504,-0.14659258462898048,-1.2949723580034358,-0.9707540569280672,0.014488608975575723,1
-0.8669707524618834,0.17664475146362876,-0.4950095245963305,-0.0660617030181415,-0.09663053558527424,-0.4985550120791153,-1.632078782145141,-0.0800553284877571,1
-0.3816806585787525,-0.40533670240958997,-0.5623123149248495,-0.06313913510448327,-0.06418161021583313,-1.524690329663959,-0.5393236547069022,-0.3589446239487998,1
0.34625448224594374,-0.3054662025637315,-0.3736778842500605,-0.07035598308454177,-0.10878707009189001,-1.279140967830864,-1.5214426342844312,-1.047373485777122,1
0.8315445761290746,0.18925130708318896,-0.569506128381252,-0.06665709238920504,-0.09172585099136146,-0.7790212421749604,0.22644641998863302,-0.009216364418611381,1
0.8315445761290746,1.2026420113196732,0.10770562457105017,-0.07417226745891084,-0.10984770726480488,1.294891602180952,-1.291395978651164,-0.030636368504705497,1
-0.3816806585787525,-0.2878957690930251,-0.18432106226584194,-0.08150703951622881,-0.13716162098134654,-1.0115915715379418,-0.5566103623943415,-0.1345298555887299,1
-1.837550940228145,-0.12999238773085348,-0.0331305811298175,-0.07691955251407644,-0.10807004100254952,-0.9174088861798866,-0.9877117261188121,2.7472930424801953,1
-0.3816806585787525,-0.3079651572343281,-0.6373206125539502,-0.08037040946442639,-0.15124843938402616,-0.7024693178438495,0.5338536821780259,0.8880313276714503,1
-0.8669707524618834,-0.567912830919733,-0.4857087364874252,-0.07328407184487915,-0.11890289647021174,3.194433044189613,-0.4427203893996548,0.2992172168031521,1
2.287414857778467,-0.5277171698836909,-0.5719140994126838,-0.08194958578659309,-0.18623323364456257,1.3535632390673304,-0.6853375342677431,1.0910913141963385,1
2.287414857778467,0.16345494081757148,-0.2943954380401683,-0.07658024375980926,-0.09667796942325958,-0.10746369601612389,-0.9032524186617819,0.37816393412333643,1
0.34625448224594374,-0.4255598532686961,-0.43562293903364363,-0.0710261338583992,-0.10502574904479439,1.6939553238797265,-1.1374303354202109,1.3813929428243839,1
-2.322841034111276,-0.2411789790298955,-0.8261055414182037,-0.09309275268608531,-0.2146373728918204,0.9421066158680856,-0.19854335832501577,1.664847379648487,1
0.34625448224594374,0.24479268608001067,-0.16827795526892753,-0.06440782618126206,-0.07502220053509372,-0.7045299231004227,-1.246939221764468,-0.44459200464058074,1
-1.352260846345014,-0.2286534034523447,-0.17655535568947436,-0.08288572489812077,-0.12708167987147787,0.963481736659904,0.2756986082993736,0.29687528580961653,1
0.34625448224594374,-0.6660457375329053,-0.4228305929291622,-0.06376503338348792,-0.08428456034318527,-0.7480067914666508,-0.28386182185674774,1.0596596468123134,1
1.3168346700122053,-0.5903775888312708,-0.06335061757428664,-0.07340011848990777,-0.11441314875446257,-0.8690988154984362,-1.4071992495710728,0.4820140858021549,1
0.34625448224594374,-0.45783412608499124,0.20941230101115102,-0.0772568534881358,-0.10272225072649005,3.851104619917175,-0.8036451537458253,-0.3404441578525254,1
-1.352260846345014,0.6194997607093076,-0.32587965927613916,-0.06906735519403369,-0.09568455810056946,-0.9374668587253158,0.12165375209699421,1.0853714633499099,1
-1.352260846345014,-0.1982168310985817,-0.5205942168052935,-0.05545279735964973,-0.04105837408449917,-0.48452079751383903,-0.7063289716957403,-1.7705797736963802,1
-0.13903561163718708,-0.27161281892825323,-0.3069770866793995,-0.058113768549124374,-0.05062668653471337,-0.2984487282444972,-0.7295993053786202,0.6571266132031001,1
1.8021247638953362,-0.06598387464835039,-0.19560842647567853,-0.08450752013773404,-0.15512532921654204,0.8221780727872774,0.05735719252073112,0.36192566813795174,1
0.8315445761290746,-0.4553913109527202,-0.09742340766904668,-0.07189880279340691,-0.1436275428023433,-0.2845769619629423,-0.7766274371839271,-1.6633894339323512,1
-0.624325705520318,0.6219932504690936,-0.2761249578391795,-0.06972777545397583,-0.11163902190349419,1.0769430818509416,-0.2847148846259552,-0.6303334329675676,1
0.34625448224594374,0.4148120231139862,0.33381410442249665,-0.07602174432211754,-0.10325036409980451,0.9616933420409178,-0.4952446827608553,-0.5457673672150168,1
-0.3816806585787525,-0.35077230042265456,-0.23187849013662007,-0.08340085431852781,-0.12067876483764707,0.25919598357440055,-0.5909826986879066,1.418193346743342,1
0.34625448224594374,0.2984740081609848,-0.5093971515091356,-0.0700879889659025,-0.09254744212447212,-0.6942071395938607,0.2665281835303937,1.6644057039750184,1
0.8315445761290746,0.30028388725939104,-0.06846755601607923,-0.049109506097643744,-0.009815807720183773,0.4973415087647369,-0.12550899866987084,-0.5657329040493837,1
0.34625448224594374,0.8206661085024045,-0.25466391602154353,-0.07619264303547602,-0.11132653648769117,0.11786158624269152,-1.8346629099154232,0.22517797932066802,1
-0.8669707524618834,-0.036094290185706056,-0.06931034587708036,-0.06627549062085551,-0.06322329107129358,-0.8221219915419418,-1.2526486490126634,-0.26295870863322146,1
1.8021247638953362,0.4134457954113738,0.2938417853007287,-0.07019984696515257,-0.08868864839774365,0.16055475140231806,-1.965894430346998,-0.5678272241752367,1
-0.624325705520318,-0.5089538954260854,-0.0639225106942517,-0.07001518260872008,-0.07339339494147605,-1.1529471895913983,-2.015061312380818,-0.11706751651963843,1
2.287414857778467,-0.46657897700185813,-0.6328658661458013,-0.06054239979947317,-0.0762073818002291,0.16322051310320454,-0.899352703145405,-0.09948611855645774,1
-0.624325705520318,-0.3263851359310226,-0.16924114368150026,-0.08022395105332683,-0.10770705905670712,-1.4378646490110127,-0.6587219758684711,0.7439111710732141,1
-0.3816806585787525,-0.21378487156733197,-0.1918459717390663,-0.08494959819374716,-0.15333296508264133,2.240470133016636,-1.1483434455605717,1.2653878086503028,1
-1.837550940228145,-0.5628707054819826,-0.110847846169279,-0.07079546014578418,-0.077621265941074,-0.7318446507344304,-0.3982880057349362,-1.1197892121710495,1
-1.837550940228145,-0.42498057272278844,-0.2388616061277723,-0.06737752428665314,-0.08645489757391972,-0.5220339113200274,-0.31423085644053234,-1.6792854467522054,1
0.34625448224594374,-0.6417986734820503,-0.5145742892267139,-0.08146044522651578,-0.12852399078071983,0.37840521736287513,-0.515060112228445,0.19079542904688004,1
