Potencia,Maximo,DesvioPadrao,Curtose,Assimetria,FFT_Peak,FFT_Mean,FFT_Centroide,Classe
0.3840926212609332,-0.03696721447948479,-0.13131066922992776,-0.07582932879465454,-0.1359217133139391,-0.8367471156986681,0.8360801161662278,1.5469189357177426,0
0.3840926212609332,0.5064086331889762,-0.7095976233132314,-0.05720909550025583,-0.1189084103610876,0.6211159652305448,-0.38899495262833916,-0.6825053908418773,0
1.3642332822281416,0.27090710054740685,0.1690275496580379,-0.06326521624169906,-0.050447508305344814,1.4813794407246095,1.4682383193043513,1.0533141472999055,0
2.34437394319535,-0.3073224431618344,-0.6301623281632183,-0.06675440246357697,-0.10190318442463955,0.5437227854780423,2.085105663304484,1.3621334335369246,0
-1.5761887006734836,-0.12496947954387927,-0.956131270031163,-0.07782589732287903,-0.18588143070694363,0.8353210857310912,-0.4027975334828834,1.545156718320228,0
-0.105977709222671,-0.2959115984064588,0.2066757906111201,-0.10117746187796874,-0.19605279893474026,1.1972044263325081,1.2914392608018617,-0.778185884613776,0
-1.0861183701898793,-0.18760523652681502,-0.21523383416242753,-0.04631539477966591,-0.05324543587546978,-1.416088891980096,-0.4102569282664479,0.5165858411706363,0
0.3840926212609332,-0.29592555452736263,-0.3988375734859357,-0.07103875573283226,-0.15057922883497363,1.5233787949901767,0.834723862569216,0.10437893241081445,0
-0.8410832049480773,0.19574034851491373,-0.30683624294496,-0.06935804648550327,-0.14696863211868802,-0.42996463060026,0.25198490001247137,-0.5230195509409015,0
1.3642332822281416,-0.17880921973553346,-0.5028564220000145,-0.05859738205288486,-0.09374705111763407,-0.6509930040123653,0.5960472339835938,-1.4136972890997372,0
-0.8410832049480773,-0.1515259185240389,-0.02504788582460568,-0.07069270282855863,-0.09509703734875534,1.1657466103401475,-0.12791013408146995,2.5567414299346325,0
1.3642332822281416,-0.10478023474000236,-0.9667026966299093,-0.09458099855890022,-0.2376454199086286,-0.4304089354410127,-0.14629757222856707,-0.18117846376577298,0
-1.3311535354316815,-0.05994310768677972,-0.8529102650339707,-0.09379975595280145,-0.248553384988245,-0.25927776696041205,0.8328335091043546,-1.0217548354636201,0
0.8741629517445374,-0.3829486032398171,-0.2947688597520515,-0.06529886610143765,-0.11247194217145383,1.7139014342115342,0.8171525770291703,-0.5000550924358436,0
1.3642332822281416,-0.38336065198978064,-0.7657458608141195,-0.0809636285665623,-0.17825264383120074,0.4623611221230031,0.44342069534288847,-0.10259600499444071,0
1.3642332822281416,-0.3886397263133001,-0.46505858538751604,-0.08246522935884752,-0.2155081447495269,-1.2266843953397024,0.3258107042179507,0.7250265475192746,0
0.3840926212609332,-0.011050926749962558,0.1632930493804161,-0.07679204907291312,-0.16826257741838424,-1.0627041730419133,0.8983237546981114,-0.29748254792526796,0
-0.105977709222671,-0.2594005558111334,-0.7997040755016016,-0.06916842410105149,-0.13431965959932185,0.4874392519966493,0.9789908381097562,-0.1043512689080701,0
0.8741629517445374,0.6488905609067951,-0.13849126088190633,-0.05725563790506908,-0.11616899515072057,1.135722083385564,0.9128944791828215,0.6674937596457661,0
0.8741629517445374,-0.07386079206089512,-0.07336728381604495,-0.08284930238694643,-0.20511158166625243,-1.2097092934504807,0.6538440410314699,1.4719226699296792,0
-0.8410832049480773,-0.01756271549036354,-0.15384974858197167,-0.07326622324436523,-0.11204825559990768,-0.48443330427532283,0.6349105007723017,-0.5528095922183616,0
0.3840926212609332,0.10778155333530165,-0.08633224096545074,-0.06508134345337466,-0.09409322747949374,-1.342126896952941,0.8159283481185933,0.05361336582544119,0
-0.5960480397062752,-0.1877532629239424,0.2517040840954025,-0.0633495939856352,-0.04541857101775006,-0.960363497895521,1.1465001595849265,-0.7936195600356973,0
-1.3311535354316815,-0.3417167311571249,-0.8406434209618406,-0.062039396273362316,-0.08135266421605071,-1.7752510499438798,0.5783979338561093,1.858908457441904,0
0.8741629517445374,-0.2220645005604119,-0.698028892318377,-0.07827985036294952,-0.21004745437835223,2.355191999717906,-0.05400031416644119,0.49274210913517336,0
-0.5960480397062752,0.3482011314678295,-0.2642014800113371,-0.01755297792086578,0.08464460788494718,0.4659967461189295,1.0919319562325915,0.9375058279323323,0
-0.3510128744644731,1.2230115141374993,-0.4815639731431057,-0.02958790043385991,-0.08440991888795377,-0.7875680313818684,0.06713833675957137,1.3450416883261864,0
1.3642332822281416,-0.6367479831194952,-0.3264831395482903,-0.08853883288844946,-0.19736026425000044,-0.7243520138984989,0.716315722203559,-0.8906704794054336,0
-0.105977709222671,-0.11782897899620466,-0.672298438898787,-0.06828143300578209,-0.13579455923534203,-0.20946174729881242,0.8237598124730194,0.7346550836020225,0
-0.105977709222671,-0.15128614779113397,-0.879538292410058,-0.07297299803271498,-0.19128107704881253,-0.010065558076841312,0.8448477555699188,-1.2285805944908834,0
1.8543036127117458,-0.01313290544217143,-0.7970113536321096,-0.09899932818253161,-0.23853407718048764,-1.0806136435829505,0.4530104884757414,2.015240280384101,0
1.3642332822281416,-0.2072806215347907,-0.20281739443088123,-0.07304513423521826,-0.18277685310045064,-0.27145777158988266,0.2025656594310925,-2.1125063636943398,0
-0.105977709222671,0.17175595398066754,-0.137344360826382,-0.06245760475905929,-0.08555850077531289,1.2034955467022352,0.9205939188508129,-0.8197925156248193,0
-1.8212238659152857,-0.5698734547925425,-0.32109769580930636,-0.07497364052021985,-0.14927400907943714,0.5672952976189053,1.952930948816947,-0.7323898739676783,0
-0.3510128744644731,-0.27918690341973784,-0.21154380789682742,-0.07548985634673795,-0.16377601033437217,0.7990703866227044,1.3109549099057651,0.6866926102305003,0
-0.105977709222671,-0.4430155188209813,-1.1517525273277742,-0.09996601685614621,-0.25372072094167497,-0.7500766737397518,1.1020738525996263,-1.412566134137457,0
0.3840926212609332,-0.38085243963783716,-0.469346994290781,-0.06650189885900144,-0.08104126446386042,-0.7358212783923469,0.686568159900961,0.7781648264450299,0
-1.5761887006734836,1.6261860015171457,-0.829523476945235,-0.05520557739499297,-0.1318372530301536,1.1940322964229484,1.501610559361795,-0.32107411684478354,0
1.3642332822281416,-0.46317891048285603,-0.4149939047028875,-0.06555218346137427,-0.03223094581378684,0.3264193398587589,1.1768838408312556,0.2905856796114338,0
-0.105977709222671,0.2031910867666142,-0.04060583440389263,-0.03588330925658587,0.01792243712855951,-0.8988959159067413,0.4912376363207181,-0.3394482229018612,0
-0.3510128744644731,-0.47935359703264624,-1.3140638177943735,-0.09629745912194211,-0.3009689570739708,-0.4234550480496977,-0.27590380645273693,-2.0328024253175383,0
0.3840926212609332,0.5442594633910681,-0.7201191846921722,-0.05675189105371637,-0.12672928957180712,0.8450551995926975,1.6283722617055065,1.2698850707000424,0
0.3840926212609332,0.2263010502501327,-0.16611659265410175,-0.08130641412719106,-0.18327233403165105,-0.6350312419011394,0.548800399606278,1.2557087647630172,0
-0.105977709222671,-0.5731531432049397,-1.0968509203220211,-0.08554895433929027,-0.2240185310222298,1.1932979387542624,0.29265450455649133,-1.3137469890684,0
0.8741629517445374,-0.04069418512740595,-0.9868482454312937,-0.08635699606696746,-0.18379140057348634,-0.8947798227225592,-0.05916127918161858,-0.5937524015880726,0
1.8543036127117458,-0.5727195883014522,-0.03866109083148176,-0.07847665026295934,-0.08131577152668655,-0.7397661444618203,1.436414368751461,-1.346258311352135,0
1.3642332822281416,-0.3535625035491916,-0.8517633649784464,-0.05316250420304906,-0.07845263874689569,1.5552041588408343,1.3524406670568363,-0.5578673701486785,0
0.3840926212609332,-0.2419931548444618,0.08939279362880312,-0.07440710832774511,-0.1446676860431661,0.021522154347367203,-0.5504491418938421,-0.21716319728681893,0
-0.3510128744644731,-0.23654958132537104,-1.0054479724187104,-0.06948430294574372,-0.13362053021995407,0.5203192863081633,0.34326796843789376,-2.341259710210811,0
-0.3510128744644731,-0.2382577190084514,0.24098306183724005,-0.06719655876189834,-0.06999109708568152,-0.43429032939037865,-1.3459938956171047,-0.38537256098246364,0
-0.105977709222671,-0.1560527350519559,0.03474051272207717,-0.06190929793430849,-0.11895198597162981,-1.0272918963572724,0.9347985748867721,-0.8807324615074704,0
0.8741629517445374,1.2873336738611243,-0.6065760791952608,-0.06760684584504871,-0.15638941077992713,-0.574438984731517,1.1660758199099366,0.23873216481041895,0
0.8741629517445374,0.027406193950409913,-1.1720476717885748,-0.08980422048616225,-0.24568003076733275,0.06293180833426099,0.7645107338743609,-1.4741210024987155,0
-1.0861183701898793,-0.34558692363596066,0.18682943312856817,-0.04241766960141509,-0.0020979672026456273,0.9196607723958264,0.28397088086234984,1.4812750310347373,0
-0.5960480397062752,0.3820705778015896,-0.35949391505946965,-0.09430869227501631,-0.2545242914498005,-1.1604888784508205,0.4207904638635467,0.28658935314455747,0
-0.105977709222671,0.7267011970895262,-0.7079022058398475,-0.06036818554924514,-0.1054144530675638,-1.811918746120415,1.4189631056536287,1.1036186805725203,0
0.8741629517445374,0.5829911307321715,0.26850866316982464,-0.04012892724704427,0.022235398085961856,-0.1394210008080676,0.7155655819397251,2.004545266261198,0
0.3840926212609332,-0.17641196998421865,-0.5316286538277342,-0.06287162637695524,-0.1703356942944346,1.1783952753913423,0.4738043765892177,0.37823086990712385,0
-0.8410832049480773,-0.40729677207303167,-0.013828211368389132,-0.06682189213797814,-0.09291361763021357,-0.1897610344845084,1.1591205193836684,-0.12336424463992043,0
0.8741629517445374,-0.3483740296171133,0.36484826783387075,-0.08580785029910454,-0.11559838530511822,0.20303839494463036,0.7059877910510935,-0.9009771970238943,0
0.3840926212609332,0.7347788168375621,-0.45139551516083454,-0.06430015026199298,-0.11105822451021607,-1.5116874994848346,0.7559831393550969,-0.18521268684513129,0
0.8741629517445374,-0.5345269475316504,0.2913967990605064,-0.05527171717028075,-0.03851590489195527,-0.8940572738204049,1.7282729414818532,-0.7557856867531254,0
-0.3510128744644731,0.8317317599675165,-0.4510963238420021,-0.06912956122105952,-0.21007227021600247,-0.6466938749469429,0.769293628196566,-1.0528005744658822,0
1.3642332822281416,-0.44365818674915874,-0.3598928368179129,-0.08351497009602436,-0.20983320380208872,-0.8201262768053954,0.26324900621420155,-1.5379670598421393,0
1.3642332822281416,0.22716358427976208,-0.8513145780001977,-0.05184474427659911,-0.10184956096407836,-1.1226506382918373,0.6862861071617594,0.47664910434658847,0
1.8543036127117458,-0.3563887324266483,-0.39055994699823815,-0.06548202042490521,-0.16694224063447113,-2.2879131499086287,1.093462242370813,0.13579635102518722,0
0.3840926212609332,-0.3195024760889908,-0.7325356244237186,-0.07201931897729326,-0.11819102582257338,1.3157127789565217,1.0959227024361882,-0.2289597412310405,0
-0.105977709222671,-0.0647723830972352,-0.1593349227605664,-0.054021235229425674,-0.1276968061004808,-1.2388083083281478,-0.0690751329084477,-0.9020447638951719,0
-0.8410832049480773,-0.4579266044568078,-0.4194817744853741,-0.07331119074324831,-0.10580424210807683,2.4496318720067283,-0.4117272031835624,1.3432354083971756,0
0.3840926212609332,-0.19465307758324296,-0.6705032909857924,-0.0786902056203476,-0.16501944730559903,-1.4700918574250676,-0.08663441620427217,1.1450640516900281,0
-0.5960480397062752,-0.35758781488004027,-0.8604897784443926,-0.058542431445275454,-0.07618678000027566,-0.8541222395541487,-0.11019482161076803,0.3835684681373928,0
0.8741629517445374,-0.4097294840987742,-0.9556326178331089,-0.06374018333492483,-0.12446099820682378,0.19461431612012708,1.0267477678664791,1.7559687820916403,0
1.3642332822281416,-0.5110017322540266,-0.4894925430921654,-0.06662201213911917,-0.08572238859644771,-0.3574661845751192,0.4493137972555678,0.5465639489936418,0
-0.5960480397062752,0.09342139129187503,-0.7734749698839576,-0.06702397895726703,-0.15074578394891705,-0.8461675591992779,0.13183643423471955,-0.6402376232826024,0
0.3840926212609332,-0.4714489416682708,-1.3707605727131214,-0.08119288031439222,-0.2305679106573329,1.3153164472298038,1.3172800926104127,-0.7369281628753008,0
-0.5960480397062752,-0.6116445822354035,-0.9279075556213027,-0.08375178220460705,-0.18718868413331638,0.02341155699242839,0.5807923815782672,0.7116875055307582,0
-1.0861183701898793,-0.45944210191364204,-0.9730854447650014,-0.0636735557160194,-0.07284329152029319,1.2860963924951876,0.49793488859622737,0.23126632311273201,0
0.8741629517445374,-0.33015191149407286,-0.37924054210241076,-0.035567615250239146,-0.04561516158288535,0.23266954236412904,0.5866134700256184,0.882372133332917,0
1.3642332822281416,-0.5022562778024129,-0.2832499939770025,-0.07892484271041132,-0.1632687242460568,0.08787044715325222,-0.895597678966996,-0.6402657828288392,0
-1.5761887006734836,-0.11897978699860143,0.38289947740342806,-0.019637620150713464,0.07935448022169944,-0.6018892005822047,-1.1844136827872778,0.8363063224334498,0
-0.3510128744644731,0.1071134898428566,0.8190705550413221,-0.04335695411849631,0.037894082680715355,-0.2581079610258722,1.2999248474663512,-1.1840986789054018,0
-0.105977709222671,0.06627147399000223,-0.21568262114067618,-0.05867133817860929,-0.04170134591940195,-0.6888275539318074,1.3747168323316485,1.8464980670087672,0
-1.3311535354316815,-0.15599599541287154,-0.8888630885136691,-0.055785394062791246,-0.08294597458231087,-0.7211570045037841,0.7451631161895563,0.9109176949626806,0
0.3840926212609332,-0.5025365441648256,0.1843361721382978,-0.03497248167895396,0.008980329770436566,-0.5410061525367409,1.1817567519851209,-1.047651214567694,0
0.8741629517445374,0.5322892298552034,0.633272746046376,0.00015873573488625113,0.15400132770478092,-1.00356513220359,0.41612159086144435,-0.19071345209787738,0
-0.5960480397062752,-0.4346324659351324,-0.25268261423628813,-0.09597925142376197,-0.16366037714141352,0.2501147807708913,0.5512848641600959,-0.17520947287965555,0
-0.5960480397062752,-0.03626529023468294,-0.48350871671551654,-0.07450586195119123,-0.19257156959043653,-0.5168203225841412,0.325276604350101,-1.512217297013418,0
-0.105977709222671,-0.5155685868337169,0.14394534409591825,-0.08722824943884629,-0.13679851330443604,0.8233418301326584,0.713777247550745,1.0966922582561256,0
-1.0861183701898793,0.4547568009350796,-0.24739690093691497,-0.05548709467942279,-0.06985399190735934,-0.1471026034368945,0.6035666399882651,-0.19995793135950662,0
0.3840926212609332,0.14039632152092182,-0.17190095815152895,-0.07685357282114895,-0.18357323754581104,0.6684491917288687,1.874136215503832,0.04631462958657765,0
-0.3510128744644731,2.6807141576314892,1.8408587740739144,0.626351027141734,1.1407409877760322,-0.3181164223000871,0.514996078756866,0.9039389287387353,0
-0.5960480397062752,4.238977287114636,1.7260191728620624,0.2416123042230678,0.46142606623162,0.25029486446049865,0.2117533773825304,-1.5476446997167317,0
0.3840926212609332,0.07652945164317553,0.3239587875934371,-0.06069945278792266,-0.04898714854091152,-0.2869582537584667,-0.509107411673427,0.39213465474570175,0
1.3642332822281416,-0.15690474479369063,-0.6083712271082554,-0.05984832878811791,-0.12230571009445254,1.2256229610387896,2.1954903034081736,0.6004136539089051,0
0.8741629517445374,-0.18040891149552515,-0.4049709955220007,-0.05737163996888172,-0.10654493410451633,-1.3627295043110985,0.7558211090581087,1.443419135063246,0
0.3840926212609332,6.062318401267552,-0.2185249386695844,0.5030028439508969,0.43841987226823476,0.21016055725902116,0.9353206725104005,-0.9069851160062761,0
-0.8410832049480773,2.0009851784217907,-0.42027961800226066,-0.058934639109148194,-0.17032959673897033,-1.586375733653685,0.12585931661249086,-0.4772264480665897,0
0.3840926212609332,2.646346866722537,-0.2773160328201591,0.015724987977212262,-0.01961740868237067,0.6815790640162275,0.5279404991495843,-1.201149059580579,0
0.8741629517445374,-0.3026697927569157,-0.4309009098208123,-0.11597280127582048,-0.3233389070353196,-0.5417028697621072,-0.23642242408662992,-0.7763001560286709,0
-1.5761887006734836,0.2930877236520515,-0.5153227269513662,-0.07537701946032507,-0.16308544138205308,2.1082101716129973,-0.38287380807545435,1.387004911659281,0
0.3840926212609332,-0.307793519439555,-0.3024481036020842,-0.06376181911939405,-0.04403718317845585,0.15273157342405977,0.44154234412224835,1.3224130002698102,0
0.3840926212609332,0.7874098654433987,-0.32010039141319824,-0.08236063260537665,-0.1926583017045716,-0.6529990182269264,-0.06337406690330989,-0.4453918394489675,0
0.3840926212609332,6.3506994472248195,0.9784896627592079,1.742315136495791,1.901912282387986,-0.17076884766210232,0.7660110144020288,-1.294669027030043,0
-0.105977709222671,-0.4089490852724968,0.8407120604368686,-0.08511946193767125,-0.19176192262107836,-1.243874269170218,0.2795540549888957,1.3407102091868925,0
0.8741629517445374,-0.18469366940186446,-0.5685787817035407,-0.07028069513151193,-0.17386395593207193,-1.0346893505414319,0.7626383837758314,-0.9708016794610659,0
-0.3510128744644731,-0.27720284636272297,-0.25582412308402874,-0.05851101475738658,-0.0697139068154193,-0.6922646430404207,-0.054114335486543944,1.2464477248051118,0
-0.5960480397062752,-0.2737554557106127,-0.6725477649978141,-0.07702727700107198,-0.18023875573682724,-0.5973199459823713,0.8402989050100298,0.2613429378710523,0
0.3840926212609332,0.7144701442449672,-0.15449799643944195,-0.0684642504736136,-0.18261842942400233,-0.8176294607318634,0.17671882650043086,-1.339596852876322,0
0.8741629517445374,-0.3172930619977094,-0.7695854827391359,-0.09519121696160471,-0.2049913986917582,-0.13194974183308542,0.7021890807550386,1.016480779583692,0
0.3840926212609332,1.1185570416273092,-0.35131601901138293,-0.05388859792306082,-0.0716877751398004,-0.2001379880741804,0.17954535501455707,0.6243139244741258,0
1.3642332822281416,-0.43027998652407945,-0.4714413335226081,-0.06475990571370435,-0.08018187054338527,-1.096242546087566,1.0045316138127736,0.20389103954154206,0
2.834444273678954,0.31173950726783567,-0.7756191743355901,-0.07627593434815837,-0.15838821611333131,-0.5396894750684639,-0.5576384861824264,-0.3484350639589954,0
-0.105977709222671,-0.2771893478195537,-0.36822032852541586,-0.06609492280465694,-0.13466887876581463,3.487767107527231,0.03862100448966096,1.2357080371806752,0
1.8543036127117458,-0.6215053824149862,-0.4179858178912119,-0.07720065780569439,-0.15521584525838503,-0.6397562246096088,0.631069782621472,0.9288693187448624,0
-0.3510128744644731,-0.414263621870444,-0.7047108317723015,-0.05575455242904821,-0.07080487284395443,0.3139182843892095,0.1762867457084625,0.19875814391484256,0
0.8741629517445374,-0.15596945590426756,-0.43409228388835835,-0.0615030310157099,-0.12632587516433735,0.49432228678877455,1.2737059449648278,-0.7301622668949785,0
0.8741629517445374,0.08955074123530474,-0.6630235080149813,-0.10601631760661334,-0.2784198113589932,0.37851518950887175,-0.1069302111825628,1.609756109584923,0
0.3840926212609332,-0.41047533580609297,0.02900601244445538,-0.07895185121958827,-0.125186855940095,1.0037229530470684,1.5205320973767418,-0.20803397506160445,0
-0.3510128744644731,-0.4259908816292619,-0.2908793726072298,-0.07285945285773116,-0.13249168160444458,0.12450345507810069,0.37111917615351964,-1.8399679808837919,0
-1.3311535354316815,-0.1967007379453605,0.04311786964938553,-0.0672483675602559,-0.08342756008394188,-0.18744725429221668,0.5302329277958607,3.4381611161673957,0
0.3840926212609332,-0.37204132278131535,-0.2613591624824289,-0.07049030193950186,-0.09320609684985977,2.530321911765281,1.4966116246436056,1.2277124478544228,0
-0.8410832049480773,-0.10272616828960113,-0.29013139431014867,-0.08492360171185723,-0.20823409874071816,-0.33719348463193927,1.3433129603265053,-0.5255070172574667,0
-1.0861183701898793,-0.6411874023001128,-0.17419475826257766,-0.06686108833665862,-0.07238839562938489,-0.7588638721351029,1.5765585734019698,0.8164029177396203,0
-0.3510128744644731,-0.4792680299962851,0.1493806530547076,-0.06430407598373547,-0.09477886080771473,-0.4820745031606293,0.8398728253401722,-0.2507035779796974,0
-0.5960480397062752,-0.3789045312218518,-0.6002930614997795,-0.08556558277610461,-0.20277608409357412,1.360104884540561,1.4536315880869772,-1.2912126609637145,0
-1.8212238659152857,-0.4573843748413644,-0.013479154829751283,-0.08929442124428232,-0.19757996150973164,-0.5746574469123522,2.3148586233115385,0.9820189507476531,0
-0.5960480397062752,-0.4484810560713305,-0.8768954357603714,-0.08532360355976368,-0.19598220747265618,-0.6728347938084359,0.5760394928666154,0.9917477725398166,0
-1.5761887006734836,-0.2519143552850053,-0.69593455308655,-0.10346929699161078,-0.2463614112626187,1.561162419603951,0.9585150094681454,-0.37725158087294536,0
-2.0662590311570876,0.4684040568680751,-0.879039640212004,-0.06415955810289217,-0.14205934921286528,-1.1521696024292853,0.7267756780424592,0.770526745808468,0
-0.105977709222671,0.5523297618953512,-0.21882412998841683,-0.025012439221430552,0.01898334300203801,-0.3338737451407341,0.39957649720232336,0.8288650297031956,0
1.3642332822281416,3.5620235168649925,-0.1201408599935166,0.05223952590429819,0.04028392369048171,0.2882091235540292,0.95587451573945,0.581449383028482,0
-0.3510128744644731,-0.3861308275947548,-0.14282953500497675,-0.070395754900918,-0.18553560287692844,-1.4244576172114822,1.3482998928004732,0.9625581358425789,0
-1.3311535354316815,-0.5538756220371565,-0.8919547321416044,-0.08130366562009117,-0.21170472805650806,-0.4339803492689233,0.19278983151280882,-0.48438335742821526,0
1.3642332822281416,-0.049858094417266845,0.18219196768666532,-0.05892015968326955,-0.06250724864348871,-1.7755558637299775,0.00859138944786135,-0.5528316758321046,0
0.3840926212609332,-0.37164139984131744,-1.2741716419500482,-0.08868054650221903,-0.21697710446291932,-1.2147745162446428,0.16349235336851112,-0.19001153367961424,0
1.3642332822281416,-0.5499191761553578,-0.11166377262659744,-0.0999507055712829,-0.25478607387023333,-1.0589438189494966,0.7591337284631994,0.566326519012262,0
-0.3510128744644731,-0.4691045421452967,-1.0358158912802031,-0.0526644838240358,-0.0808594228711817,-0.8119213982096356,0.11377305668159869,-0.10449836221839633,0
0.3840926212609332,-0.4321599446464839,-0.40856129134799,-0.055556941494570786,-0.028040250610079046,0.3518450902971799,1.2958080776984306,-0.4709338784821559,0
0.3840926212609332,0.21943967212053445,-0.570573390495757,-0.060963147676332555,-0.10998369002560907,1.1892645069358017,0.570368432472031,-1.1209868270014791,0
-1.5761887006734836,0.4927266013481548,0.03294536480908252,-0.050593125809413504,-0.037465417498209044,0.3696659950892297,0.023150111688350128,0.7398260076446234,0
0.3840926212609332,-0.18593667931777333,-0.18127561947494544,-0.07363260176427208,-0.12169323495729811,0.29036717563768505,1.7473745131601202,-0.8241114819836747,0
0.8741629517445374,-0.3349210154324348,-0.517267470523777,-0.09241120599553906,-0.23923353932565578,-1.6525491091053202,1.2268371812804844,-1.3144845900383482,0
0.8741629517445374,-0.24432199672446114,-0.7092485667745936,-0.0760127294072285,-0.17304378689342365,0.2819674523941533,0.26012242159454174,-0.8783579952127468,0
-0.105977709222671,-0.16936069709478158,0.6679290738111338,-0.05314570001536011,0.012300353312333801,0.2385348090908092,0.44945182306411324,0.8373953264082256,0
0.8741629517445374,0.509343536778389,-0.3733564461653728,-0.01625913714251626,0.02893093030009605,0.5872498989136394,1.177243908157896,-0.5023381023650166,0
0.8741629517445374,-0.2569721907738692,0.41556119637596955,-0.03896762631622838,-0.00831587144257921,-0.8571076433429271,-0.08994703560936278,1.508581829098248,0
0.8741629517445374,-0.3575198645864594,1.1015071600191466,-0.02343098298358379,0.09304095835221536,-1.1323175897937947,0.9541821993042406,0.3832074871985351,0
-0.8410832049480773,0.4068200423080058,1.3171742356775313,-0.006194563572415219,0.1966471850824605,0.23144143064483927,0.749717967871556,-2.1640126512961646,0
0.3840926212609332,0.7523973899287292,1.615069058795032,-0.011925282375695352,0.1618152158614512,-0.2829941984433793,-0.3821536734221738,-1.0064512812410131,0
0.3840926212609332,-0.28232771698969866,0.9148616422875087,-0.04025138739134887,0.09217242170603004,-1.2025598233634855,-0.6485794906475406,2.2196799672967735,0
1.3642332822281416,-0.06848105063577431,0.523220205935843,-0.009985442309501186,0.08969080035107839,0.8086731279566461,0.8796002537128167,0.3483160655791683,0
-0.3510128744644731,-0.4552534353315585,1.1784990593986948,-0.04872122863671095,0.04105302705536147,-0.0019101286909326675,1.8055673942673005,-0.6715634505829474,0
0.8741629517445374,-0.3672269186472328,0.03259630827044468,-0.044049067094310536,-0.007959415363415292,-1.3575794060074904,1.917158259915235,0.8597001429049531,0
-0.105977709222671,-0.25316285613372874,0.3553738760708434,-0.0534634167408941,-0.04751967623479422,0.9759258546795139,0.5093670262170563,0.7519427758107239,0
-0.3510128744644731,-0.5898609078154823,-0.2316394914784064,-0.018287452202621592,0.04825014668871795,0.4127030447137641,1.7241981795687074,-1.5713981019236969,0
-0.105977709222671,-0.24318445847636636,0.6138253103222673,-0.0392819473165703,0.03071075272056304,1.064374254049349,1.2106281504595608,0.028416494063050964,0
-0.8410832049480773,-0.08364929495841869,-0.04718804341820634,-0.02277963033556185,0.09049160338708497,-1.1604372150972446,1.754827906821574,1.7390081373814885,0
-0.3510128744644731,0.18632019569370406,1.3714774600456194,-0.02149626462616976,0.17318725361024037,-0.9485082343456702,0.7805997422530708,0.008817989373334433,0
0.3840926212609332,-0.2178936795099759,0.7244263678506597,-0.029552049102778855,0.04532173993177852,-0.7312793315651177,0.7072600289385559,-0.17186164672802268,0
-0.3510128744644731,-0.2600340721846199,0.9528589397792288,-0.00816066628371831,0.17483400828968695,-0.12555012842084887,0.8296709177520308,-0.26327077142588906,0
1.3642332822281416,-0.2640246076076426,-0.612609770791715,-0.029089658292745513,0.05148701647670977,2.869947941598295,0.45401267586822347,-0.743093157905477,0
0.3840926212609332,-0.2530509783776309,1.1274370743179583,0.0051035904642771,0.2234864243440427,0.2903059176613022,0.8004514541951718,0.6349077070744882,0
1.8543036127117458,-0.1305807553026831,0.27573912004160867,-0.0757512838403055,-0.08782357748386002,-0.690354575053929,1.9913441314473546,0.40481060322724477,0
-0.8410832049480773,-0.3844270369001527,-0.4705437595661108,-0.03792573441675251,0.050530180750690275,-0.03390007722512491,1.0906177104903545,0.3523486377576303,0
-0.3510128744644731,0.370853059639062,0.6022565793274129,-0.0425038313462743,-0.016225905820320588,0.5398288447142365,1.2349446972520013,-1.1373287681282718,0
0.8741629517445374,-0.24479993666820007,0.41715688340974255,-0.03725493674369188,0.059342180754405595,-0.4609545242188047,1.282359563048416,-0.6433456585413743,0
-0.3510128744644731,0.3773900151548633,0.5638603600772496,-0.014553935927007504,0.08802772912904618,0.7275247604470846,0.29006201980468127,-1.4616781008551456,0
1.3642332822281416,-0.3395798431367699,0.3384695665568105,-0.04738344272859311,0.01861025060768892,-0.8653693516276204,1.0034694151991848,1.3206233778310528,0
-1.0861183701898793,0.5942823189099617,0.6666325780961933,-0.01810590705289527,0.0689588486490515,0.2591411066885078,0.18831899554035864,0.28075485584702214,0
-0.3510128744644731,-0.3755923547903015,0.7699034483131909,-0.05189964200370898,0.004309715364720083,0.8052271822731342,-0.8723013229333698,-0.004093001474406294,0
-0.105977709222671,-0.27297345536226436,0.11193187298084703,-0.05244250050869499,-0.017262597436856132,-0.31372798943776914,2.69109297291797,-0.5920779728512483,0
0.3840926212609332,-0.4376598002269244,-0.21194272965527067,-0.0492757318772203,0.015478734607708444,-0.43016095134384846,1.3000748755191178,-0.4584874346100944,0
-0.3510128744644731,0.5484696361266755,0.9629317141799209,-0.024719348428633842,0.06884881130537476,2.357868161433137,1.5457368102415616,0.4498350284243699,0
-0.8410832049480773,-0.5502101955945324,-0.07421499255273686,-0.04926196831354374,0.005477518580279224,-0.6181063272696772,0.9720475398277094,0.6526746371380789,0
-1.3311535354316815,-0.2539787172344339,0.4987862482311936,-0.0501909578589508,0.033172795050220236,1.0438616885359953,0.7680453947975463,-1.2602256483781322,0
1.8543036127117458,-0.02890789784083097,0.6782013090910476,-0.027898697490968644,0.10660433046272902,1.2510583061000178,0.6697230101363064,0.19068060157804587,0
-1.3311535354316815,0.4534124375509676,-1.0689263972309935,-0.0640777289210919,-0.12950968929225587,0.1590898561534356,0.08263323404932489,-0.2765287458022044,0
2.834444273678954,-0.34628198421474427,0.0979696114353331,-0.02893675356679378,0.02577499184349504,2.24587603379086,0.8662117502839088,0.06860418415844853,0
-0.5960480397062752,-0.10930659369018482,0.8301406338381224,0.0015215724974860713,0.19598305490547077,-0.5473777201284649,0.6778245249857128,0.0428681711817199,0
-1.0861183701898793,-0.4479074823810703,-0.37265833308809704,-0.046691699444041466,-0.030688192688955045,-0.8924867078716978,1.9282123268430917,-0.07037750277040962,0
-0.8410832049480773,-0.1956075847375172,0.13791165249946402,-0.05585374009125787,-0.06400498329730246,0.8210236216529172,1.0343331862143677,0.13595396428491252,0
0.3840926212609332,-0.12120315721078669,1.1097349212870387,-0.02400948910883635,0.09161547054192111,-0.9219525325597536,0.8449977836226855,-0.07325567925128618,0
-2.556329361640692,-0.28418319470330455,0.08216233675701912,-0.06385264677931853,-0.12060079933880243,0.8364547273181279,0.2527050346657519,-1.5598628619225885,0
-1.0861183701898793,-0.2712964329651335,-0.6006919832582227,-0.0948750996468721,-0.22970380703826568,-0.17495357930174957,1.4385687715891922,-0.08715504919985971,0
-0.105977709222671,0.7479483616156859,-0.3272311178453714,-0.0675641367256111,-0.15744096104332572,0.014948361628789075,1.2611155907766394,-1.7131343052056605,0
0.3840926212609332,0.6889794038085778,-0.09675407190478078,-0.04336447132896138,-0.0054312614090916075,-0.3800120720756384,2.975756200237667,-0.9774690056708618,0
1.8543036127117458,-0.019489575330559488,0.2188429042436394,-0.08211372540325491,-0.12677124431341424,0.14434292089915138,-0.1005750228673618,-0.005760267170509213,0
-1.5761887006734836,-0.32098891735968105,-0.03711526901751415,-0.08294420558931476,-0.118708082509591,-0.24052470766027154,0.3004379599340321,-0.44603019499902297,0
1.8543036127117458,-0.26584485183568807,-0.3586462063227777,-0.06366490226228308,-0.12933571187481332,-0.20666528377454021,0.09388533800683373,0.5448681049452517,0
0.8741629517445374,0.34811556443146835,0.06690357949656461,-0.06727028613861553,-0.13298844114465277,0.7580688731290601,2.481797838186195,-0.5747779304919488,0
-0.5960480397062752,-0.16269836527971318,-0.1786826280450643,-0.03686203553747629,0.02238394846145363,-0.8016972205369666,1.448668660101452,-0.6869354458864436,0
0.8741629517445374,-0.1004272977512149,0.4869681911373122,-0.030756278387465277,0.09027381985438644,0.32348855161518936,-1.2601478438239506,-0.17713642014737613,0
0.8741629517445374,-0.5366780204617766,0.33577684468731855,-0.040823045711929365,0.07831210003408198,0.27642102236382715,-0.6815316521572371,-0.6095020631145169,0
0.3840926212609332,-0.41760599843247476,0.08689953263853277,-0.03962920052675724,0.05002442442792148,1.1174184952615336,-0.037695265391747036,0.8956035139366848,0
0.3840926212609332,-0.42126090058720406,0.43231591023058624,-0.031828476356747175,0.03865923998908539,1.8834177538689343,0.9385492762059418,-0.29612457518511215,0
-0.8410832049480773,-0.4305147239019043,-0.5407041238323183,-0.07604576830600447,-0.13247710535650042,0.6890768927159059,-0.06473632162243229,-0.8053164849932624,0
0.8741629517445374,-0.3301118734422996,-0.1656179404560477,-0.03454066747656699,0.01354948320712988,-0.7817662367752957,1.0365235957847627,0.7263803620782876,0
-0.8410832049480773,0.5746462855871576,-0.028987238189232826,-0.055805674034168404,-0.059973414644887514,-1.1741228374594983,-0.005451236291109688,-0.24019791241936542,0
1.8543036127117458,-0.16550903651419516,0.5509452681476492,-0.04297844720803591,0.035760839601445035,-1.863244811802247,0.6574687187863154,-1.612412866665284,0
-0.105977709222671,-0.04517798934827512,0.10265694209704135,-0.037155119213624466,0.028691725814181463,0.14872913961774462,0.6893646828045338,0.47963333630427685,0
0.3840926212609332,-0.10241135480822977,0.26267443245259203,-0.026874725234853777,0.08084121779147947,-0.3968653960600026,0.7846084918229994,0.928862582714905,0
-1.0861183701898793,0.18492504118105682,-0.41025670882137383,-0.04922784975291958,-0.008059459297266173,0.1404851444828487,0.47173398946103606,-0.21892711844214588,0
-0.5960480397062752,-0.22043643898087803,0.7965314756892782,-0.030843730663350645,0.06237586724249124,2.032859908470467,1.4372665280911765,-1.4191515083885333,0
-0.5960480397062752,-0.23632834249071544,0.8349775601592468,-0.021200628359017024,0.043667849050825075,-0.6416471033504865,-0.5876020888810086,-1.7091889682783696,0
0.8741629517445374,0.08008208517423261,0.7436244774757415,-0.06713749481608398,-0.08081225279487471,-0.5714019175891628,0.2625948839041384,-0.6229380792475485,0
2.834444273678954,0.23303979754687115,0.4881150911928366,-0.025818193423024265,0.046301126324742176,0.13952568220215358,1.10014149127999,1.3520433818555508,0
0.3840926212609332,-0.19678813529265982,0.4141649702214181,-0.04965098864224894,-0.06014769660202228,-0.8634740445992933,0.5802222749777534,-2.59436174661134,0
-0.105977709222671,0.7377091446496292,-0.2445545834080068,-0.055476028681302074,-0.08748553719087304,-0.951534230769401,-0.35257414253867453,-0.5363312167562552,0
-2.0662590311570876,-0.4582475952375956,0.5906379831127531,-0.04198745202927992,0.018492551263675636,-0.18782070653377955,0.16882735092489798,-0.9313584470976457,0
1.3642332822281416,-0.3567756144012115,0.8247551900991384,-0.03681110030855389,0.07306867792117881,-0.2615981895838778,0.21742443777711484,1.2210935003983148,0
-0.8410832049480773,-0.28149080731320414,-1.1780813633850291,-0.050575682994600336,-0.11313189368936283,1.002723636179329,0.7432607604804735,1.2692131417424806,0
1.3642332822281416,-0.12423644001312792,0.3498887018922487,-0.0808563872490022,-0.07591768414206357,-1.3525259919798598,1.437602590929374,-1.3863995775617588,0
-1.0861183701898793,0.0940825911183018,0.14279844404039388,-0.04443392371582657,-0.03026309427141028,-0.3694697957545236,-0.21487839570931966,-0.33678221661697183,0
1.3642332822281416,-0.4344492060524445,-0.012332254774226926,-0.06608696151095066,-0.09570034293500695,-0.42838889831619537,1.207507566962012,-0.8947947127355481,0
-0.3510128744644731,-0.27788532355380635,0.12449790837180956,-0.027951340826949708,0.07241326239190406,-0.5922067500741744,0.7986271130735277,-0.0696194382739885,0
-0.8410832049480773,0.1449771322215159,0.5812633217893366,-0.055732817710134316,-0.03735336105402542,-0.5139471020774135,0.8308651410520544,0.28616751136394963,0
-0.3510128744644731,0.2730421582568237,0.7631217784196556,-0.024278835792710247,0.08746847600247594,-1.1758912002476103,1.1983678579874593,0.3327578223910817,0
-0.5960480397062752,-0.17273167226522174,0.9495678352720719,-0.06408518726084599,-0.015234249910477657,1.4330498495501791,0.632714090079796,-0.3163033101376541,0
0.3840926212609332,-0.4632292440336567,0.6836864832696423,-0.03520048441095586,0.08891761235557774,-1.5791052237097405,1.1992560240598387,1.2098399663168014,0
0.3840926212609332,-0.03768103574538497,0.05877554866828329,-0.0807027102203864,-0.1177351231819802,0.856818945201928,1.5672088251535439,1.3759726314001737,0
-0.105977709222671,3.6433053377420306,0.535836106546611,0.414075660598709,0.5746947047722736,0.4506283745259181,1.5856562745217477,1.370999252238679,0
0.3840926212609332,0.017015518754216707,-0.9750301883374122,-0.09470015372289894,-0.20638937468280755,-0.8011968240551887,0.3809490141707994,-0.48850061392846456,0
0.3840926212609332,-0.22846166607830776,-0.40003433876126543,-0.05247736363648883,-0.08323783234256517,0.0012819285121492229,1.3091605743946744,1.1062906678862197,0
-0.105977709222671,-0.04105658669317066,0.09103834588238155,-0.05840554129505436,-0.13283982759091864,-0.1956484426484354,0.25300509077128547,-0.6934501895534912,0
0.3840926212609332,-0.3612699429099754,-0.3193025478963117,-0.015348980665581451,0.06038248030078981,-0.4426856243464611,-0.3608436888071797,-1.013471171953345,0
-0.105977709222671,-0.1117294677946345,-0.0006637933397617153,-0.04676038195944299,-0.01666949515507877,1.0479918046304337,0.8851452905430771,0.8235167172751379,0
-0.105977709222671,0.2559685602475073,1.2497065932808158,-0.029658307548467926,0.1010945748623503,0.07762265194751995,1.1781800832071607,-0.1999306613285005,0
1.3642332822281416,0.038896428442730134,-0.2547270882483098,-0.05394898562299952,-0.046519344567250265,0.5553972272903774,2.374341745672513,-1.051771885260999,0
-0.5960480397062752,0.3143811035294009,0.09966502890871694,-0.04964062605784716,-0.06201814385782202,-1.0409546392343711,0.6614474627456906,-1.1277927664500655,0
-0.105977709222671,0.02025425395937152,0.9176042293768061,-0.027995579684662084,0.1225662592076004,-0.734436700516513,0.2716805827796948,-1.8538002443137906,0
1.8543036127117458,-0.06509589055556304,-0.12692252988705194,-0.046809138306357634,-0.09799923309717361,0.2772092575298136,0.09238505747916588,1.5125924298828948,0
0.3840926212609332,-0.16647978767804597,0.3838967817995362,-0.05504706753210448,-0.08147171928863885,0.5793328590020882,2.2385243500637984,-0.9329868237407026,0
-0.105977709222671,1.1492078861762347,-1.3106231176278005,-0.060997725656788286,-0.1467578512040577,1.1297549660475483,0.509793105886914,-0.1912505918575157,0
0.8741629517445374,-0.47093119246162585,-0.30678637772515455,-0.07219360316000895,-0.14039318250726496,-1.5976553198351187,0.7759308692509685,-1.0654210440728424,0
-0.3510128744644731,-0.23902347534722318,0.5002822048253558,-0.05935968432738469,-0.023165550956071757,-1.7041748222378925,0.270198305618359,0.8966993781156982,0
-1.8212238659152857,0.2572781477237934,0.043766117506855814,-0.03565543900279609,-0.0030714329028167287,0.8794829203677635,0.5105672506391906,-0.30172076737561876,0
-0.3510128744644731,-0.06583487859686356,-1.224406152584252,-0.08968655897596843,-0.26226677573526924,0.211379074355504,0.6927373134307312,-0.34729603479430604,0
-0.105977709222671,-0.5300422281553122,-1.0272889386934787,-0.09976889858131771,-0.2889742735745394,-0.38698588676047563,-0.3053033036729161,0.46932918680648994,0
-0.105977709222671,0.9178149440132024,-0.9953751980180182,-0.03344800281842601,-0.044843680370224175,-0.7128687264943946,0.9703792278809428,-0.9347090909973353,0
-1.8212238659152857,-0.15848933648844213,-0.31695888256545757,-0.06977193267017823,-0.08414461975600808,0.01283237827590219,-0.25982680031824834,-0.08711097661313531,0
-0.8410832049480773,-0.1891099809068873,0.650426381659436,-0.03672887203248833,0.0554879767717091,-0.050500250776967195,0.27266476680584495,-0.198240946691161,0
-0.8410832049480773,-0.24504771501145967,0.08655047609989493,-0.0351575769806598,0.016849028793919082,1.7603453129804445,2.4673411350215875,0.2854292009522834,0
-0.8410832049480773,-0.04113940826312446,-0.44127287554033695,-0.06025374100611995,-0.08206411529807095,-0.21829470466447348,0.9029446187233284,-0.06575948508481548,0
0.3840926212609332,4.120767570326096,-0.36108960209324265,0.06902425181073353,0.07287038974371397,-1.0162588181771866,0.8915724923236061,1.3385097541872182,0
-1.0861183701898793,-0.11054845966175732,-0.6207876668398017,-0.04413506721258213,-0.05466452111864548,0.1505122633640211,-0.05432437476041744,0.4858163916901323,0
0.8741629517445374,-0.3649577906615924,0.35791700228091916,-0.011094127044488384,0.10199985412916523,-0.8510084154293389,0.13895376505797583,-1.7259097328990816,0
-0.105977709222671,0.3100940577343888,0.8517322740138635,-0.03253197794940285,0.04980916743377963,-1.384103371733353,-0.38134952305934383,0.007980046424399949,0
-0.5960480397062752,0.3244501015782045,0.11756664281885801,-0.041239160013212386,-0.009868251158013371,1.8567063239743817,0.03331001142171678,-0.17615917419968236,0
0.3840926212609332,0.03379214881380926,0.3670423375053086,-0.0385172081982185,-0.000588106699134375,-0.8997439329532941,0.21037912041918663,2.275111074437549,0
2.34437394319535,6.39686538001918,11.263540304163016,12.915588406844426,14.061121077173107,-0.7064093312015917,0.7718561073378227,1.0652610584901783,0
-0.105977709222671,4.281025935453503,0.07159091015827286,0.3669659607591549,0.46721638313376596,1.1660750416593084,2.3824372593998087,-1.6970893461088312,0
-1.3311535354316815,0.8472688119442093,0.5370328718219407,-0.009286582420883854,0.13668626201243392,1.63061863215138,0.5048841880003848,0.3687209956721763,0
0.8741629517445374,-0.2043411421680325,-0.8366043381576027,-0.048180915121318973,-0.060135869795266486,2.2186634693666214,0.6635718599728683,-0.23571607530860236,0
0.3840926212609332,-0.2880691736139823,-0.2423605137365689,-0.051501003358718704,-0.07126895629798363,-0.3640444055811467,0.437257542935229,-0.45843042593519323,0
-1.0861183701898793,-0.2967494232384224,0.14284830926019929,-0.06306026073854057,-0.06156875124499897,0.31680921804573475,-0.7287184753134462,0.3296400053421784,0
-1.0861183701898793,-0.47271963503712,-0.36084027599421564,-0.061663737535542405,-0.054360060992781865,-0.4277682000253764,1.3801298444754742,1.0507556840188177,0
-0.105977709222671,0.3708617536160185,-0.13001417351498717,-0.04700114526531336,-0.0775018156988939,-0.09374985819907096,0.28738551934332185,-0.059456921596561504,0
0.3840926212609332,-0.12032415038271345,0.020329464198314582,-0.04897684837817312,0.007494099546241606,0.4395797973397595,1.2872864843012772,-0.6505868166586014,0
-1.5761887006734836,0.8455565560615179,0.21046554731633102,-0.06906626377057264,-0.10112859297149229,-0.50359155187708,-0.05841714003989532,-1.6745530302213207,0
0.8741629517445374,-0.298657751180369,0.23430112238331552,-0.05302170463230573,0.013284036690814741,0.9819387309878395,0.5642532890412568,0.6716349765853346,0
-0.105977709222671,0.4360226533270762,0.4491703545248138,-0.053698316483200365,-0.013887148799274928,0.40614696514498344,-1.1231842338920976,1.4294339159060068,0
-0.8410832049480773,-0.4278145576903165,0.2284170264462775,-0.01684222377651871,0.1385011408359355,0.5502877216217217,1.7904985766474046,0.7188684291951425,0
0.8741629517445374,-0.4673462997002829,0.7135058847132757,-0.0631410336417443,-0.07070901064275739,-0.45220939455422265,1.5146930055630585,0.9022122571444094,0
0.3840926212609332,-0.42276839043368364,-0.6599817296068515,-0.06193480731877924,-0.10681660454344462,-0.7987516713352325,0.18687272511168682,-0.06915515779154868,0
1.8543036127117458,-0.2204092131056722,0.5374816588001894,0.0011918931399262178,0.14094619814189527,0.6528254555596108,0.9904709847074705,-1.3883383288776,0
0.3840926212609332,-0.15258292309085264,0.6288347414836948,-0.012364150570386727,0.12980260377626773,0.13537932905373415,0.4410142453765093,-1.1782149476246095,0
0.8741629517445374,-0.46079104107509955,-0.4394777276273423,-0.0842073627656685,-0.16229177786880203,-1.331538123613608,-0.0334464709373917,0.5924124297689553,0
0.8741629517445374,1.1926095918761697,0.6904182879433722,-0.05105779571624294,-0.028461791276280155,0.312648841987059,0.7861807858159953,-0.680477123127255,0
-0.3510128744644731,0.29658087207761685,0.2879560988939333,-0.0620368371004324,-0.07344667478543238,3.8182590564480274,0.3491310647400197,-0.6489576972329014,0
-1.3311535354316815,-0.42097377055877305,0.46043989420083575,-0.04302092357286419,0.01873288344721142,-0.46728476112766787,0.6423218865789808,-0.628184964566199,0
1.3642332822281416,-0.12554648506714858,-0.06050205710624997,-0.033258882051197716,0.041107738127062386,0.2193994409742071,-0.062143836870622256,-0.18690824175416054,0
0.8741629517445374,9.11948676135237,36.218439960119476,44.07543839945119,43.88427994549165,0.4034589946632206,0.26555343710469936,0.9212363300051768,0
-0.5960480397062752,0.1491548169379702,-0.42975400976528794,-0.04503707968689715,-0.0750513373437714,0.42370512488170436,1.0839144570927346,-0.5804407379618582,0
1.3642332822281416,-0.039922251489217735,0.44388464122544063,-0.0499561823705097,-0.0001874038404164351,-0.4564029827687686,1.4558339999015937,0.5052637706123331,0
-0.105977709222671,-0.3140577586255637,0.41202076576978564,-0.031539844149159564,0.07595299701797155,0.8707377907031816,2.2686499830593685,0.360886511568525,0
-0.105977709222671,-0.15860510365528363,1.0087079859612844,0.0039490345412209575,0.22921907817718984,-0.8890606894817079,0.7963826934041366,1.6066261770163817,0
-0.3510128744644731,-0.3420937752103953,0.5751298997532716,-0.049706451305787824,-0.0018374911284827242,-0.039769034191346225,-0.002678717875979509,1.3552696410308152,0
-0.105977709222671,0.13717039849233445,0.16429035377652426,-0.06738233408718441,-0.0734255572717511,-0.3023413863096426,0.9375530899355703,1.4172951084908383,0
1.3642332822281416,0.34234413646557155,-0.32618394822945784,-0.060371107962967956,-0.05972294473826112,-0.32136530919210243,0.5318052217888566,1.1370972981976968,0
0.3840926212609332,-0.20362320270252135,0.06116907921894282,-0.037438921188084784,0.034848791467401455,1.1669038694602474,-0.18482477617907736,-0.20736586733823026,0
-0.3510128744644731,0.08075930022136868,-0.8111232108370398,-0.06438717738472606,-0.08238796272520255,0.2019246806511158,1.9659593849192147,0.6441700804920734,0
1.3642332822281416,-0.46832917667409935,0.265367154322084,-0.07432468243639326,-0.15811617681954152,1.289881840216484,-0.0060153417695127985,-0.3550597276055213,0
0.3840926212609332,0.16848930653370509,-0.8657256265239603,-0.06701618049278256,-0.206436909486459,-0.19202019913159132,-0.36794901738621466,-0.4290039243782986,0
-0.8410832049480773,-0.4968246013044205,-0.18656133277431858,-0.0664739899579217,-0.0724028461091651,-0.6595986426222924,1.0242513010684398,1.788997418503682,0
-1.8212238659152857,0.4585409687998197,-1.0234991819882677,-0.06788606746150837,-0.2186299868806551,0.3307900595712793,0.6019103302857197,-0.6206434185624417,0
0.3840926212609332,-0.6180307658876701,-0.6585356382324947,-0.08456438749705249,-0.1178149942669341,0.023199737242767235,1.103868188110717,0.24308545802527518,0
0.8741629517445374,-0.5795130161374696,-0.3315195267486364,-0.10237580336149842,-0.1865869828028969,2.5282782571074,0.9430861245216092,0.8773560257927118,0
0.3840926212609332,-0.1912784417909264,0.3099466608281178,-0.06774820280215214,-0.07263552787088656,-1.0617380683300441,0.5208831795474347,-0.27664792332846866,0
-1.3311535354316815,-0.316423893090929,-0.9755787057552717,-0.07929264714861356,-0.13211633433165487,0.005987721975004745,-0.8697508460363345,-0.6001579021933877,0
1.3642332822281416,-0.3453512711026667,-0.5798981865993681,-0.06405744497610306,-0.12300041097599845,-1.3064127586738352,-0.5659380380614849,0.11993894195781833,0
2.34437394319535,1.7331274090146227,-0.38417719886314605,-0.015736191742341202,0.06514924597244905,0.043496792766918695,0.6340463391883651,0.9439576001357076,0
1.3642332822281416,-0.3343300537882617,-0.3346111703765716,-0.04641227150003679,-0.010224960542548093,0.10170515519296783,1.3254476198030365,1.7820306741080245,0
-0.8410832049480773,0.6193237180110217,-0.4470572410377641,-0.09122342981487781,-0.18727044363803388,-0.24778267078977612,1.3332850852795732,0.6588317847888101,0
-0.105977709222671,1.321061728674908,0.23101001787615866,-0.009302602282036453,0.002273421604678037,-0.6539400293099158,1.3830283864549284,-0.9763628346604745,0
0.3840926212609332,0.3586471735699034,-0.47458284237034876,-0.05762415200378547,-0.06469714738851562,2.4842566515732907,0.08371943715135641,0.6366766722284671,0
0.8741629517445374,0.13958457861982765,-0.849270103988176,-0.061884517851714047,-0.1497499922851804,0.7649954527477707,1.6302746174145895,-1.5810672427752914,0
-0.3510128744644731,-0.4509997927111687,0.22407875232320712,-0.06899156542044885,-0.06752610784518526,0.8176381958978799,0.24380537057562623,0.47526887785249927,0
1.3642332822281416,0.3105479748470638,-0.8056879018782505,-0.09160405126926097,-0.20271697152192836,0.0901037801235472,1.1332436808424535,0.029890283449268817,0
1.3642332822281416,-0.44130440688262634,0.5271595583004701,-0.053355945908575786,-0.02268646944760005,0.1903926820850685,1.6106989570895793,-0.5472611776536238,0
1.3642332822281416,-0.5732222374428569,-0.5142256921156472,-0.08725731381877898,-0.13482860049506068,-0.301773827468216,-0.36137778867502945,0.19368620360872435,0
-0.105977709222671,-0.1281130385802474,-0.7260032806292103,-0.06346836071609203,-0.10829989367554967,0.12343549975489618,1.9248156917284516,-1.2476161196716624,0
0.3840926212609332,-0.307301394586045,-0.27756535891918616,-0.079239045554974,-0.13377571383888048,-0.8169010074464433,0.756037149454093,0.8061375855004446,0
-1.0861183701898793,-0.16120666186507562,0.3442040668344323,-0.0728620776044972,-0.10228459876161974,-0.6369819025225835,1.4920267673510528,1.6296190019945271,0
-1.3311535354316815,-0.34676884692430693,0.8269492597705763,-0.0048435210819801735,0.17074695199772633,0.5971168613987266,1.553892335189964,-1.3275869848522344,0
-0.5960480397062752,-0.3874591757581575,0.7694546613349422,-0.013916749567766106,0.11408949080655766,-1.3154553216454328,2.184238199450665,-0.44982957461574424,0
1.8543036127117458,-0.4283050810217556,1.023119034485047,-0.03207884701813925,0.13341152571763149,-0.33939508154218045,0.6596231216240465,0.8648605999056213,0
1.8543036127117458,-0.3836434350297334,-0.6308604412404939,-0.05093693328509066,-0.050251962485635404,0.2697778531418757,0.7369295766537152,-0.5333285146144325,0
-1.0861183701898793,-0.6493812467927248,0.3242081136924641,-0.04819841681973937,0.025361668503372275,-0.12041774326703811,0.5557617012546568,-0.24642031023280386,0
-0.105977709222671,0.2659130971525129,1.1218023044799472,-0.05155176324770411,0.0577546613981109,1.0608663123415458,1.3727844710120123,0.3117630738859729,0
-1.0861183701898793,3.781802220969641,-0.06663547914231502,0.17981369937405983,0.1757198535978619,-1.1273460990839776,0.2843729560437648,0.20567990214671292,0
-0.5960480397062752,0.5114790520655403,0.9132160900339302,-0.02442790312604864,0.0658166617188681,-1.0206871056265487,-0.8303594805018875,-2.0600967876805103,0
1.8543036127117458,0.0919717850288162,0.42847628830556994,-0.03935772671190579,-0.005057888104577459,-0.34657702573713767,0.43663342623571916,0.4738022161790578,0
-2.556329361640692,-0.4368006980303042,0.979237641056289,-0.033503429982911684,0.08791752626648573,0.5721029416930962,-0.9771409262067988,1.2140011231737415,0
-1.0861183701898793,-0.38930046856199235,0.6763064307384421,-0.050991702887245464,0.01920907198478056,-1.449342378533173,-0.14649560925821922,-1.563752791413678,0
0.8741629517445374,-0.27739685932217273,-0.1816745412333887,-0.04015431697263027,0.010153572690981716,-0.24465629985052642,0.08641994210115853,0.036808699774844314,0
0.3840926212609332,-0.377773627850908,-0.07705731008164506,-0.04443001253911809,0.0059611950144711125,0.9882785625195096,0.4663389806835425,0.6604677677832306,0
0.8741629517445374,-0.010825798504563269,0.6223522629089919,-0.028100039713590697,0.11057019018064514,0.30550601433123786,0.46012181817688697,2.4357661584391646,0
0.3840926212609332,0.44059934582805926,0.439396771442954,-0.04223590544077954,0.007395922493706347,2.198423243531403,-0.5566843077668296,-0.21526012111070716,0
1.3642332822281416,-0.3079065411399892,0.8214142203721762,-0.05133437350460793,0.053061264432962996,-0.31542623767459954,0.7276698452369492,-0.07940982508396267,0
-0.3510128744644731,-0.286132018274759,0.8592619222044799,-0.026655891338403397,0.12527558348951304,-0.38670026221999176,-0.5038324253381468,1.3739030104767413,0
1.3642332822281416,-0.5088060454947817,0.2860612205413279,-0.07829314921704399,-0.1125177853894105,-0.3112791464782719,1.9258838914641512,-1.0641423007408213,0
0.3840926212609332,-0.28256245436752353,-0.10463277663403507,-0.05659158452488656,-0.08318746649693555,2.0450686969683587,2.309073541596851,0.11987906360400834,0
-0.5960480397062752,0.6140057495800654,-0.8450315603047165,-0.09149368563839304,-0.21065153175428183,-0.8080230291583804,-0.19489465908078393,-0.8131167516133712,0
-0.5960480397062752,-0.2194121512220847,0.18259088944510857,-0.055035353598996514,-0.0440511721515755,-0.6970339086233837,0.23886044595643302,0.058762748748181326,0
-1.8212238659152857,-0.005979592717929384,-0.21538342982184375,-0.009857356548538242,0.10745138581763095,0.5192240232123544,1.5837779233011076,0.4654931140767074,0
0.3840926212609332,-0.39082946456199585,-1.2585139629311504,-0.07554632753546135,-0.1705488924096229,0.25468034513118365,0.5945949624328113,0.5702424206934036,0
-0.5960480397062752,-0.2678964016085493,-1.3645274202374453,-0.07913237244984248,-0.21191142919673664,0.6608044914954532,0.2154020596258186,-0.4906383349869671,0
2.834444273678954,-0.2844639186434519,-0.3874683033703029,-0.08020468142630557,-0.09262820829165672,0.5914538197989005,0.8733170788629437,0.6823243738583424,0
1.3642332822281416,-0.4089971309346247,-0.5450922631751941,-0.09221050460753523,-0.21581066075613545,-0.7278400283127798,1.6076503870573584,-0.8097044479160067,0
-0.105977709222671,0.9693551272998685,-1.0789493064118802,-0.06173207403668176,-0.12106852697666609,0.7628447811431972,1.6592480349649108,0.06007342178915814,0
-1.0861183701898793,-0.48269139781733145,-0.6656663646646679,-0.0750212156202293,-0.1506634970742227,-1.553057298884684,0.5761295096982755,-0.716272947421813,0
-2.0662590311570876,-0.39138793818701584,-0.6158510100790664,-0.07055714363175641,-0.18149660844127724,0.9429269946547753,-0.5432477953610364,-0.8798465908538773,0
-0.3510128744644731,-0.4554835969320379,-0.21538342982184375,-0.07442131631158055,-0.13355658820766328,-1.054978287538593,0.5594763958411624,0.6033299851328505,0
-0.105977709222671,0.00819021698792384,-0.34772572318539363,-0.07899783859578506,-0.14936285180141734,-0.4855979438745051,1.8263012711596702,0.06854346596886908,0
0.3840926212609332,0.20607702953842988,-1.4487497764887776,-0.0905025557425735,-0.28328741808651436,-0.31326301925558614,-0.6711857176384397,1.6545643079896692,0
-1.3311535354316815,-0.40432938046446587,-0.5154723226107824,-0.08134506553704045,-0.19013905527482472,-0.7990181066301024,0.3022983077883402,0.23797214539692732,0
0.3840926212609332,-0.058049193443471474,-0.20461254234387588,-0.039559256092486984,-0.034861683347392765,1.2827375364648463,2.1708797016323103,0.5913641917343971,0
-0.8410832049480773,-0.26893350154391005,-0.25652223616130443,-0.07844873697841662,-0.21825816679368124,-0.6918712635053357,0.3188794081801253,-0.8505106164999405,0
-0.105977709222671,-0.04046631141559935,-0.6927930442388093,-0.07718536835042472,-0.20003714460088004,1.3473890571297176,-0.3147490698751128,0.6488116179305613,0
0.3840926212609332,-0.15340290239116874,-0.8769453009801769,-0.08620331278344968,-0.2314049393151193,1.2755829000424936,1.262453841007319,1.1153229335097783,0
-0.5960480397062752,-0.045691391566441794,0.21644937369297987,-0.06748536890354559,-0.12699953699216848,-0.9821602667691898,-0.6487595243108607,0.33057085560343197,0
-1.0861183701898793,-0.26174381138977115,-0.22321226933129262,-0.043765682974433014,-0.09472955720561531,-0.7587561171405017,0.4742304562590754,0.33409401902525193,0
-0.3510128744644731,0.8533138713953679,-0.4542378326897427,-0.060668012655398396,-0.15010713941786527,-1.5221810646440064,2.1386776803864476,0.6000014349865013,0
0.3840926212609332,-0.05378090833557601,-0.08119612332549384,-0.06166148542912204,-0.06345091660467982,1.180458119294837,0.2999338656767357,-0.07203034603994911,0
0.8741629517445374,0.9167112665174644,0.024966929640217423,0.007971331219263154,0.08548544845511663,-0.8008713449276605,0.31347839828052104,0.4963748883083631,0
-0.3510128744644731,-0.33935265579156515,-0.44780521933484524,-0.06914161475500748,-0.18534415552922245,-0.2372632739538163,0.5566498673270361,-0.6906294578960832,0
0.3840926212609332,-0.18717671497840763,-0.5250963100332259,-0.06557966686522412,-0.15755922001686415,-0.8993055324958074,0.7631304757889065,1.591228284442013,0
-1.0861183701898793,-0.4248579191585126,-1.1285153348984547,-0.0869071202220107,-0.3043623787612022,-0.8251331938148075,-0.14486930516622729,-1.4294317616720602,0
0.8741629517445374,-0.570329431005023,-0.15539557039593926,-0.08747125252130732,-0.17180393230848326,1.9803485378480226,0.5904661904206694,-0.5965488329206695,0
-0.8410832049480773,1.2897318387679082,0.5351379934693352,-0.07654908160193047,-0.13034241690510184,0.21031923755929,-1.7217481554546827,0.5289873741347735,0
-0.8410832049480773,-0.15914184233791243,-0.2545276273690882,-0.06146590994093581,-0.06955782908499988,-1.2578558487436708,1.7093694068332383,0.11305454872733636,0
0.8741629517445374,-0.5706993826034078,-0.5430976543829777,-0.08236538268713169,-0.25740224231530406,-0.8003753767333319,0.024080285615504193,-1.2064409058763639,0
0.8741629517445374,-0.5876560695015464,-0.31536319553168457,-0.07940482088927057,-0.16936467779563172,0.04590725723518816,0.6775484733686219,-0.48984111739151004,0
-0.105977709222671,-0.37960004937836994,-0.8056879018782505,-0.06600725165494667,-0.09477374805334618,0.1163465495963756,0.7175039443814719,1.2705940998402303,0
0.3840926212609332,-0.4779712546965664,0.26107874541881904,-0.09544169608811104,-0.17093653713572954,-0.4147121325288403,-0.4123033109061868,-0.672900813534552,0
0.8741629517445374,-0.23454104385955768,0.1038038421525657,-0.08131985403544222,-0.14882549132468523,0.8973126817347121,0.6242465067816386,-1.1884714951605035,0
-0.8410832049480773,1.241204804863263,-0.9006312803877451,-0.06617485146434338,-0.2203255359638938,1.0730190091984122,0.8021977807293772,1.496035685604661,0
-1.3311535354316815,-0.41823196477334107,-0.5653874076359947,-0.06293370951772981,-0.15440999857958174,-1.0882524394331001,1.1935729614210329,2.17190009483861,0
-0.3510128744644731,-0.3734524925146719,-0.7880854792869418,-0.07924552296670512,-0.1844352683458734,-0.3370111867986072,0.47205805005501233,0.7740649786584107,0
0.8741629517445374,1.285365174447084,-0.21682952119620055,-0.04298550999051621,-0.04149417094597683,0.2859868613023577,0.880872491600279,0.7715346729488427,0
0.3840926212609332,-0.49198045461759216,-0.7896811663207148,-0.09593440111220906,-0.21010436411245456,-0.9891643414182643,1.7478966107837486,-0.9815209426944359,0
-0.3510128744644731,-0.6118900726899903,-0.8469763038771273,-0.11591775571988541,-0.30205692295760495,-0.6847195792746158,-0.06356610281085137,1.3723693213825652,0
-2.3112941963988898,0.22074148077533318,0.20512996879715248,-0.07296015565183195,-0.08685579806387002,-0.12113069754638542,0.6852599152808346,0.3038086625101507,0
1.8543036127117458,-0.30283223285268146,-0.7457499076721513,-0.04596646206947746,-0.08282371572464196,0.7367060764254288,1.5615377647589594,-0.5692735074160484,0
0.8741629517445374,-0.3444267352900056,-0.4324965968545853,-0.06039134977037864,-0.08027356720691092,-0.7510922276614722,1.1659077884908378,0.5542347961707231,0
0.8741629517445374,-0.2374320199864534,0.31548170022651795,-0.04104301214089611,-0.02836568502677145,-0.5626132430979953,0.5760274906223941,1.2047929396639834,0
-1.5761887006734836,-0.4630960889129022,-0.6526515422954567,-0.07861727320826033,-0.1760225384470117,-0.13503921037692374,0.681965299242076,0.06643089231285271,0
0.8741629517445374,-0.26389900251950826,-0.44132274076014233,-0.0791466724898536,-0.19402523094689858,-0.18385074683542638,1.2010803651814828,0.12348418124971774,0
0.3840926212609332,-0.2433148681307135,-0.14307886110400378,-0.07908658602427607,-0.16213514992461525,-0.27415828888608534,1.1775619676297615,1.141788371026846,0
1.3642332822281416,-0.14051888611940497,-0.38562329023750286,-0.08578031381349285,-0.15243189463002824,-0.38082318672677995,0.3870521553573522,0.49760306759175754,0
-0.5960480397062752,-0.3932987828065025,-0.6718496519205384,-0.05714644941890448,-0.04095930960142985,0.11491916494186452,-1.0295967345761774,0.11694425576077844,0
-0.5960480397062752,-0.10919265683428152,-0.3251367786135443,-0.04663868012288418,-0.0705055620954571,0.1966107357118812,0.8811965521942553,1.3521204118172996,0
-0.105977709222671,-0.43974315165233696,0.25763804525224593,-0.062434959720024365,-0.11731506216294153,-0.4010523418433745,1.8653205671232556,-2.387229383904046,0
-0.5960480397062752,-0.07066735705146089,-0.7022175707820312,-0.06456363996950198,-0.10596186936741003,-0.19149397097302545,0.6984803872906437,-0.52596908147343,0
1.8543036127117458,-0.05574574712773972,0.1587553143781241,-0.060019752071502314,-0.039279291102166033,-0.001561032030341284,0.8170805635638422,0.7061400962457457,0
-0.5960480397062752,-0.02220529918512205,-0.3416920315889394,-0.10042357504783019,-0.25549262044090937,-0.45498150249752334,-0.3121025750243067,-0.8388983537831172,0
0.3840926212609332,-0.37866659079988507,-0.905767398027702,-0.07253003986183532,-0.12748087040573527,-1.1886919031678997,1.0423686887205565,0.6871848279010172,0
-0.3510128744644731,-0.20741789485515613,-0.708450723257707,-0.057326456581310505,-0.07895074140197528,-1.3636166378967873,0.47589876820584204,-3.317513840235376,0
1.3642332822281416,-0.3336411705088945,-0.4553847327452671,-0.0743712100643237,-0.12858393900961432,-0.7395661334786908,1.2520178896568614,-0.3333078707151447,0
-1.3311535354316815,-0.37123735870170854,-0.7351784810734051,-0.08440021977104745,-0.16165424450892749,-1.079799576740176,0.8453638520714365,0.5391241326087155,0
-0.3510128744644731,-0.3212783352767848,0.4616366594761655,-0.06501382907223126,-0.1144706483826093,-1.3568074078954848,0.3261047592013736,0.05540132263382032,0
-0.5960480397062752,-0.46936398872078733,-0.5569601854888809,-0.082029588488694,-0.20615420022579606,0.2543703650097283,0.720114432499614,0.4893586560796485,0
0.8741629517445374,-0.4476571873602707,0.4701636120628901,-0.03499241181184427,0.03135077460410165,0.424399627963346,1.2257629804226742,-0.575432929375862,0
0.3840926212609332,-0.09821536698239343,0.5406730328677354,-0.0682390625280225,-0.07006468693370754,3.527513201528981,1.0859968464651377,3.231911435794318,0
1.3642332822281416,-0.5887487651316551,-0.608570687987477,-0.0791097280447549,-0.15614622483708102,0.7948059458089686,0.2879256203332823,0.9996684178259014,0
-0.3510128744644731,-0.6110568236353723,0.5493495811138762,-0.08310233397091013,-0.10350739882851899,-0.9298193852135455,0.5521850324766967,-1.288836312326181,0
-1.0861183701898793,-0.1258956168786113,-0.9955247936774344,-0.07838945561590079,-0.16272670512189052,-0.9425898281695977,0.12449706189336845,0.1505556614794767,0
0.3840926212609332,-0.17529410757870958,-0.9058172632475074,-0.06346971703601041,-0.14179176759577458,-0.45857800995431364,0.3351124434894914,1.7019322584875733,0
-1.0861183701898793,0.07260343468072451,-0.43110037070003393,-0.06129937617321879,-0.13779934441117747,1.1792846231207559,1.677635473112008,-0.23820231489327956,0
-0.3510128744644731,-0.2539183169734731,-0.1287176778000466,-0.08892172065386858,-0.21543959683535982,-0.1598398342370765,-0.5095214890990633,0.5381328104865063,0
1.3642332822281416,0.22508663894263328,-0.10144140256648902,-0.05147568701675611,-0.00798268811303966,-0.28153433968090624,0.16346834888006842,-2.182020979081696,0
0.8741629517445374,0.08595234993079252,0.08964211972783015,-0.054811513464443136,-0.049085591377318084,0.9237805558195498,1.9736708268314274,0.7362747036292041,0
1.3642332822281416,-0.28679184536798213,-0.05845758309422829,-0.0530179716881686,0.003650405569980496,-0.8925937248183907,0.03039946719804116,-0.3245383255195496,0
0.3840926212609332,-0.3589358388860287,-0.4116030697561198,-0.09849408661741942,-0.2854193012673058,-0.9712740601228411,0.07603800084969703,1.1763632265252828,0
-0.8410832049480773,-0.501123544120531,-0.3240896089976308,-0.12606655491747457,-0.3827564262990494,-1.3140891949673046,-0.2321916329986066,-0.2760139331972271,0
0.8741629517445374,-0.2742084576678186,-1.3535072066604505,-0.12021423586024861,-0.3323605815716295,-1.28588838439395,-0.09139330603803458,-0.17345551754446056,0
1.3642332822281416,-0.526437201973649,-1.0349681825435113,-0.08617173033328826,-0.24181892583147688,-0.9668671760628176,1.2589371834504655,1.4754322772541215,0
1.3642332822281416,-0.4154636194793051,-0.061050574524109454,-0.08995192133913926,-0.17369288054367596,-0.5660200722423713,0.7065518965294967,0.620095171450084,0
-0.5960480397062752,-0.4522386844274666,0.9983360202417598,-0.0815824976447755,-0.08570812101110531,-1.602162578410661,0.9357227476918155,-1.731407096980341,0
-0.3510128744644731,-0.4437723523939293,-0.521057227228988,-0.08406538412707734,-0.1842045049723654,-0.994238420787325,-0.7396705231654215,-0.4017830303260251,0
0.8741629517445374,-0.3526169191607411,-0.8960436801656477,-0.07865476679233453,-0.1348144658041224,-0.5390547538673887,0.06642420322840148,-2.115250403579785,0
-1.0861183701898793,0.035953288454095525,-0.5553644984551079,-0.05104255756254012,-0.03956729118841551,-0.7523048403746893,0.49139966661770623,-0.28538547654103563,0
-0.105977709222671,-0.3323260920997938,-0.7877862879681093,-0.04873903104583106,-0.02496203486050611,3.242085719836618,0.6193795967498842,0.48996618145867654,0
-2.3112941963988898,-0.3358315951241921,-0.741660959648108,-0.090447633256555,-0.2072047787258039,0.1374805514484565,0.2531011087250562,-0.027063299432916212,0
-0.105977709222671,-0.4119617770767832,-1.20944658664263,-0.059413994862942986,-0.1374343890428801,1.4067701776819395,1.1764877667719513,0.5793684954785525,0
0.3840926212609332,0.8134062292764674,-0.49088876924671676,-0.0643535872848688,-0.1184648762800833,2.907375827120304,1.1219915768849447,0.9408885108222594,0
0.8741629517445374,-0.31384910317860826,-0.7007216141878689,-0.082867436801158,-0.21240746409153077,-0.2421624359686273,0.9823034575148468,0.8152175821241373,0
0.8741629517445374,-0.31764379533124304,0.0066663939716330965,-0.06694116979842164,-0.08570572378085291,-0.6220305279977203,0.014424480139433935,-0.27057790245363034,0
0.8741629517445374,-0.37419422602237973,-0.020360555162897434,-0.05413092961250038,-0.06867013798889092,-0.2024406975478487,0.5304969771687302,0.37388247349564174,0
0.8741629517445374,-0.02995346296428092,0.8695840227041992,-0.032323692163480494,0.1114533048258986,0.8275737968384321,-0.18774132152486364,1.9839038641603257,0
-1.0861183701898793,-0.38884678023818464,-0.6737943954929493,-0.08387259050646309,-0.22213855866973012,0.4302346347257889,0.9296796177263694,-1.325092330437364,0
0.3840926212609332,-0.03897186253455447,0.19854775978283878,-0.03292465366198984,0.04813713490031842,-0.07870327549404657,0.3539919736496635,-1.356595127955543,0
-0.3510128744644731,0.10478762221813183,0.988313111060873,-0.019026701276291275,0.15371495629702026,-0.48499274458975894,0.5668817805257309,-0.8757930389772774,0
0.3840926212609332,-0.29841477740332223,0.31996957000900456,-0.0012552162809022006,0.12700039566663332,1.2764759380114483,2.15120802335353,0.936952291543348,0
-0.105977709222671,-0.2281450222859982,0.5969210008082344,-0.04234869284735434,0.07994865919186914,-0.3168410755146708,-0.0825596542911263,1.53763705758812,0
0.8741629517445374,-0.26539139230074765,0.4708617251401658,-0.01870136738369322,0.10069042024463656,2.0709254673851842,1.2972663503713238,-1.1365046005616921,0
0.3840926212609332,0.10792202969980892,0.14165154398486954,-0.03685944471488945,0.016739289447715026,-0.9516080355602238,-0.35272417059144134,-0.28341997309708694,0
-0.105977709222671,-0.11923648810768477,0.3550248195322056,-0.05854435032736089,-0.04593420386616304,-0.4253510931259329,0.30473476336527283,0.09621440335924125,0
-0.105977709222671,0.029257095886670328,0.055683905040348064,-0.028837392976727546,0.056089716607413444,0.8483491074071147,0.3178352129328684,-0.8283004192278355,0
-0.3510128744644731,-0.309033326311322,0.18687929834837358,-0.035577295136026484,0.007253356915916423,-0.8858405864581135,-0.6133529038578995,-0.9891796504243106,0
-0.105977709222671,-0.36211440261909,0.4802862516833877,-0.05347077926263752,0.02045564560642927,0.7229016283499505,0.9824834911781669,-0.09470065037478409,0
2.34437394319535,-0.453261370664189,0.14593995288813452,-0.04889844336418743,-0.0015220236517759459,-0.04094105426961075,1.125982323088541,-1.302896248782748,0
-0.8410832049480773,-0.5340078255918019,-0.0744144534319585,-0.07527676055089587,-0.1154391395652966,-0.3645078996675133,1.3096106585529748,-0.45483663549395104,0
-0.5960480397062752,-0.5590576898809511,0.16992512361453524,-0.03371682907720536,0.06505009736752948,-0.38587291051486927,0.6317599116641992,0.3448218817247639,0
1.3642332822281416,-0.45039601889042813,0.8604088222600044,-0.03177429572161619,0.11399179808889748,-0.7018326961226758,0.2433372830509939,-1.495626555388607,0
-0.105977709222671,-0.20450975956321468,-0.6375423806944184,-0.07746002804772315,-0.11165010994186346,0.4624098332849461,0.27675753208532283,-0.1821911868809482,0
0.3840926212609332,-0.4026992597851265,-0.19578639843831885,-0.021356233781073812,0.06260466634988368,-0.32455515225145964,0.3590569207110702,0.2554909603800454,0
2.34437394319535,1.6411895178553515,1.2928898736322982,-0.025968413198587125,0.09634690433029193,-0.9734431829251203,-0.09942880854422356,2.4884533532763577,0
0.3840926212609332,-0.07677007129717292,0.9887618980391216,-0.033327276034807916,0.10867003762905429,-0.3186876713810548,-0.034976757075612895,0.3906203000893008,0
0.3840926212609332,-0.5180957886616442,0.008511407104433152,-0.07649807825773572,-0.13470500982165373,-1.020771981135995,0.28698944528401754,-0.07788443082401855,0
-0.105977709222671,-0.3985350736118415,-0.6626245862565381,-0.05827448878450244,-0.08901280568430954,0.5092478296368497,0.12429302374160564,1.0109321556469866,0
1.3642332822281416,-0.1431266216286134,0.27509087218413836,-0.03622925744182836,0.051324420389050183,-0.028056213887783316,2.514083875141607,1.654981843123454,0
0.3840926212609332,-0.5713049867350866,0.5097067313685777,-0.05220490480201107,0.0007135059844928933,0.6006867991308207,1.3821882293594345,2.019666884012015,0
-0.3510128744644731,-0.4602682585133746,-0.0860330496466183,-0.058127078642477216,-0.0332886646829096,-1.9245426427721346,1.1457920271758673,-0.872603413243238,0
-0.105977709222671,-0.22882292369973609,0.9418885914220392,-0.06374375320697284,0.005055436801340398,0.9750025567463219,0.6106959730557426,-0.9695366568790426,0
0.8741629517445374,-0.20280596886861255,0.9405422304872932,-0.06281422887907781,-0.04795648376276063,-0.7596653921634374,0.07970468645931725,0.43376438039876464,0
-0.105977709222671,2.2308923656807345,0.6105840710349159,0.008701759162999081,0.11133673829934734,-0.7936303569000451,0.3733155868460254,-1.2976523387317611,0
-1.8212238659152857,-0.1301927293837835,-0.4611690982426943,-0.05980291255506784,-0.08829779805125855,0.0804530656755706,-1.1814851351972702,0.6551276256296954,0
0.3840926212609332,-0.1636144359042851,-0.01178373735636745,-0.06841648133058373,-0.09620293678825442,-1.2103233493101258,0.414795342874986,0.4527877793691209,0
1.3642332822281416,-0.16386633244715562,1.006563781509652,-0.04378557581526756,0.05457867209313818,0.5931926606706834,0.36519006750817634,1.6728358600019393,0
0.3840926212609332,0.36507431042941235,0.5429668329787841,-0.04241208815644602,-0.024450222633321268,0.45212734982752717,0.6785986697379893,-0.9027118815232561,0
-0.3510128744644731,-0.16866632288259983,-0.7634520607030708,-0.06042599235592504,-0.16111786157757835,-1.026916229971985,0.6339383189903729,-1.3989838148266769,0
-0.8410832049480773,-0.1567798260721581,0.3981083694440771,-0.040007621351471644,0.022640081774482325,-0.9412923399469346,-0.014921006981749132,-2.659267495451405,0
-0.105977709222671,-0.12927803149241526,1.0803144416018486,-0.03959978937669281,0.035278921213094415,-0.022954826746118106,1.369867925666226,-0.43429169368487497,0
-0.8410832049480773,-0.39920542499295925,0.036585525854877225,-0.032076253075917854,0.03704876112233485,-1.789292411397899,0.5415210384860336,0.45165204040700924,0
-0.105977709222671,0.5235051100850202,0.9308683778450443,-0.03836873642037594,0.0569911187035361,-0.7096951204890183,-0.904017253288268,-1.9944796201522916,0
-0.105977709222671,1.8199587326563,0.5469061853434113,0.006642588669009471,0.09138429804865529,0.260178802047475,0.880728464669623,0.3827193910055848,0
0.3840926212609332,1.9468400050923234,1.584302218175096,0.08844485961545033,0.3582559044895232,0.018827541434430328,0.7715200444996251,-0.13662350189712816,0
0.8741629517445374,-0.23725402224771291,-0.32832815268109034,-0.027545451462920527,0.07488749166186266,-0.9544037610365877,0.9272311599052154,0.40088661190418035,0
-0.8410832049480773,-0.32690768535610343,1.0607672754381292,0.001263924218224316,0.24097106840715657,-0.582270411085714,0.3179912421077459,-1.2538199316805503,0
0.8741629517445374,-0.5773500461862451,0.77838053568011,-0.034834982192523525,0.05178806775279816,0.5044859445329689,0.6026484683053324,2.0151493725977225,0
-1.0861183701898793,-0.23459435166563292,0.6114816449914132,-0.07074004518983192,-0.06669171488299253,0.705449009464106,-0.7002371497761999,0.7498995461179379,0
-0.5960480397062752,-0.4416555977938945,-0.8165086545760237,-0.06828952325679442,-0.12293548699810102,1.5189342704868336,0.5529171693741985,-2.3733981281370755,0
-0.5960480397062752,0.41160127205633334,0.6591029299055767,-0.019710190605297363,0.07381708114318582,-0.8331602028646847,-0.9168776579714368,1.6782317756172371,0
0.3840926212609332,-0.4337086164890731,0.26880785448865707,-0.04238044035067859,-0.0007938523414354831,0.5941100542206097,0.70139693263643,-1.0623495353218027,0
1.3642332822281416,-0.45879874761886275,-0.23213814367646046,-0.05601126842007215,-0.08099866537589981,0.6083558549452077,1.6730326124531232,0.7686982304239319,0
-0.5960480397062752,0.8552183099265708,0.1507270139894536,-0.0064475524828298235,0.20574802102079276,-0.3224753332460759,0.8034820208610609,0.009092848603051366,0
1.8543036127117458,0.5083062080541609,0.8423576126904471,-0.061884421364240584,-0.07612803490727603,-1.2819021876416157,1.367077403884764,0.9228466991774387,0
-0.105977709222671,-0.4849161407627203,-0.43748311883512603,-0.058952655423857935,-0.10100739503090228,0.5360603720948294,-0.24023913774901692,0.29893498434430915,0
1.3642332822281416,-0.2048193109006387,-0.10248857218240257,-0.06257543223861749,-0.03914681763340582,0.6863867080904184,0.44196242266999536,0.15697679326866903,0
0.3840926212609332,-0.17244248313698526,0.593679761520883,-0.04140432395538496,0.08668525785513007,2.004069397618439,0.7504261002806152,-1.2291053385939423,0
0.8741629517445374,0.8253302474611424,0.29663264714007415,-0.05984756636037539,-0.11518618566599613,-0.9994313258696105,0.4082301152859115,-1.2308864898688525,0
-0.3510128744644731,-0.4619073019585377,0.6351676243989814,-0.044995277820305705,0.013271525532497564,-0.6984922912900403,0.5455837981549582,0.3798246139922375,0
0.8741629517445374,0.10122583713238373,-0.5203092489319069,-0.045801096661391184,0.01776353199165573,0.1618398226594895,0.583150822567761,-1.9838809005404097,0
-0.3510128744644731,-0.4207317119371954,-0.13554921291338734,-0.06526926769615707,-0.12489314636285995,2.1347024012788065,1.1587184442022533,-0.36103741329296046,0
1.3642332822281416,-0.47296604064717596,0.2188927694634448,-0.04993997000052144,-0.08081418340649525,1.8985492120834047,1.7895383971096974,0.9045306966154946,0
-1.5761887006734836,-0.34163368079830386,-0.053520926333493014,-0.04230492267514253,-0.001509083459087458,0.6356481285435349,1.1668979736390985,-1.2098575150305537,0
0.3840926212609332,0.587883551869995,0.41984960527923454,-0.014016012534295859,0.10738874698483207,0.29327287025237486,0.9813852858319141,-0.04610071097177247,0
1.3642332822281416,1.0610797872348385,-0.34343731428212865,-0.0378695167805216,0.00419942920009456,-0.30814834725157286,1.266198541204378,-0.24216241123267845,0
-0.5960480397062752,-0.03549472932969838,-0.1679616057869018,-0.05372253474821499,-0.044695531289115895,0.19837024192509442,0.10091865312054059,-1.6205959346151213,0
0.8741629517445374,1.1786447769953954,-0.0911691672865752,-0.0072293599350953044,0.12276791219345738,-0.223530416525436,0.22410968780840276,0.2465559214141019,0
0.8741629517445374,-0.3789681345269545,0.7103145106457296,-0.026571941743847603,0.1452587235065411,-0.6645376592241478,-0.021132168366294016,-1.7617379995481612,0
0.3840926212609332,0.6641462025767387,0.7258225940052112,-0.0409961823546229,0.03701348808426988,-0.030682188345255074,-0.6718518421927242,0.10954654374641591,0
-0.3510128744644731,-0.06899216496526822,-0.28913408991404055,-0.0591966880776938,-0.03586905627507672,-0.2906182333353645,-0.08567423666656475,0.012669888947759255,0
-1.0861183701898793,-0.302618544050646,0.21430516924134735,-0.03569204038211531,0.037572890668840286,-2.19719562224495,0.7971268325458599,-0.6593789790630458,0
1.3642332822281416,1.0804334950954246,0.993100172162192,-0.029663424519710834,0.02626861522466167,0.6267140586144468,0.21513200913083838,-0.19900205464953283,0
-1.3311535354316815,-0.048029613789999454,0.650426381659436,-0.05822138755436602,-0.02868111252451991,-0.8150854095922049,0.6782986136324558,0.6029582563955282,0
0.3840926212609332,-0.34092352015428007,0.25265152327170526,-0.021739738492625123,0.06238307879965669,1.8686339162192387,2.1265794182113344,-0.7606377642724415,0
0.8741629517445374,-0.10571598120715998,0.3090490868716204,-0.01733233994698971,0.14442239681624702,-0.6333211848977773,1.6609043446674563,-0.6022737083800693,0
2.834444273678954,-0.35022996490845376,-0.10004517641193764,-0.08325276756895875,-0.16726694147680515,-0.333899576817522,-0.7770335094264615,-0.4041193188378999,0
-0.5960480397062752,-0.24377793679807952,-0.10956943339477035,-0.06862348457190748,-0.09498523359982602,0.27152186034901615,0.26050049228751404,-0.5944110226330543,0
0.8741629517445374,-0.4170537021068712,-0.21174326877604904,-0.08430759538471518,-0.16534894560183516,-0.5248716872149899,1.261487660347501,-1.4067299232716224,0
0.3840926212609332,-0.23802412557496294,-0.8695153832291712,-0.06430930690949381,-0.0812197587945475,-0.5070264268419686,1.7703228041113275,0.20009804010196316,0
1.3642332822281416,0.8048124618438576,-0.5845356520412709,-0.0629534468680388,-0.14412916915072532,1.1808256671531339,0.6113500953658059,0.3830806170665832,0
-1.3311535354316815,0.22902089230430622,-0.18212332821163738,-0.07689615329771392,-0.14479919989901532,1.215896965704174,0.041039456700261524,-0.9889121462571654,0
0.8741629517445374,0.7897297845575744,-0.851962825857668,-0.06386500595731294,-0.12807844842574223,-0.597517742821776,0.40106477548576985,-0.5118623706521953,0
-0.105977709222671,0.08382918924247403,-0.17838343672623186,-0.07441198479028054,-0.08700424996934367,0.32733009097751103,1.6096187551096586,0.46848033047264276,0
0.8741629517445374,-0.17849371988756027,0.009309250621319662,-0.10322820677377578,-0.27378633131141983,-0.24631469350031254,0.5321652891154969,0.735139827160247,0
-0.3510128744644731,-0.27140625162142584,-0.7741232177414279,-0.08898172055325607,-0.23634885983665777,-1.3305948983868938,0.11342499159917976,0.9824959870283665,0
-0.105977709222671,-0.265981667578319,-0.6237297148083207,-0.07505343107407687,-0.16294112710615163,0.6158566358365191,-0.466775496304751,1.4704323040106257,0
2.34437394319535,-0.5316659427463678,-0.7680895261449736,-0.051309082527615055,-0.056129444913763704,0.9328954474861535,1.6064201570246708,0.022806104841590836,0
0.8741629517445374,-0.26797464740115756,-0.6810248523647332,-0.09037515274380865,-0.2506148505709072,-1.0307157006035377,-0.17849359235231904,0.4807905991522693,0
-1.5761887006734836,-0.3401225303299479,-0.5346205670160586,-0.06543974636787202,-0.06536411455886053,-0.5752272198975035,1.362000454579136,-0.8643458059770999,0
1.8543036127117458,0.19159011846253254,0.2878065032345171,-0.07271611253196936,-0.08485927597385277,-0.8651597460216839,-0.24104928923395755,-1.313835334410672,0
-1.0861183701898793,0.6108557844554136,-0.5345208365764478,-0.08554654307511539,-0.20062622680942063,-0.2956827180816184,0.6184194172121767,0.35903925313114665,0
-1.5761887006734836,0.10846197142657958,-1.1771837894285317,-0.07358524927972457,-0.16926550867952883,-0.8732561315749344,0.5893979906849699,-0.3179552975816827,0
0.3840926212609332,-0.45671242193817563,-1.0294331431451111,-0.07471295439484053,-0.17224184462486505,1.6445205025507443,0.8749733885654891,1.727360802651713,0
-0.5960480397062752,-0.13212919835640505,-0.22022035614296823,-0.05744298867185223,-0.012199975873567142,-0.6645627528530275,1.2961981506356242,0.24307080571855547,0
-0.105977709222671,-0.4235522210929702,-0.4223739572340877,-0.0933916364513564,-0.20278367130274155,0.6835415334042032,0.21887670932789732,0.11977085174306903,0
-0.5960480397062752,-0.509707473631848,-0.42995347064450956,-0.07247143980185691,-0.08801376316884463,-0.3424351008761676,1.3199925998044362,-0.0591982485380327,0
0.3840926212609332,-0.5235217454379547,-0.5253955013520584,-0.08198995394629245,-0.16962156986815483,-1.2377152593760636,0.1564290326442509,1.2246555348667563,0
0.3840926212609332,4.718657856555808,-0.1034858765785107,0.5217227013143737,0.4999861071736498,-1.3963343016684915,0.9803830984394319,0.6728727036669836,0
-0.8410832049480773,-0.47502674197472816,-0.47089281610474865,-0.05751024878755534,-0.07962749468861312,-0.8227921058499115,1.6693959324540562,0.8244023110049769,0
2.34437394319535,-0.35554793333941015,0.00995749847878995,-0.056584487215297546,-0.08829542738970332,-0.3297200115132324,0.6630377601050185,-1.3830753464613406,0
0.8741629517445374,-0.4073873724644729,-0.11744813812402463,-0.038240013224661785,-0.016999866276410914,-0.027248789476182946,1.2262490713136385,-0.1546409308777733,0
0.3840926212609332,-0.43571646758828464,-1.1938387728435376,-0.0665264091591695,-0.11947722472767759,-1.6281942661817366,-0.3905852499876671,-0.6407961588979073,0
1.3642332822281416,-0.5338360051524779,-0.8100261760013209,-0.08747861002296063,-0.22705856311533198,-1.0378304824388462,0.28280666317287956,-1.7108132517953365,0
0.3840926212609332,-0.30846547234274374,0.14055450914915057,-0.08008671926927086,-0.110804707875003,0.23337806835602698,0.30517284527935185,-0.3367277701327696,0
0.3840926212609332,-0.18488287779510146,-0.21463545152476265,-0.05213151682197044,-0.06142556944809106,0.20075487471657594,-0.8459864024780758,-1.1483910910738857,0
0.8741629517445374,-0.47337351361979396,-1.1289641218767033,-0.06740113854155327,-0.15006037279258685,-0.513178794204949,-0.6760346243038622,1.2733433889572763,0
-0.105977709222671,0.5739288036993809,-0.6374426502548076,-0.05945034485905107,-0.13839704995278398,0.1870234933840121,-0.23067334910460674,-1.8325114719287168,0
-2.3112941963988898,0.8361666033707886,0.00965830715995751,-0.06366109436255267,-0.12140843917618689,1.1306553844955853,0.35729859193264346,0.643484787902072,0
0.8741629517445374,-0.36791580192659995,-0.08523520612973179,-0.07897061642826514,-0.13713440170345162,0.763042577982602,-0.011674399919875914,-0.8855764032617524,0
2.34437394319535,2.1793270156186684,-0.13938883483840367,-0.0239700730484049,-0.06472151205003633,-0.0016193378150912191,0.718854196856373,-0.1574440786008726,0
0.3840926212609332,-0.40564926343977936,-0.9384291170002436,-0.07865041340497761,-0.2224637403249374,0.020578929120653063,-0.08592028267310228,-0.6920419083047608,0
-0.105977709222671,-0.45704645368439817,-0.07541175782806664,-0.05115632101439744,-0.007529413719067405,-1.1974850059465165,-0.4601742619830125,0.1625173784752041,0
-0.8410832049480773,-0.6065144494644805,-1.2841446859111294,-0.08961305772041468,-0.2513729890678388,0.6198930198466126,-0.2300732368935396,-0.017939115296746633,0
0.8741629517445374,0.21406359131729003,-0.7671919521884764,-0.05548295492320408,-0.1374333271863906,-0.9850416058029081,0.8059604842927681,0.6331095261845717,0
1.3642332822281416,0.025115102233511048,-0.4351394535042719,-0.0672129016247783,-0.17815317916640913,2.4180884424570133,0.8275945295017385,1.8194576737311003,0
1.8543036127117458,0.683025402326595,-0.4625653243972457,-0.07151607050978605,-0.19670566945472445,1.2778833953724373,-0.5175809960936949,-0.5842468283631871,0
-0.8410832049480773,-0.37167411664933786,-0.46675400286089985,-0.06339069644874995,-0.14824067364020307,0.09377852065860957,0.30284440990041134,-1.4864846839593036,0
0.3840926212609332,-0.3682795762255683,-0.6816232350023981,-0.07649492568260972,-0.14236261826323193,-0.5412607790650792,0.6804230108596334,-0.5395458930269286,0
1.3642332822281416,-0.5513969234490915,-0.6201892842021368,-0.0694438667412256,-0.12374289355838951,1.8222933641574801,0.9574528108545566,-1.195319708359456,0
-0.3510128744644731,-0.3537340951996484,-0.8178550155107697,-0.054415011036488284,-0.12447279505569665,0.6295238070010671,0.48053163447528036,-0.5284607143069981,0
-0.5960480397062752,-0.3029537197412049,-0.4457108801030181,-0.07450534910557935,-0.08316645421834822,0.7134900414242394,0.4671791377790365,-0.2080015994635831,0
1.3642332822281416,-0.5059766135731831,-0.17688748013206965,-0.05692715645619493,-0.03927788536207466,0.21439769030015254,1.4106395492861274,-1.8942706324230127,0
0.3840926212609332,0.003471675389229797,0.29598439928260384,-0.075136554211033,-0.14351311410293902,0.20260737496622577,-0.01234652559627111,0.2426261832717797,0
1.3642332822281416,-0.5417614803037754,0.01928229458240104,-0.07161988240047291,-0.09629753374536953,0.19640186815385294,1.4777320944834336,-0.5714297599312919,0
-0.3510128744644731,-0.19835716934443656,0.42962318836109425,-0.08289560416310701,-0.13304662071747334,0.3212891688486728,0.972929704777978,0.7745059355758234,0
-0.105977709222671,-0.11754116260117183,-0.41090495667884414,-0.07773872008040453,-0.15870594271050079,0.1424697553080712,0.15381254340399816,-0.38761143167124895,0
-0.105977709222671,-0.0051399375750275636,-0.737372550744843,-0.048434566047892744,-0.1400859768740278,0.38044297064516075,0.12027827304956648,0.3966566031418705,0
-1.3311535354316815,1.0355277313820193,-1.260558436943172,-0.06913056074732904,-0.1725862241752797,1.2023958553189769,0.03429419544786689,-0.0881960599168567,0
-2.0662590311570876,-0.2579559829031547,-0.3968928299135248,-0.04126368518137307,-0.043271238883536046,-0.4221398466772371,0.16183004254385513,-0.3901458704756425,0
0.3840926212609332,-0.38932174592664903,-0.44745616279620737,-0.0633231808647146,-0.1030472708078895,-1.00844805716442,0.7195563281433216,1.1825676161422867,0
0.3840926212609332,0.1109333487708917,-1.2621042587571396,-0.08474237105576146,-0.22317331509966543,0.8391980513930077,-0.09084720392596349,0.22484060280624538,0
0.3840926212609332,0.33895760365215666,-0.03566917764315735,-0.05391740816168446,-0.14957556151384507,0.13505901626156364,-1.0871955045944013,-0.3339466710966453,0
1.3642332822281416,-0.4721611614121,-0.7554237603144003,-0.08600821576422552,-0.17763471921209736,1.1583875346472159,1.1913285417516417,0.7681009223411566,0
1.8543036127117458,-0.2907304457181333,-0.10932010729574332,-0.09292946016271039,-0.18736622417995433,0.9161985896583335,0.8504828092318392,0.33940803383277424,0
-0.105977709222671,-0.34407531558987015,-0.3548564496175668,-0.07651551049625445,-0.12747240211516117,2.1936060048344053,1.3847026995238056,-0.8705739572824975,0
-0.5960480397062752,-0.3393377845151922,-0.5412526412501777,-0.09290695478890065,-0.2750791297511862,3.2456069464067694,0.9902669465557077,0.1792263880360377,0
-0.5960480397062752,-0.3716196648989262,-0.8508159258021437,-0.09064929134155178,-0.240904205443862,0.25852262254141356,0.6278951890249268,0.2682743039645671,0
0.8741629517445374,-0.23948128187064188,-0.22540633900273055,-0.07831364347334153,-0.18229361155559662,-0.8455719545373386,1.2416839573822853,-0.4891646871169175,0
0.3840926212609332,0.26672255216493435,-0.5587054681820701,-0.08640764294973707,-0.19760817061757305,0.47697963704125584,0.15801933000357882,1.425959961689049,0
-0.5960480397062752,0.2546630909708322,-0.7239588066171886,-0.08219771727628246,-0.21222330144773047,0.6630230635075836,2.1393918139176176,0.552567282446914,0
-0.8410832049480773,1.0937110282189026,-0.039907721326616935,-0.05926191423671384,-0.13664639520458616,0.4520159045933849,-0.07871893614029661,0.993565966673661,0
-0.5960480397062752,-0.01828111253360924,-0.7607593388335788,-0.07305252942767068,-0.17619225023498467,0.292522275529708,1.3917540180038446,0.17295712029744853,0
1.3642332822281416,-0.48870396924933684,0.31707738726029094,-0.06578922473145281,-0.05378950148996307,0.5092655427866472,0.9056511247952412,-1.1756603483723709,0
0.3840926212609332,-0.23635694109912492,-1.6704505437436166,-0.08852928988168711,-0.2613263458952486,-0.0037286787368040614,1.3488159893019909,0.5679710188293651,0
0.8741629517445374,-0.5913997417367786,-0.11281067268212179,-0.07903613582315795,-0.1626969715608412,-1.6038165437729979,1.4470663604979028,-0.8198511435051618,0
-0.3510128744644731,0.49802443635879096,0.27573912004160867,-0.07458402655537068,-0.11819855963796397,-0.15353469095709302,-0.10085107448445269,-0.7224383836910239,0
1.3642332822281416,-0.4151627621188375,-0.8897606624701665,-0.08009519548133202,-0.25102722405360617,-1.3765228816679533,1.2548864260257624,2.58891320404757,0
-0.8410832049480773,-0.43513694538747527,-0.7926232142892339,-0.019360774632906076,0.03763060949719422,-0.3840425517024662,0.09899829404512575,-2.4212720298756683,0
-1.3311535354316815,-0.2719459645593292,-0.32548583515218216,-0.09805172923436634,-0.23766290775840396,1.8824154848095618,-0.10151119791662654,-0.49844770335898186,0
-0.5960480397062752,-0.04667609885119641,-0.3012513383267544,-0.08606582008173971,-0.22268109773823316,0.01439113545807767,-0.9844322895712646,0.2114988869914523,0
-2.3112941963988898,-0.1462912292407709,-0.4753308206674298,-0.07240590873841839,-0.18293382536973,-0.6238712194808386,-0.20330223115783455,-0.19599289422903995,0
-1.0861183701898793,0.23352482994549564,-0.8400949035439812,-0.08528557405215118,-0.23957121454398794,-1.2999629580038392,0.6799489222128904,1.2159799727830003,0
-0.5960480397062752,0.05767587624645417,-0.26604649314413714,-0.0748248543270073,-0.1503809732695521,-1.1890646173615544,0.7579995163842824,-0.5286487597403753,0
-1.3311535354316815,-0.5308873742310286,-0.8822808794993554,-0.06327143323115073,-0.1535380061329874,0.3960342327064567,0.6368608654582699,0.09702678068754345,0
1.3642332822281416,0.2161249790114441,0.0003833762761518293,-0.051333165759511246,-0.0033015339061542594,-0.7835198386052431,0.8872576855260333,-0.29893728335854447,0
-0.8410832049480773,1.0105883721157642,-1.4722861602369297,-0.06384020356397806,-0.16737893033017273,-0.22214952888914324,-0.03521080083792908,-0.5959063605378294,0
-0.3510128744644731,0.39420279385548546,0.1726677107038326,-0.06097796979200905,-0.09363779352470818,-0.5580299655879055,-1.1361046497963732,0.9692153614555112,0
1.8543036127117458,-0.40861894293701795,0.5109034966439076,-0.059447772913290606,-0.04100996127774558,0.9712429407018134,1.2116423400962644,0.9598003723509861,0
0.3840926212609332,0.6185165508872731,-0.46550737236576467,-0.07324472692188262,-0.12120365432709866,1.1027608638041448,0.5941388771524003,0.7942937813950761,0
0.3840926212609332,-0.41547986348888166,-0.4403254363640342,-0.05130584168429107,-0.07532627942930037,-0.45672108141721446,-0.3634721802916538,0.3557142956590432,0
0.8741629517445374,-0.5124060383213648,-0.5183146401396905,-0.09357515176159195,-0.2026353887435975,-1.0733150878184934,-0.21563453709526426,-0.2857326883727267,0
-1.3311535354316815,-0.36362303640990595,-0.8438846602491921,-0.07795892504604196,-0.14567646217731764,1.3498947297781483,0.5940488603207402,0.49581953513113813,0
-0.105977709222671,-0.24960930744720258,-0.49772030436005754,-0.09461479049690112,-0.22474715122461147,0.8150815979437814,1.0830442943866874,0.25474560892190257,0
1.3642332822281416,0.22296713887619118,-0.8990355933539721,-0.06582090154820214,-0.20503628221425688,0.2957881375236126,1.368685704610424,-0.6808435808546177,0
-1.3311535354316815,-0.4851412690081196,0.33802077957856186,-0.09107897886533628,-0.13745500342626268,1.3797413871868491,0.7469394483343151,1.529682474908438,0
-0.3510128744644731,-0.45787718606147626,0.02691167321262829,-0.07574939001794036,-0.16571460277921163,-0.7983302459796349,0.7330828573807748,0.9215878534278654,0
-0.105977709222671,-0.25651758729459234,-0.8567997521787925,-0.07807825047221761,-0.15655386855652,0.28972876419706867,2.089330453270397,-2.164337611796881,0
-1.8212238659152857,0.18432332646012176,0.18907336801981148,-0.08060162546248499,-0.09653106253322086,1.5793848224580764,-0.12175898391803178,0.8537262591233948,0
1.8543036127117458,-0.4194594170462752,0.11128362512337674,-0.062197745418181724,-0.05187379020595897,-1.090062870951981,-0.0018745675131495439,-0.10753210884563892,0
0.3840926212609332,0.9383167144097779,-0.6016394224345255,-0.03541936699160049,-0.06036052473170147,-0.6735994114413592,-0.3832218731578733,1.3866521585806302,0
-0.3510128744644731,0.9792744974294738,-0.8554035260242411,-0.06765863967072078,-0.1932847442894582,0.25631216905627363,-0.2906965724555419,-0.87263122643608,0
-0.3510128744644731,-0.46833283729597575,-0.19548720711948642,-0.04549954980525015,-0.05054910854972104,-0.8927656899810076,-0.4830685428352238,0.20644376742127268,0
0.3840926212609332,-0.3813086446391849,-0.15240365720761487,-0.07759457995808938,-0.14506375982610448,-0.40056449217603646,0.9907950453014468,0.7779741733967991,0
0.8741629517445374,-0.268641338160399,-1.0072929855515105,-0.08504667148458409,-0.19145216214408584,-0.11817112543439505,0.19343795270076133,-0.40408385930910207,0
-0.3510128744644731,-0.08863048617674524,-0.9800665755377583,-0.0525842784163004,-0.02846249370721574,-0.4381060370759124,0.8070346851505783,0.013169757691092706,0
0.8741629517445374,-0.17556728148623676,-0.3433874490623232,-0.07854778025389166,-0.18561081812296001,-0.23461368196328128,0.15135808446073357,-0.3111740192013669,0
-0.8410832049480773,0.2616997213727636,-0.2858429854068837,-0.054281599579030726,-0.09468143619925003,1.4449678471722291,0.39982854433097154,-0.21907524881702448,0
0.8741629517445374,-0.5069851149001344,-0.823888707107224,-0.06775092602171584,-0.12358733443316514,0.4325565334450711,-0.3067975830784732,-1.9308240393498193,0
-0.3510128744644731,-0.26312157794850544,-0.8945975887912909,-0.10884132250737069,-0.30315244742698555,-0.8572198266249775,-1.2704997794648587,1.1188329098927348,0
-0.105977709222671,-0.02868002412902437,0.06022164004264009,-0.035379336669997936,0.0007572268399633046,0.6465933790225418,-0.0057212867860899005,-1.0366994715907039,0
-0.5960480397062752,-0.024627715711837167,0.11477419050975522,-0.0530290873152089,-0.03474368479582049,0.4445011007918173,1.2359588868887048,0.6793636005891845,0
-2.3112941963988898,0.272203418269391,-0.707104362322961,-0.06733488150697654,-0.1534130074815453,2.3229179027390465,0.5558517180863168,-1.430473769510655,0
-1.0861183701898793,0.05383771420903702,-1.3934991129443868,-0.09230032017757255,-0.24270547053000738,-0.35348810634977557,0.6924972685463043,-1.6646991879269097,0
-0.105977709222671,-0.07717868821412732,-1.1893010378412456,-0.049580423713389984,-0.11095612879728306,-0.5878330781700211,0.14870558848781681,-1.7950513201854037,0
-0.8410832049480773,0.07429189652121918,-0.04190233011883321,-0.03781686879916002,-0.0062557199906139406,-1.5333831557950763,0.06165331115041773,0.20890068928914227,0
1.8543036127117458,0.04092258265132374,0.039328112944174605,-0.048282562145600234,-0.05253621695548641,-0.5613091124441582,0.8881818583310768,-0.06925678103387069,0
-1.3311535354316815,-0.49943622622437267,-0.20969879476402736,-0.047315930291123416,-0.04606148426777496,1.18106036638795,1.6425229076424697,-0.9907794955251187,0
0.3840926212609332,-0.38600316340681495,0.34470271903248634,-0.028787843461414126,0.006805799322026086,-1.4574675479548442,-0.22425214844618835,-1.292668682417555,0
-1.5761887006734836,-0.36299318065829594,0.029903586400952704,-0.041947054915941494,-0.024865229023542747,0.21083218085550778,0.5713046075212956,0.7159395703008496,0
-0.3510128744644731,0.2905577763577168,-0.7642000390001519,-0.0855425985651464,-0.24992569104143758,-0.312102069895945,0.5944629377463766,0.2875787972899329,0
0.8741629517445374,-0.5646463155418946,-0.12328236884125725,-0.05030873034464847,-0.035959968092905296,1.1589063823266994,1.803130938690368,0.10379274032150626,0
2.34437394319535,-0.3291070327372247,1.0787187545680756,-0.04493301836381459,0.018165853853275113,-0.37958843257631614,0.7199163954699619,0.12903309137253877,0
0.3840926212609332,-0.2759227726503154,-0.2866906941435756,-0.05181151987815951,-0.0547574940243115,0.6226518429275653,1.0308165286575142,-1.385259894064998,0
0.3840926212609332,-0.38367683820435566,-0.38966237304174084,-0.06730066024489435,-0.0778772130722523,0.5726793571094215,1.4401710711927413,1.6050034181571846,0
2.34437394319535,0.05413742762516819,0.37786309020308195,-0.04206689343624544,0.04946430466974048,-0.7878433232516371,0.4205744234675625,-0.294551209518648,0
-1.3311535354316815,-0.4696165716302597,0.5240679146725349,-0.01742103899129308,0.21119463358966434,-0.2639673233692866,1.9314829383934076,-0.4715331643169283,0
-0.3510128744644731,-0.29852276574867637,0.42962318836109425,-0.04716203631835492,-0.019474961922303472,0.18344765126865217,0.29782747181589003,-1.3131449238107498,0
-1.5761887006734836,-0.33652391023656836,0.3168779263810693,-0.07131591220726659,-0.08791017711909564,-0.4226690270274359,0.8419852203231285,0.33990037027655706,0
-2.3112941963988898,-0.04114215372953177,0.12220410826076085,-0.028120972981769007,0.04805786154828244,-0.3515802525070087,0.05921685557348515,-0.06214560386166228,0
-0.8410832049480773,-0.3503452744975607,-0.6179952145306989,-0.05659414065461176,-0.11809113017860931,-0.981101168020884,0.5617208155105535,-0.5729573071700357,0
-0.5960480397062752,0.12290678535089819,0.015342942217773894,-0.05423465807032171,-0.04719049688454265,2.3732335808345155,1.4566021435317595,1.2856475541232992,0
-1.5761887006734836,3.1115057491799853,2.9281698919308115,1.069523367132332,1.8070892702261216,-1.2822010970444475,-0.8033724343701982,-0.1574010407795206,0
0.3840926212609332,-0.4273622420997124,0.8400139473595929,-0.05720114843064215,-0.02117741133573472,1.2353925011999909,0.5164363480634272,0.822300102002613,0
1.8543036127117458,-0.3973597852006462,0.1283375302968259,-0.02402710168244253,0.028724948912760218,-1.1848651247637427,0.7040734330977894,0.458851353326734,0
1.3642332822281416,0.5430244610855139,0.14479305283261015,-0.014327600323057679,0.08506804672643355,-0.6128861144147875,0.5263562029123671,0.35532389633260675,0
-1.0861183701898793,-0.4312152754135025,0.010904937655092681,-0.058992846180448325,-0.06307336748483874,1.1258374077506792,0.629755536879235,-0.5073120533141735,0
2.34437394319535,-0.4581478432914634,-0.019712307305427144,-0.050590683617149496,-0.01523467424841681,1.805164010255439,2.0410034169131603,1.1245847199926935,0
0.8741629517445374,0.038259480236234586,-0.3939507819450058,-0.03980052881266368,0.020639483627894042,-0.40747114450122496,0.9707152907191403,0.11213139350114003,0
-0.3510128744644731,-0.5559422718752578,1.6178116458843295,-0.05817774525573343,0.04666979632431927,0.40304052149925584,0.17514653250743495,0.2793799972246164,0
1.3642332822281416,-0.2252037126083018,-0.1084723985590514,-0.04666396317843557,-0.014245286595229797,-0.9970658823237428,0.4354272006914742,1.5901587265145083,0
0.3840926212609332,0.764564381890451,0.6995436231677618,-0.041608733566164374,0.021346863888768084,1.7195814509132494,2.4278417492891484,0.05994039786286826,0
-1.0861183701898793,-0.05384817226255506,0.3473954409019783,-0.016570787010488815,0.15349466209312515,0.36173640836323856,0.9816553363268943,-0.9320485443334329,0
1.3642332822281416,0.17580094115410191,-0.037165134237319555,-0.011299613169043304,0.047545362436257434,-0.6643708603968884,0.02499245617632624,-0.6168106654716732,0
0.8741629517445374,-0.0666997005151657,0.19989412071758478,-0.05401275027889108,-0.09593683819868888,-1.4937551494586425,1.1546436822891075,0.06445970694121,0
0.3840926212609332,0.21922552574076437,0.25275125371131607,-0.014629491457172374,0.11324408613346916,-0.008982841795472265,2.061809307270858,0.8271424838415788,0
0.3840926212609332,-0.4488452879480334,0.7222821633990273,-0.042498587596188395,0.06605560642104252,-0.7282001956919946,1.20007217666689,-0.056740716029153856,0
0.8741629517445374,0.44152914378466773,0.47714474283564706,-0.04196739375403917,0.04690991270709906,-0.7256140758215671,1.1938310096717917,0.6052339718157949,0
1.3642332822281416,0.09613391210229574,0.27299653295231124,-0.06197629755365154,-0.051277552436067415,-1.3394551635251593,-0.7705222919363831,1.6075963278240992,0
-0.5960480397062752,-0.34822394412018043,0.09986448978793856,-0.04291551540530385,0.020688954756038717,0.7182076436536267,0.18560048722422448,0.7745058819606521,0
0.8741629517445374,0.5900414884661395,-0.28509500710980257,-0.04947301302299541,-0.06775694085374766,0.26039135984504436,0.2622888266764941,-0.43246621701594207,0
-0.5960480397062752,3.2528611205153384,1.1108319561227578,0.26929923519087173,0.5195584942586698,-0.7924273388096351,-0.45363904000449135,-1.56926207108601,0
-0.8410832049480773,0.4512096583368371,0.5589735685363197,-0.006668041726500138,0.09299208520568666,-0.8930395057549598,1.3617664108168197,-0.28103956688605547,0
0.3840926212609332,1.1602226974023562,-0.8552539303648249,-0.05531135320124431,-0.13583608096490504,-0.5241122359174243,0.3518195674456005,1.632022337055183,0
-1.5761887006734836,0.8671231098463946,0.17067310191161633,-0.023833229083381455,0.0632092768069346,-0.8718900048968061,0.14313054604700312,-2.770693470886208,0
-1.5761887006734836,0.09063337015525336,0.6689263782072419,-0.039973089477869594,0.09717305807670538,1.0442594963585297,-0.3241888349551989,1.711322275585563,0
-1.5761887006734836,-0.16862010753141013,0.07951948010733255,-0.045457311748344276,-0.005284722916455716,1.8270552492613608,1.7533936386371236,-0.2064473303726756,0
-0.3510128744644731,0.22290353557108855,0.10829171193505233,-0.026391723878921667,0.07413767968427644,1.4494529643105247,0.6512095484248852,-1.43358973399345,0
-0.105977709222671,0.28821863897869004,-0.1099683551532136,-0.06714900981140812,-0.08940576538543997,-1.1974813157069755,1.2835417841042183,2.0845153861991923,0
0.3840926212609332,-0.2776901666500202,-0.032378073136000496,-0.05909107321115144,-0.04848910884223113,0.34676584459276155,1.077373233992103,-1.29569091206454,0
0.8741629517445374,-0.37992767503630875,-0.0005141976803454946,-0.03458919885657102,-0.002131607098817617,1.4504677801843369,0.8702325020980587,-0.5817387796390023,0
1.3642332822281416,-0.3612303624359367,0.3797579685556874,-0.033509704453101995,0.047089915353576206,-0.586100141681504,0.054475969106054754,-0.477451686039102,0
1.8543036127117458,-0.18800218521153836,-0.008841689387848444,-0.055229252252939724,-0.03740106608626339,1.4516530851249496,1.0919859663315876,0.39244664491444964,0
0.8741629517445374,-0.24546845773837966,0.020479059857730804,-0.04978969018442557,-0.01597524379189071,0.6067520768406304,1.052552592942366,-0.7892229071270378,0
2.34437394319535,-0.28078934064613686,0.24148171403529411,-0.04251023910385055,0.06960872719663745,2.256964465564063,1.4571182400332774,-0.8838882296268702,0
1.3642332822281416,0.5956006003632044,0.8474438651105985,-0.021592275586965522,0.04992903898748894,1.3750326415323608,-0.15861187479966476,0.07340682647074295,0
0.3840926212609332,-0.15952346216852828,-0.9305005470511839,-0.07048469792323935,-0.20907859086718558,0.9700952762045203,1.8870146235533327,-0.800487369720104,0
0.3840926212609332,-0.17410921003508872,-0.08074733634724517,-0.042754727955407135,0.004993636303597857,1.3935045045794667,0.958010915210849,-0.9471683221162516,0
-1.0861183701898793,0.04896496891379915,-0.46605588978362417,-0.07888633794456217,-0.18678274067721826,1.6158990046697004,1.4115277153585069,0.12365210711091168,0
-0.3510128744644731,-0.5000095711257656,1.2268683226099395,-0.042286597220428254,0.12959695896819554,-0.4159136745234339,0.11454720143387531,-1.8516695065174194,0
0.3840926212609332,0.8502032579558875,-0.6373927850350022,-0.07816046289943422,-0.18971863171227404,-0.7179059034680441,1.481740844053362,2.429367299819862,0
-0.3510128744644731,-0.11155879129964681,-0.664569329828949,-0.05176111563108919,-0.03488964426467947,-0.024546796084163804,0.8111454537963882,-1.5085136693534154,0
-1.0861183701898793,-0.13035242401314195,0.0005828371553734568,-0.05607158845474082,-0.03872957646899455,0.06964804429912692,1.3660812176143924,-1.4929817202878828,0
1.3642332822281416,0.27176094060007977,-0.21244138185332476,-0.026598041843850718,-0.051406459405714644,0.6987571290802116,0.06467187557208544,-0.8458944458671307,0
0.3840926212609332,-0.3549109851329146,0.5565800379856602,-0.034767348505619765,0.06099028292829787,-0.6745684683448613,1.1497527677689103,0.263658996744469,0
-0.3510128744644731,-0.3888671424473722,0.003624615563503277,-0.03273611952101028,0.05821794285305514,-1.411284200097538,-0.1821962846946033,2.228651474250335,0
-1.0861183701898793,0.11380922483254724,-0.27756535891918616,-0.06442107900483701,-0.12035494826466381,0.4372999673512462,1.0497440677945717,-0.14289272499010358,0
-0.105977709222671,-0.4570354718187689,0.2376919573300832,-0.0670173765224683,-0.08257952398521884,-0.5061577444539854,-0.8480747929725894,-0.5995950179097536,0
-0.5960480397062752,-0.36065907663434926,0.10829171193505233,-0.042255844882242426,-0.022981002962949096,0.7851699923191565,0.8839690706093855,0.3150941767074704,0
1.8543036127117458,0.5143050521541298,-0.6409830808609915,-0.03015890013726129,0.008514223094966987,0.48430550057831734,0.2410688588931601,0.18125770016163978,0
0.8741629517445374,0.014088393986291395,0.07159091015827286,-0.0686392964746813,-0.09791401938414625,0.1481010608478434,1.1284427831539163,-0.4106095357822133,0
-1.3311535354316815,-0.6008597038208943,-0.331718987627858,-0.08637278444297918,-0.16662601711593863,2.813859990812582,1.4402910936349549,-0.8837935717545743,0
-0.105977709222671,-0.2939785612668464,0.563660899198028,-0.05118547486834242,0.026044927946937434,-0.5925137780039968,0.25712186053920605,-0.8912085646271056,0
0.8741629517445374,-0.056920349172333164,-0.36463003269942657,-0.059754908701795645,-0.04136859932550522,0.6580419781749594,-0.3045291589206395,0.9403895909450297,0
0.3840926212609332,0.07398028608398968,0.5027256005958207,-0.03032023185935643,0.016643895045608554,1.2703021672591293,-0.10417569613376462,0.8487171672940965,0
0.3840926212609332,0.2544127959500325,-0.12747104730491143,-0.08459846023618145,-0.2307318385915563,-0.8204082111063381,1.014751524767247,0.3921493664440849,0
0.3840926212609332,-0.23605745647186102,0.0791205583488893,-0.05800734973754308,-0.03163479504806763,0.7796966290317449,2.0216798037167987,0.18433325734703448,0
-1.8212238659152857,-0.3604149589129661,-0.5976502048500929,-0.07551334959395817,-0.14109667352060937,0.09276222868898096,0.18676470491369473,-0.1479995802795147,0
1.3642332822281416,-0.46115481537406794,-1.303193199876795,-0.07803240558663148,-0.1859378883328296,-1.3165609174119568,-0.21462634858067145,-0.9100653689512003,0
0.3840926212609332,-0.2511758248214393,0.4429870672689433,-0.03326188917498226,0.05319994919730892,-1.5092386565253373,0.6883684965341624,0.3246989304022882,0
0.3840926212609332,-0.28116386802186716,0.7039816277304429,-0.045847814584121196,0.06990730667833528,1.387627429086255,1.2765624790895074,-0.0218629571224827,0
-0.5960480397062752,-0.45957365551232554,-0.12642387768899788,-0.04656023749920195,-0.034857157988259814,-1.2246067904780433,1.2876825583605815,1.414646274592216,0
-0.8410832049480773,-0.1785028714422513,0.35422697601531905,-0.044658675347031905,0.019123939420786457,0.11262383594727847,0.7513742775741012,-0.3367300152954854,0
-0.105977709222671,0.02021169923005824,0.6191110236216404,-0.042064526708122565,-0.018345327930202708,0.11991132099311212,3.154943705340204,2.818617610690964,0
-0.105977709222671,-0.17294810653366455,-0.36612598929358875,-0.03345710981027781,-0.005822226510766063,1.1535710339981262,0.4660089189674556,-0.21134056305782703,0
-0.105977709222671,0.002961018637470434,0.46976469030444684,-0.048288492370826164,-0.05933224405516082,-1.009575794368191,-0.9238389596198157,0.2532568582850744,0
0.8741629517445374,-0.2729073353796217,0.8033131455828134,-0.04235142268536177,0.04916214367088987,0.5876728003650535,-0.11361546121385072,2.193862960849548,0
-1.3311535354316815,-0.280343888721551,-0.0708241576059692,-0.062133652306011485,-0.08727788139511178,-0.6380114793545602,-0.22931109438548433,1.5076294648040038,0
0.3840926212609332,0.20406460266187282,1.2867065863764278,-0.017070888884331115,0.14943675047780722,0.9099008268574322,-0.7108231291794241,-0.09572251743126219,0
0.3840926212609332,-0.23290680498060734,0.08330923681254347,-0.035238499634011565,0.0037914624819945573,-0.4849816738711355,0.8552837069203763,0.36544229695716746,0
-0.3510128744644731,-0.028304810386692223,0.39920540427979606,-0.037928808215053414,0.04772789303889307,0.3110295648764089,1.521354251105904,0.584946203084198,0
-2.0662590311570876,0.20313755017167168,-0.35311116692437755,-0.04680011662465509,-0.06588100154887584,0.8313791718532506,1.7623233083378025,-0.5395135573517946,0
-1.0861183701898793,0.21394965446138672,0.516488401262113,0.0008532279700616728,0.16500767337973896,0.3105158835322829,2.5903701394124616,0.9827310504066981,0
-0.3510128744644731,0.06933861754470026,0.14279844404039388,-0.010806143525876825,0.09378297028791668,-0.4047964588818102,-1.1334101459686816,0.16419245793862117,0
0.3840926212609332,-0.4422820217124954,-0.5264925361877772,-0.06725831105987054,-0.09162036000598374,1.144146162210067,2.6849958328535277,0.3614582338035001,0
0.3840926212609332,-0.44833119936326493,0.1298334868909881,-0.037383864911100094,0.055902164232034826,-0.3836462199757483,0.8036860590128236,2.4924763212500793,0
0.3840926212609332,0.4107025893856744,0.7391366076932548,-0.03396548027946337,0.04036537177769197,-1.0009657274708144,3.1026799328783667,0.4934027222026621,0
-0.8410832049480773,-0.6068061552702569,0.22856662210569373,-0.07724513653664773,-0.10170284952209152,-0.34016412746255303,0.5576400524752969,-0.12173701136555788,0
2.34437394319535,-0.168351966978963,-0.09600609360769968,-0.027190936032451377,0.05612450884979332,2.926361371511536,-0.00044630045080975433,-0.39666831312239736,0
-0.3510128744644731,1.095115334286241,-0.18631200667529155,-0.018823001339834954,0.099864712210821,-0.5665632755028264,0.3188674059359039,0.1915196269257959,0
-1.5761887006734836,0.1397721854909937,-0.44276883213449914,-0.06143989282614894,-0.09355852553561865,0.8989238403183717,1.112065720913894,-1.055551696177874,0
-0.5960480397062752,0.16574109465998937,0.7463171993452334,-0.03840504507047662,0.08734158044446591,-0.6921251519857657,1.3849487455303433,-0.9863229090983241,0
-0.5960480397062752,-0.30393041941560484,-0.6271205497550884,-0.0910029481360011,-0.22527169796854785,-1.0633588215365108,2.037630786286963,-0.9341715355457564,0
-0.5960480397062752,-0.3846013740170168,-0.3593443194000534,-0.06414125697484797,-0.11824981238779551,-1.9788939668297894,0.33421827629500134,-0.7806449737096852,0
0.8741629517445374,-0.030592699059449224,-1.106026120766216,-0.070833034721839,-0.20527377504012947,-0.46352588313106763,0.07746626791203683,-0.8290739972335248,0
-0.5960480397062752,-0.12138115494952718,0.26511782822305696,-0.053348380262411656,-0.030675950884794655,-0.4095996746685517,-0.18679914535348824,0.7537247639744739,0
-0.5960480397062752,-0.3236744410837632,0.2927930252150578,-0.0741839530244471,-0.1347452133207139,1.1434811810447545,0.5785659652752081,0.8229385463488087,0
0.3840926212609332,-0.21339271612406102,-0.07386593601409902,-0.050465315043939106,0.00439936298529388,1.02595147994705,1.1521832222237323,-0.3653138324658066,0
0.8741629517445374,-0.45089020284374365,0.5438644069352815,-0.05678681897022826,-0.06964175599893964,0.8681524088806623,-0.9577032916903342,-1.2388400630466931,0
1.3642332822281416,-0.28232931851176957,-0.20585917283901103,-0.05250068610082409,-0.05165552142028427,-0.5046801725417148,-0.6230027082118591,-0.2241223925379838,0
3.3245146041625584,-0.38408637027677917,0.40783208730613146,-0.03018394745888551,0.06211427052624381,2.363125276683438,0.8718047960910545,0.31574477891178215,0
-0.105977709222671,0.00044891687478324405,0.683038235412172,-0.056414427878770705,-0.0013722109330439067,1.3540824136094285,0.3976141302721338,-0.374551951561727,0
1.3642332822281416,-0.3989661118377889,0.3120908652797503,-0.04829817074481902,-0.07685786784872797,-1.1561100402113094,2.1719899092227846,-0.2817219165794843,0
0.3840926212609332,0.5755426803691437,-0.5571596463681026,-0.0436101830735198,-0.06725030006516963,-0.3584182663767321,0.39436152208814995,-0.3934873795055351,0
-0.8410832049480773,-0.3188485975063169,0.18024722411425445,-0.040689912948160906,0.009281258840497823,1.0727998089696686,1.3883453806449833,0.5203950738610617,0
-0.5960480397062752,-0.27354977451893187,-0.08418803651381825,-0.03862991946866196,-0.026236409233523845,0.161028708008348,0.5749052807876985,-0.255448998947512,0
0.8741629517445374,0.05291569507391595,-0.6637216210922571,-0.05024120137205083,-0.1066600287381212,-0.2267608522197457,2.461796098191327,-0.39509326412057355,0
-0.5960480397062752,2.8917421451405767,-0.22495755202448187,0.12893148389112452,0.10193950725588766,-0.651222536911824,0.7731223441031744,-1.6602251759143543,0
0.3840926212609332,-0.3025684392887126,-0.07037537062772053,-0.08674481771204973,-0.19653773806910246,-0.8418949998585515,1.662716683544879,0.5998224659154926,0
-0.105977709222671,0.42873801579301785,-0.043049230174357564,-0.09776238414916533,-0.26857886051259733,0.09916331819703396,0.7912757384879553,-0.7997896274161389,0
0.8741629517445374,-0.2848290656756239,-0.3368551052678149,-0.05297279603508812,-0.03996016308062018,0.16481267963382798,1.5333444930830253,0.3266109521908687,0
-0.5960480397062752,-0.2131133649171174,-0.5055990090893118,-0.07343966038374398,-0.17614300916096712,-0.16017195579577867,0.7652908797487482,0.8625034937231096,0
-0.8410832049480773,-0.34894760330737346,0.19495746395684949,-0.05341790431993447,-0.0483344368439771,-0.4292730797102513,1.326827877888491,-0.25254844872803206,0
0.3840926212609332,-0.23060015562073374,-0.21927291696666548,-0.06797371943489963,-0.09379602313010107,0.00023759072200798005,0.8840470851968242,0.04109385944560309,0
0.3840926212609332,0.0012043777145276065,-0.33580793565190137,-0.08872011080162413,-0.16643362252094498,1.4973943422852278,0.9067433290193834,-1.01457796489587,0
-0.3510128744644731,-0.17899499629576132,0.05588336591956969,-0.08900553990522668,-0.15914625142281352,0.2436081504119618,0.062145403163492784,-0.11032580265640747,0
1.3642332822281416,-0.39978151536075945,-0.363333536984486,-0.07765460484993311,-0.13783286447734838,-0.6014840122805881,-1.4104099403530515,-1.4170493592265252,0
-0.3510128744644731,-0.18824149836670875,-0.6162997970573151,-0.09451524633974383,-0.234793729979979,-1.157311582205903,-0.658013254605516,-1.3287406569355487,0
0.8741629517445374,0.8903328252760453,-0.27198045430098056,-0.06926523122285354,-0.1234753030875934,0.549804300241833,1.5894189780851387,-0.7438762059897411,0
-1.0861183701898793,-0.41974288645282976,-0.7961137796756124,-0.08272636886379177,-0.17682875467218892,-0.19943831865718117,1.1473583200467525,-2.1598194632619143,0
0.8741629517445374,-0.5726150317891072,-1.1244762520942166,-0.07699164900531197,-0.17252641517532616,-0.42939485761510876,1.200510258580969,-1.030478133314198,0
-1.0861183701898793,-0.13329190337990016,0.8605584179194206,-0.05361071611832569,-0.03679141781025546,-1.0756628182145636,-0.11289532656057015,0.3853322166650091,0
-0.3510128744644731,-0.3199657735452241,-1.3115705568041032,-0.09938305868146637,-0.27360201875181556,-0.7565058090683175,0.6166670895558607,-1.0494940419209926,0
-1.3311535354316815,-0.18439830297421153,-0.46765157681739716,-0.07493299543458154,-0.14472878547359533,0.2414914290111667,0.4389318560041063,0.3968391004651683,0
-1.8212238659152857,0.40798503522017365,0.051644822236110104,-0.05867105659507021,-0.08347290675153296,0.06885316670196642,-0.03672908473192894,0.10205925983114246,0
-1.0861183701898793,0.004549728531832897,-0.38417719886314605,-0.05326113602184738,-0.03955528005694539,0.696944483417606,2.1977047174670115,0.7623166388952219,0
0.3840926212609332,0.3550597641310204,-0.493980412874652,-0.06778543572834188,-0.08829181921198463,-0.0770655471856908,-0.27504564599091097,-0.27990319862430385,0
0.8741629517445374,-0.09495512562371469,0.2804264507033169,-0.07706623055885056,-0.08486434357324704,0.5674163374758545,1.035077325356091,0.0889377258135069,0
-0.8410832049480773,-0.5557807469349612,-0.06159909194196893,-0.10209417606140443,-0.18955426569775213,-0.26431642002987793,1.1206593277763754,0.10572881509307995,0
0.3840926212609332,-0.28713251199135564,-0.4701448378076675,-0.07971199367277668,-0.11664091385140331,0.03388962314552749,2.252134895010801,-0.3163084757440553,0
-0.105977709222671,-0.27193749937124,0.18827552450292498,-0.05958162216613421,-0.040105842948495715,-1.7771611179303715,0.37225338823243653,-0.5599017554241619,0
-0.105977709222671,-0.26846860256560584,-0.011883467795978264,-0.07053552514183171,-0.11220506667222833,0.8286454424011778,0.6016942898897356,1.459108435172155,0
-0.5960480397062752,-0.40212065273978626,-1.0483819266711658,-0.08396782198363259,-0.23524037909383208,-1.2057548327582004,-0.6124707389076308,0.3849305328814427,0
1.3642332822281416,-0.34820861526607294,-0.8145639110036129,-0.0822433569755066,-0.12555631960924624,0.45645969104881984,1.122075592594494,-1.1592577021084065,0
0.3840926212609332,0.6009542598574558,-0.23488073076575786,-0.048274915283138604,-0.060561392892684744,-0.13538609289379044,1.5808373734668786,1.6334946273681796,0
-0.105977709222671,-0.6127473445756724,-1.0150220946213486,-0.12474747723108248,-0.3735634094380195,0.7828709730850293,0.5338396021843742,-0.05142968378847643,0
-0.105977709222671,-0.4235233936956935,-0.9361851821090003,-0.0959614739756603,-0.20194582541145736,-0.20977025132445132,0.6822473519812776,0.8557294830362818,0
0.8741629517445374,-0.35252403088062717,-0.2207688735608277,-0.08883611166261608,-0.1996592253644044,0.16104346896651256,0.27069639875354473,1.158657491566909,0
0.8741629517445374,0.4090004002131432,-0.6009413093572498,-0.0920452508013081,-0.23775026108027514,-0.06273782314327953,-0.6182138127675434,-0.033315805032449526,0
0.8741629517445374,-0.0703067857966344,-0.34443461867823677,-0.061282546367620386,-0.07871862208626698,-1.135764273525215,1.1303391377408885,0.8474379668817518,0
0.8741629517445374,0.6384371975609683,-0.42117719195875797,-0.04054661943353967,0.012202801969743873,0.8183887906205468,1.2630659554626076,1.1220915401573608,0
1.3642332822281416,0.9035064882537801,0.03154913865453113,-0.06114579124423487,-0.1040275149860886,0.5628138707201509,1.4156624884927593,0.1378954760993172,0
-1.3311535354316815,0.3320902770120092,-0.3466286883496747,-0.06711220001047495,-0.08812638323379793,0.3816651779811847,0.17083172570986221,-1.5622413500074201,0
-0.105977709222671,-0.420626011480514,-1.1872066986094185,-0.09801362473653356,-0.22578269343625135,-0.022682487067982333,0.755232999091263,0.2748713991486195,0
0.3840926212609332,-0.5072008628019754,0.19929573807991988,-0.07683582626969634,-0.1167588683533152,-0.5822194857800463,-0.003674904146350959,0.6540846716834221,0
0.8741629517445374,-0.26643993167947216,-0.5006623523285766,-0.052574683993855564,-0.07819456918744185,-0.5893910973042883,-0.2118898368982053,-0.661428329780308,0
-0.8410832049480773,-0.4429626685926406,-0.8857714448857339,-0.08359703434503701,-0.24625871378143002,-0.45414898445704327,0.8077548198038589,-0.5945588487479743,0
0.8741629517445374,-0.43893506937311916,-0.704162314354442,-0.0650980997767562,-0.06881594874840329,-0.6113568791489411,1.3973650671773223,1.9940734384961312,0
1.3642332822281416,-0.1814526463080369,-0.01098589383948094,-0.0502936909766915,-0.11002524134110099,1.3104778051434673,0.48461839863264755,0.4265056009369046,0
0.3840926212609332,-0.03048608344729875,-0.07057483150694216,-0.04413927210036464,0.008511813784775219,-1.00862297451867,1.0487238770357576,-1.7220108795558244,0
1.8543036127117458,1.418656653366438,-0.4295545488860663,-0.06294247849072782,-0.13023380149987385,1.0454957266048097,0.49338003691422777,-0.7836857830833949,0
-1.3311535354316815,-0.322595472785691,-0.41145347409670363,-0.07337890633239579,-0.17966721448394365,-0.49672106389939463,2.461742088092331,-0.7696068184214321,0
0.3840926212609332,-0.19682725818896396,-1.0963024029041617,-0.08101792930193917,-0.20368022265618035,0.5236220506974792,0.4574273143491955,0.19234686003359472,0
-0.3510128744644731,-0.4345688626300297,-0.5476852546050752,-0.07993717227197676,-0.18818442360096693,-0.3982831860917067,0.12603334915370035,0.7082131138332899,0
2.834444273678954,-0.43360794938747177,-0.08488614959109395,-0.06573084572326657,-0.08606242725443412,-0.572966579154604,0.8855413646023814,-0.21993998570257264,0
1.3642332822281416,-0.3040400092830299,-1.1825193679477102,-0.10447433868255974,-0.3044553835151556,-0.014304167213789127,-0.43132086687490445,0.6074890855668978,0
-0.8410832049480773,-0.4619267490122561,-0.35206399730846405,-0.06744456115374854,-0.09278883397349433,0.7209627764950381,0.4253813222782103,1.0139878714317723,0
-1.5761887006734836,-0.45209592017428657,-0.11620150762888946,-0.0962606121552684,-0.187070956644594,-0.31729202278659746,1.0505902260121764,1.5659234897411343,0
0.3840926212609332,-0.14235331525722153,-0.5123806789828471,-0.07208188616179853,-0.16342830890954255,3.4284944800175183,0.057332503230734334,0.3933260721961772,0
-0.5960480397062752,0.08623467539301073,-0.4381313666925963,-0.08293405284010771,-0.22179192584465443,0.43891186398281407,0.41507739561418755,-0.37200790725162536,0
0.3840926212609332,-0.6522777138524352,-1.1924924119087916,-0.08461191223123053,-0.16786334390465185,-1.0049497100794238,1.47153293534311,-0.15629420786850629,0
-0.8410832049480773,-0.3224344054231289,-1.0935598158148643,-0.054039947634699964,-0.09393038712660368,1.1266020253836024,2.0689386403383354,0.7550141587502427,0
1.3642332822281416,-0.5324538916052654,-0.04858426957275773,-0.0722482471315477,-0.09482386652717598,-0.6975276626739876,0.8512929607167797,0.731869313103756,0
-0.5960480397062752,0.17714347422727572,-0.9039722501147074,-0.08311704081885089,-0.20804259779117407,-0.8319298770016703,1.168368248556213,0.0673525229828994,0
0.8741629517445374,-0.2879696504567174,-0.9187822203969133,-0.06336531656204622,-0.17549869645921903,-1.4677994806221144,1.1279626933850626,-1.1678924207441173,0
0.8741629517445374,-0.06291553265042561,-1.0924627809791454,-0.05143072805544729,-0.081656306980713,0.43859966971763403,-0.8977640840489485,-0.18574313597293984,0
-0.5960480397062752,-0.3842840438581054,-0.47238877269891083,-0.07074775399686094,-0.13942831886396903,-1.7602598208319724,0.6470387685579686,0.4412239320280635,0
1.3642332822281416,-0.2914941429570996,-0.7045113708930799,-0.07811336846083546,-0.13719799088512985,-0.8481019827667409,1.1113995963596095,1.1242831646697589,0
-1.5761887006734836,-0.21411683288898864,-0.5161205704682527,-0.08947653248857862,-0.18875704801737533,0.3499925900475301,0.5423852000699703,-0.7251241728895435,0
0.3840926212609332,0.5190871970579265,-0.4193321788259579,-0.08134849946583604,-0.17211372311225775,-0.015399430309598033,-0.7864972789949903,0.9761919244784559,0
0.3840926212609332,-0.02892757368341668,-0.6502081465249918,-0.06297900052094488,-0.1396069133154546,0.33953002290050377,1.8494175935299764,1.0597736876133725,0
1.3642332822281416,-0.4145580731426279,-1.122930430280249,-0.08653422655354456,-0.2538587313658274,-0.8381700720657298,-0.32970386617490594,0.25220630844493613,0
0.3840926212609332,-0.382882940834909,-0.6331542413515426,-0.10006572069376507,-0.22562716950935632,0.8178514917433575,-0.2701067224938284,0.7295814347538796,0
-1.0861183701898793,-0.26750013929042776,-1.0649870448663663,-0.06806663888866554,-0.14173475081577255,0.07372575899208125,0.44865367382339394,1.6042900775606725,0
-1.0861183701898793,-0.6013554892962807,-0.6976299705599337,-0.09457026377791773,-0.24361793906937976,-0.0078019651423090215,0.8687982339136082,-0.6178472896216002,0
0.8741629517445374,-0.4760292947911303,0.2701043502035977,-0.07680271192482503,-0.12403730938356766,-0.8217935270300802,0.1731841655772454,-0.43874257053859095,0
0.3840926212609332,-0.14808584911568148,-0.13190905186759264,-0.09525472599907127,-0.19158005452328294,-0.39815550380358344,1.1184509148396484,0.014946460367168657,0
1.8543036127117458,-0.4522112297633935,-0.6368941328369482,-0.08034977584133302,-0.2099539200448355,-0.9220049339612377,-0.45287089637432537,0.7010137294505646,0
-1.3311535354316815,-0.04207744261895483,-0.5542175983995835,-0.042405805533718956,-0.00419430105085178,1.2027095256799734,-0.6008765709898137,0.8641695913033447,0
-0.8410832049480773,-0.15324686838368673,-0.5661852511528812,-0.09296621812554708,-0.2646347704250851,0.7568451896972197,1.3742667481733482,1.5459963395058804,0
-0.3510128744644731,-0.33276170610308675,-0.10223924608337553,-0.06478518017584227,-0.11914597952097249,-0.8965540898939369,0.5695282753765369,2.8601976225026315,0
-0.5960480397062752,0.4906235740801566,0.2661151326191651,-0.040175349386436375,0.012390306500115415,0.031039282123954712,0.6065852044099328,-0.2374606961710731,0
-1.8212238659152857,-0.35486980313680494,0.5197795057692699,-0.03392212133956466,0.05235685442074913,-0.011430208659153085,-0.2282308924055635,1.5411732413045363,0
1.8543036127117458,-0.4534844398097828,0.1906690550535845,-0.05932712678568632,-0.01999780068798358,1.9947441622979907,-0.4307387580301693,-0.8167444814527824,0
-1.5761887006734836,-0.33557901221471975,0.09597500264311683,-0.07399303209867687,-0.08259224115937486,0.14988197045039522,1.6727685630802536,-1.7263600339724,0
0.8741629517445374,-0.20667318709217372,0.2073240384685904,-0.04593644119500125,0.02522968247590281,0.2477803352371692,0.7046795464309672,0.3622468726677286,0
-1.0861183701898793,0.14879470326087824,0.09971489412852234,-0.023342704444771177,0.030612450768197748,-1.6160312366541552,0.6620595772009791,0.07242187503002856,0
-1.8212238659152857,-0.3305484026010616,0.1624453406437242,-0.058011056562595094,-0.017203346294932045,1.113804274654946,0.05859273887397532,0.30388433391242403,0
0.8741629517445374,-0.26745255120603445,0.7695045265547475,-0.006385333748124004,0.19951309387812446,0.5443885046912631,2.422152685528232,-0.12727475864607896,0
0.8741629517445374,-0.42702271942067527,1.0231688997048525,-0.042607398864751275,0.04844718209340619,1.85885920972268,1.6270460137190483,-1.2612536057782748,0
-1.0861183701898793,0.061190530825543474,0.3797579685556874,-0.06426216955119848,-0.06694330924056541,-1.3634409824946294,0.8016636808615274,0.7425353421960322,0
-0.3510128744644731,-0.443557977225292,-0.4650087201677106,-0.09681879938994302,-0.29068982468561505,0.06835646045972964,-0.9361052532140279,0.22224801798870308,0
0.3840926212609332,-0.3544421967438667,0.3233105397359668,-0.050293408686847556,-0.025421224857870052,-0.6825017453103935,-0.3495495769948962,-0.6635281659255505,0
0.8741629517445374,-0.3869670509046475,-0.5870787782513467,-0.07874403630975328,-0.16642283621555423,0.09079680710937238,0.8060985101013136,1.5782698240061783,0
-0.105977709222671,-0.4332913055951622,-0.38372841188489737,-0.03779471650972855,-0.0011975244564553168,-1.2287627382492698,1.0495460307649196,-0.5756583451982455,0
-0.8410832049480773,-0.40088336254555923,-0.32817855702167414,-0.05809917857276521,-0.027022400751198477,-1.5846796995605794,-0.7462537541208281,-0.6239712879892156,0
-1.0861183701898793,-0.39761442720992407,0.36654368530725456,-0.044625735533960036,0.037311676348132164,-0.6377155221433611,-1.398641739894025,-0.559335565737084,0
-1.0861183701898793,-0.31168247260550735,-0.6587350991117163,-0.04261135251111759,0.0018612346266993318,-0.04657162176147473,0.6830034933672222,-0.057436720841625405,0
1.3642332822281416,-0.4529669193920052,-0.37265833308809704,-0.05396435338696882,-0.08552767759466066,-0.5401153287115109,1.509754082065976,0.7874084010206083,0
0.3840926212609332,-0.3997218014664005,-0.1310114779110953,-0.05672475576594052,-0.07885305496863405,-0.264323062461052,0.6818092700671986,0.2134474194192187,0
-0.105977709222671,-0.17725826000427147,0.08515424994534353,-0.07381700951555671,-0.11706318188986153,0.8548631182451264,0.502999835657634,-0.6139199708529229,0
2.34437394319535,-0.21331744458672733,0.47335498613043614,-0.08015885164165777,-0.09886595744320746,-0.7900058036227422,-0.30977413964536626,1.4222871402693062,0
1.8543036127117458,-0.2655481126748315,0.3233105397359668,-0.03816159994012798,0.03821918373183516,-0.09817150321725908,1.2479131221331623,-0.5010333008135397,0
0.3840926212609332,-0.1722104912255677,0.26212591503473254,-0.036041330370548616,0.00785188056995607,-0.36267827890301846,0.3759560805747208,-1.126877449725316,0
-0.5960480397062752,-0.3627362507603454,-0.5467876806485779,-0.08313292822044667,-0.20901389132976966,-0.372982165749776,0.0016720956542572443,-1.505281243955329,0
-1.0861183701898793,-0.22121317718527903,0.05683080509587242,-0.035011950132998855,0.06489915701125634,-1.5081780816812151,0.1371534284247744,-0.23297530899979432,0
1.8543036127117458,-0.39243922303214773,-0.05736054825850934,-0.08528808856095742,-0.10370690550574306,1.3272624906723665,0.3358625837533253,0.08219519566533438,0
2.34437394319535,-0.24019716223634754,0.6010598140520832,-0.0597863202633604,-0.06524114438075038,-1.64205480589824,-0.8083293612336128,0.26619511116623024,0
0.3840926212609332,-0.25121769318415077,-0.2396677918670769,-0.06310390539355988,-0.12315343683680628,-0.010292876832575237,0.7152295191015275,-1.2167602327902152,0
0.3840926212609332,-0.4716999230556722,-0.540305202073875,-0.06425562503470315,-0.14035146889658898,-1.061022161859064,-0.03936357733851368,0.9698706129312616,0
1.8543036127117458,0.2922288502442985,-0.11535379889219755,-0.03428127820383029,0.041184734872007876,0.39902554087850084,1.2515918099870038,0.7428417769231221,0
-0.5960480397062752,-0.3970255246655564,0.570642029970785,-0.04996068466041366,0.03753471376875406,2.025869856731649,0.08879038533487373,-0.5304552192374773,0
0.3840926212609332,-0.41872546236005476,0.1965531509906225,-0.061431779210225634,-0.036142850881017714,-0.4490867138545141,2.398688298075507,0.9872334516691305,0
0.8741629517445374,-0.45591692304665804,-0.08972307591221841,-0.046186973319343044,0.02648488342473187,0.47196755369648613,0.5015355618626302,1.981904654632535,0
0.8741629517445374,-0.15316541954693658,0.036236469316239375,-0.055364764110843324,-0.061455848257361896,0.24152021287958753,0.09745000454057254,0.4673437411660564,0
1.3642332822281416,0.2512857097121083,0.013896850843417095,-0.05655430808423439,-0.03479680895329988,-0.22348982389048352,0.3926692056529406,0.8134272857052414,0
1.3642332822281416,-0.528869456421657,0.2921447773575875,-0.04785436474734085,0.018879862526782993,0.12838337293165017,-1.00217760765252,0.6805653568619446,0
-0.3510128744644731,0.9084529035642808,-0.11241175092367854,-0.05337744516830502,-0.04777597089817328,-1.13952536566554,0.34127559589715084,-0.06909386883944839,0
-0.3510128744644731,0.04334133855616244,0.673713439308561,-0.03403374145667446,0.05369635252953098,-0.9538878655487371,0.3759500794526101,0.21878477515060685,0
0.3840926212609332,0.30369071491707655,0.39172562130898503,-0.043005938140182984,0.006426062529069191,-0.7307818872749727,-0.158515856845894,-0.013006458297386392,0
-0.105977709222671,-0.2560863202797776,0.08694939785833818,-0.05562202258046199,-0.04267083228034669,-0.18070297250683812,1.7695546604811616,1.1367141035666493,0
0.8741629517445374,-0.32665510244663104,-0.5019588480435171,-0.05365447494137688,-0.0635321323627486,0.0013697562132282389,0.751158237178117,0.9967370114519923,0
-1.0861183701898793,-0.42479751889755185,-0.17259907122880466,-0.060397340079987975,-0.08609790207778924,0.5646390631971963,0.13493901436593667,1.3446922260105687,0
-0.3510128744644731,-0.1729524535221428,0.22926473518296941,-0.0432260883981098,-0.012221762031886022,0.34691566831813164,1.5188997921626393,0.2599314175209854,0
0.8741629517445374,-0.3784055427023235,0.27793318971304654,-0.027010055855907305,0.11489181017635192,0.8756111210412046,1.5171594667505446,0.8419190915668541,0
-0.3510128744644731,-0.3088669968048126,0.09128767198140858,-0.07165107105380032,-0.0691845842033056,1.4087916909025733,1.0338650986897353,-0.17036868964632843,0
0.3840926212609332,-0.5116599578251788,-0.06219747457963381,-0.05142358677001414,-0.037597436710937106,0.6900769476315535,0.9497713745528972,-0.5926458800022835,0
1.8543036127117458,-0.14226546033218765,0.8303899599371494,-0.02608329275091786,0.10307040857097043,-1.052293269248463,-0.27976252796989864,-0.19834501475990127,0
0.3840926212609332,-0.15184118958314483,0.3145841262700206,-0.031741309955351626,0.006412966526253084,-0.7906169072907542,0.7330168450375575,-0.8824879738213313,0
0.3840926212609332,-0.21205864823897644,1.2071216955669983,-0.05716914603098072,0.043669719896323296,0.5482034743288886,0.9908070475456682,0.7264380783736176,0
-0.5960480397062752,-0.20511284701735344,0.5560315205678007,-0.03755749001467278,0.02538423433010512,0.5511667366804202,-0.9993570802605043,-2.8026360034128905,0
-0.105977709222671,-0.2846913347775239,0.39840756076290956,-0.06244419171250423,-0.08052211787107295,-0.5966350375235365,0.4221767230711118,-0.09795905544627498,0
0.3840926212609332,-0.43372669080958787,-0.27018530638798594,-0.08500714048902422,-0.180730797158952,0.3860019474899267,0.8480523547770172,-0.1825532196525801,0
-0.3510128744644731,-0.3944894000718053,0.19465827263801705,-0.05326997802004172,-0.00610127297511177,0.7885177776308743,-0.19511670059887878,-0.26855565818090477,0
-0.105977709222671,0.21551548546902163,0.29104774252186855,-0.03825209060748976,0.06371437597639268,-0.5402599861015234,0.8547796126630799,-0.8197255861159107,0
0.3840926212609332,0.9471072402682449,-0.385274233698865,-0.09151160136376175,-0.22341136907330347,-0.3697185178995961,0.5374942855497731,-0.04020398665590166,0
0.3840926212609332,-0.5204447639619638,-0.34468394477726383,-0.06742850636815237,-0.13289141820353553,-1.1465161554522663,0.3197135641535086,-0.4729639011509999,0
-0.8410832049480773,-0.21662664676300306,-0.3715114330325727,-0.04787010069669876,0.01917861342817768,-0.8904622424594311,-0.28024861886086305,0.4495724346204785,0
0.8741629517445374,0.21570538022886046,0.7321554769204979,-0.024801397461037714,0.0730143097071199,-1.1588083433637875,0.360941273053821,-1.729533865313334,0
-0.105977709222671,-0.15090544311598722,-0.30683624294496,-0.03921043416732662,0.029645013466756295,-2.0115629194395503,0.07249733880440092,2.8321129817303072,0
1.3642332822281416,-0.41572375242139753,0.7401837773091684,-0.06161014334962417,-0.04289568642198357,-0.051667842567782354,-0.5511692765471227,-1.4233195578872915,0
-0.8410832049480773,-0.535179682169988,-0.010088319882983617,-0.045268816047838466,-0.03364227415886622,-0.04747646849696107,2.5197849411467446,0.026536813244733518,0
0.3840926212609332,-0.3499840168761324,0.37821214674171977,-0.06158254296045464,-0.08109452057807717,1.5237729125731698,0.33941524804284273,-1.3909663291116339,0
-1.3311535354316815,0.09052950000951018,0.6192606192810567,-0.010602924132852435,0.12063132965796648,0.05234451109074429,0.9138006486215329,0.5725560511325506,0
-1.3311535354316815,-0.4536640390705942,-0.3695168242403564,-0.05750516287190999,-0.08179823980809191,0.1679021481776663,-1.2846324220354899,-2.4490652355386033,0
-1.8212238659152857,-0.332158618648948,-0.519461540195215,-0.05714582921423782,-0.06678367922270721,1.1433025734509636,0.871084661437774,0.03800400891333252,0
-0.105977709222671,-0.44533795461269693,0.4189021661029318,-0.043245887545307865,0.06649046467620795,0.07102671779169502,1.0773552306257708,-0.08338678594848317,0
1.3642332822281416,0.2078798858125624,-0.32359095679957667,-0.04035993723391114,-0.02127496564797849,0.14421450056311988,0.6059730899546443,0.18021575803019452,0
0.3840926212609332,0.3554647204260984,0.5239183190131187,-0.05195615846264063,0.04611919454669134,2.4700138030403256,1.2791669660855387,-1.9882049244521238,0
1.8543036127117458,-0.46340014931751167,0.7630220479800447,-0.011985323905688376,0.16851631712852133,-0.4150043995004982,1.804079115983854,-0.9278807715512244,0
-0.105977709222671,-0.38321651500339693,-0.34727693620714495,-0.04321175189548366,-0.011425713916250595,-0.5192485002022081,-0.21994934389283696,-0.39443081410714526,0
0.3840926212609332,-0.3683765827052932,0.007464237488519607,-0.053746734193455395,-0.03938651551974166,-0.3973657925417805,0.8741092269815524,-0.19068933782912723,0
1.8543036127117458,-0.3519262055704358,0.7749897007333424,-0.028779061102135607,0.08887470064714661,-0.7396569133714027,-0.9578893264757651,1.221121052948171,0
0.3840926212609332,0.7162862702734017,0.41331726148472625,0.015171231732889735,0.20228241855970688,0.5424304635907368,-0.5803707367376496,0.05619283724075831,0
-1.3311535354316815,-0.16044822677005666,0.5780719477217906,-0.009838209736451964,0.16006075987624951,0.24455801806984998,-0.0675868546250012,-0.26348902293449694,0
-1.3311535354316815,0.2683149226811732,-0.0010128498783995635,-0.04628578043386104,0.01957625292266694,-1.1444879998004585,-1.3381684323847893,-0.12110619152133768,0
-0.3510128744644731,-0.30359798919145325,-0.2301934001040496,-0.04572539930887994,-0.031373527956217,-0.9996815241104994,0.3375549001885346,-1.3346124006585143,0
-1.0861183701898793,-0.27837172868563453,1.0753777848411135,-0.008718233706869022,0.17502483355858164,1.9677020869405524,0.6165470671136473,-1.7355827074544115,0
0.3840926212609332,-0.30818589234693283,-0.3933523993073409,-0.03432819830223186,0.019225320463320948,-0.7697714821707901,0.5301369098420899,-0.30321492236289554,0
0.3840926212609332,-0.019888583115088312,1.6454868428763303,-0.03020909294691633,0.14715679048197472,0.06763538765339183,1.5983666511521497,0.7391669680831144,0
0.8741629517445374,0.4026231393267003,0.36848842887966543,-0.019964037893474222,0.1295313753525976,-0.7015433813426508,1.5673768565726427,1.226394342438823,0
0.3840926212609332,-0.1574163167009191,0.5252148147280593,-0.025372409899972737,0.10792717378016876,-0.6183476689356675,1.3138894586178835,0.4378479466393739,0
-0.3510128744644731,-0.5707597828643686,0.20547902533579035,-0.01668599922367782,0.11295794461210691,0.49604120036703525,1.2708134041074843,1.2548583013537087,0
0.3840926212609332,-0.27064026649378675,0.48851401295127983,-0.04864976996863178,-0.006029280486901658,-0.3147258302096921,1.0060378954625522,1.2297531968431619,0
-0.5960480397062752,0.036998395999810925,0.29184558603875504,-0.02636152381799056,0.09468690112604743,1.9400570264420927,0.9616655985762479,-0.4066428472644844,0
-0.5960480397062752,-0.3891389436216957,0.1631933189408053,-0.04584778642562227,-0.011811288441129102,-0.04778792471423287,1.3718122892300837,0.4516549907322147,0
1.3642332822281416,0.043729364475062024,0.8336810644443062,-0.04924818017616802,-0.0037408811679361114,-0.2674058885737163,1.9922082930312912,-0.3879903552284878,0
-0.5960480397062752,-0.23790424020851048,0.6025557706462453,-0.042406160156221645,0.039064109540759694,-0.49606936759643017,1.8040311070069688,0.33887128943292577,0
0.3840926212609332,0.33096555094048186,0.9081298376137787,-0.044536503884612895,0.07129708578625768,-0.9417145033504405,0.8439355850090967,0.03836703717621084,0
1.3642332822281416,-0.10290874180568714,0.029205473323677008,-0.050707348297072366,0.016938789329169267,0.2336570504653368,-0.32550308069743594,-0.5425369520958969,0
-0.5960480397062752,-0.15282360897922667,0.9115206725605464,-0.008074865795565732,0.17990396142570858,1.8000921450301028,1.1358721723269274,-0.4892948515765364,0
0.8741629517445374,-0.4365886107503396,0.8429061301083065,-0.048158432405540734,0.07104072874888472,1.1588879311289937,0.8622750141793084,0.7984711884505187,0
-1.3311535354316815,-0.3021378586404997,0.08325937159273807,-0.07353989304665243,-0.0872419028906155,0.06039661376950115,-1.0565177683646492,-0.5946717266124102,0
1.3642332822281416,0.43370959787891883,0.256541010416527,-0.06665831872881062,-0.07607209920008658,-0.6312029874011659,1.2172053802928569,-0.23419205638062637,0
0.3840926212609332,0.1292058004447328,-0.02135785955900557,-0.05897369640307072,-0.0786026400029467,-1.5012743815476595,-0.11815831065162895,0.37084024486646305,0
0.8741629517445374,0.06382297553241768,-0.13779314780463064,-0.05610427164020921,-0.03350543341184934,-1.860246861199029,-0.8125841568100788,-0.21002247456880446,0
-0.105977709222671,-0.3736302614645451,-0.5238995447578961,-0.07685746898013897,-0.1470051889034139,0.29284037417815384,-0.40104520582656733,-2.4020363948450836,0
-0.3510128744644731,-0.2701804008705626,0.5095072704893561,-0.03583165174830195,0.03785208173303488,-0.12137203921237566,1.1473943267794164,0.3466564646007321,0
-0.5960480397062752,-0.478292016688487,1.1779505419808354,-0.0768735825303334,-0.09078739354348773,-0.48894425309040646,0.7527725390258877,-0.8908387714751571,0
0.8741629517445374,-0.372983704125624,0.4745517514057659,-0.04094862759461489,0.04745446452415404,0.33318945332092537,0.5421931641624288,0.8207097692716974,0
-0.5960480397062752,-0.18004147657468036,0.10908955545193884,-0.03461503449904456,-0.007377689875729243,1.0205142810071415,-0.504192492664787,-2.3120928334174478,0
-0.8410832049480773,-0.08780135532173809,0.6695746260647122,-0.01709143025939518,0.11211428899841663,-0.9322748706042168,0.21088321467648302,0.020228178418436188,0
0.3840926212609332,-0.4674304940034404,0.5617660208454225,-0.051768959331367936,0.010931702507355917,-0.8461609167681038,-0.2969077338400868,-2.216834875885969,0
-0.8410832049480773,-0.29385684558945574,-0.3307216832317499,-0.0907349558101593,-0.26408079285433367,-0.6158486387184108,2.020341553486119,0.6894058923397101,0
0.3840926212609332,-0.09751344273759158,0.634369780882095,-0.03375618182500145,0.0642246116653478,-0.9625259782666262,1.6951527485530578,-0.7707928941395144,0
0.3840926212609332,-0.5160170130135772,0.323210809296356,-0.07034425478029559,-0.07175509831829839,0.31690221208217134,-0.4913140846152863,-1.1610434325777206,0
0.8741629517445374,-0.10015503899915681,-0.10403439399637018,-0.03982853750731098,0.03600065373585369,1.738265871757925,0.7651948617949774,0.8595047059015875,0
0.3840926212609332,-0.2332762990012576,0.45470539392321396,-0.04450628102331105,0.004552078191578821,0.9880896222550034,0.4128449781890178,-0.7490925420811154,0
-0.105977709222671,-0.18366938164307114,0.6003617009748075,-0.059927488934257346,-0.05109125164088088,0.3384163086069892,0.05351578956834733,-0.54052551684834,0
-0.105977709222671,-0.34678692124482174,0.5645584731545253,-0.05821631045614376,-0.013963035603253425,2.222079155085896,0.9158770368718252,0.9994929590637743,0
-0.8410832049480773,-0.2652566356579223,0.7796770313950506,-0.041040133439933985,0.05288823396742609,0.13639783516708745,-0.3699293876827362,-0.6408972443722446,0
0.3840926212609332,-0.2935992293249033,0.23225664837129384,-0.0315680637628141,0.05819219792118405,-0.4250949905017781,1.4830310853071564,-1.9236630262694123,0
2.34437394319535,-0.2590564573547508,0.4251851837984131,-0.018236346661513334,0.09500983382607531,0.5999133249229988,0.7405062454316753,2.1290015529810113,0
-1.5761887006734836,-0.23807034092615262,0.3618064894257409,0.0002172762444865381,0.18449308841922157,0.3418135431285582,0.5165383671393087,-0.30914692736131244,0
-0.5960480397062752,-0.2686740549684194,0.5915854222890559,-0.021841279019278244,0.13128636851042721,-1.0830617484945395,0.49438822542882055,-0.682022573125439,0
-1.3311535354316815,-0.13305304780246432,0.5290045714332702,-0.05101224249851607,0.0007491137056081942,0.5385520218330038,1.5688351292455358,-0.6333730317054695,0
1.3642332822281416,3.1378603963792076,1.9765420371644267,0.4298357784858013,0.7789846228317541,-0.5925499423514999,1.030822529779625,-1.7032350904098308,0
0.3840926212609332,-0.28665411446988215,1.3376688410175537,-0.031088017156451268,0.13791409982801325,0.2288375976246143,0.8536514017062736,2.0590485621565087,0
1.3642332822281416,-0.3269792962715607,0.13596690892705315,-0.03730205651175478,0.036062153313715165,-0.17843937957230582,0.5561937820466252,-0.22092618009227008,0
-0.8410832049480773,-0.35967711481600195,0.17301676724247045,-0.04400350419521107,0.033635810451505134,-0.2915216039750344,0.5828267619737848,-0.16620896126134324,0
0.8741629517445374,-0.4899318791000055,0.4137161832431695,-0.045527383119143845,-0.010937127999598178,-1.0112386163054263,1.5736300258119622,-0.11677931796578306,0
-0.5960480397062752,-0.19714985049182268,-0.8882148406561988,-0.09200362259109326,-0.19624089679037723,0.6497160597222503,1.6720964374038583,0.21028879514068308,0
1.3642332822281416,-0.44426424845857204,0.29528628620532815,-0.061237023490262235,-0.03459559431917301,-0.3147833979465338,0.19963711184108487,-1.2287864791270875,0
0.3840926212609332,-0.2761067188996051,-0.13400339109941972,-0.06255296514990352,-0.06125792843555581,-0.40927788578056473,-1.749173283500451,0.8355429653724419,0
-0.5960480397062752,-0.3668622291927953,0.8520813305525013,-0.04161569048783468,0.0839787513267319,-0.9220477407399149,1.1029860231604482,-0.4631384929364966,0
-1.5761887006734836,2.4182393326935836,-0.42591438784027164,0.016539525087401218,0.04025801087787792,-0.7531528574212422,0.9544222441886675,0.45090518070049623,0
-1.8212238659152857,-0.270106044488698,0.4197997400594291,-0.03335954175410517,0.04091384025257505,1.8964922725631759,-0.3691372395641276,-1.0014709989317843,0
1.3642332822281416,-0.3824722648181491,1.1383076922355368,-0.029223396544269288,0.10989798820462296,-1.408254513434266,1.6037616599296434,0.13994456156908222,0
0.3840926212609332,0.4840609942112204,-0.26210714077951003,-0.04851496591183385,0.0068927594216164215,-0.03151839662527629,0.553001185083748,1.1398466088656247,0
-0.5960480397062752,-0.11320652872176641,0.1015599072613224,-0.06344248990704522,-0.07129872795881242,-0.7804237276302307,-1.0936047030085985,0.12049717270984099,0
0.3840926212609332,-0.1679849896358528,1.222031396288815,-0.018121280088147822,0.14162041099895528,0.15929208128028982,2.0856217598060023,-0.5030447623780923,0
0.8741629517445374,-0.49204428671156203,-0.39863811260671406,-0.059805505710385905,-0.09134179051763701,-0.5052469933352333,0.20847676471010382,-0.382091681339859,0
2.34437394319535,-0.3203066689574649,0.4933010740525989,-0.0414047207607785,0.07133864485336545,2.2681495816132435,1.2052331416820674,-1.6596901046917594,0
0.3840926212609332,-0.193229095673319,-0.12986457785557096,-0.06822884955056834,-0.03066675898480634,-0.9121874206860018,0.9561625696007622,0.2560144956975216,0
-0.5960480397062752,-0.37655349682172673,-0.17185109293172354,-0.055267386593409455,-0.036583963808858325,-1.443435043075724,0.224397741669715,0.26670872847056754,0
-0.105977709222671,-0.4160678508777802,1.0893400463866274,-0.06327268366521484,-0.003943108425160317,1.7358613116729211,2.1862485753577396,0.402572266662253,0
-0.105977709222671,-0.45440005285662016,0.20134021209194156,-0.04914125869856582,0.020482436851696116,0.365658394947557,-1.2949783565542874,1.0413453032979036,0
0.3840926212609332,-0.35371853755667365,-0.9277579599618865,-0.08252697540738871,-0.20536581651468924,-0.9160820994977158,0.8951851678342303,0.12298117754831941,0
0.8741629517445374,-0.5283148722073806,0.3303415357285292,-0.0366361142555009,0.0373956125256362,-0.15285716297734062,0.8431674413789307,-1.7069478556879267,0
1.3642332822281416,-0.2163031393046752,0.0005329719355680499,-0.037977796030002405,-0.017388105831930904,-0.872526940241606,0.1840702010860033,0.19555518891937848,0
0.3840926212609332,0.012563744974766129,-0.35904512808122097,-0.055680084315724965,-0.08400079655869466,-1.0175289986272453,-0.29751984829537526,1.6928777599206697,0
-2.0662590311570876,-0.22519273074267254,1.2379384014067398,-0.0264725276831773,0.09029160164560193,-0.7839988316976825,0.37875260347829365,-0.4285158273909504,0
0.3840926212609332,-0.31391819741652555,-0.46854915077389453,-0.028933932213220992,0.0438929991142683,-0.8588966714724694,0.8411150576170812,-1.600403322255762,0
0.3840926212609332,-0.3340632859690182,0.21879303902383399,-0.05008645849925156,-0.015620527441574003,-0.5120200589890327,1.1783901224810343,-0.019786394249230406,0
-0.105977709222671,-0.25782442930447114,0.703383245092778,-0.04363079515955794,0.032882400440083046,-1.102653230218426,0.7575254277375394,-0.19424387971968832,0
1.3642332822281416,0.00932409461414221,-0.20605863371823266,-0.052748803301401845,-0.05421711828624271,3.124420955971708,-0.00861982876554418,1.095549147971944,0
-0.5960480397062752,-0.3362225952983663,-0.037913112534400654,-0.05041044311128496,-0.06278765889167191,0.11163558979816247,0.9826515225972657,0.6370097272889395,0
-0.8410832049480773,-0.3259218341270124,0.2911973381812848,-0.05894398981597471,-0.05809274996805125,0.34787365450301033,-0.2935291020917788,0.38794072730705687,0
-0.105977709222671,-0.150890343050747,0.3750207726741737,-0.028520577948733705,0.10473230709124569,0.006651965092409069,0.5734050002600307,-0.5466659958357679,0
0.3840926212609332,-0.33244346078870624,1.071388567256681,-0.0510745534022336,0.03910065069086494,0.2966073707017446,0.795590545285528,-1.065118388911931,0
1.8543036127117458,-0.26018964861436733,0.5456595548482761,-0.026362096913803194,0.07952560583088077,-0.44837597371889143,2.2619107229290845,-1.2679406451132869,0
1.3642332822281416,-0.276920749689372,-0.12198587312631666,-0.05064091584300024,-0.06393811628958991,-0.7862823519257369,1.6669294712665703,0.2423854813981048,0
0.3840926212609332,0.21377623249999175,0.0530410483906615,-0.04674274068277348,-0.040278214485964206,-0.7586653372477897,0.2512887698476335,0.5182747551366744,0
-1.3311535354316815,0.0943575953367672,0.4072337046684666,-0.04067125638172145,0.017343183096541467,-0.8220518437979597,0.3309956737215708,1.9711072546265798,0
-0.3510128744644731,-0.2691565706895039,0.288404885872182,-0.033705677301592275,0.0542149236694104,-1.1223937976197742,0.7461352979714851,-0.12496668729138669,0
0.3840926212609332,-0.4321425566925709,0.5238185885735079,-0.02387840934713434,0.14740940441450698,-0.2480092514976018,0.9292055290796264,1.268821606254507,0
-0.3510128744644731,-0.20300661670521333,0.5692458038162336,-0.04665697596824606,-0.010314065049087945,0.025056665779866434,1.7007157887496502,-0.9712666707421549,0
0.8741629517445374,-0.16720298928750443,-0.6537984423509811,-0.026586601073429472,0.02284535705119517,-0.6484710943099535,1.8020807423210006,0.0673635072344606,0
-0.3510128744644731,-0.2526489963378275,0.8032134151432027,-0.05646855112408561,-0.042658099440289476,-0.6081471087960617,0.6256087615007611,-0.4112154731853935,0
1.3642332822281416,-0.4176430622289734,-0.26325404083503434,-0.04735932406978971,-0.01759907568111141,0.6270380616461585,2.9207019059943677,-0.3849973876946705,0
-0.5960480397062752,0.7590853460969325,-0.42950468366626093,-0.03958484825124254,-0.022833404070741827,-0.4700406320169876,1.5658825771670855,-0.4040963367444537,0
0.8741629517445374,-0.17240999511783212,0.5549843509518871,-0.028934617146969314,0.10192035246752375,-0.7996262581064816,0.16644490544696144,0.9209149977661149,0
0.3840926212609332,-0.4823509599828252,1.4558494119563679,-0.03025469355453018,0.12686002174223218,-1.869752918256993,-0.5801666985858868,0.762933499548535,0
-0.105977709222671,-0.32601197694071904,0.24901136222591055,-0.07237626701303093,-0.09662188659767777,-0.7902921662111343,0.7557670989591126,-0.9911872250910227,0
-0.8410832049480773,-0.4544229317433477,0.7212349937831137,-0.03464949042148292,0.1437363475391603,1.1666647419379819,1.6365757956307945,-1.7532560422991679,0
0.3840926212609332,-0.33544036616115064,0.17954911103697876,-0.04092504991669816,0.03620263954819021,0.02165647906666452,0.11987019674604082,-1.0472445401766834,0
-0.105977709222671,-0.37473714200442493,0.8229101769663384,-0.026560062144252685,0.10683473495597078,1.6259740966649074,0.5714966434288372,0.12280639068671292,0
0.3840926212609332,-0.41750624648634255,0.5828091436033043,-0.019338052434579544,0.15576325406959407,1.0843473065417888,1.1705646592487187,-0.830503693535082,0
-0.3510128744644731,-0.5142631175570417,-0.35789822802569665,-0.037614478977285606,-0.024284653809183484,-0.5611991433058323,0.7114968211486898,0.215827170814027,0
-0.105977709222671,-0.43109058548083723,-0.704162314354442,-0.0780373184400877,-0.170187643272278,-1.0161318739369716,0.7179420262955509,-0.05935244909969697,0
1.8543036127117458,-0.5724336022173576,-1.2968104517417027,-0.08051190761320778,-0.17107848401089928,-0.5150216998317919,1.0386119862792764,-1.5233778614151217,0
0.3840926212609332,-0.3890197446218451,0.6001123748757804,-0.03826296741836151,0.050804982517777784,0.6878650180505971,1.175563593966908,-1.6262960912564075,0
-0.8410832049480773,-0.3606046248839377,0.243675783706732,-0.02423142188035233,0.053998274402962176,0.005116087395388626,-0.14642959691500185,0.835516037183683,0
-0.105977709222671,1.3539098615051492,0.2935410035121389,-0.02592913138876909,0.0773670016737086,1.043067548986743,0.28397088086234984,-1.0877804017332464,0
0.8741629517445374,-0.5178837013816796,0.9956931635920733,-0.020795427346316155,0.1288379176611573,-0.5222339039909865,2.5562237546027413,-0.3723986642345595,0
-0.3510128744644731,-0.43267357565351783,0.5332929803365352,-0.037240128398424485,0.05377677848987527,0.9842539872759476,0.44340269197655646,0.40753615739523025,0
0.3840926212609332,-0.03343242648007522,0.10744400319836041,-0.05016736268225865,-0.02248995245410349,-0.026564619065256492,0.136211252253399,1.42901329197311,0
1.3642332822281416,0.21247305111198936,0.0769264886774514,-0.0384674736966129,0.021887648634049975,-0.5733326509170846,1.0217848398809537,0.18805113477794932,0
0.3840926212609332,-0.16196326664915636,-0.07875272755502889,-0.06351240524717512,-0.046220130431516515,0.9217044270537071,0.5855572725341402,0.6477166972977259,0
1.3642332822281416,-0.3393462497032814,0.10365424649314949,-0.067189239383783,-0.058412816911458006,1.142520242668243,1.123425845069395,1.1964552111788815,0
0.8741629517445374,-0.35700806389036366,-0.8044911366029207,-0.08156489659500228,-0.2100764687490442,-0.349136575882869,0.8680420925276636,-0.8028955363382531,0
1.8543036127117458,-0.3914506263366494,-0.9927323413683317,-0.0980526002241094,-0.26477710500169355,-0.34043203885323947,-0.03784529344451382,-0.206223466007104,0
-0.5960480397062752,-0.20670041296737954,0.10918928589154965,-0.07645721880261462,-0.14760353538110443,0.11846622318880361,1.3359855902293754,-0.3903911441995119,0
-0.105977709222671,-0.252076795380771,-0.6255248627213154,-0.07079499477245563,-0.14109584553288015,-0.16773842295092214,0.09735398658680179,-0.4479737871834916,0
0.8741629517445374,-0.24450045204093618,1.2331513403054208,-0.030749742558191972,0.06939241056527813,-0.28220596327739284,1.3038195757161768,0.41344276916899764,0
-0.8410832049480773,-0.4225098590136621,0.6784007699702692,-0.05820591747588501,-0.09191958537146462,0.19142668720449454,1.235808858835938,1.3061468466050772,0
-1.0861183701898793,-0.473881424905146,1.4859181394990284,-0.037171370203491434,0.14546925155881252,-0.7586003890318658,0.3988143546942681,-0.4587708140206886,0
-0.3510128744644731,-0.48503739886237646,0.3377714534795348,-0.07427698021116397,-0.15339694278426014,0.7087156095059188,0.4709538435866488,1.2075402256277117,0
-0.3510128744644731,-0.31103614405545355,0.9290732299320497,-0.038049325609441624,0.07663682204508299,-1.8914249570341715,-0.7651872943799962,-1.1028702303146338,0
-0.105977709222671,-0.4263560286614339,0.7342996813721303,-0.056582158613033104,-0.03483518362105044,-1.5500098990716147,0.15383054677033017,-1.866694959826804,0
-2.0662590311570876,-0.25350009092409315,0.6269398631310893,-0.04637978134744304,0.06185818509470937,2.1061340428471547,-0.7622107378131032,0.04247382175025315,0
0.3840926212609332,-0.1445446550279882,-0.5237000838786745,-0.023388503878720837,0.07183423509596686,-0.9303869440549721,0.7914017620522794,0.4437122732194488,0
-1.8212238659152857,-0.2550297732906985,0.6216042846119108,-0.0562549543464312,0.013664731072574461,-0.19502922045343293,1.6855269486875408,0.3074289689446335,0
0.8741629517445374,1.323490551289907,0.3045612170891338,-0.05109642654657728,-0.04201044451069765,-0.6504689899975241,0.31679101768561163,-0.8668988165868766,0
-0.105977709222671,-0.20117127241192767,-0.4941798737538736,-0.021158620243718042,0.0738068881966213,-0.8081359504883392,-0.13897620325354798,-0.8036501804607237,0
-0.105977709222671,-0.27447545427592934,0.6736635740887555,-0.0232990482570844,0.12866155810129606,0.2995049467894439,1.091139808113983,-0.00683799548082729,0
0.3840926212609332,-0.4061514550034495,0.42498572291919146,-0.04232821964625144,-0.007626785263419522,0.39031362336978903,-0.6849882984929838,1.1341872605411043,0
-0.8410832049480773,-0.2542782018616978,0.09442918082914921,-0.04126029517206234,0.02147480831009191,1.2663203987942444,-0.5574584525191063,0.21792503989953366,0
-0.8410832049480773,-0.40309048874816794,-0.2194723778458871,-0.030877946673793368,0.04241050549397739,0.127963423671869,0.5820886239541722,-1.2401647499007638,0
0.3840926212609332,-0.28799115661024133,0.49918516998963686,-0.05987186577495107,-0.03860472005353556,0.0206291163784125,0.8066446122133847,-0.5772383340481775,0
1.3642332822281416,-0.09998436250416913,0.058326761690034624,-0.03784732428728078,0.07272811375772172,-1.3670175626578975,-0.6850003007372052,-0.5881553308722121,0
-1.5761887006734836,-0.26383539921440563,1.056827923073502,-0.05674482844633823,-0.012101192495144604,0.931612720221655,1.0669372826416452,-0.3426268974440799,0
0.8741629517445374,-0.44403843384657093,0.03987663036203408,-0.04267438984911223,-0.025994650043711463,0.4281621961994874,-0.23524620415293832,-0.5759830905706099,0
0.3840926212609332,-0.203840323337566,0.2991757733501499,-0.05630926111666512,-0.023762746198827695,-0.338606846376194,1.2244007257035519,1.2263169664962597,0
0.3840926212609332,-0.323890875352206,1.1319748093202502,-0.03890615155121095,0.043608284920114836,0.760402580614874,1.4962155505843013,-0.6519761390648686,0
-0.8410832049480773,0.011239057433239823,0.7146029195489946,-0.0505083166448119,0.0141394922898979,-0.9420178410407218,0.9753181513780252,0.7018402191977404,0
-0.3510128744644731,2.088833239789641,-0.26739285407888314,-0.03355515382335593,-0.023093010126410404,-0.1932756186234855,-0.803432445591305,-0.22364220997414908,0
-0.3510128744644731,-0.18879150680363954,-0.1910492025568052,-0.06208648480390517,-0.07234811168107486,0.4426545049254333,1.730487355540691,0.2533273711499311,0
1.3642332822281416,-0.4865405417203778,-0.07266917073876926,-0.0565750846043469,-0.08473905764657427,-0.6312325093174949,-0.11719212999181086,-0.7796262246384369,0
-0.5960480397062752,-0.39268242559806177,-0.4628645157160781,-0.05289088024614474,-0.004286160670818975,0.514021523507262,0.5861213780125434,0.33019834683408883,0
0.8741629517445374,-0.04941378643701744,-0.10518129405189454,-0.05907690537157234,-0.0333984052127528,0.9408080591102554,0.9204979008970422,-0.7921482034942882,0
-1.5761887006734836,0.05467370873006243,-0.15235379198780946,-0.03912842220694117,-0.030338018557906805,-0.189236282421759,0.4435467189072126,-0.016080725018460654,0
0.8741629517445374,-0.3919484709118413,0.14763537036151836,-0.005654140642645849,0.17153839521613265,0.902094494132115,-0.5574344480306636,-1.1358996392211438,0
0.3840926212609332,-0.3247458593492153,0.24317713150867795,-0.044193281787797765,0.06848887859117711,0.14920296637482636,-0.3632021297966736,-0.34996348696382024,0
-0.5960480397062752,-0.3544156572352627,1.0905866768817625,-0.05922298826515484,-0.030886888274878132,-0.11292360480690089,0.32398636309630663,-0.6274956608417982,0
-0.3510128744644731,-0.37442530277832814,-0.19239556349155118,-0.05062667736894287,-0.03464541496745237,-0.4544493699556917,0.7329088248395654,-0.21504204015349992,0
0.3840926212609332,-0.20607009963803496,-0.12622441680977625,-0.04356774677697437,-0.03917757420079905,-1.1223657517992616,0.6689248608955871,-1.5302942203132355,0
-0.8410832049480773,-0.102275454221068,0.5781716781614014,-0.05528478155141552,-0.022168803400833548,-0.1563850319786658,0.631963949815962,0.5500652114692383,0
-0.3510128744644731,-0.2362940241606241,1.0321446392698257,-0.03693503341489601,0.05557831577447382,0.44526350428101585,2.1470612479750555,1.0205395696929804,0
-0.5960480397062752,-0.31482946347488466,0.8184721724036571,-0.06061933706619077,-0.010447532659054992,0.5081319011996104,1.48869614457963,-1.6366514451693253,0
-0.105977709222671,-0.45729812143840143,0.527757940938135,-0.02822715831005726,0.0959972944355874,0.05274158086537043,1.4127099364143092,-0.009166864877746263,0
0.8741629517445374,0.6020506161094409,-0.3993860909037952,-0.04005304704541197,-0.015530948320959422,-0.9020045736961936,0.7115148245150219,-1.1025230320425765,0
0.8741629517445374,0.11661463392308188,-0.2006731899792487,-0.02961269716537654,0.0475531165917842,-0.9948399298325301,1.1613829424193916,-0.31840929884874347,0
0.8741629517445374,-0.18357351910768263,-0.3691677677017186,-0.043968816106077085,-0.05356220747455124,-1.2934393525430206,0.12218062875864931,-0.34890356492431784,0
0.8741629517445374,-0.22671966764287058,0.040275552120477336,-0.08914965078494008,-0.13717238078469485,0.2801828525520603,1.8588513574879517,-0.9713927407886864,0
0.8741629517445374,-0.3505541587333834,-0.00250880647256177,-0.05852541582395928,-0.04626913791518723,-0.32564008267655337,1.0375437865435768,0.5903637398145406,0
-0.3510128744644731,0.12207124840760733,-0.681972291541036,-0.07845825987528579,-0.23086264670421996,-1.238949275478619,0.19609044867367809,0.8189596357630231,0
0.8741629517445374,-0.20436905440984013,0.17541029779313,-0.07547669157460211,-0.12067106315370056,1.0913388343764234,2.368268610096514,-0.6584987578947273,0
-0.8410832049480773,-0.36758611716885564,0.04605991761790453,-0.08467165020578189,-0.15249544948233204,2.6643241041267043,-0.5430677616977163,-1.1410613972340422,0
1.8543036127117458,-0.38556915092559296,0.32510568764896147,-0.066849330608241,-0.1022015039114057,1.4194727202304347,1.0368116496460749,-1.257377152682511,0
1.8543036127117458,-0.2548467421968779,1.3698319077920411,-0.05168668458001742,0.006026778907679575,2.3556554938042726,1.8618219129327342,0.908423909802847,0
-0.3510128744644731,0.9047538451581673,-0.28823651595754324,-0.043171678502960754,-0.030349983138144875,-1.1348092395319693,1.4499769047215785,0.6016094745808376,0
-0.105977709222671,-0.35091267088840444,1.124943813327688,-0.015979490714451483,0.20132092301381146,0.8754546548846605,1.6556233572100654,-1.367566187137323,0
-0.3510128744644731,-0.25030802864786256,-0.36308421088545895,-0.0501007589222966,-0.06315883516266894,0.9061124269445029,0.3369067790005821,-0.43532135689986545,0
-0.8410832049480773,-0.1859984523119378,0.3492404540347784,-0.05423419627362954,-0.03537373906353428,1.989453096843911,0.4598337643155747,-0.022729646720433382,0
1.3642332822281416,-0.15788716418977247,0.7980274322834403,-0.058902666148405176,0.025233679463852472,-1.1243880030678037,0.7396660883361814,-0.4496377345098345,0
-1.8212238659152857,-0.47612904673726253,0.2260733611154234,-0.055451778855187935,-0.0515314342373273,0.08991041157159171,0.7576034423249781,-0.11738020504066324,0
1.3642332822281416,0.015163244084752635,0.8756675795204588,-0.03141891310496222,0.0871472392908208,-0.07109990594349173,-0.03622499047463255,1.1349548370642824,0
-0.5960480397062752,0.6361223118018727,0.3615571633267139,-0.03660321504914276,0.012222963081852794,-1.1020436026462304,0.6675446028101327,-0.011611065807648578,0
0.8741629517445374,-0.04003390045644828,0.5578765337006008,-0.020225016219255012,0.08619533457252386,-0.7657579776458515,1.250109532825668,-0.3809531586096989,0
-0.3510128744644731,-0.0687276850346975,-0.12866781258024118,-0.04038102530117811,0.011548750220856437,-0.8249907505685198,0.05094730930497998,-1.0591078237049416,0
-0.5960480397062752,0.6490584919353755,0.0017796024307032221,-0.03257932849141148,0.02113572070657083,1.7721998384823872,-0.05539857561822762,0.38695448892113593,0
-1.5761887006734836,0.09176358715959532,-0.03083225132203288,-0.047504338130795326,-0.020227620531400987,-0.4318127025624605,0.45856752755022306,0.11598581995663616,0
0.8741629517445374,0.193263480237787,0.6160193799937053,-0.049202353524602886,-0.019870067364528635,-1.6438076696802792,0.07731023873715936,0.5353414190851032,0
1.3642332822281416,0.15095172470155355,0.048154256849731625,-0.0821364878446435,-0.2224665174170049,-0.09492261632524371,1.52498492998286,0.5841056060952814,0
-0.105977709222671,-0.07907351761290468,1.0527389750494587,-0.02767858044537015,0.12626274335598123,-1.2852817090133872,0.45580101025720354,-0.16974807341067,0
0.8741629517445374,0.10122171893277276,0.04306800442958012,-0.037005217777841666,0.01923619158844623,-1.2572321982612191,0.5451157106303258,0.1681691854380729,0
-0.3510128744644731,-0.1820429215856082,1.128982896131926,-0.033986341585992404,0.10424154541307963,-1.176833687426416,1.2453926508466802,0.15083954912669706,0
-1.5761887006734836,0.37508290821725515,-0.6665140734013598,-0.06979880440645884,-0.08728395508915315,0.8312655124753837,-0.27793818684825455,1.3951620898513435,0
-1.8212238659152857,-0.16818495110585174,-0.07855326667580727,-0.06869741299989153,-0.10424389469176784,0.018351500533623895,0.7060358000279789,0.6907348352560753,0
-1.0861183701898793,0.22636007777788983,-0.15958424885959346,-0.054430096271493464,-0.07715566785198479,1.918416723724968,0.23685007004935812,-0.6157296542131772,0
0.8741629517445374,-0.2837963127287414,-0.12173654702728963,-0.060946137845594626,-0.06804389141735168,-0.8827894964055029,1.01620979744014,0.5054721537218676,0
-0.5960480397062752,-0.32576808800820317,0.07657743213881354,-0.05232322348981969,-0.04926781502142188,0.26865971056091176,0.2758093547918367,0.8868177322947991,0
0.3840926212609332,0.9558300446219982,0.22951406128199645,-0.03549776525110426,0.037095721268522494,-0.6390912434442962,0.10675774493422385,-1.171724432180836,0
0.8741629517445374,0.18684732524390726,-0.5362162540498316,-0.04704238956476614,-0.04899166037281922,0.8792637201390201,0.8760835961559633,1.4375560334114312,0
0.8741629517445374,-0.1131877680346498,0.04825398728934244,-0.055357295008168515,-0.05568788083990734,-1.37746094055931,1.4809306925684214,-0.7979837936066639,0
1.3642332822281416,-0.6337176745724286,0.7677592438615584,-0.061853235364446334,-0.03995118248586256,0.44803856441594947,0.4849844670813985,0.1728872118634258,0
-0.5960480397062752,-0.2959344772931864,-0.3334144051012419,-0.07922903430697106,-0.1877457740774649,0.19933708468487182,0.0033524098452452317,1.0103263101940263,0
-0.105977709222671,-0.07255898340609639,-0.3412432446106907,-0.05620008984524256,-0.08848155195439066,-0.8432360329078001,1.5818095552488074,1.110159695555068,0
-0.8410832049480773,-0.3071659515766178,-0.046739256439957674,-0.04452973419565702,-0.015532720893695461,0.16287604192264027,0.7534686691907255,0.6431749537438054,0
-2.0662590311570876,-0.3073192401176925,-0.9693954184994013,-0.07135138194064043,-0.148223219183964,-1.0661220729049128,0.676450268022369,0.18372185259924356,0
1.3642332822281416,0.7713200595633678,0.37651672926833596,-0.04084601807673279,0.030521800964111438,-0.3816468481923613,0.4378576551462961,-0.9051695662905953,0
-1.0861183701898793,-0.1749740319533909,-0.0614494962825527,-0.050361225581514735,-0.017394174092083936,1.5919205661793123,1.0146074978365909,-0.9151603633918819,0
0.3840926212609332,0.005401738273567605,-0.09565703706906183,-0.07312693578995125,-0.0972491980505412,1.8153837596406586,0.35449006678484923,0.7687607642874571,0
-0.5960480397062752,-0.4447092428054233,0.5356366456673893,-0.054662804788837074,-0.02818132560806028,-0.8613167305635457,1.252353952495059,-0.546042523225704,0
1.3642332822281416,-0.21498828968444178,-0.4113537436570928,-0.06662451186729777,-0.1031865578583405,1.414402331100915,1.0131852318963617,-0.5273877779214651,0
1.3642332822281416,-0.4199240872357121,-0.15305190506508515,-0.06488296568086298,-0.0721460250857414,0.20860844250801974,1.1593185564133206,-0.7913723168608835,0
-0.5960480397062752,-0.4814211620262167,-0.44496290180593706,-0.056640399390624215,-0.06484670755413743,0.5422998291109806,0.7940122501704214,1.7585247461309994,0
-1.5761887006734836,0.04521283149047767,0.09487796780739788,-0.04519051276570947,-0.019085622075841194,-1.1452481891459323,1.513642809193691,0.030463925381004304,0
0.8741629517445374,-0.031628197472739046,0.47854096899019843,-0.04792079018157342,0.042616761552457,0.147696610594135,-1.6156483165380127,-0.7181819083669126,0
-0.3510128744644731,-0.04895346323605873,-0.2564225057216936,-0.06364429734920876,-0.13098120348267822,-0.5091918594047067,-0.9248291447680764,0.5482108925601041,0
1.3642332822281416,-0.24263742429471016,-0.1657176708956585,-0.034083432460182014,0.013148136772871551,1.4373312654658041,1.2464068404833837,-0.879427226631794,0
0.8741629517445374,-0.25731034071970266,0.5393266719329894,-0.033828161203655706,0.0971508202425179,-0.7304918344470395,0.4859146410085526,-1.036519025371631,0
2.34437394319535,0.2242616262872371,0.6536676209467874,-0.04276925985496097,0.015392484295508395,-1.7221101244557175,-0.4605823382865381,-2.0023495168594403,0
0.3840926212609332,0.46020792448679043,0.6062956621316509,-0.015611172099955745,0.07254351328104121,0.2774970962140222,1.1195971291627866,-0.7749585733819928,0
0.3840926212609332,-0.4269689540368655,0.001430545892065374,-0.07949842632991072,-0.15544774840008482,-0.5033878506544094,0.7997133161755592,1.0566021841445699,0
0.8741629517445374,0.8519891838538416,0.5116016097211832,-0.042510178812952194,0.043111607868526955,1.0564048127363135,-0.01222050203194701,1.1191168959775981,0
0.3840926212609332,-0.6054862722949435,0.00437259386058438,-0.03356363743246179,0.0018867580672800813,-0.46793867157435703,0.8231777036282844,-0.8174492626967862,0
0.3840926212609332,-0.01597720864014294,-0.11934301647663009,-0.05819079728447992,-0.030794549287676894,0.7152126452420413,1.8396957757106887,0.8944354424213404,0
0.8741629517445374,1.7601263256640935,-0.09121903250638061,-0.0482120729178057,-0.034573106487144234,-0.6654860507862195,-1.5116848770927418,-1.7572454624142815,0
2.834444273678954,-0.48244453462954096,0.47809218201194975,-0.061448477576240564,-0.05752869852648097,0.6294994514200956,0.9059691842671067,-0.5582643434265565,0
1.3642332822281416,0.6134044924368648,0.4372027017715161,-0.03822557041587178,0.017581058938442324,0.8041142060275278,-0.6165755064313301,-0.28038802590892453,0
-1.0861183701898793,-0.6348732871410381,0.16304372328138908,-0.06481915843077603,0.04267210328159212,-0.4352202697547447,0.4005366767400308,-1.2695476891759145,0
0.3840926212609332,-0.19277952554912225,-1.3552524893536397,-0.07562876457342131,-0.1997035103486828,1.5718021182489519,0.34787082909677874,-0.9051864368661761,0
0.3840926212609332,-0.2902369481314196,-0.47348580753462977,-0.06347903333446427,-0.09576919364918117,1.372439141182851,-0.09202942498176575,-1.3979382548494244,0
-0.5960480397062752,-0.2227122018436694,0.5676501167824606,-0.0434232972959288,0.06372387805026622,-0.8292537152864391,-0.1454754184994051,1.382668812256797,0
-0.105977709222671,-0.5765321259857344,-0.3570006540691993,-0.032967896130113174,0.02090118987600237,-0.9934398529506234,0.4473214247148249,-0.3975711224904965,0
0.3840926212609332,-0.46479255836375155,0.42747898390946176,-0.0810289375587955,-0.09483005686087567,-1.1235591752668648,0.10994434077499035,-1.5042912744486499,0
-0.8410832049480773,0.32749024804656396,-0.8554035260242411,-0.05243196395811272,-0.11680327588032652,0.7288215106218395,0.5129136893844631,0.7304350406427575,0
-1.8212238659152857,-0.36206040844641296,0.4967417742191719,-0.054501455592096563,-0.028044740788848662,1.0132445091111053,-0.40478990602362624,-0.5583770069810562,0
-0.3510128744644731,0.08190461729095083,-0.1723497451297776,-0.0467301693694242,-0.0812600419732865,0.6170065144775367,0.5633231151141027,-0.7394162736574325,0
-0.8410832049480773,0.1287235135125156,0.10918928589154965,-0.0697437930901325,-0.0850267061310257,-0.0006052599891872844,0.8141400137296132,-0.17314028909991358,0
-1.0861183701898793,-0.027604258875094028,0.10539952918633873,-0.03553641439661904,0.01981342909936187,-0.07782130824371526,1.552434062517071,1.0380039175008624,0
-0.105977709222671,-0.06479983776130828,0.6280368979668083,-0.024418676864982145,0.046799230582892475,-0.5291198909747447,1.6529288533823738,0.16558713672624947,0
0.3840926212609332,-0.34989661952883305,-0.3844265249621731,-0.057568847461767186,-0.11762776935474356,1.9841819586833538,-1.3445776307989863,-1.5452680599055344,0
-0.105977709222671,-0.05457800874916455,0.8525799827505555,-0.05567367680861109,-0.011013340811066717,-1.7274070942930628,0.4148733574624247,-0.6830251000661534,0
-1.0861183701898793,-0.37623387877414255,-0.6833685176955874,-0.036085668176367554,-0.01976923486296276,1.9632737994911902,-0.3180256825475394,-1.0137420534181845,0
1.3642332822281416,-0.22056456074655242,0.04521220888121262,-0.03109125114182777,0.07175381248683758,-0.45537488203260834,-0.5785764012265588,1.6532832169295755,0
0.3840926212609332,0.1684156365184423,0.23764209211027779,-0.032488639344042204,0.04415771542590164,0.6956064025599904,2.6752860172784616,0.16309864354170428,0
0.8741629517445374,-0.4262064007422356,-0.3722095461098484,-0.06915990631634054,-0.09962109752472312,0.2557903691851571,0.9664424917763423,-0.6338052393566018,0
0.3840926212609332,-0.4382784453240379,0.1624952058635296,-0.052245908037777636,-0.06108870667371056,0.3380760685212965,0.47709299150586565,0.391736523779026,0
2.34437394319535,0.27641313342726387,0.35128492804680006,-0.04429051056064155,-0.015556434804524668,-0.8888924145586322,0.8578761916721863,-0.5164412487315974,0
-2.3112941963988898,-0.38880445429773863,-0.022055972636281267,-0.04992817694961962,0.013664279081874202,1.316448612721024,1.5480532433762808,0.16956214074294385,0
-1.5761887006734836,-0.03381084326654923,0.6751595306829178,-0.015686116646324216,0.10482001999713737,0.9779503200917805,0.5907362409156496,-1.1386951146765845,0
-0.3510128744644731,-0.2065894503667508,-0.24570148346353113,-0.082820865359017,-0.16652395074371804,0.8403501441777501,0.5533492501661669,-0.8332675644547457,0
1.3642332822281416,-0.38119287747234337,-0.19927696382469734,-0.04980720998909323,-0.07095102958161059,0.20183832904585322,1.0707539963040322,1.0978328381752258,0
1.3642332822281416,0.5701286206139315,0.7646177350138177,-0.044744651680405104,0.0029637971563986607,0.1742619070028586,1.7352282420081213,-2.168380388081972,0
0.3840926212609332,-0.4399849814850474,-0.6575383338363866,-0.0691458378414517,-0.12631471151192986,-0.18894622959382576,0.6754960896067722,0.5732258649302502,0
0.3840926212609332,-0.3404652560531269,1.189419542536079,-0.050046923475954005,0.00895985415135765,-0.7397026723417128,0.9701991942176226,2.33045270961951,0
0.3840926212609332,-0.13515058413764794,-0.6552943989451433,-0.07863770800793296,-0.1529493045107674,0.5124915501935075,0.791683814791481,0.05007100706576753,0
-3.046399692124296,-0.12467525706056272,-0.06758291831861775,-0.041101404992481945,0.0249901614833373,1.4613274171059893,0.43938194016240667,1.4912172060828786,0
-1.3311535354316815,-0.39862567400328264,-0.910654189568632,-0.09294532476964139,-0.2472412427853167,-1.3358224917208659,0.430080200890866,-0.37622470310466327,0
-0.105977709222671,-0.385108598935767,-0.41180253063534145,-0.06006360911033681,-0.06654765191755474,-0.3230296072251544,0.6586029308652324,-0.519540707603868,0
0.3840926212609332,-0.169161879569119,-0.6519035639983756,-0.07624303821817341,-0.16341201127462415,0.7300939052156229,1.1656917480948537,0.3080723844337623,0
0.3840926212609332,-0.041735632051244934,-1.0465369135383658,-0.06221262105527477,-0.10980559022438649,0.30542925734878223,1.4204813895476285,2.1762063320053553,0
1.8543036127117458,1.506030206623559,-0.5788510169834545,0.006275485549679437,0.042126184889805664,-0.41580739562464925,0.6078334378089524,1.1395685465552667,0
-1.0861183701898793,4.1575183836543275,0.28217173339650614,0.08639476838847504,0.10160471341112921,-0.3854160588596767,-0.5161887357640191,-0.031653975955363844,0
0.8741629517445374,1.6721743941504996,0.2658658065201381,0.014738943775718844,0.053811167529058936,-0.05168850790921271,-0.2579424479754975,0.3566739345251229,0
-0.3510128744644731,0.16929144030237367,0.17720544570612465,-0.024407125166684897,0.09097592751391789,-0.7775682202733004,0.3875502484925379,-0.4038641853723547,0
1.3642332822281416,6.185672206947919,0.9821796890248079,1.4975988113176932,1.535653434054617,-0.27323203876126045,1.0846826007229007,-1.5591140969005903,0
-0.8410832049480773,1.1359253196976766,0.6047498403176833,0.008469702103754754,0.20067456467693767,-0.330742945914035,-0.08144344557854143,-0.8792054866383059,0
-0.5960480397062752,-0.3964819223169093,-0.5409035847115399,-0.07176275011330015,-0.13057330115985114,-0.6079360270943088,1.5358409598810645,1.1966259505196482,0
0.3840926212609332,-0.3427712190463986,0.02596423403632556,-0.04421691083600316,-0.028305589744830044,-0.9505799348240636,-1.3290107200439047,-0.33058398313433085,0
0.3840926212609332,-0.43490518226492497,0.45789676799075996,-0.050548076018405934,0.03543767166262667,0.2609943449860659,1.5893469646198106,-1.8579616428578807,0
0.8741629517445374,-0.5006270722785426,0.22642241765406124,-0.06983600746768578,-0.055098276540258694,0.32515137355242485,-0.15575534067498517,0.6098094243532449,0
1.3642332822281416,-0.07168089173349225,-0.2677917758373264,-0.058795649595764124,-0.07393042717326413,-0.24083616387754334,1.3329790280519291,1.5521387081416695,0
-0.5960480397062752,-0.42194955507770393,0.5274587496193026,-0.03680327875497514,0.060307178616822436,-0.7774781784284966,-0.07027535733058198,0.18048142845704176,0
-1.3311535354316815,3.9148292199584245,0.8872861757351187,0.5518459091977217,0.7552145935683904,-0.9718696647847803,0.9736498394312586,1.291702047054597,0
-2.0662590311570876,1.4102719989585182,0.3500382975516649,-0.011052316504333767,0.17176515959904917,0.23648820224129566,0.9627638039225007,0.9514427902366825,0
0.8741629517445374,2.1058697740024592,0.9697133840734562,0.06899346921677017,0.1887016419288146,2.5962473031197515,0.02438034172103776,0.9956457085976821,0
-0.3510128744644731,-0.4349671840479567,1.0320947740500201,-0.05786207327035443,0.03817695691279131,0.7996039952603525,2.473522290795579,0.22104054051281075,0
-1.5761887006734836,2.255745242755159,1.0115503034901927,0.1140914567923591,0.3465400314244246,0.9145955496016643,2.564481298627025,-0.9036803719826563,0
0.3840926212609332,0.8337871991511214,-0.22475809114526024,-0.05195518459033728,-0.09518291503800043,-1.7411495463442501,0.5916664148428037,-0.9735998958480367,0
-0.5960480397062752,-0.3369940713588199,-0.33830119664217173,-0.0689517801854337,-0.11426976214149279,0.4860627926478059,0.6544201487540944,0.5829187482652594,0
-1.0861183701898793,-0.39665854732244615,-0.39200603837259496,-0.05729885410346114,-0.06781196548597898,2.386084471012565,0.8707966075764618,-0.34230981640791697,0
-0.105977709222671,2.8136185257874127,0.6805948396417071,0.207119390594454,0.45698590442586073,-1.037986210547482,0.6936554851136638,0.7459206271759244,0
-0.105977709222671,1.0760036850472325,1.0963710423791897,-0.009895372597178414,0.12114963046416548,0.4090607782866637,0.2229094633862685,-0.5808330196589359,0
0.3840926212609332,3.02541661662375,1.2473130627301563,0.32509958915843357,0.7478475044429893,-0.8953798556719478,0.8209152805925612,-0.2836559884717073,0
0.3840926212609332,9.330070440881208,5.481518472066671,5.276438198486991,5.375413446125504,-1.5331233629313803,0.8372443338556981,-0.9902536312955927,0
0.3840926212609332,8.058625729391835,2.1436902539521503,3.121767789645318,2.861076016876669,-0.2688244166533286,1.2078736354107626,-2.2890313795833257,0
-0.5960480397062752,6.007387109390126,3.5761185580822685,1.7121704685737433,2.360961361818093,0.3058957036267817,0.5248559223846991,1.6274896250718887,0
0.8741629517445374,5.808773663397152,1.5893884705952477,1.989075793920452,2.04217035052738,0.7573470622748141,-0.18355853941372569,0.4569548276996009,0
0.3840926212609332,4.679536790562602,-0.43479039696563404,0.26956483842117024,0.27444105115557343,1.6207922623012454,0.34949113206666,-0.6741071947004939,0
-1.3311535354316815,-0.5515188679153494,-0.4559332501631266,-0.06358650224152991,-0.10078126558481686,-1.1456976603220426,0.32589471992750013,-2.175572838574501,0
-0.8410832049480773,0.2698496384028586,-0.028438720771373348,-0.027577276881458265,0.07502667554176708,0.3646302942113967,0.5118034817939889,0.6346857682273336,0
0.3840926212609332,-0.2843069694805007,-0.9028752152789885,-0.0646169753031207,-0.1114406972505557,0.7640492753294237,0.46835535771272807,-0.9197313361120313,0
1.3642332822281416,1.5910138313731177,-0.1504090484153986,0.0019797727955346792,0.009699298319397993,0.6206377101860137,2.310297770507428,0.2258889879467912,0
-0.3510128744644731,-0.46776841516040657,0.1848846895561573,-0.0569085957196299,0.011010579404908266,-0.3537294480157658,1.179764379444378,-0.27583923882303024,0
1.3642332822281416,-0.27670706088733654,0.5509452681476492,-0.0413722688203355,0.01886752405111508,0.6494149361756937,-0.04560474433361192,0.02045664007407138,0
-0.3510128744644731,-0.38643854862124066,-0.06633628782348258,-0.038338899528374486,0.005437908243538971,-0.9254494035489332,0.6301216053279859,-0.590179383009086,0
1.3642332822281416,0.3341608162608543,0.11522297748800388,-0.049749162183500166,0.003950544040992043,-1.303157967398554,1.2509016809442766,-0.07642649884441087,0
1.3642332822281416,-0.2429739727184727,0.8860395452399835,-0.039319910287746125,0.11709530190231013,-0.8134609661461971,1.149614741960365,-1.8491206639537596,0
1.3642332822281416,-0.41118915707199316,-0.5461394327911077,-0.05508904539782465,-0.06061319066460703,-0.6637361391958132,1.2378852470862303,-0.8419139420350282,0
-0.3510128744644731,-0.3731312729450168,0.2794291463072088,-0.07475616886443455,-0.06252991966882832,-0.8338539678984181,1.0334570223862096,1.2843075503083774,0
1.3642332822281416,0.19924264849517015,-0.23692520477777954,-0.08674933112267151,-0.1912739475391656,-0.2561942027998395,1.965587315348353,0.4198439180673576,0
-0.105977709222671,-0.47454468383137827,-0.0729683620576017,-0.09094351884207769,-0.19470425141411085,1.1948345544991912,0.02624669069745656,0.5184268130594513,0
-1.3311535354316815,-0.32681983043106955,-1.0278873213311435,-0.07066744465464847,-0.1742992403641263,1.1830774513211346,1.6249456209803133,-0.25676077385583423,0
-1.0861183701898793,-0.40656968105282953,-0.38058690303715675,-0.11563828253654856,-0.29810591300215245,-1.6534834777571357,0.6360807195838826,0.10399636979933859,0
-1.3311535354316815,-0.03897689588963454,0.10255721165743054,-0.04976804047147962,-0.03339680329240714,-0.8142071325814146,0.820207148183502,0.24703922734750366,0
1.3642332822281416,-0.5613524422197264,-0.4280585922919041,-0.07585907381971511,-0.16119311502237807,-1.388510993841285,0.48925126490208587,-0.02125985370211549,0
-0.105977709222671,0.1921808513178384,0.01688876403174151,-0.08888066587008146,-0.2111441341527234,0.026211710756241728,0.04669251372851397,1.048465185310313,0
1.3642332822281416,0.3829244178542625,-0.5416016977888156,-0.03910952142774973,-0.019705810170968358,-0.7875421997050804,-0.9050674496576355,-1.3487806687363715,0
1.3642332822281416,-0.0044750771267243784,-0.7566703908095355,-0.0745579372623047,-0.17549588110099204,0.673196315874585,-0.22227777927177747,0.29696289387250724,0
-0.8410832049480773,-0.47403379829075165,-1.1857107420152564,-0.07523752134543586,-0.15005602140580698,-1.2241499388228507,1.4357302408308446,-0.5985863254523228,0
-1.5761887006734836,-0.05013309863573224,-1.0175652208314243,-0.08365452689500281,-0.23748123161717685,-0.4170834804579738,0.43365686966882616,-0.80964959394198,0
-1.0861183701898793,0.3384524378332119,-0.5660356554934649,-0.05545711301043297,-0.07834605704696805,0.7545690499482476,1.9302827139712733,0.19044892694836257,0
0.8741629517445374,-0.40328541686308683,-0.49043998226846813,-0.06689264634206128,-0.13139465328767766,-0.12910825738641135,0.628987393249069,1.5833726860277466,0
-1.3311535354316815,2.124308783971677,0.6253940413171217,0.041698766492060696,0.11489772793718224,0.6667590620190288,2.3447082046900176,0.8124194953609607,0
-0.105977709222671,6.953788731674504,-0.8064358801753315,0.38186852022282797,0.12375745387563775,-0.6066392769195539,1.2922074044320278,-0.7405270128303536,0
0.3840926212609332,5.992695203489149,0.3046609475287446,0.42160559568679407,0.49786047453680266,1.096798912801487,0.8097952013214872,0.915610082374684,0
0.8741629517445374,6.424198328414873,1.880152567280575,1.373016829377849,1.5512719081193798,1.3538063836917515,0.7575074243712074,-1.8583331020854006,0
-2.3112941963988898,0.1320743552626355,1.301915478417077,-0.017328871243998692,0.17099299425860184,-0.1808122035972557,0.3461365048067947,1.9663456168399551,0
1.3642332822281416,-0.30571543015808983,0.6975490143755455,-0.04324909494687221,0.06821496620934406,-0.7178254562460472,-0.35689495045835795,0.21715801571440682,0
-2.3112941963988898,0.44434965294044254,0.8265004727923276,-0.05024281708929251,-0.0004264120096599361,0.819852339622561,2.055346098757665,0.1264797107671935,0
-1.8212238659152857,-0.25593600599397753,0.005320033036887111,-0.06562182994603177,-0.1256348525385639,0.3401617919099461,0.7093364171888482,-0.2053496506101548,0
-0.5960480397062752,-0.33544906013810716,0.37786309020308195,-0.05709321768734734,-0.022108104334448018,0.07306373001840161,0.31077789333071887,-0.7650669531926207,0
0.3840926212609332,-0.3886742734322588,-0.072270248980326,-0.01852286481878683,0.08429640088954737,0.6695592157828422,0.2779577565074571,1.556628496952089,0
0.3840926212609332,-0.22699032487285772,-0.050778339244195635,-0.021604202158942657,0.10256975973042606,2.2100061674031184,0.39571777568516164,-1.3665192591719018,0
-1.5761887006734836,-0.3302971924247929,-0.37779445072805395,-0.06884637659355718,-0.13168017381253921,-0.44890515406909026,1.2191617461009356,0.9030400692976603,0
-0.8410832049480773,-0.0450219553407931,0.2630733542110353,-0.0848944541970552,-0.17426459411272802,-1.2911632127940484,0.07771231391857435,0.5074685363883761,0
-0.105977709222671,0.02697515572446249,0.5432161590778112,-0.022636195759434458,0.11592788864344704,-0.00686907258631006,-0.9566230897104134,0.29139406971436926,0
-0.5960480397062752,-0.3940192389495537,0.24163130969471033,-0.014674952576621273,0.1448531576139394,-0.26285877541112956,0.9683088407527611,2.2718303307774477,0
-1.0861183701898793,0.07369567273309871,0.9075314549761139,-0.04527026157638193,0.024565744352174127,-0.7155692437905973,-0.4720204770294778,0.433083717417235,0
-1.3311535354316815,-0.04176125640437981,-0.3012513383267544,-0.028011029217524245,0.03188430470554245,1.9115388552682004,1.0009969528895881,0.7881481370153959,0
-0.105977709222671,-0.532153949400267,0.47719460805545244,-0.03745227283398568,0.08920345024049427,-0.46148591871272815,0.25268103017730925,1.0293466268301388,0
0.8741629517445374,3.02100007632986,1.0361837220740635,0.14305432795946688,0.33825894817175267,0.3799086239596044,0.48048362549839496,1.474003501574881,0
-0.3510128744644731,-0.38730634479481735,-0.29501818585107853,-0.06867682394103633,-0.10823214916789763,-0.26574232858857255,1.1744473852543231,-0.24810637375908634,0
0.8741629517445374,-0.24654788361418642,-0.5195612706348257,-0.049975550475542974,-0.09046814272982374,2.2564175720640667,0.8134978936637715,1.748617528094492,0
0.8741629517445374,0.23729298258952644,0.271251250259122,-0.03912229203695133,-0.02923866344054866,-0.9233312060523217,-0.34454464115459627,-0.20379122712421396,0
-1.3311535354316815,-0.5028531879571352,0.6021069836679966,-0.03333077546047763,0.018259146430230983,-1.4406090576351225,0.7382858302507269,0.24383531972038547,0
-0.3510128744644731,-0.3532506643230948,0.14628900942677237,-0.06354135365301114,0.010072664997257369,0.9877656192232918,0.8223915566317864,-0.9385997252318852,0
-0.5960480397062752,-0.05075906497659856,-0.4065666825557738,-0.065793988893251,-0.11602539825387512,0.6882141147111884,0.7833782617903118,0.39637868244049773,0
-0.105977709222671,-0.17370516889547985,0.012400894249254888,-0.02928920476921572,0.021918780158454398,-1.4797816884121802,0.6058770720008735,0.462297243475182,0
1.3642332822281416,-0.25581040090584317,-0.751833464488411,-0.08918462317206534,-0.208713347119087,-0.39089458848244596,1.105422478737381,-0.9943176681635473,0
-0.105977709222671,-0.602851997277131,-0.3651286848974806,-0.06998360909865593,-0.12017296355478639,2.6640657873588247,0.1669550008263685,-1.1961076918337736,0
0.3840926212609332,0.3258246650927969,-0.15025945275598238,-0.04214945576696149,-0.0017198140714957146,0.07658569463646098,1.1110155245445266,-1.4004394660698436,0
1.3642332822281416,-0.40651225504714333,-0.5298335059147395,-0.08062228519191157,-0.19448200226896153,2.244383700920425,0.11094652816747248,-0.20231834992745293,0
-0.105977709222671,-0.6064597689252016,-0.40786317827071433,-0.08175170429730708,-0.16628496307116084,-0.38091101442785896,0.5007254103776896,0.1513820256962887,0
0.3840926212609332,-0.4236981883902921,-0.7247067849142697,-0.08570915092953013,-0.21051752784322628,-0.1863748706815628,-0.3611377437906026,-1.235160074780189,0
-0.3510128744644731,-0.09659691453528511,-0.5500289199359294,-0.054944149696379625,-0.08642871770086766,0.3290253870227085,0.9877764808797791,-1.6426799633585845,0
0.3840926212609332,-0.550578316881979,-0.18800742414867538,-0.057607854625405706,-0.09933390591810157,-0.4791533095398667,0.8397708062642907,-0.8582871614969533,0
0.8741629517445374,-0.6304837439334865,-0.10617859844800268,-0.07189827291792317,-0.14645737868847275,0.4242948251603778,1.037267734926486,0.3167556665412916,0
-1.8212238659152857,-0.354852415182892,-0.7629534085050167,-0.07760131720137303,-0.1532133203539626,0.5977988176659284,0.3932573156197864,-0.1741013039282962,0
-0.105977709222671,2.694706427176336,0.0871987239573652,0.1296094217752339,0.17315636915438104,-0.695071439235408,-0.20256409313822196,0.5374577351219761,0
-1.8212238659152857,-0.455353416066558,0.24043454441938056,-0.02780199764290015,0.08356816497517955,0.17310760007439152,1.6470717582023586,0.7634598104772993,0
-0.3510128744644731,0.060840941436346205,0.07941974966772174,-0.05072812516971645,-0.05205407909862059,-1.0490436443085394,-0.8024902694199295,-0.46300123985499936,0
0.8741629517445374,-0.1996411324675878,0.4921541739970745,-0.05117365434205195,-0.020620678512175136,0.7381880766251487,-0.036393021893731343,0.2723225613597127,0
0.3840926212609332,-0.22477450469329258,0.3897310125167688,-0.026664690590699466,0.09582055645666467,-0.09584074792307812,1.7291551064321218,-1.0948885400338535,0
-0.3510128744644731,-0.14518526385636016,1.112577238815947,-0.04164937420173363,0.11929704644573105,-0.8080643598412411,0.45695322570245245,-1.1494117488684759,0
-0.8410832049480773,-0.2251941034758762,0.09916637671066286,-0.054714485324601096,-0.03745300615033138,-0.3183134810915837,-0.38566432985691657,-0.3385146145139737,0
-0.8410832049480773,0.4847327183255419,0.7039816277304429,-0.02444446488508693,0.07549444799487566,-0.8279326095307127,0.9689569619407136,-0.5421428786643077,0
-0.3510128744644731,-0.21686321445176612,0.8225112552078951,-0.014316533554683828,0.12517645264519028,0.35655235985585193,1.0319687441027632,0.5274477638185432,0
0.3840926212609332,3.764440806565292,1.400698478851588,0.12577254075138092,0.3032005044615744,-0.09727477500876323,-0.4633548567016683,-0.16169965235227698,0
-0.3510128744644731,1.6927086525662283,0.9952942418336299,0.020374935104227294,0.15817060330996835,-0.7401314781763927,0.10375718387888816,1.4991196731899494,0
1.3642332822281416,-0.26436321513121064,0.19894668154128203,-0.03340166731570298,0.08680998245433343,0.19427481408234265,1.0798276929353674,-1.042476837396126,0
-0.5960480397062752,-0.2517269772027064,0.11307877303637139,-0.03154582723461204,0.039510271040433746,0.4760718381141366,1.7047245383195786,-0.9421028501127011,0
0.8741629517445374,-0.10877031258529059,0.696751170858659,-0.04248653745059619,0.07473164756567945,1.9695198989385156,-0.22337598461803032,-0.4923807009691067,0
-0.5960480397062752,-0.01616435793357446,0.6358158722564518,-0.042940530858856824,0.05812370175005111,0.4187956301961782,1.8446346992077713,0.4358579518817515,0
-0.105977709222671,-0.18758167127348563,0.04471355668315855,-0.058689140083916416,-0.05899823208229599,1.0895948271692828,1.3003389248919874,0.5270493928768683,0
0.3840926212609332,-0.48771697407590947,0.3010706517027553,-0.023721463244240328,0.10093443694366089,-1.616200249625139,-0.00680148876601075,-2.2694119488512414,0
-1.3311535354316815,-0.10991059629979268,0.09831866797397094,-0.038039610370216685,0.030663141262653994,0.9720046061431037,1.6501263293566903,-0.04057705061940477,0
0.3840926212609332,-0.19434924596750083,0.25993184536329467,-0.0455336184964761,0.03736568385185453,3.8871432818665808,1.4354361858474216,0.33369749388851394,0
-1.5761887006734836,-0.34539748645385643,0.21405584314232032,-0.013581674614939108,0.14045876476953156,-0.47202745698593473,-0.5141723587348336,-0.6143531894540321,0
-0.105977709222671,-0.05681419113791724,0.8693346966051722,-0.014014565966463482,0.15354501142648477,2.944823639935835,1.570713480466176,0.3645593202654626,0
0.8741629517445374,-0.6108859183515173,0.006367202652800655,-0.05000557377454401,-0.028427463884088237,0.7922766556274745,2.9387712846695995,-0.7812055696250598,0
-0.105977709222671,0.6910870068539215,0.5014291048808802,-0.04731292185307548,0.005713251150614307,0.3826364490284115,0.4458391475534891,0.10933053827803314,0
-2.556329361640692,1.352522028236255,-0.21244138185332476,-0.029431238553316464,-0.03466220309156531,0.26581675001842126,0.6374669787914476,0.4219864759668085,0
0.3840926212609332,4.01333655465265,0.32136579616355593,0.2791399989596729,0.3439756043562356,1.1761073268758384,-0.7726826958962248,0.7533634583937763,0
0.8741629517445374,-0.15709463955352945,-0.679279569671544,-0.10294421101130809,-0.22040395229361281,0.17678086451363745,-0.7049600328772982,0.4709186634877945,0
0.3840926212609332,-0.2781333306859332,-0.22276348235304397,-0.06480934594582392,-0.09561870471038045,1.1148574690199857,0.6804350131038548,0.12162641348165877,0
-0.5960480397062752,-0.45345103663516056,-0.8086798150665748,-0.06647983190201624,-0.11828512669641394,-2.099795808820183,1.1408411014345634,1.0158095360720953,0
0.3840926212609332,-0.4020785555882075,-0.8406932861816461,-0.06986484746553094,-0.12418775884704784,-0.7530532209536315,2.1821258044677085,-0.5474416495128536,0
0.3840926212609332,-0.21445269494614935,-0.7616070475702708,-0.05588928941575894,-0.08122232553778239,0.763435957517687,0.9344145030716892,-0.8156004809517344,0
0.3840926212609332,-0.08936352570749657,-0.25432816648986656,-0.07159796450227998,-0.0823066625242117,1.6793047004654842,0.2746811438350305,-1.3324359448283698,0
0.8741629517445374,-0.34196611102245544,-0.35824728456433447,-0.09489171351655552,-0.19168399088646232,-0.9066601799012897,0.8374963809843463,0.8550528950318707,0
1.3642332822281416,0.9212842983965711,-0.8307202422205647,-0.07279506741261291,-0.1348075880438548,1.1916491397272833,1.2339605132258513,1.0361264588271337,0
1.3642332822281416,-0.2004302252708217,-0.6209871277190233,-0.07798323647403466,-0.2373225870188238,-1.3655968204345605,0.21201742675539992,1.2263118624372251,0
0.3840926212609332,-0.48177486961502497,0.2796784724062358,-0.060933718434929014,-0.023251035671439227,-0.5972225236584853,-0.5627334388543864,0.3134130754664633,0
-1.0861183701898793,0.0746071675803251,-0.3310707397703877,-0.06673304103007467,-0.09927151789589868,-0.518828550942427,0.5712145906896356,0.9871798616800604,0
-0.8410832049480773,-0.48510214611181546,-0.5914170523744171,-0.09028927299195777,-0.1859572602877391,-0.7867989854614958,0.701012860821347,-0.24013383279787678,0
0.3840926212609332,0.8449054229452513,-0.44710710625756955,-0.08582061157746156,-0.18912958656686382,-1.2319119886736745,1.3585318059991678,0.22417577763200483,0
0.3840926212609332,0.35919214865175414,-0.8009008407769314,-0.05938147251231484,-0.10025762281567549,1.8149328123687318,0.5950690510795543,-0.3708829698991722,0
0.3840926212609332,1.5819730104938512,-1.0586541619510796,-0.027822802412122594,-0.08237425959821952,-0.7911748715093738,1.1106674594621078,0.33336427375658373,0
0.3840926212609332,-0.4464125759222909,0.47021347728269547,-0.068119947290379,-0.06232664341996575,-1.1017668346806453,0.6596711306009319,1.078156064998002,0
0.3840926212609332,-0.38399393957439976,0.056032961578985914,-0.09994443885723145,-0.20077321871222484,-0.4663592490507512,1.247168982991439,-0.6089895185327442,0
1.8543036127117458,0.069100219544999,-0.9372323517249138,-0.06050720863315945,-0.055865955966949196,1.1099966854964025,-0.026947255691534586,-0.2644502400156405,0
-0.5960480397062752,-0.39176749891782625,-0.5490814807596266,-0.05457964296340171,-0.04648920079333972,1.0861407629587805,0.9983204524282286,-0.0977706322063563,0
1.3642332822281416,-0.5110408551503307,0.47604770799992807,-0.06732265421809187,-0.051415510071412415,0.8975569755923353,-0.11333940959675982,0.18517917285430377,0
0.3840926212609332,-0.14416532308604507,-0.9117013591845454,-0.07098119242997127,-0.12575819736333257,0.5941580273346444,0.6339143145019303,-0.2918552972472759,0
-1.3311535354316815,-0.27965363270898025,-0.2636529625934776,-0.07708719149399551,-0.11240692550419748,-0.15682786072360203,0.34609449695202,-2.1139860421719154,0
0.3840926212609332,-0.00840887291066277,-0.7136367061174693,-0.07103716152036685,-0.18341097907121623,-0.7759504192584668,0.19786077969632612,0.3663235914027921,0
-1.0861183701898793,-0.58786907193698,-0.4512459195014183,-0.060985512978005564,-0.09346003864963012,-1.6017972446960886,1.2246047638553146,-0.3321253112789784,0
-0.3510128744644731,-0.3884322148106811,0.11577149490586336,-0.08450285419971998,-0.18192966948063394,0.6147584205490771,1.2034988173920833,0.3322661244637803,0
1.8543036127117458,-0.2938998578965036,-0.47762462077847856,-0.05355887079110563,-0.0781939207692979,-0.980512943838027,0.5109333190879416,-0.9514169700145562,0
0.8741629517445374,-0.581563879543729,-0.5402054716342642,-0.06930019117774708,-0.14031648733724145,-0.3570971606210057,-0.4428370202052828,-1.444154536936724,0
-0.5960480397062752,-0.3883766191159331,-0.7760180960940334,-0.07063290046923974,-0.16481969804268676,-1.3673186862044542,0.5665817244201973,-1.095988306039028,0
-0.8410832049480773,-0.3719967089521966,-0.2977109077205705,-0.06158864896384105,-0.14336068104614413,0.34786775011974447,-0.07364198683466863,-0.09352444671973267,0
0.8741629517445374,-0.08982384890845528,-0.09351283261742933,-0.045432032093655976,0.017618267905582175,-0.4693520333186118,0.10900216460361495,-2.0143570959598156,0
0.3840926212609332,-0.09429484095275702,-0.22645350861864408,-0.07831075985269456,-0.09731011363357846,0.8639167519353473,1.0912898361667498,-1.337721899731348,0
-0.105977709222671,-0.1450594299793585,0.3595126893146922,-0.03686887093070588,0.01109086749528456,0.8071940799485592,1.206391358249427,0.49004338067608,0
-0.5960480397062752,-0.3213227203170363,-0.04604114336268198,-0.07566006408238848,-0.10684770729873662,-1.3592473942800833,-0.5377447663855508,-0.5383262029560723,0
-0.8410832049480773,-0.502990690066368,-0.2941206118945812,-0.07811027544460826,-0.10842634224384799,-0.567000937912405,0.33531648164125416,-1.256306953694057,0
-0.105977709222671,0.3173855589344654,-1.4020759307509167,-0.0690421013879021,-0.16421135027891537,-0.879083757858295,0.3749718965485707,-0.04311323436719059,0
-1.3311535354316815,-0.48032755124063886,-0.4029763867297845,-0.061523397587663786,-0.12833980376767062,-1.1827159292549856,0.02376822726574928,-0.5605618375344036,0
0.8741629517445374,0.318948644475693,0.05802757037120219,-0.07959573466870559,-0.15851376520672283,0.7250331107089102,1.5124245814052248,-1.8261953752136755,0
0.3840926212609332,0.30732113666300737,-0.6449224332256186,-0.05599502157358979,-0.1459239280225293,-0.6299239503762084,-0.025909061566388437,1.365614973711828,0
0.3840926212609332,-0.4508924907324164,-0.8300719943630944,-0.09552457128320747,-0.23873636408172305,1.452581549393499,0.10424927589196321,-0.18802388820176086,0
0.3840926212609332,0.5347276616026279,-0.3396475575769177,-0.06584633433295996,-0.0827611717441766,-0.4356461233977917,0.9530779928358771,-1.206514098966177,0
-0.3510128744644731,-0.25329326578807587,-0.48256127753921385,-0.07005718653638222,-0.15149314197705066,-0.15645440848203915,0.29153829584390645,-0.7310194381232921,0
1.3642332822281416,-0.5471091912874776,-0.5571097811482971,-0.08866236317877943,-0.16272267435290907,0.7472970639084866,-0.18490879188862674,-0.808179444834198,0
-1.8212238659152857,-0.4445875271280326,-0.6538981727905919,-0.08467897100253509,-0.24803634418551526,-0.848008250682396,1.2698292200813341,-0.9661158492178411,0
-1.5761887006734836,0.33594536942560477,-0.7784614918644983,-0.10488013462950521,-0.299450796958581,0.8358355051231254,0.5116894604738862,-0.4660986942604632,0
0.8741629517445374,-0.2278681877565946,-0.30204918184364093,-0.07657511622837307,-0.213209801408109,2.0444723542585113,0.24041473658309692,-0.6949081563774938,0
-1.8212238659152857,-0.4994339383356999,-0.7725773959274602,-0.06497289044212241,-0.1359530992619099,-0.39646315995001885,0.07351752956321506,-1.2427885786598414,0
0.8741629517445374,-0.4384868719821261,-0.9088590416556372,-0.06608936348798806,-0.18594666936865764,-1.363680848064803,1.331172690296617,-0.30543440215238576,0
-1.0861183701898793,-0.2097748777658304,-0.754276860258876,-0.06847435123312436,-0.13724029039338614,0.5079230336415822,0.9226162970021092,-0.15878190071621898,0
0.8741629517445374,-0.2649420509654182,-0.7913765837940987,-0.09163417123124698,-0.2401450774641443,0.0008885489770642176,0.4529564783767453,-0.9873389725650359,0
-1.3311535354316815,-0.21599862132233127,-0.2324872002150983,-0.09097930473658508,-0.19773209696918956,-0.7089009809397661,0.8559798370852141,0.16734049166323836,0
0.8741629517445374,0.0698890835593656,-0.6711016736234573,-0.08112022655678831,-0.18560677866862293,-0.713627439744052,-0.476071234454181,-1.4009966698096987,0
-1.0861183701898793,-0.27622637547719026,-0.6643698689497274,-0.09676669963079822,-0.2520637644912693,-0.6719491363185635,1.3585318059991678,0.5479054450756129,0
1.3642332822281416,-0.37399334939691165,0.3588145762374165,-0.0657898418860535,-0.0736293444655096,0.36399114472287214,1.8805334116738075,0.9891525965813682,0
-0.5960480397062752,-0.3106787758447689,-0.3808362291361838,-0.0809442217906976,-0.14921281472417997,-0.5765564441802203,0.11204473351372533,-0.22406003392928403,0
-0.3510128744644731,1.1791069305072923,-2.111209221603608,-0.05920359823318829,-0.21163550306302492,0.9691955958043916,0.11877799252189863,1.1232618288296223,0
-1.3311535354316815,0.7121497675530571,0.33792104913895105,-0.08418237654058235,-0.13684755154848166,0.12406579266852207,1.3100667438333857,-0.3736206541075148,0
-0.8410832049480773,-0.3609757204266588,0.36474853739425994,-0.06399896705028835,-0.024463071611704353,-1.2395256908949446,1.6827964381271854,-0.6377010201142336,0
1.8543036127117458,-0.2564057095384945,0.028307899367179683,-0.06114476753248758,-0.09029837984478988,-0.6189558204120466,0.3540519848707702,-0.9591952743250955,0
-1.8212238659152857,-0.06275995622067815,0.6815921440378153,-0.03625525865182697,0.051452228059624114,-0.5032586922704696,-0.06962723614262947,-1.3744689231624487,0
0.3840926212609332,-0.1365095900092656,0.7348481987899899,-0.01748921638859621,0.15968180534553908,-0.21002856809233078,0.4753946739485456,-0.26836083160601276,0
-0.8410832049480773,0.2672991001104691,0.4834277605311283,-0.003209055082637991,0.18774234729891875,-0.5594108532241983,-0.02622712103825402,0.1434276487047411,0
-0.3510128744644731,-0.3493521020247169,0.13427149145366932,-0.04400031930396807,0.04749047891695203,-0.9705212512564496,0.08775819233183825,0.43722239724405615,0
-0.5960480397062752,-0.41484840621520075,-0.054268904630574114,-0.03336005014181717,0.07223029951472128,2.097926212059762,1.371128161309467,-0.4504354134439016,0
2.34437394319535,-0.20571730720469583,-0.30733489514301404,-0.06746420187026574,-0.14903434277516686,-0.777089227180861,2.1973206456519287,1.0585557904341636,0
-0.105977709222671,-0.3182709056164457,-0.04938211308964424,-0.0459851835702339,-0.005673124218594408,-0.6734709911053276,0.1404060366087583,1.0351122387096616,0
0.3840926212609332,-0.1947036399229109,0.44388464122544063,-0.025930589791862073,0.033348733430241584,0.24474843443017255,-0.17888966641162335,1.1506766425380461,0
1.8543036127117458,-0.002642478299846019,1.6702698571196175,-0.0030857338092715727,0.21057397945177098,1.1410780970555674,1.3491280476517458,1.3326583526471285,0
0.3840926212609332,-0.48534328957792405,-0.3149144085534359,-0.0665530492122657,-0.058704825514456084,-0.3298757396218683,0.3290633124019346,0.5537901111691551,0
-0.5960480397062752,-0.25840280756094414,0.29767981675598765,-0.08615317060570765,-0.1629272053835039,-0.200946150533689,1.3363636609223477,-0.35597283657651235,0
-0.3510128744644731,-0.3544998515384201,0.2643698499259759,-0.056069071566883164,-0.04046824144487718,0.47673312903990805,0.5730929419102757,-0.7373921410191328,0
-0.105977709222671,-0.34639660743724937,0.6206069802158026,-0.03820486702227586,0.06269822257854321,-0.6807872600195821,0.8028759075278831,-0.398618652641485,0
-0.105977709222671,-0.16487277467430145,-0.575360451597076,-0.0312558153917507,-0.02112107362166918,2.4804889170017916,0.8837830358239547,-0.23754221855391966,0
0.3840926212609332,-0.4169361046290915,0.3983576955431042,-0.041388884173833906,0.003605768832569908,-0.8374017641932654,0.08582583101220206,1.4174955411680568,0
1.8543036127117458,0.7637590450776405,0.4637309987079926,-0.03669107832562434,0.0177068981062797,0.7887650236801304,1.2356048206841752,0.12000162222211415,0
0.8741629517445374,-0.5639912930148843,-0.5001637001305225,-0.050945127315430244,-0.07335697600282773,0.06563970610954595,-0.005541253122769759,0.6825003260792777,0
-0.5960480397062752,-0.3624090826801411,0.8049586978363918,-0.029328262221873735,0.10597336699072342,-0.15095816570947249,0.734889195136087,-1.2965639539583649,0
-0.8410832049480773,0.3932487442789458,-0.7646488259784006,-0.03406084902031404,-0.037042023110906715,-1.2297118678592498,-0.2978499100114622,0.4437393020116695,0
-0.3510128744644731,-0.48536982908652804,0.4572983853530951,-0.06132854656816447,-0.03875770967542233,-1.8387526919677333,-0.045538731990394536,-0.22385026840258462,0
-1.3311535354316815,0.06240128151116648,-0.12353169494028428,-0.03137003472876778,-0.020938466862426126,-0.8621197266876968,0.025556561654729353,1.617653913405039,0
1.3642332822281416,-0.052597154736291535,0.08739818483658685,-0.06344532889630945,-0.008430621577798576,0.28731091924971697,1.2449665711768225,-1.4560578019285477,0
-0.3510128744644731,-0.19592811794057044,0.26053022800095954,-0.017189283565964407,0.0657426298159132,2.0789030272252105,1.9428250591825764,-0.6804984218046085,0
1.3642332822281416,-0.2120664270604638,-0.31955187399533874,-0.056560268908422445,-0.041510713284602214,0.5470676185981272,0.7459132564533902,0.168620200797181,0
0.3840926212609332,-0.09981185569824326,-0.4229723398717526,-0.05490342588763363,-0.03683446487091413,0.8929618893157137,0.6972801628685094,0.6071611249542765,0
-0.105977709222671,-0.2824066491489088,0.9768939757254348,-0.034895113194407766,0.06945541058048538,0.24133496285462255,-0.17411277321152893,0.7862750656294282,0
-1.0861183701898793,-0.4435980152770652,-0.8089790063854073,-0.05931283577716739,-0.12249246268820534,-1.6765703543743853,0.4561010663627371,-1.070797678432646,0
2.34437394319535,0.442355071595533,0.5931811093228289,-0.029489249810857307,0.005218017274816923,0.9956405904040742,0.3040266309562136,0.12757447263344965,0
-0.105977709222671,-0.24386235989010424,-0.2538793795116179,-0.012276785608777895,0.11565958813134969,0.6099537286665192,-0.16209852674596484,0.8204945265893262,0
0.3840926212609332,1.008743418690053,-0.4096084609639036,-0.026445067433398698,0.016011666009746222,-0.3118112790201036,-0.2927549573395022,0.09018586998792529,0
-0.5960480397062752,-0.32312992357964704,0.2775342679546033,-0.045920270080518535,0.01664333872363487,2.0557283229068815,1.0549590429087452,0.9080622967603768,0
-1.5761887006734836,-0.31752779937553427,-0.06229720501924462,-0.03565776308916623,-0.01089089872677084,1.1714642674851823,-0.1887975190163418,0.48862487597576426,0
0.3840926212609332,-0.16688565912859304,0.3079021868160961,-0.04922121976188055,0.004538660916669857,1.536546307720855,0.504824176779278,0.4888930120342871,0
-1.0861183701898793,-0.29364086889874746,0.03304509524869334,-0.0359141747897614,0.023567363522515424,-1.1719064795910925,0.05494405663068712,1.700211175624077,0
-0.3510128744644731,-0.32689830501254513,0.07647770169920273,-0.04161753199862895,-0.0027156677600183353,-0.45596901059873113,-0.7098929552522701,-0.17342590754566767,0
-0.3510128744644731,0.8054329372519093,0.3621056807445734,-0.08611248620433043,-0.1014912461557236,2.4947435743012885,-0.12784412173825258,-1.4773795463408261,0
-1.0861183701898793,-0.16964279376813252,0.2918954512585605,-0.028581360031343036,0.1277569540213634,-0.5670562915055221,0.6867541946863918,1.6361365279834017,0
-1.0861183701898793,-0.24283555545377092,0.09712190269864118,-0.03456590671690036,0.008167389429704575,-0.5228523881380808,0.8878337932486579,-1.7842973121721257,0
0.8741629517445374,-0.37916008838659876,0.008262081005406118,-0.046617970808674955,-0.05661636733440324,1.2929189073588383,-0.7672876871187312,-1.91512486768028,0
3.3245146041625584,-0.4777024277775175,1.2023844996854847,-0.03664212815695545,0.08852304427404016,0.05613291100367362,0.10361915807034272,-0.9091041650192182,0
-1.0861183701898793,2.3978084868458636,0.07971894098655419,0.005289658210787359,0.03360262683845315,0.648720433094052,1.545676799020455,2.236322611869276,0
-0.3510128744644731,-0.35489496991220526,0.22582403501639636,-0.07513532119631781,-0.08782726950754512,-0.8700662885155772,0.7115448301255752,0.03383891092433684,0
0.3840926212609332,0.7592779863231786,-0.07840367101639105,-0.039581924291033056,-0.040560342774997225,-0.1608088911405786,1.2080056600971976,1.0389551774865808,0
0.3840926212609332,0.04820859291858569,-0.4360868926805746,-0.05386052135741164,-0.07877631030426589,0.8272756254835084,0.5935627694297758,1.1164887773791299,0
-1.0861183701898793,-0.1173201525553835,-0.1375438217056036,-0.037686049484982616,0.004583273848584903,-1.0773492576848622,1.618758464084211,-0.6348048988600654,0
0.3840926212609332,-0.3170688489077792,0.5344897456118649,-0.04896320621934503,0.0022058167888685614,0.007330231120069706,0.6077434209772923,0.406328259321935,0
-0.3510128744644731,0.09328686343791692,0.3702835767926601,-0.039296810959784,0.0140059891920377,-0.7309878026413681,1.8739561818405117,1.2660577529746753,0
0.8741629517445374,-0.34057713380922466,-0.10378506789734315,-0.05833660671570871,-0.10140167548821453,-1.4059149015651864,0.27222668489176594,0.1744919140810688,0
-0.8410832049480773,-0.2576400254774469,0.8126379416864246,-0.04037668430969599,0.030176434925186135,-0.016918332904729255,0.9030166321886565,1.7045514875281744,0
0.3840926212609332,-0.4328257202502562,0.1623954754239188,-0.03307193907014175,0.023037266283453157,-0.9612417749063111,0.061257237091113415,-1.0345456657046592,0
-0.105977709222671,-0.4424854150155035,0.498586787351972,-0.03943281801872045,0.0005373374606492677,0.6945982291173523,0.6803990063711908,0.2332835047530263,0
0.3840926212609332,-0.10432174184998186,-0.037514190775957405,-0.06480974308168094,-0.08575210414473002,-0.007361350541097486,0.48036360305618153,0.6462019669064457,0
-0.3510128744644731,1.2028995999707615,0.10614750748341983,-0.03550259164155022,-0.03258693821532061,1.3729985814972872,0.6233523395871486,0.075012049673899,0
-0.105977709222671,-0.19033262861360864,0.5394264023726002,-0.041948774636069754,0.03280214888788349,-0.1653279584826527,0.3046747521441661,-0.005815491174114549,0
1.3642332822281416,0.009570271435330865,-0.4553847327452671,-0.04406143852036498,-0.02822460527833772,-0.014149915200969677,0.16531069336804455,-0.7946864796619865,0
0.3840926212609332,-0.43715188894157236,0.27085232850067875,-0.06341813420832404,-0.061793178224800224,0.4834663401066632,-0.10972673408613566,0.9023660757096215,0
-1.3311535354316815,-0.3403730541396148,-0.20745485987278406,-0.049310970972870044,8.096099480439356e-05,-0.48901584373750445,-0.26044491589564744,-0.23550609355067043,0
0.3840926212609332,-0.3728686233253843,0.6790490178277395,-0.04184881585784033,-0.00040854427497209034,-1.072172589656558,0.17323817567624145,1.7814996519424917,0
-2.0662590311570876,-0.03984309054114034,0.5963724833903749,-0.03448467550929122,0.09579129159675429,0.47738851558241363,1.427502702417114,-0.45315775749818515,0
0.3840926212609332,-0.3815486441609571,-0.4265626356977419,-0.050848059214846295,-0.11085496562341114,0.5936768200984804,1.1419153022923736,0.18839376511365086,0
0.8741629517445374,-0.3112258100264251,-0.4004332605197087,-0.06426757390475114,-0.07593789611235893,-1.029793878766162,0.2762114299732517,0.030483237540344342,0
-0.3510128744644731,-0.06802804867856842,0.05169468745591551,-0.06801678455832569,-0.10778197379901078,-1.3044001020281002,0.5579161040923878,-0.07730368888367076,0
-0.105977709222671,-0.3507584671918606,-0.22176617795693584,-0.05178917112660372,-0.12612968528361962,-0.2187545085112989,1.5135587934841417,0.10175652357425746,0
-0.8410832049480773,-0.15832232061533086,-0.019014194228151447,-0.04124371566409858,-0.041810390031143625,1.3508674769211915,0.06141326626599087,-0.3616143600645948,0
-0.105977709222671,-0.159480907439215,0.9654748403899966,-0.05255788565060932,-0.0055396977118253535,-0.4201508075645653,0.5736090384117934,-0.16878743760829812,0
0.3840926212609332,1.1126446797191705,0.08834562401288958,-0.04273554455393351,-0.06632140298103766,0.05637941900502144,0.9445383960723918,1.1158218509432305,0
-2.3112941963988898,-0.493534617392996,-0.39888743870574106,-0.05770372025051075,-0.13450780123828135,0.39366288477732325,1.0627845061410608,-0.2599472779604528,0
-0.3510128744644731,0.4214716813683416,0.837819877688155,-0.03089371432102734,0.06859586107909658,0.22671866208009453,0.936808950793847,1.6055557521179564,0
1.3642332822281416,-0.21216228959585232,-0.19733222025228647,-0.06802134762321303,-0.13909663498081587,-0.9222632507291172,0.6136905329889677,0.19355419513109207,0
-0.8410832049480773,0.10414198003467981,-0.14158290450984157,-0.07818728470789921,-0.07561820772352405,0.5908345976038981,1.5685890832389984,1.677461515928543,0
-0.3510128744644731,-0.08069380037095118,0.1820423720272491,-0.03385811751995195,0.016039257533652353,-0.44152836522636113,1.460028784256953,0.5077959037716463,0
0.3840926212609332,-0.145985109736356,0.38145338602907125,-0.056815854391696445,-0.026954483427557307,0.5525085077775769,-0.4773074656089793,-0.922043220806608,0
0.8741629517445374,-0.2575119037117725,0.5395261328122111,-0.04468011175483279,0.007018799612280262,-1.3392544144941214,0.8914524698813927,0.010201819053791984,0
0.3840926212609332,-0.30220031800126596,-0.5182149097000798,-0.09882083991555206,-0.25494206228961785,-0.012296676903411614,1.8915154651363362,-0.8570826407011213,0
-1.3311535354316815,1.3783586974399653,0.15895477525734572,-0.021783684864731426,0.04304969392155352,-0.9711478539305343,0.6091416824290787,0.3611789031709158,0
-0.105977709222671,-0.47779325695782593,-0.4410734146611153,-0.0690191561919871,-0.12921717374586594,-0.9159647498803077,0.7066419133611568,0.5340509628745355,0
-0.5960480397062752,0.20517377109042542,-0.3048914993725491,-0.07662850651564367,-0.16879755891163442,-0.17495579344547424,1.5987747274556754,-1.07101902034983,0
-0.105977709222671,-0.169161879569119,0.6219533411505487,-0.06086272530765717,-0.03488263941916856,-1.1362823831567903,-0.7363879093708843,-1.0601514542469583,0
0.8741629517445374,-0.41045039781955994,-0.04499397374676843,-0.06420819865242697,-0.047099526605975044,-1.0941516563635587,0.9106740640018731,-0.9572071147884673,0
2.34437394319535,0.020605216081772442,-0.11016781603243524,-0.055512204386411516,-0.03442296932787894,0.5831352818252737,1.6404645227585095,-0.7138250408196062,0
1.8543036127117458,-0.6242849383635186,-0.18995216772108625,-0.060707870957386965,-0.01485466495688222,-0.8958396595187732,-0.3986867648370735,0.6167809136137405,0
-1.5761887006734836,-0.22704706451194212,-0.07276890117838007,-0.05837002483918758,-0.10095471616899493,1.142078151971215,0.9544702531655529,-0.32553925519783194,0
0.3840926212609332,0.025362194210168804,0.252501927612289,-0.031397795526665696,0.06458817042653522,-1.2423856265393243,-0.9460851192840745,-1.0002865036352382,0
-0.105977709222671,-0.5166260489782651,0.28262052037475477,-0.0349770640662649,0.016189247043474363,-0.5319694939484092,0.4078100367381645,-2.112856767908328,0
-0.3510128744644731,0.12337488737334427,1.1057457037026062,-0.01662502292636707,0.18347400425510216,-0.44165235727494323,1.2227804227336705,0.679783110528638,0
-2.3112941963988898,0.5851339672630756,-0.258915766711964,-0.028819563383720645,0.06290907693211534,-0.6857587507293994,1.2128065577857345,-0.3303101104327002,0
-0.5960480397062752,-0.13541140344634223,-0.6211367233784396,-0.059893980825408165,-0.1135300759339678,-0.8053616284013138,0.44103824986495194,-0.14010783340497165,0
-0.105977709222671,-0.5426587902412306,-1.005398107198905,-0.06357126261429605,-0.1749357434762468,-1.264260628491265,1.3654811054033253,-1.205013973669089,0
1.3642332822281416,0.14329690678024315,0.12659224760363666,-0.05328937305392977,-0.007356924461574603,-0.13438899016977573,1.1786301673654611,-0.23696487089055335,0
0.3840926212609332,-0.24825213188652312,0.2949372296666903,-0.03963392584010203,-0.04476545507688028,2.1597546994756645,0.7587496566481163,1.0914978868091512,0
-0.5960480397062752,-0.33578149036225874,0.4914560609197988,-0.03855133385228979,0.012311560774407473,0.563399880759283,0.5734050002600307,0.8275277072999468,0
-0.105977709222671,0.32450867152822704,0.7780314791414722,-0.032693318867349,0.13136286030623245,-1.194300329222517,0.030123415580950275,-0.020423385063918702,0
0.8741629517445374,-0.14316093995870474,0.24552079683953207,-0.055949104213318744,-0.08753735103811629,-0.467746779118218,0.5475521662072583,-1.2293237641452608,0
1.8543036127117458,-0.5958041562207032,0.37661645970794677,-0.039151173733406715,0.10235910924202275,-1.2854625307509029,-0.024204742886957765,-1.5295759876580837,0
0.8741629517445374,-0.16268280763673842,-0.19817992898897838,-0.06778563071890385,-0.10205297862564319,-0.30654309305117905,-0.20617676864884615,0.5229157121302392,0
-2.0662590311570876,-0.40132767052580864,-0.004653010924194266,-0.04912847484395761,-0.029939952047674894,-2.1041565648859426,1.4874839179132746,0.26470801645479575,0
1.3642332822281416,-0.3154286615182797,0.22592376545600718,-0.0673350803901439,-0.08802467728379598,0.5751724829434124,1.2944218184908654,0.5869017832962099,0
0.3840926212609332,-0.3498604708878035,-0.2791111807331538,-0.04336817249869481,-7.126869660154545e-05,-1.021487887606975,1.0676694195391472,0.55682270011993,0
-0.3510128744644731,-0.198993202395463,-0.3880168207881624,-0.04608099083839815,-0.11187624755431345,0.04540907489713492,0.5632330982824427,-0.87066352861579,0
-0.5960480397062752,-0.3270557117532308,0.44672695875434887,-0.06722043263447418,-0.06271921895346835,0.10520645446959685,0.3620154739116312,1.9213935588536926,0
-1.5761887006734836,-0.3659376933801342,0.07812325395278116,-0.0527934908864533,0.005522266049066942,-0.6796322150432068,-0.5500170611018738,-0.3929887298966639,0
0.3840926212609332,-0.3937687151398868,0.33298439237821575,-0.04526508741470901,-0.021656801512751876,0.1780170947599177,0.38180117351051474,-0.3046969288420128,0
1.8543036127117458,-0.4063793287152561,-0.23682547433816872,-0.0423084916513757,0.0030927866091239923,-0.972915478670738,-0.16339476912186984,-0.8750972662968178,0
0.3840926212609332,0.5405924354263733,0.5519924377635628,-0.037351673141106614,0.06152993628115939,0.3313000506758642,1.5158032131535328,0.7833985107171195,0
-0.8410832049480773,-0.15763092065842368,-0.5048510307922307,-0.04350104072394407,0.013696439287656197,-0.8747130381457745,0.5260201400741694,-0.13993293593208148,0
-1.3311535354316815,-0.4461828718995461,-0.29646427722543534,-0.04503131558097978,-0.044086359065325605,0.3446838114436531,2.3487289565041674,1.391379538566811,0
-0.8410832049480773,-0.025291203426936696,-0.4742337858317109,-0.08653595949904146,-0.20767187109839855,-0.022560709163124873,-0.7249257661395019,-1.1423551512055181,0
-0.3510128744644731,-0.3355279922973172,-0.5990962962244497,-0.07457723128952816,-0.17133189443540603,0.5278193291515664,0.6868022036632772,-0.24587975346334245,0
-0.105977709222671,-0.5605395553742958,-0.5985477788065903,-0.08917060734336202,-0.17598608906390803,1.5350812826230245,0.7181520655694245,-0.5440846291790989,0
-1.3311535354316815,-0.018757908533011798,-0.35006938851624775,-0.06908732194733071,-0.15163153923654732,-1.2225683021555203,0.11202673014739332,-0.7358901094323923,0
1.8543036127117458,-0.4590485850619278,0.16443994943594048,-0.047166864220902376,-0.004674493606614337,-1.004998421241367,1.5258130848341327,-0.8564664607386498,0
-1.3311535354316815,-0.031320247657385954,-0.4916866127636033,-0.07456380034723048,-0.16102850602828964,0.1422180809713658,0.9863962227943247,-1.9074944365758424,0
-1.3311535354316815,-0.4344521803077191,-0.09296431519956985,-0.05540937985151092,-0.049147794252488705,-0.7040195320747525,0.014202438621339094,0.23279216701714925,0
1.8543036127117458,-0.35110645505898697,-0.3654777414361185,-0.07959994841430026,-0.11634779563560324,0.419188271683355,0.6383071358869417,0.6112779553887446,0
-1.3311535354316815,0.416707839573927,-0.519960192393269,-0.0674058232329866,-0.14451765467470196,0.6325195434605606,1.708319210463871,-0.6207096793380048,0
0.3840926212609332,0.003101952579712265,-0.3697661503393835,-0.09405663548441746,-0.26753958310707426,1.0053104940976647,0.22784838688335105,1.4428403679273913,0
1.3642332822281416,-0.23879857589069117,0.29688197323910115,-0.07381769352935863,-0.05839183894213369,1.2379631220643457,1.3683676451385582,-1.1652982623929824,0
0.3840926212609332,-0.2779653996573529,0.3313388401246373,-0.061786556557011756,-0.05496712166867028,2.6131264587809038,-0.7597322743813959,-1.72191727971207,0
0.3840926212609332,-0.11226574889952873,-0.43424187954777455,-0.044148751235852206,-0.013055771285518734,0.604130530670608,0.44801755487966277,-1.283843156814428,0
-0.5960480397062752,-0.2658077880391894,-0.32010039141319824,-0.053513552972451715,-0.04090574607800051,-0.9577441658692233,0.45021996669427916,0.3452262955226519,0
-0.5960480397062752,0.37773182572257324,0.3738738726186494,-0.023886409703039423,0.08377406447816818,-0.03917195343359056,0.9077395152897548,1.404474570604754,0
0.3840926212609332,-0.20388379322234837,0.11218119907987406,-0.038058257946459666,0.016238239148621547,-0.9063162495760558,1.7575524162598188,0.15563032988941924,0
1.3642332822281416,-0.3968786422127654,0.7225813547178597,-0.07579722094020165,-0.09366757096044065,-0.03543374077842067,-0.7361658678527895,-0.13008676703110655,0
-0.8410832049480773,-0.23112682759320238,0.35263128898154605,-0.06356102951162892,-0.06460755544870198,-0.8739956555789778,1.2978004502391733,-0.9617306704035193,0
1.3642332822281416,-0.3330577588973415,0.620158193237554,-0.05874517549375954,-0.0675661187186348,-1.6184712230387537,1.560265526871497,-0.7885634885549102,0
0.8741629517445374,0.2117917178652423,-0.30314621667935987,-0.040900169180724213,0.006636076615022533,-1.325069133697998,1.2530380804156755,-0.5897167654969111,0
-0.3510128744644731,-0.10092514232640681,-0.5109345876084903,-0.06878102258761383,-0.10659903476003404,0.36743340016684295,0.30476476897582616,0.14472004402479965,0
1.3642332822281416,-0.2357975523186358,0.017437281449600984,-0.033615249581453954,0.007928741862832215,1.13138605192473,0.6553443215591378,-0.6330567146421989,0
0.3840926212609332,0.302230584366123,0.5352875891287515,-0.036891205991936314,0.06926576426879488,0.08849704982733697,0.6837596347531667,-0.7348183460172287,0
-0.3510128744644731,0.1129105421618883,0.41132265269250995,-0.033618736484355226,0.07018902647455441,0.26482333753394766,0.47937341790792076,-1.5683449749804323,0
-1.0861183701898793,-0.26024707462005353,-0.040406373524671,-0.048722315648207976,-0.03981114160069761,0.23408216606047558,0.8505908294298312,2.680454276992171,0
-0.105977709222671,0.28636224610961497,-0.02041042038270284,-0.055017010711605745,-0.02063430153566921,-0.2504175018221466,0.17033963369678717,0.019946173162142682,0
1.3642332822281416,-0.007674918224442323,-0.3220451349856091,-0.03809855846081294,0.019448150563517386,-0.7223851162230739,0.3949976410318811,1.1628602039864935,0
-1.3311535354316815,-0.3619688928995027,0.7933401016217321,-0.02689210290550104,0.15815921346486697,-0.7555315858294578,1.2882106571063205,-2.5196075470631425,0
1.3642332822281416,0.6118409493179027,0.17865153708048143,-0.050998444106282334,-0.0405365589942539,-0.9961669399715223,0.6811911544897994,0.39370564986975326,0
-1.5761887006734836,0.023885590860771435,-0.49592515644706286,-0.055693504043835884,-0.08741229162102976,-0.08472131813772973,-0.7862632352326742,-0.3840337865767122,0
2.34437394319535,0.028866324501363432,0.14414480497513987,-0.022937050758075662,0.07277299049623133,1.5415797944549634,0.44336068412178176,-2.355314987814515,0
-0.5960480397062752,-0.41074141725873464,-0.08284167557907227,-0.039716779255124034,0.028727715863557643,-0.431170600882303,0.7059997932953149,-0.8200513982298772,0
0.8741629517445374,-0.45699268830058837,-0.10064355904960251,-0.02340413826263902,0.07633458125752489,0.04260818308541335,0.3615833931196628,-0.41033049427794466,0
0.3840926212609332,-0.3154673268368493,-0.5506273025735943,-0.05282127342356962,-0.04262207233831225,-0.4175875671792928,0.20941293975936853,0.2108200287521971,0
-2.0662590311570876,-0.30412191569751457,-0.11046700735126767,-0.022203840763157057,0.12048193706989477,-0.18328318799399979,-0.4140316340740602,0.038944576422686505,0
0.8741629517445374,-0.5179420425428349,0.2821218681767007,-0.050309826754505065,0.017974537082107712,-1.7453475628462454,0.5912463362950567,-1.5096794952737276,0
-0.3510128744644731,-0.14834712600211034,0.10903969023213343,-0.026879144302708408,0.05136866909163164,0.12457725986892339,0.8083609331370367,2.611976515630743,0
-1.3311535354316815,-0.20249412964251579,-0.15090770061345266,-0.09889829774893696,-0.22849077562526438,1.0149161876232393,0.6385111740387045,-1.9331373996194667,0
-0.5960480397062752,0.04830651455377969,0.06530789246279159,-0.05772827528147298,-0.06517557796125036,-0.03756374704156387,0.7285100023324432,-0.5618060296728994,0
0.8741629517445374,0.08589927091358456,0.4405436714984784,-0.011862714725047737,0.17426966622394183,-1.2490664362045953,0.4861606870150901,1.0287973831086583,0
0.8741629517445374,0.009576677523614584,0.2480639230496078,-0.05266536859500938,-0.0479467059048359,-1.2345689611432917,1.555794690899047,-1.9605256612711688,0
-0.5960480397062752,-0.4430162051875831,-0.030433329563589625,-0.043202845207375475,0.0034674161159550156,0.8789507878259318,0.9863482138174393,1.0748580597681783,0
-1.5761887006734836,0.18017035094133324,0.4716097034372469,-0.030763036587872435,0.008086084840338337,-1.0890340321679126,1.1398569174084132,-1.0872510117617253,0
-0.5960480397062752,-0.47551657893956545,-0.7776636483476118,-0.06340185295414902,-0.1262251716110123,0.3107638676294472,0.16636689085952272,-0.5776258865168253,0
-0.3510128744644731,-0.2949559473078482,0.2798779332854574,-0.03331425929236991,0.012700407602009679,-0.3094930705403625,-0.09347569541043756,-0.7255453239450779,0
-0.5960480397062752,-0.20509088328609498,0.20787255588644987,-0.012077990385987945,0.11883873431506338,-1.2271360806595373,0.6822953609581629,-1.5566603389902856,0
0.3840926212609332,0.5323354452063932,0.5294533584115189,-0.031205004882083814,-0.011485539966227884,0.17268838886251858,0.6166190805789753,-1.0735590095253174,0
0.8741629517445374,-0.2030626699776959,-0.5162701661276689,-0.06064409121754611,-0.05256731419476962,-0.2112965343986648,-0.2527754818382094,-1.427228720803015,0
1.3642332822281416,-0.019518402727836226,-0.2656974366054993,-0.06808355829847502,-0.12790754665638882,0.1914495666896496,-0.28057868057694996,0.2871508055701009,0
1.3642332822281416,-0.47117874201601817,-0.8828293969172148,-0.0817697168988649,-0.14104745312659536,2.1309604983840953,0.6895927254447394,-0.12186327145096612,0
0.3840926212609332,0.3110783074414089,-0.6046313356228499,-0.05288669820414726,-0.10813973462583408,-1.7199100036412927,0.281210364691441,-0.21457429722426008,0
-1.3311535354316815,-0.4124582489187715,-0.47597906852490013,-0.08625765542761395,-0.20278076560233194,-0.3567310888585251,0.16512465858261374,0.5039931029999728,0
0.3840926212609332,-0.48015001107963295,-0.6495100334477161,-0.06243127672691337,-0.12352729387821111,-0.6685548539886275,0.4765768950043479,-0.22888876374210146,0
0.3840926212609332,-0.07824347160242844,-0.4127998350314496,-0.07114593230079212,-0.14689666098126142,1.446865368344281,1.3704200289004078,-1.6355096641349,0
-0.105977709222671,-0.41229855428941303,0.49589406548248005,-0.045783808658307446,0.02267949764429406,0.8709038514825326,2.419686224340746,-1.368571906327315,0
-0.8410832049480773,-0.36759389599034303,0.9141136639904276,-0.03310684217797335,0.11468290102246358,-0.19344389354656127,-0.028705584469961302,-0.47881539614718494,0
0.3840926212609332,0.23822964421215315,0.24098306183724005,-0.014173057684628251,0.09191783432999706,0.03015583877780696,-0.3479712818797896,0.7254150200301813,0
0.3840926212609332,0.23850876663022952,-0.09655461102555915,-0.04333432975610305,-0.03972603590654766,1.3350643951102343,-0.6094221688754098,-1.508182518974799,0
2.34437394319535,-0.5381697238764142,-0.4360868926805746,-0.09890148844296007,-0.2612677130699767,0.6218628697136706,1.7000136574627016,-1.4245300268105148,0
0.3840926212609332,-0.20720329089765152,-0.2641516147915317,-0.05228394410496086,-0.05739848002879232,-1.9019613289720205,-0.9861306071285846,0.20891023280209925,0
0.3840926212609332,-0.4962464518368148,-0.5134278485987607,-0.06108982287379012,-0.052618611670969546,1.485555315789358,0.18569050405588455,-0.5621556465389944,0
0.3840926212609332,-0.30065850982469505,-0.214186664546514,-0.06782549676370901,-0.10761125971893261,-0.6858458403825702,1.5206821254295086,0.3581648612188603,0
0.3840926212609332,-0.12424559156781895,-0.40831196524896296,-0.0773510276796318,-0.17463369074447607,0.9951999758028627,1.2782667977689381,0.4109767100629553,0
-1.0861183701898793,-0.4983398699723875,-0.38337935534625955,-0.06782078367638043,-0.13538326818121466,-0.9518825893820843,0.6783526237314519,0.7756332134111902,0
-0.5960480397062752,1.3252293466812022,0.565505912330828,-0.0451753855540441,-0.016234210298737492,-0.1857955030736046,1.5270253115004884,-0.6784120422100277,0
-0.105977709222671,0.4347579084687761,-0.18282144128891306,-0.05782232694307659,-0.08278304114978118,-0.9574511608496571,1.4880720278801203,-0.45742852832514896,0
1.8543036127117458,0.968794594575043,-0.5046515699130091,-0.06552094832403883,-0.10312714747678615,-0.021850707075410473,1.175911659049327,-0.1478544768503179,0
-0.3510128744644731,-0.4782927030550888,1.0534370881267343,-0.020626688706109335,0.1394942471532465,-0.059299257938849805,0.9226403014905519,0.7182865140831532,0
0.3840926212609332,-0.20005684183942773,1.2637187200461353,0.012667883366856831,0.27754580929185124,0.24801429642407716,1.1457500193210925,0.24162951906288735,0
-0.3510128744644731,-0.2237387774911355,0.49803826993411254,-0.024361070911774963,0.07496833420960296,-0.6428036244226782,-0.0408698589882922,-0.0865753629139366,0
-0.8410832049480773,-0.09855992301651062,0.6208064410950243,-0.01911093780774458,0.13921551739349453,0.9116278589626835,2.591126280798406,0.5267996735463409,0
-0.3510128744644731,-0.35958148106948074,-0.2767675154022996,-0.05646125759734169,-0.044421186027342824,-0.9673085287119373,1.2745220975718792,-1.340630097714141,0
-1.0861183701898793,-0.346858532160279,1.403042144182442,-0.030370703073922443,0.1118850825132725,2.0233833733288322,1.0406523677969046,1.3452997319000977,0
-1.0861183701898793,-0.2645473901693676,0.3183240177554261,0.00043920903861186867,0.17517741827420286,-1.2702890038056633,1.6500723192576943,1.343522100084886,0
0.3840926212609332,-0.2757587310324787,1.068097462749524,-0.05439588050535458,-0.016057654567971973,0.9126847435672646,0.9172212882246156,-0.2093660026673569,0
-1.3311535354316815,-0.2404225192706141,-0.6604305165851002,-0.05300725854698248,-0.08522265946367408,-0.7548791514785851,-1.3892379815466027,1.3376433711370876,0
0.3840926212609332,-0.3884990211599256,-0.2563227752820828,-0.07324156312526969,-0.11177675902749991,-0.29296374958771,1.2313800307182625,0.7696688766793914,0
-0.105977709222671,0.07223325429347242,-0.996073311095294,-0.09735302790255256,-0.26539159102609927,-0.6007179185518485,0.7000766857720823,-1.0884619472909112,0
-0.105977709222671,-0.26194445922637194,-0.07491310563001256,-0.0442196888381677,-0.032800835190155316,-0.33906591217511123,0.9651942583773226,-0.32800114495140387,0
-0.8410832049480773,-0.5597731126689222,-0.04728777385781715,-0.04758303880689944,-0.013824024859934727,-0.07276789421608482,1.6438191500183748,-1.3582005367489531,0
0.3840926212609332,-0.18206580047233575,0.12604373018577716,-0.032315211362528476,-0.02626225761611772,-1.1997633598392135,0.7605139865486538,-0.05969644948309122,0
0.8741629517445374,-0.3820391674923962,-1.173543628382737,-0.06552086438631796,-0.17458489071964245,0.193219405573578,1.2076335905263358,-0.6966370428716048,0
1.3642332822281416,-0.42947670881107447,1.0789182154472974,-0.050611525698922806,0.07051292656794318,-0.45555201353058283,1.4602568268971585,-0.4002804999367106,0
-0.105977709222671,-0.4311608236630909,0.47505040360381995,-0.044699881969672665,0.03093270182286902,0.2600452153760859,0.001636088921593216,0.19113087122611713,0
-0.8410832049480773,-0.4113801957761684,-0.5462890284505239,-0.03619529416087033,-0.0069039099690060505,-0.9154547587757229,0.4751066200872334,0.34735584958387494,0
1.3642332822281416,0.1285569552171389,0.5172363795591942,-0.04928762902851509,-0.003706384660943326,-0.949836720580479,0.10915819377849241,-1.102539967832762,0
-0.5960480397062752,-0.48465623660949514,0.8625530267116368,-0.02842333185617907,0.12270624253911194,0.7269719625638226,0.9958359878744107,0.7632547397600888,0
-0.105977709222671,-0.16245653544700275,0.25120543189734845,-0.026551545342650296,0.07093229218756032,1.5369957788969653,1.0614522570324916,-0.10579449028240168,0
0.3840926212609332,-0.3823073080448433,0.2579871017908838,-0.038515011206808406,0.02663689996768224,-0.12143698742829964,-0.660899794340749,1.4214179864620886,0
0.3840926212609332,1.0809935702425155,0.2902997642247874,-0.029222142160245955,0.01794364238322319,1.0587089983057982,0.6022944021008028,2.2570329253503747,0
-1.0861183701898793,0.22882184598977637,-0.47777421643789475,-0.028738129587283466,0.016433385568984566,-0.6614858311236289,-0.0990027288743659,-1.308902531510194,0
-2.0662590311570876,-0.4859559861644884,0.382650151304401,-0.034390305371555525,0.03810825639186849,-0.04596347028509566,-0.3178036410294446,0.4307478412692066,0
0.8741629517445374,-0.29532864437264034,0.5012296440016586,-0.039204691074375006,0.024537767531209547,-0.3574337104671572,-0.32817958115879536,-0.3254405331543555,0
0.8741629517445374,-0.21744891395199192,0.04007609124125571,-0.05666073687007215,-0.015740119323041202,0.4591476615305827,2.223809598648432,-0.03439538810925174,0
1.3642332822281416,-0.15523321332937437,0.2912970686208956,-0.05311699844374374,-0.01881504626587576,-1.3805408144803413,-0.2804226514020725,-0.03076050870225119,0
-1.0861183701898793,0.05557559444486324,0.29428898180922,-0.050244720734645525,-0.03538230280105768,-0.5822187477321381,-0.7577278995964317,-0.33579480122179284,0
-0.105977709222671,0.2611451371584873,0.12714076502149613,-0.05042163495805246,-0.030286561366278615,-0.923858910306704,-0.13739190701633075,-0.38807905529722336,0
0.8741629517445374,-0.4213860480976039,0.3514843889260217,-0.07541094840326819,-0.08584277254569803,-0.029242994924212375,1.4073929422242542,-0.7230375100125535,0
-0.8410832049480773,-0.030882345765420264,0.9375004520791634,-0.033745668208948865,0.08537514481315683,-0.9494610541951913,0.7376857180396598,0.9039518339200316,0
1.3642332822281416,-0.3928380020278093,0.1377121916202424,-0.05244907147625354,-0.06666281389951297,-0.08586455434757341,-0.36752893883846766,-0.13514088713137962,0
-1.5761887006734836,-0.229908298086092,0.5394264023726002,-0.04123955857151051,0.07672355775437617,-0.7458004241594844,0.20406593995876035,0.9451511114490635,0
-2.0662590311570876,-0.35562045941033654,0.4153118702769425,-0.018688007976779084,0.13682265689189613,0.1464485715813231,1.1822728484866387,1.2827698973326547,0
-1.0861183701898793,0.35455963166715576,-0.2613092972626235,-0.05872372055006618,-0.10596740188182734,-0.9542022739576418,-0.5775502093456341,-1.1889384598215442,0
-1.0861183701898793,-0.54631369239596,-0.8050396540207801,-0.07065328292191628,-0.09015564301822165,-1.32992622698204,-0.19443257267826225,0.006550869976645788,0
-0.105977709222671,-0.490505681579133,0.597120461687456,-0.07716948810732584,-0.067812894706677,-2.2736116265669595,0.6552723080938097,0.09403753732010617,0
0.3840926212609332,-0.34175905709757093,0.4217943488516454,-0.007008424045871882,0.1609912711737274,1.0006268420720559,0.7116888570562314,0.49026718780949174,0
-0.8410832049480773,0.7899755038010284,0.5758778780503526,-0.007875083157473654,0.12846066888335875,-0.03163574624268439,0.4349291075562885,0.7285453427144531,0
-0.8410832049480773,-0.07921628186608472,0.03578768233799072,-0.04676487632858848,0.007879903244746784,0.45224986578029286,0.9390173637305741,-0.6101042807463,0
0.8741629517445374,-0.3698152071027228,0.09737122879766821,-0.05916168376615623,-0.12057994903165663,-1.2797079712104567,1.298118509711039,-0.426263350125515,0
-0.3510128744644731,-0.08845980968175755,0.4405935367182838,-0.046869175300014325,-0.022045170860770624,0.0939785316417391,1.6208528557008355,-0.5734160074986111,0
-1.0861183701898793,0.23323838628366647,-0.1910492025568052,-0.06032933711389862,-0.08733744940147939,-0.07428974900284895,2.452560371263004,-0.598653405103357,0
0.3840926212609332,-0.15656339180371528,0.8039115282204784,-0.027824483600436822,0.06389723853863247,-0.1814343779838911,0.6331581731159857,0.22122964325223404,0
0.3840926212609332,-0.53400210587012,0.09552621566486816,-0.03143316176795835,-0.007393321323096388,2.7936884034328293,0.9945577488648377,1.5536156900793734,0
1.3642332822281416,-0.062052541043061675,0.610733666694332,-0.02696825628518456,0.0439332082037356,-1.2667109475465788,-0.47136035359730394,-0.40471680584424263,0
0.3840926212609332,-0.2932452929472278,0.0631636880111591,-0.04326654210365479,0.039934679569214857,-0.8562766013982634,1.4773120159356865,-0.5029039151348729,0
-0.105977709222671,-0.45496424620332204,-0.2267028347176711,-0.06804363292342612,-0.12054979127487812,-0.9954967924708521,1.2206620266286035,0.06883063856222307,0
-2.0662590311570876,-0.4552525201760894,0.5201285623079078,-0.06828353738912614,-0.12205267771232972,0.5065923332630489,-0.5922649607610003,0.8796465931286673,0
0.8741629517445374,0.6566332337531393,-0.11894409471818684,-0.03693797011357362,0.01954794888800589,-0.15817406010820811,0.9741599348106657,-1.4969408729783353,0
-1.0861183701898793,-0.3001851456583016,0.8623535658324152,-0.023997226144742603,0.12119909428508005,-0.7718409685054587,-0.08653839825050143,0.3291827089562515,0
-0.3510128744644731,-0.20678666637034246,-0.45329039351343997,-0.06738114329140163,-0.13491922498010966,-0.8113973841947943,1.0129151814013815,-0.4610644824745685,0
-0.5960480397062752,-0.11202460543342015,-0.7853428921976444,-0.05382623693791822,-0.06791471089920385,1.020515757102958,1.2391094759968073,-0.5228187322178165,0
0.8741629517445374,-0.47940736241645604,0.5538374508963628,-0.08668140216895939,-0.18149419943201917,-0.8141931096711583,-1.0967432898724796,0.374767819412306,0
-0.5960480397062752,0.7128013582470583,0.30426202577030137,-0.04714225886114183,-0.03633500988129766,-0.26952999045359366,0.43809770003072296,-0.04914058601989108,0
-0.3510128744644731,-0.47838536254633546,-0.013628750489167505,-0.054261300610906275,-0.07363309599072307,0.2080069334628147,-0.07065342802355427,-0.1865935122128782,0
-0.3510128744644731,-0.17585464030353506,-0.19558693755909723,-0.04629452812328982,-0.06934673245611733,1.0858049511605372,1.290779137369688,0.20210596133641012,0
0.3840926212609332,0.15819746812817498,-0.21842520822997358,-0.036642217952511796,0.004319584981946207,-0.5307495007561099,1.7925629626534758,1.2572684223321635,0
0.8741629517445374,-0.215326210841408,0.2915463947199226,-0.028537366716165184,0.012338249580615124,-0.502297753893958,0.6562024820209638,-0.10715237974436165,0
0.8741629517445374,-0.32045332262138865,0.5502970202901789,-0.037816894692422984,0.08512967390429824,-0.0066100177705223735,-0.14036846358322375,1.2433105653750287,0
0.3840926212609332,-0.29769729551554563,0.44697628485337587,-0.058654678240920854,-0.023574211306623575,-0.23659091230942147,0.6816112330375464,0.08230869165805534,0
-0.105977709222671,-0.3156242759998004,0.7204870154860327,-0.04685821412869766,-0.006224771596488779,-0.8170058102494115,1.0749727851478343,0.0896699113881778,0
-0.105977709222671,-0.4957486072616229,0.13885909167576674,-0.056253962392053075,-0.009336915515584446,1.8755413065923354,0.05168544732459256,0.029588409952588636,0
0.3840926212609332,-0.5064426564958237,0.3268509703421507,-0.04391949677978778,0.05074961536774047,-0.04198243986811908,0.4088122241306466,0.00403049918623455,0
-0.5960480397062752,-0.18042195246095985,0.3572188892036435,-0.0395981261837661,0.022290409723204542,0.742164678754676,0.03446822798907636,0.3934234376385193,0
0.8741629517445374,0.4002849171031427,-0.19099933733699978,-0.05851143875434537,-0.03066043836093575,-1.3443159470487425,0.7694796629819968,0.693107451286741,0
1.3642332822281416,0.7463614820322617,0.21221083000952026,-0.01652993641255524,0.09579318202435062,-0.6825689076700422,0.7350812310436284,-0.30893490543170193,0
0.3840926212609332,-0.5466195831115076,1.0735327717083134,-0.047922164949493945,0.04481661123902788,0.27393453896101033,-0.09764647527735416,2.0730418405880853,0
0.8741629517445374,-0.34420526766648274,-0.5528712374648376,-0.06514238803848553,-0.11262515799603058,0.285126297441365,1.4984599702536925,0.3189640437571351,0
1.8543036127117458,-0.5994979524828693,-0.3606906803347994,-0.04192573003743302,0.03033323622257319,0.6529774934287056,1.362474543225879,-0.2550245684846755,0
-0.8410832049480773,-0.22861266673070973,0.512549048897486,-0.0261247777157691,0.06549245843942265,0.657757829730292,0.17377827666620188,-1.4234278322655682,0
-0.105977709222671,-0.49393797216600305,-0.09710312844341863,-0.045998583237552404,-0.03971603272516624,1.9810924901395153,1.02818803717304,-0.5943906686599165,0
-0.105977709222671,0.1712777852480613,0.5145436576897022,-0.06483536139529861,-0.014465254463887016,-0.7843147162024037,-1.1669804230557774,0.6361046186244088,0
-0.5960480397062752,-0.1428044869034892,0.19490759873704408,-0.05159105879588849,0.027807900361339646,-0.550775692697942,1.5206521198189553,0.29289290011773356,0
1.3642332822281416,-0.30509770021644544,0.5711905473886444,-0.0382505825331687,0.06444164558090526,0.0649503693632619,0.9272251587831049,-1.5177386581998857,0
-0.3510128744644731,-0.2702925074155277,-0.16975675369989646,-0.049945346422494256,-0.07391682154260953,-0.36535960695360725,-1.076117433178102,0.24798497045773915,0
1.3642332822281416,-0.2722774796280117,0.4856218302025662,-0.04701100293895951,-0.03023456152733112,-0.5076773850970249,1.09736897286486,-1.621562000907369,0
-0.3510128744644731,-0.09338105821685787,-0.10597913756878105,-0.04872400142338069,-0.028942332042233603,0.03767138062728277,0.5457458284519463,0.31609825965603217,0
-0.105977709222671,-0.06924612060794424,0.07493187988523511,-0.041001679125023706,0.018493645120815413,0.11822414347490515,2.153740496884233,0.7014938914618665,0
-0.5960480397062752,-0.6092802780809764,-0.8784911227941445,-0.08468710762647283,-0.17447262536845765,0.7179958239039654,1.3612923221700768,-1.3802028832316071,0
0.3840926212609332,0.09589276863618715,1.444928928818984,-0.05197276154792047,0.04376410814373393,-0.6635553174582975,0.05992498798254437,0.8463119892553865,0
-0.105977709222671,-0.2234795597045121,0.2666137848172192,-0.029328313105761457,0.06114732297085736,1.374321901396738,0.020287576441559877,-2.1309617811514103,0
-0.3510128744644731,-0.3708600858595709,1.3263494361217263,-0.050690854748929794,0.0774369451075405,-0.6010367552482025,0.9748800694639462,0.8822676714227019,0
0.3840926212609332,-0.4392192251462756,-0.15614354869302038,-0.06547971175399699,-0.09095659325191496,-0.4052075515666927,0.49291795051170606,0.8824766753638309,0
0.3840926212609332,-0.17342147070005798,1.0437632354844855,-0.061385548372907314,-0.03581617471968327,-0.8069882859910461,1.7708028938801812,0.04200668854377771,0
0.3840926212609332,-0.6129852849976392,-0.21124461657799498,-0.07910785635588499,-0.12277713688806915,0.07057060418441072,0.8878457954928792,-0.0734670821111011,0
-0.3510128744644731,-0.24224322107639412,-0.38921358606349216,-0.08390549921861029,-0.17901343616123555,-0.7645246995912042,2.0854897351195674,-1.196772673183594,0
0.3840926212609332,-0.4710929461907898,-0.5107351267292687,-0.0768403849533517,-0.1875903874400521,-1.646923707948814,0.2545953881306134,-0.5483430950064179,0
-1.0861183701898793,-0.1255510608444941,-0.5698254121986759,-0.06846910740082379,-0.11923402292523431,-0.5191606725011292,2.084433537628089,0.8065920638298181,0
1.3642332822281416,0.2484793854661045,0.14554103112969127,-0.05658888690983575,-0.05492540409656242,1.1312450847742588,0.741244383451288,0.37125817115787896,0
0.3840926212609332,-0.4179702303091777,-0.6233307930498775,-0.09260260744725109,-0.24707246834981364,-0.9577013590905461,1.5416020371073091,0.26719136898901275,0
-0.8410832049480773,-0.32778188761796384,-0.7745221394998711,-0.08000398144870094,-0.18317130638489296,1.2981649518905158,1.1009696461312628,-0.9541219306503446,0
-0.8410832049480773,-0.48713996855264013,-1.007741772529759,-0.07961930717685868,-0.2271119530228396,0.5759976205048102,1.1672640420878495,0.9724228084453341,0
-0.105977709222671,-0.5440049839362809,-0.15778910094659881,-0.046113897279087934,-0.026900110062053968,-0.3054552104344524,0.1541186006316424,-1.4143360511589567,0
0.3840926212609332,-0.4299251349909348,-0.5078928092003605,-0.09055517168668066,-0.25219576215113076,0.7157027090531041,0.825704176036877,0.17179404856420527,0
-1.0861183701898793,-0.19233498878000557,-0.7214655456269182,-0.08378603023828222,-0.2103585155148881,0.15857543676140137,0.14404871772993583,0.3218939568585923,0
0.8741629517445374,-0.611537966623253,0.556679768425271,-0.06045322000647458,-0.03890644305771472,-1.3056747107656081,0.19448814907012882,-0.30385673708387484,0
-0.105977709222671,-0.43086934664618165,-0.2875384028802675,-0.10386457214672816,-0.24309171691351875,-0.7285618391670258,0.9865462508470915,0.15587336642610097,0
-0.8410832049480773,-0.361775795095522,-0.03207888181716805,-0.05772603958208086,-0.05329780965297745,-0.9109984255058481,0.48422832569545393,-1.5086079357217324,0
-1.5761887006734836,-0.3924280123776512,-0.8619358698187494,-0.06608462906347293,-0.1271257882499068,-0.5708395250830938,-0.47630527821649715,1.1129001911152483,0
0.3840926212609332,-0.16226366643188936,-0.6740935868117817,-0.08095741480103025,-0.24460760572539328,0.5442165395286462,0.11623951786908464,-0.47958086682390455,0
-1.5761887006734836,-0.0684979810119527,-0.6227324104122126,-0.03983402505255238,-0.09918885448378378,-1.2221321158417582,-0.23452606949965776,-0.8660690318613586,0
-0.5960480397062752,-0.19201056616620862,-0.3338631920794905,-0.050833321327882354,-0.071497421873022,0.8674217414515175,2.743794827293886,-1.6746112695656654,0
-0.105977709222671,-0.3177277608455332,-0.5999440049611416,-0.08868539966167296,-0.21901897797502312,2.0851358418101875,1.5495895306366128,0.6783736270222102,0
-1.5761887006734836,-0.4566989233950064,-0.45239281955694266,-0.08412372416969259,-0.15497275574008917,0.8913285892948074,1.6244955368220129,-0.9745853485931987,0
1.8543036127117458,0.009848021120203564,-0.6792297044517386,-0.05917847315911444,-0.06072442885452081,2.099090851658944,0.3844896762160955,1.1779223287761487,0
0.3840926212609332,-0.12991909789852177,-0.03796297775420606,-0.037521610868224343,-0.020461295077619932,0.9826620179379019,0.4323666284150318,-1.6506975075451187,0
-0.3510128744644731,-0.38973654014301984,0.8138347069617543,-0.044520891638347174,0.034335451017350124,1.2601731977666215,0.6703591290800376,0.37915237823063164,0
-0.5960480397062752,-0.37338225433241823,0.31189140440052865,-0.03705681855454002,0.08609706111217799,-0.08391906006148696,-0.09911074907235798,-0.0775338945258776,0
1.3642332822281416,-0.5444520373829376,1.0130961253041602,-0.021094094524526853,0.15364833975530642,0.6905249427118473,2.8328994883931347,0.4589409075643286,0
-0.105977709222671,0.944517350290684,0.8837956103487402,-0.010136022309881256,0.15797425316784464,-1.145855602574403,0.650975504662569,0.38083270444757505,0
0.8741629517445374,-0.18165443808897405,-0.2698861150691535,-0.08153124751727442,-0.11939072538541676,-0.8148669474113697,0.7029632255073152,-0.3792491752398154,0
1.3642332822281416,-0.37831105290013867,-0.7336326592594375,-0.0724657129250454,-0.12122939447154707,0.5899275367246871,1.1650916358837864,0.10248012635423323,0
0.3840926212609332,-0.4152837914296264,-1.2162781217559706,-0.09406805999611874,-0.2888023329456622,0.23018822529666977,0.733610956126514,1.4665383163733348,0
0.3840926212609332,-0.34364473494165726,-0.4984682826571386,-0.09997945927571104,-0.26083840052656687,2.875785900552371,0.8298209458047976,-0.4240789787206541,0
0.3840926212609332,-0.20328985732290067,1.0955731988623032,-0.03786550831371476,0.06971470926808,-0.996744831483664,-0.11730015018980294,0.22449602602258512,0
-0.8410832049480773,0.4657912880037866,0.1617970927862539,-0.042141102069885916,0.012614770887405894,1.1912919245397013,0.5845550851416581,1.2444081200651462,0
0.8741629517445374,-0.3261108137313821,0.5145935229095077,-0.029949675818996276,0.09185258084379497,-1.066506595865099,-0.31293673099769004,0.6496451427542415,0
0.3840926212609332,-0.3129298295098945,-0.10927024207593791,-0.061566804280363534,-0.03681449236550093,-0.36151216320801977,0.8224875745855571,-0.7387210843748951,0
-0.105977709222671,0.5541477182347239,-0.1048821027330621,-0.0451626517903421,-0.030506394314660845,-0.4814744702112407,1.534700746680037,-0.6384061027171689,0
0.3840926212609332,-0.15761627817091806,0.4277283100084888,-0.024355044049179906,0.06490498402656286,-1.0429193227660716,1.5047431451035655,2.2314514712860074,0
-0.5960480397062752,-0.07712560919691937,0.18892377236039526,-0.06295250492300342,-0.047293947078946956,2.3289972033591124,-0.22923908092015627,0.03370100754733275,0
-0.3510128744644731,-0.476698731016779,-0.16412198386188548,-0.044564147390101144,0.0051204581572158216,0.6372268130192326,1.101785798738314,1.0036744708139564,0
-1.5761887006734836,-0.058009841758300054,0.5714398734876714,-0.0691641242578554,-0.03776574036513713,3.9235533993231444,1.0048796788951926,0.1246361843284654,0
1.3642332822281416,-0.3740530632912706,0.647484333690917,-0.04165024248707421,0.06718852466562496,-1.4105284390395136,1.1360702093565795,-1.9574247530498243,0
0.3840926212609332,0.8468203857643489,-0.3606906803347994,-0.055591238964938644,-0.0860459070098761,-1.0854050506031603,0.9990045803488452,-1.538382369338686,0
-0.8410832049480773,-0.3118497172674859,-0.28434702881272145,-0.04430343034438697,-0.01574375549591327,-1.0251205594112685,1.9644110954146614,-0.5880883081529064,0
1.8543036127117458,-0.2928035016445184,-1.1698536021171368,-0.08494398069409223,-0.20988053892350136,-1.1157771981225189,0.24078680615395853,0.8780473960466864,0
0.8741629517445374,-0.36191055173834735,-0.35176480598963156,-0.10128745354758542,-0.2277307504850238,-0.19442033092914562,-0.20462247802218225,-0.940941319073528,0
-0.105977709222671,-0.48626233445777056,-0.6205882059605801,-0.07535785017492858,-0.1356182544525083,2.0619663038272167,1.1303751444735526,-0.6412976943897961,0
1.3642332822281416,-0.28072436460783057,0.39481726493692026,-0.07714173364500265,-0.04938187844772553,-1.253669641008207,0.9318880306630964,0.8866795212233648,0
-0.105977709222671,-0.31288796114718304,0.02661248189379585,-0.04866121948364103,-0.018689575326693044,-1.187596640072091,0.4518102640536071,-1.5016096119240492,0
-0.105977709222671,-0.2643318710563939,0.8731743185301885,-0.029737207846876897,0.101796007239737,0.3100029402360651,0.34847094130784584,-0.3521819020338047,0
0.8741629517445374,-0.15311600115160504,-0.6177957536514773,-0.08589381908103597,-0.17985899533976155,1.0132105589073268,0.8323354159691689,-0.14667578050799684,0
1.8543036127117458,0.8357840683847036,0.8573670438518746,-0.026501036712329385,0.08238685180006046,-0.9339959983262023,1.4740354032632599,-0.13453297342452886,0
-0.5960480397062752,-0.3779351527912047,-0.9691460924003742,-0.048977318450562954,-0.08334913261106255,-0.4999684746955935,1.357415597286583,0.024254383073747977,0
-0.5960480397062752,0.9247843104881548,0.3858913905917524,-0.05430858687159095,-0.09788318956806326,0.3131617852832768,0.7441489265528529,0.9721779816619177,0
-1.8212238659152857,-0.34313934033384524,1.0204761778353604,-0.0387940470048948,0.12011509471512764,-0.40423997075900703,0.6943036063016164,-0.735934894412713,0
1.3642332822281416,-0.23463919428361896,0.030053182060368926,-0.07600196091272231,-0.12337198213145167,-0.24554195734039885,0.7895714198085246,-1.506953690513788,0
0.8741629517445374,-0.3825921501846016,0.11706799062080393,-0.09622084348024734,-0.11959778616209911,-0.9434592486054891,0.768489477833736,0.4916232374628967,0
0.3840926212609332,-0.5981076025364349,-0.6603307861454893,-0.07298041545919447,-0.096287265812701,-0.7149175474876328,-0.38376197414783375,0.4415654246257896,0
0.3840926212609332,-0.08808230805075265,-0.3983389212878816,-0.07122332153416693,-0.1144004978970861,-0.540688053888295,0.8211973333317628,-1.6308763144946565,0
-1.5761887006734836,-0.38005968621272684,-0.4321475403159475,-0.06670745217991633,-0.07291675059411068,2.0657178013447344,0.23977261651725507,-0.07996495448548564,0
-0.5960480397062752,-0.35031164253407115,-1.3875651517875434,-0.08584087821388162,-0.2093745039996476,-0.48620388120715946,0.9659503997632672,1.08348919151256,0
1.8543036127117458,0.13094596856923174,-0.90980648083194,-0.06041535069859739,-0.07782157800198876,-0.17585621189351122,0.5347817783557497,0.6398816293964518,0
-1.3311535354316815,-0.366180667157181,-1.0307296388600518,-0.07379869850227064,-0.20383946656024202,0.2173926887117378,-0.8460524148212931,1.665838749514164,0
-0.8410832049480773,0.216404559007255,-0.3361071269707338,-0.05742150604298802,-0.06568692830791363,-0.9590593672416838,-0.14105259150384028,0.805748136372465,0
-0.8410832049480773,-0.43634403545122186,-0.469346994290781,-0.07270819516743071,-0.15222507060900914,-1.110452920512569,1.1330396426906906,-0.24402062538212912,0
1.3642332822281416,0.14999492965860656,0.07657743213881354,-0.06095784117865564,-0.04784231639161889,-1.5310036893389523,0.9918512427929249,-0.6790064205673728,0
1.8543036127117458,0.0468733810891647,-0.6293644846463317,-0.06911265828501928,-0.1525841335219512,-0.6247332594376477,1.201566456072447,0.5376840058523364,0
0.3840926212609332,-0.24219311631446075,-0.1795303367817562,-0.08257290008417953,-0.14892699276119586,-0.3486812003234929,0.5439814985514089,0.548782391131441,0
0.3840926212609332,-0.4569107818861037,-1.041799717656852,-0.09043754948482323,-0.2785545652742556,0.8358842162850685,1.1716988713276357,-0.09334050637032464,0
-1.5761887006734836,-0.33977683035149425,-1.0337714172681816,-0.07666872823207105,-0.2076841904609444,-0.8874096763110041,1.2076876006253319,-0.26256971405980833,0
-1.0861183701898793,-0.5338364627302125,-0.596303843915347,-0.09056496652606522,-0.201355392073614,1.5778290174675338,0.4983309626555317,0.061075149386877955,0
0.3840926212609332,0.5259623025195612,-0.6544965554282568,-0.07415629280003067,-0.16015659141776029,0.0046577596443796426,-0.4228592846988578,0.0748585499009295,0
-0.8410832049480773,-0.47277683225393896,-0.30105187744753276,-0.059979551827735685,-0.05921903485433643,-1.1685734552375393,-0.007245571802200432,-0.24040329529365362,0
-1.3311535354316815,0.524259198191561,-1.1628724713443799,-0.07830886030567726,-0.22270777844598824,0.24641642270276565,1.4252462805035016,-0.9131196828758261,0
0.8741629517445374,-0.49099849279924485,-1.2130368824686193,-0.07746258649106719,-0.24037945726299972,-0.32084424736889416,1.3618444254042585,-2.7472178875204483,0
-0.3510128744644731,-0.5996832714653626,-0.27387533265358605,-0.10224044532467748,-0.20523859246749676,1.9812526465356006,1.3966929415009273,-2.028238624626983,0
-0.3510128744644731,-0.5327204306356416,-0.46181734610016456,-0.0763744222298901,-0.06042762676390156,0.6819724435513125,1.2690610764511683,-0.7487846852952125,0
-0.5960480397062752,-0.09268965825995071,-0.26604649314413714,-0.036566632233505224,-0.01400593070239247,1.6289336687768978,0.07749027240047951,1.434528231050315,0
-0.3510128744644731,-0.2751172070486377,0.6768549481563017,-0.016912964383176878,0.0889098637103262,-1.3618416326775014,0.05848471867598324,-0.4589680211309974,0
0.3840926212609332,0.29801217523129364,-0.1953376114600702,-0.0632258078606408,-0.12383319292893226,0.49535998214774174,1.0394881501074344,-0.5195130130362768,0
0.3840926212609332,-0.461974794674384,0.462185176894025,-0.006171866495285973,0.14856963872667653,1.0813884724777065,-0.07468618208192544,0.6319276740415829,0
-1.3311535354316815,-0.6215545720214505,0.2705531371818463,-0.06433442006533886,-0.025369217814394763,0.502964827794113,0.6406535746322142,-0.7413901943438569,0
0.3840926212609332,-0.42464766218948624,0.3963630867508879,-0.028914906530228653,0.0689652917314895,0.23505565125142702,-0.6144151024714883,1.3732172128404179,0
-0.5960480397062752,0.28196080588096506,1.0255125650357066,-0.0015335011720020296,0.20299014108625438,-0.8876502799290861,1.293737690570249,-0.24547664836656027,0
-1.0861183701898793,0.6887295663655127,1.3386661454136617,-0.0011196268832633857,0.1990699170295544,-1.5078031533438359,0.3467846259947472,0.30033341926361123,0
0.3840926212609332,0.2838830899438155,0.200043716377001,-0.019502877073950042,0.038329229287271366,-1.3026354294795293,1.0476136694452833,1.0887275060850787,0
-0.105977709222671,-0.3879428354235784,0.4516636155150841,-0.04324753315606343,-0.04964250164852663,0.02347871935207705,1.8115385107674187,-1.9098089272881114,0
-0.3510128744644731,0.055976432540330266,0.48437519970743104,-0.011009569499786981,0.16395413591561317,-1.4230752534793731,0.651833665124395,1.1482282138931157,0
-1.3311535354316815,-0.14589405176718026,0.04835371772895325,-0.05115121855529676,-0.03442312282004381,-0.9677565237922311,1.5374852673393886,1.4901817026564814,0
-0.105977709222671,-0.16888527382858268,0.4020477218087043,-0.0423568589264445,0.010665199353587769,-0.4094328758412924,0.36027514849953646,-1.6302005330308833,0
0.3840926212609332,-0.3001981866237363,0.5156406925254211,-0.03954381252159144,0.04340347202015916,0.4404676689733566,1.8229166382892517,-0.6959081595203802,0
-0.5960480397062752,-0.5312438272862442,0.07827284961219738,-0.03810626843651702,0.024968781107945322,-0.11354577919353627,0.8178667105603402,-1.7649713652329255,0
0.8741629517445374,-0.29953492769750406,0.4602902985414195,-0.029400506003992972,0.05624860582984971,-0.9179995479632896,-0.3657286022052662,-0.36224459901385975,0
-0.8410832049480773,-0.27547228737064955,0.5989156096004506,-0.03903480999455411,-0.018903549697585603,-0.7004525465342912,1.235370776921859,0.03621474866100243,0
0.3840926212609332,-0.37236345750643957,-0.11979180345487876,-0.05430286492553814,-0.06819451071048713,-1.1284701460482074,0.8925086673728708,0.6443905553127398,0
0.3840926212609332,-0.14532757053180564,0.6563603428162794,-0.014886338511112098,0.18489715796453188,1.3465137323105603,1.3393522197334622,0.00853846689540221,0
0.8741629517445374,-0.45707505229280765,0.4603900289810303,-0.0479798619766461,-0.012841810704312543,0.7881642526828335,0.491951769851888,0.6592380030272288,0
0.3840926212609332,-0.336836435829267,0.5452107678700274,-0.01579102365224808,0.0914772452060696,0.9500439906338085,1.3363516586781263,2.7840679102889743,0
0.3840926212609332,-0.47303078789661496,0.1762580065298219,-0.005358224542683716,0.11125065970361256,-0.18565453592313322,1.7039443924451914,-0.24182691252998936,0
-0.105977709222671,-0.41220223417629,-0.23862062225116337,-0.07145978096424509,-0.13311931150691897,-1.8919998963546802,1.5085958654986165,1.5781967883207368,0
1.8543036127117458,0.20977837583321615,0.4813832865191066,-0.04887350874673168,0.025852327741224534,-1.0706928036005627,0.012762169314777963,0.009077603428542675,0
-0.8410832049480773,-0.21460712743156046,0.9523602875811746,-0.051979148510751215,-0.0009364074701494714,-1.6521040662166593,-0.10098910029299812,0.892953042308773,0
1.3642332822281416,-0.09629903143009215,0.2935410035121389,-0.03900705316515319,0.047498907954588235,0.732308048940304,0.2295166988301177,0.20543690410955293,0
1.3642332822281416,-0.27043344135776953,0.6168670887303971,-0.05314961937078218,-0.034054065283639044,-1.2296816078950124,1.71582061310221,0.43791559653903217,0
-0.5960480397062752,-0.5242959669648157,-0.11006808559282441,-0.04725580863216887,-0.03540427235044204,0.47903288632194346,0.5729549161017303,-0.08837729022537517,0
-0.105977709222671,-0.012186634687119134,0.22866635254530454,-0.06306924269875176,-0.0667743930714624,-0.521286250476823,0.9240685685528917,-0.2556034484847631,0
0.8741629517445374,-0.16722174997462105,-0.30449257761410586,-0.036970377739572687,-0.0667858976621103,0.666785631743725,0.28585523320510065,0.5614346718403412,0
0.3840926212609332,-0.2694976948906119,-0.1091705116363271,-0.026841851030680163,0.05030367901119498,-0.9224234071252024,0.8954312138407678,0.9015732976381848,0
0.8741629517445374,-0.05018892311934751,-0.24804514879438527,-0.045105254276328444,-0.012582183907497036,-0.3638089682984223,0.7252333896600167,0.697591972850947,0
1.3642332822281416,-0.3708765586580148,0.7560907824270932,-0.049004476796259085,0.017934775783592632,-0.041489423865423425,1.7913987449640054,1.8588133079337565,0
0.8741629517445374,-0.3913959457973705,-0.172399610349583,-0.04119030762551765,0.007552741311783829,1.424795521744568,0.9426480426075302,1.4237727389617834,0
-1.0861183701898793,0.6391716098249233,0.00357475034369787,-0.0319262888558498,0.03825060894316968,0.9003320357272688,-1.9346799701855248,0.2599594402670001,0
2.34437394319535,-0.51007513734156,0.2908482816426469,-0.035437582191197636,0.005803823589531244,0.05941870029110034,1.090281647652157,0.6991828971750663,0
-0.8410832049480773,-0.15244656492595632,0.05493592674326696,-0.06539249832988735,-0.1182102623523782,-1.0342826861439989,1.342478804353122,-0.19965306652545403,0
1.3642332822281416,-0.3942349868513947,-0.2577190014366342,-0.0769821654942726,-0.15306261360052906,0.9224985666029594,-0.03918354367519354,0.452376445356425,0
0.3840926212609332,-0.3875028744318072,-0.22191577361635206,-0.054101958217669076,-0.00769481803950423,-1.4310314099300605,0.8736651439453627,0.5626845254460221,0
-0.3510128744644731,-0.45426003406984744,0.18672970268895736,-0.05063187995325489,-0.014641311357824316,-0.8765817754494054,-0.5649298495468922,-0.7993983088509727,0
0.3840926212609332,-0.4751505167519243,0.021426499034033535,-0.0756721944447969,-0.1390657278521881,-1.0995630236266793,1.2073815433976878,-0.154931706029184,0
-0.3510128744644731,-0.46176865590496863,-0.1337540650003927,-0.06142363169504307,-0.10519419072752263,-0.19387417547705763,0.1159094561529977,-0.6570538548905159,0
-0.3510128744644731,-0.29609394313367754,-0.04818534781431447,-0.06463814338627892,-0.0976789651477647,0.6556750585332753,0.8275585227690745,-1.5003322827297454,0
-0.5960480397062752,-0.30206510378070606,0.8172754071283274,-0.051396058976116786,-0.014425804572290278,-0.427363749771668,0.7295842031902534,-0.04724423256417579,0
0.8741629517445374,-0.37943898201580784,0.8607080135788368,-0.05219155632071556,0.048780457233494785,-0.43869868954621866,0.6551882923842604,-0.06765986313485739,0
-1.3311535354316815,-0.09615031866636295,0.2863604118601603,-0.02093157260601173,0.1000734431664402,-0.9424916677978036,1.003811479159493,-1.7393089570767193,0
-0.8410832049480773,-0.21552777383347788,-1.0578563184341931,-0.06812040500319938,-0.15588742646366094,-0.65803029081731,0.5828627687064488,-1.0500886011171047,0
0.3840926212609332,-0.29658240736531116,-0.06693467046114747,-0.04173005568466408,0.042700097991590996,0.7569293271587576,0.4066818257813583,-0.5158565509800712,0
1.3642332822281416,-0.3680505585694253,-0.7669426260894493,-0.06443550174651687,-0.11969476521682768,-0.21458822806935735,1.045813332812082,1.6003077283741027,0
-1.0861183701898793,-0.5519361788092604,0.4396460975419811,-0.03765815162964557,0.10024419186869037,-1.6610875853555986,0.7498980015348761,0.12062716471724014,0
-0.105977709222671,-0.3358409754677504,-0.36453030225981575,-0.04667793828778016,-0.027387216158712112,2.2751529182144097,0.6916571114508103,-0.7362104311397686,0
-3.2914348573660983,-0.4180640337447607,0.23973643134210487,-0.06022614747135621,-0.06221404387782286,0.15859905429446464,0.4039693185873348,0.6983447162417613,0
1.3642332822281416,-0.5668783797310363,0.6488805598454683,-0.02613896297612759,0.1654887650368986,-0.7395757281014977,2.887569710821351,0.12162871484803023,0
-1.8212238659152857,-0.09954554545673434,-0.17903168458370214,-0.039664031382374676,-0.012028103833792297,-1.1198209626116948,1.366291256888266,0.6116869061350745,0
1.3642332822281416,0.25279891928026976,-0.34637936225064764,-0.032874971435232055,0.01070789360969213,0.5201170611813091,-0.42791823063815376,0.29293809727279474,0
1.3642332822281416,-0.09933734758751346,0.12753968677993938,-0.010219999724035205,0.12269314271079775,-0.24696417565955234,0.9506115316483912,0.4587625624529943,0
1.3642332822281416,-0.40098540238036423,0.4371528365517107,-0.057519483318608976,-0.035919399068509564,0.6615085891999017,0.5697803225051852,0.44639506722807937,0
-3.046399692124296,-0.26509305161782015,0.2637216020685056,-0.010503621603568323,0.10613378900590902,0.5715892603489702,-0.06465830703499356,-1.13479776399535,0
-0.8410832049480773,0.46484684755967254,0.7345490074711574,-0.03487667489149377,0.08121661749555371,0.1598374986844696,0.5900101051402584,0.2842473686548061,0
0.8741629517445374,-0.17680022469198553,-0.26185781468048297,-0.02507245144870331,-0.0019463777880798676,-1.85857296854317,-0.5421855967474476,0.5146678735637958,0
-1.5761887006734836,3.0582034340375617,1.1180624129945418,0.41032218160033135,0.7887702466476781,0.04245245497677745,0.32510857293100215,0.6333539528391593,0
-1.0861183701898793,0.1779648262607955,0.4321164493513646,-0.03066952156229101,0.039176864379854244,1.5756008508325965,1.6562834806422393,-0.005455898473312778,0
1.3642332822281416,-0.34461274063910075,0.8673899530327613,-0.034745853022410796,0.06305609440649718,-0.7156054081381004,-0.1373979081384414,-0.28068644152547834,0
0.8741629517445374,0.1204729293808193,0.39760971724602306,-0.07025353469578585,-0.0969660515732747,-0.7887629309452879,-0.13439134596099506,0.4793406738017439,0
-0.105977709222671,-0.16519490939942563,-0.3512162885717721,-0.06378904849158018,-0.08953288425715127,1.295079911634127,0.7723121926182337,0.9821143708460245,0
0.8741629517445374,-0.49532305996849013,0.3834479948212875,-0.056530861412355665,-0.05358693321644922,-1.0238703062547319,-0.08335180240973493,-2.5295939219712653,0
-1.5761887006734836,-0.05763325528276425,0.0791704235686947,-0.04730069490902801,0.007866853810780582,-1.432607142214125,0.21261753896646707,0.06482456892872088,0
-0.105977709222671,-0.4642901380112141,-0.15464759209885817,-0.022384437484588113,0.03825670546079921,-0.8814610101706942,-0.3940959064224099,-0.9529778093220569,0
1.3642332822281416,-0.4448137993177683,-0.014725785324886456,-0.06610016282047118,-0.0757403011862803,-0.4644152308604812,1.367365457746076,-0.7546755565042238,0
-0.105977709222671,-0.3962297969851715,-0.4734359423148244,-0.07332798631467259,-0.10464271738770091,-1.0348546732728747,-0.4178903555912219,0.13916135437406452,0
-0.105977709222671,-0.1955371177663963,0.24776473173077537,-0.03651080897994571,0.02773343978272503,-0.7142009029687443,1.0027792861564575,-0.05987746897962669,0
-1.0861183701898793,-0.44751854130670166,0.05987258350400224,-0.04680716467360418,0.01417866053231454,-0.7010540555794963,0.978354719166025,-1.2409032763198358,0
0.3840926212609332,-0.20016116956290544,-0.46530791148654305,-0.059177786923341726,-0.10256307866333465,0.8093469656968575,1.6560794424904763,-1.376674330322045,0
0.3840926212609332,-0.45203803659086583,-0.7546259167975138,-0.06645558469309427,-0.14768591341872797,-1.4188395965340581,-0.04396643799739863,0.4680429491818952,0
-1.5761887006734836,-0.1941536314859801,0.40339408274345023,-0.05833895084888265,-0.07596949023478028,-0.5766339392105841,-0.15990811717556977,0.5133720686610708,0
0.8741629517445374,-0.34947953742378945,0.8257026292754411,-0.055399091492903514,-0.00758049018900892,-0.33083667799837985,0.5656815561035966,-1.1380166014599837,0
-1.3311535354316815,-0.37954353852815287,1.1114303387604225,-0.03503178241236115,0.11066732354214696,-0.15212649554819585,0.23522976707947685,-1.3581376584530014,0
-0.105977709222671,-0.42473414438131646,-0.06154922672216352,-0.08432494809663259,-0.10760113479177746,0.32171871273126096,0.5407168881232036,-0.658918171550683,0
-0.8410832049480773,0.21133002193107997,-0.5640410467012487,-0.061704745618370985,-0.13120739500891238,0.5658206778982677,0.9476109705930555,0.1392592580575524,0
-0.105977709222671,-0.16615422111991263,0.7766352529869208,-0.016287160228196963,0.18221592363987127,-0.6091065710767569,0.7241891944127599,0.5261924026155429,0
-0.3510128744644731,-0.5060999307726447,0.0356879518983799,-0.0389116546904323,0.0296415466266264,0.18050579230645925,0.9149168573341178,-0.14265795228631625,0
-0.105977709222671,0.2951143354383796,-0.6279183932719749,-0.03150056561750918,-0.06415080585754405,-0.7493969316162747,0.13200446565381838,-0.39373258395745697,0
-0.105977709222671,-0.3290596734416987,0.05588336591956969,-0.04329587015999172,-0.021754661805136143,0.39257057387314725,2.3374048390813305,-2.0479072378786873,0
0.3840926212609332,0.20041221718468355,-0.5630437423051405,-0.006019743939945642,0.0714641562834059,-0.2479184716048899,1.0402742971039323,-0.8808289109662905,0
0.3840926212609332,-0.4519451483107519,0.14678766162482643,-0.039777472047494,0.04262233837041114,0.11014547107145212,1.4001075799818992,-0.17009960586637066,0
-1.0861183701898793,-0.5077767243809083,-0.19638478107598373,-0.09822642557116694,-0.2426162057749338,-0.718308877625936,1.4403871115887255,0.682063247409389,0
0.8741629517445374,-0.1349117285602121,0.6807943005209287,-0.020749574087879218,0.1288879214348449,0.19219868531650003,1.007316134472125,-1.7250048275437022,0
-1.3311535354316815,-0.43607772520971294,0.5072633355981128,-0.031849529084938884,0.13765927086278743,-0.5678017198928313,0.21507199790973167,-0.4027219471452961,0
-0.5960480397062752,0.16234907091375983,0.5912363657504179,-0.03590316249283667,0.052975375636467675,-0.7105416614397547,0.5255400503053157,-1.8335388735088207,0
0.3840926212609332,7.052364703028912,1.586994940044588,0.8287196893943548,0.8435018214778253,-0.011281861029599452,0.7569613222591363,-0.38763386731960137,0
-0.105977709222671,0.8042651988733341,0.383996512239147,-0.03736279752138901,0.001847217509018018,-0.4010036306814315,0.04766469551044273,0.19118029038007947,0
0.3840926212609332,-0.25618286918176797,0.43296415808805655,-0.05350921063334518,-0.06280693840893162,2.4850330779727456,0.1339668325840079,0.6844012594719047,0
-0.3510128744644731,-0.3891384860439612,-1.201368421034154,-0.06279024602481872,-0.1517936408896332,-0.46921623250349803,1.130345138862999,1.2576412231133525,0
2.34437394319535,-0.36872525693902136,-0.9282067469401352,-0.06448405745147394,-0.16375097874712263,-0.007721517920312276,-0.07409807211507966,-1.064727544166145,0
-0.105977709222671,-0.5901999729167848,-1.074511301849199,-0.08691203798501947,-0.1727182891567212,-0.3156712695801309,0.39873634010682935,-1.728329770136723,0
-3.046399692124296,-0.15479393870420502,0.16000194487325925,-0.08254534391265937,-0.1699103243686944,0.1819080833320906,1.2461968012095102,-0.9665705573062852,0
1.3642332822281416,-0.2224431461357532,0.4701636120628901,-0.05283240181322476,0.005964992834512144,-1.5852627574080786,0.5796041594003543,-1.3881200745893512,0
-1.3311535354316815,-0.032882418043144436,-0.46386182011218624,-0.07236326965585421,-0.10898377730013999,0.6035888035059693,1.5492054588215298,0.8114131736745539,0
-0.3510128744644731,0.26596434585878265,-0.2614090277022343,-0.07578432226036656,-0.14743798688584583,0.4924417407186121,0.62676097694601,-0.7497801284741272,0
0.3840926212609332,-0.4093780643986387,-1.4096554441613387,-0.09174190377688324,-0.24419536262299635,-0.9171338177669394,-0.9088421554652478,-1.4274396225548154,0
-0.8410832049480773,-0.1183474145694514,-0.22401011284817915,-0.05575140305259135,-0.1191554503177697,-0.10234073585083354,1.3943645061219867,-0.7081165123857663,0
1.3642332822281416,0.11265201074186676,-0.6042822790842121,-0.07843605505664236,-0.16718052247192378,-0.6106874696961792,0.2951089634997559,-0.21373140571566077,0
-0.3510128744644731,-0.45875550652294766,-0.045891547703265756,-0.08148116423089008,-0.13349301287480744,2.156327204989858,1.299654796971371,-1.4184746375566115,0
-0.3510128744644731,-0.4506053607039854,-0.11540366411200295,-0.05365929954956514,-0.06038735381131952,-0.08262821426999789,0.10197485061201876,-1.0879235098179934,0
0.3840926212609332,0.04131472676983429,0.35243182810232443,-0.06789799219126318,-0.14039735185909277,1.582182762078165,1.2286615224021284,1.0220210848478868,0
-1.3311535354316815,-0.41089264670000386,-1.3149115265310656,-0.07363613405996866,-0.1295864630983052,0.05634473075333477,0.39013073100012663,0.12761763447436864,0
-0.3510128744644731,-0.13223123819121,-0.3062877255271005,-0.07437699911112981,-0.18173622682614837,0.5956798821214085,0.85746211424655,-0.612907887401796,0
-0.3510128744644731,-0.3329136219109578,-1.1685571064021962,-0.048158328923151444,-0.11764913549868243,-1.1583123751694588,-0.2962956193847983,0.14262442959891403,0
0.3840926212609332,-0.6058145843194841,-1.0779021367959667,-0.1152250227737845,-0.3223081386000031,0.6832706698218839,0.797342872941844,0.1887815575398554,0
-0.8410832049480773,2.905205912402017,-0.8513145780001977,-0.006944626215398432,-0.1302034375572883,1.117969079001071,1.548815385884336,0.20119938594637424,0
-0.5960480397062752,-0.3704235567008089,-0.32249392196385773,-0.04163291774038648,-0.07734323398032422,0.003560282404846054,1.0079162466831921,-0.6697451634011559,0
0.8741629517445374,-0.09210075571558306,-0.12098856873020852,-0.06913169984725528,-0.12857598699452938,-0.87391151811744,1.6537390048673146,-0.5225317272155371,0
-0.105977709222671,0.9820776186313357,-0.1823726543106644,-0.06576288445209588,-0.12478224846043956,0.314407610152364,0.7747606504393876,0.6959549239887157,0
1.3642332822281416,-0.5900119084678842,-0.6446232419067862,-0.08742315601761055,-0.1880936820057749,-0.6391377404625146,1.5652404571012437,0.15927931982647622,0
-0.3510128744644731,-0.273791375562775,-0.5119318920045985,-0.08609609083790212,-0.14987369323187216,2.7154649197835714,0.1085280759568719,-1.0833595845501083,0
0.3840926212609332,-0.3764839450060749,-0.3149144085534359,-0.06745163632171434,-0.11281398919011551,2.4555362552725444,1.221106109664793,-2.158856837919307,0
0.8741629517445374,0.15053212591896992,-1.1648172149167908,-0.10127908188874792,-0.3232167814535188,-0.18481758959520378,-0.9624021703029899,-2.1310599293606596,0
-1.0861183701898793,-0.25458180468857267,-0.24340768335248242,-0.043112601043055,-0.015272601140254773,-0.7434881200630092,0.36266959622169437,1.0363744510595008,0
-0.3510128744644731,1.6557821293879302,0.14120275700662085,-0.014928986578114476,-0.013973121618652249,-0.35252200163790637,1.5784129201341675,-0.4015472391327672,0
-1.0861183701898793,9.536432508231076,-0.012681311312864775,1.6950039990787695,1.2044214135950593,-0.9562894734421078,-1.0600944371426093,1.4161237875687747,0
2.34437394319535,0.29872874196360116,-0.6802768740676521,-0.03285024628623634,0.007336596651104977,-0.49942231924350555,1.1357401476404927,-0.303634469385422,0
0.8741629517445374,-0.20111567671717967,-1.4383279455494475,-0.051497577332471275,-0.13583504676637073,0.23723363062860497,0.4616941121698829,0.8301374533319636,0
-0.5960480397062752,6.875574054352164,0.9956432983722678,1.8284520054315567,1.794954543962955,-0.4505569052877023,-0.14485730292200594,0.7637360790203324,0
0.8741629517445374,7.73591903209946,1.2303090227765126,2.0320801093273557,2.011062952097831,0.013609542723265249,0.5540213758425621,-0.18812916097331567,0
1.3642332822281416,3.575322556141994,-0.595206809079628,0.11589912100837195,0.15026579539501614,0.5062757107104194,1.2612056076082994,-0.7583046587974317,0
-0.105977709222671,-0.17419088766070617,-0.09825002849894299,-0.04619811080940777,-0.036658374520430935,-0.2245813967467513,0.7876390584888884,-0.22398140490191298,0
0.3840926212609332,-0.3095783013931728,-0.5036044002970955,-0.04988761837059258,-0.1039184815691318,-1.7592841214972963,0.9286594269675552,-0.28532522426926127,0
-0.3510128744644731,5.385518834714452,-0.1207891078509869,0.807534612789024,0.6449860819984184,0.8857408285816205,0.7746106223866208,-0.18334399198634277,0
-0.3510128744644731,-0.3061265637525843,-0.4170882439347146,-0.06405560741965267,-0.08888174544094064,-0.8214562391360205,-0.2340339774865827,1.3142756471265336,0
-0.3510128744644731,6.520388489461331,0.6558118253984199,1.2084702529179503,1.378507024169169,-1.297722244554462,-0.0781128228071188,2.712010252190389,0
-0.5960480397062752,0.7839212927951789,1.163689089116489,0.020431959720177445,0.23147306131173767,-0.49669375612679023,0.409700390203026,0.11569497173254202,0
-0.105977709222671,1.3036376261209253,1.213205252383258,0.07282714093847366,0.34894681323536797,-0.34913805197868547,1.1422273606421285,-0.4655207824768215,0
-0.105977709222671,7.00065201293632,3.8181643350177135,2.7514276665466775,2.8679000055233472,-1.6677056609486705,1.455497937063396,1.3991320272170313,0
-0.5960480397062752,0.8421750566031831,0.14160167876506413,0.016936764168774095,0.1526322138116479,0.18494072218699545,1.7053726595075311,-1.523915329280502,0
-1.5761887006734836,1.565988447492767,0.1973011292877036,0.01609057467731507,0.062184264299358916,-0.018113970516057037,1.2185256271572045,0.8595513521145727,0
0.8741629517445374,7.326582802946345,1.6406000513354004,1.3380211083181728,1.3798706928996027,0.358701555364609,0.12371091489687051,1.2111408552792384,0
1.3642332822281416,-0.07834688417043706,0.616966819170008,-0.007704787076337906,0.1262553163499432,-0.7499423490204545,-0.17394474179243014,0.6256472168779875,0
2.834444273678954,1.3991533175866537,0.6916150532187021,0.038124473860037755,0.24385430350904827,-0.8915220792556451,-0.08396991798713407,1.0876791985181664,0
0.3840926212609332,-0.23666283181467251,-0.15833761836445828,-0.05172924713722749,-0.05177931063096112,0.5638154017316149,0.8945850556231632,0.9994097693872542,0
1.3642332822281416,1.30484654649561,0.03902892162534216,-0.016358523303133216,0.03224817536743104,-1.1281513093518531,1.7869579146021086,-0.8487103317261441,0
-0.8410832049480773,-0.3801786564237102,0.10355451605353867,-0.03283745141847776,0.03525981844286596,-1.1048813968533633,-0.1819442375659551,-0.6398713695354064,0
0.8741629517445374,9.551475833832187,6.7346813109963515,10.877459041473722,9.432524116417744,-0.850741980134469,-0.6938219502398921,-0.9543911953456738,0
-0.5960480397062752,-0.13912190129581953,0.5771245085454878,-0.0479175424200811,0.03517231336001502,-1.8986836582115842,-0.14221680919331053,0.11184345244791412,0
-1.0861183701898793,-0.45103502619672914,0.35701942832442185,-0.043063384501057705,0.024323213320009005,-1.48630898411254,1.49602351467676,-0.6351617197344857,0
-0.8410832049480773,-0.560645942197579,0.30984693038850697,-0.019134648045521813,0.1046293660183039,-0.30945838228867584,0.012984210832872803,-0.27969105231457575,0
-0.5960480397062752,3.4096698071019618,0.5876959351442341,0.14363891177811022,0.2604676667296449,-1.4848439590147093,-0.7920003079704759,-0.6825772788059902,0
-0.5960480397062752,-0.4582238011953989,0.5605193903502873,-0.03884117954664789,0.04292967159582904,1.6226462386467118,0.04726862145113842,-0.5700324222039606,0
-0.3510128744644731,-0.13192969446414063,1.1038508253500008,-0.009216533303784706,0.15397188640549772,-0.37071931086315196,-1.1407975272869182,-1.4832161765461005,0
0.3840926212609332,0.35396203514583163,-0.045442760725017094,-0.02539290297746441,0.08057898533152408,0.6349122947790327,-0.37742478919896477,-0.21199105862380124,0
-0.5960480397062752,-0.26775089188896195,1.0251635084970687,-0.035646407440815486,0.028423488952006228,-0.09082128409922612,1.5814854946548311,0.09401434367356337,0
1.3642332822281416,-0.10603994624322237,0.9317659518015416,-0.02547145967880099,0.0671661567484308,1.7642894410020098,0.6684867789815081,-1.243536806027354,0
-1.8212238659152857,4.851804740911044,1.3656432293283869,0.36898996815533947,0.6300776743993717,0.4318398889261827,0.3578686985331572,-0.8141765300968111,0
-0.5960480397062752,3.158168611394068,0.14015558739070733,0.08071308148546733,0.22796666486502076,0.5462299342222895,0.8903482634130292,0.20529906656677147,0
0.8741629517445374,-0.35245310633177174,0.10564885528536576,-0.04306246047515509,0.0422364213152276,0.04051803140931441,0.5746412314148289,0.05775424451022467,0
-0.8410832049480773,2.25544369902809,0.256790336515554,0.08585215136488392,0.2392195263545741,-0.676287381923122,0.05592824065683723,-0.5186508673186185,0
0.8741629517445374,-0.31856261142222225,0.4579964984303708,-0.04093303460922376,-0.019311208724546638,-0.06248467271075765,1.0007149001503866,-1.2099739079615375,0
1.8543036127117458,0.3506002115300825,0.8412107126349226,-0.010466953471178021,0.1491989777982415,-1.3045477116097455,1.179344300896631,1.1442103535919452,0
-0.3510128744644731,-0.0740342140222901,0.12230383870037166,-0.030460314538082324,0.05228382374798248,-0.6348386113970922,-0.3393296660404228,-0.6105190701091714,0
-0.105977709222671,-0.2358531480133838,0.2166986997920069,-0.01876498317583336,0.11859286202836154,-0.01623711468543571,0.23195315440705028,0.7703259434971612,0
0.8741629517445374,2.8833506270666387,0.20647632973189847,0.045899783338798704,0.07656521658469302,-0.862062158950855,0.7137352396959703,1.8338991221972933,0
1.3642332822281416,-0.1892278071735343,0.08470546296709487,-0.05111906316885643,-0.02884123811959974,0.2859743144879178,-0.05761298967706536,-0.25940676339676455,0
-0.5960480397062752,9.365985717266149,1.9569450057809017,1.8114834485426956,1.3351786422270073,0.8416550128794955,1.9416788448594382,-0.214105616575584,0
1.3642332822281416,0.2555155582903014,1.2515516064136158,-0.02991164926735692,0.06153136256488142,-0.27971578963503485,0.16642690208062944,0.644853999543537,0
-2.3112941963988898,-0.1301561231650194,0.5993145313588939,-0.05506653123543021,-0.04147623799006915,-1.0162816976623417,1.0842985289078175,-1.112392697342865,0
-1.0861183701898793,0.13150650129405722,0.5765759911276284,-0.01764282820452744,0.07922138666993837,-0.7429478689941871,1.0562852908952036,-0.2472448118362623,0
-1.0861183701898793,-0.30075368599348173,0.8235085596040033,-0.030329479997197935,0.04560216609663735,-0.038485568878939426,1.5151130841108056,0.1590225121962367,0
0.8741629517445374,-0.38058590060746095,0.4442835629838839,-0.04083423633389146,0.0736425785708418,-0.37798982080709637,-0.4526188492456772,0.21961248225830746,0
-0.105977709222671,-0.5408627976331164,0.4051892306564449,-0.020542578240197965,0.08365062613880256,-0.8355190039793783,0.8660137132542567,-1.169657642649381,0
-0.8410832049480773,-0.30381350830442694,0.09961516368891153,-0.028534869816878874,0.0750263883687118,-1.4741754765012878,1.3846366871805884,0.7031538726561468,0
0.8741629517445374,-0.5415791355765567,-0.23323517851217943,-0.07082936819630004,-0.13755338518304003,1.000119803159104,0.9886706480742691,-1.1989241083376827,0
0.3840926212609332,0.6151574727379312,-0.0030573238904212457,-0.03951973178677925,0.0003900946351967999,1.0254916761002244,0.04183160481887015,-0.1404805080587613,0
-0.105977709222671,-0.48673707135736766,-0.14442522203874977,-0.06262724283282338,-0.02283809293124958,-0.5554482740049274,0.3472527135193796,-0.45546452639366053,0
-0.3510128744644731,-0.24228280155043283,0.8279964293864899,-0.040080259765179704,0.07407790101147811,-1.5181742025502418,-0.2525114324653399,-0.1911024459681346,0
-0.8410832049480773,0.7057345277146465,0.4788900255288363,-0.040359037055814374,-0.00434652378882742,0.3884478382577911,1.1525612929167046,0.9788768956816111,0
1.3642332822281416,-0.25823190227708914,0.8387673168644577,-0.05974062622770422,-0.04166908964625384,0.34799026607251016,-0.17549303129698335,-2.759238446467919,0
-0.8410832049480773,-0.18227788775230033,0.548102950618741,-0.019198482301141285,0.13879593668968204,0.16562158014124478,-0.11672404246717849,-0.11441959452502852,0
0.8741629517445374,-0.037322752379231224,0.7916945493681536,-0.02699835608092646,0.08781117272685254,2.512474437248535,0.28693543518502146,0.36633857669598757,0
1.3642332822281416,-0.20800016252237277,0.4870180563571176,-0.04747453255816773,0.06447043879065804,-1.5150839959584954,-0.23641042184240857,0.8874316442567849,0
-1.8212238659152857,-0.0036743160912594275,0.8261015510338844,-0.01270326693705038,0.12867652003002716,-0.290031485248324,1.703254263402464,0.25602489269623807,0
0.8741629517445374,-0.35088407227999496,0.6307794850561056,-0.025001125237570188,0.1588571377936766,0.10634747653571583,0.49191576311922397,-1.0547344629548305,0
0.3840926212609332,-0.29227202510583694,-0.5605006160950647,-0.06960115741910476,-0.10318817995091484,-0.3680793134954239,1.0143074417310574,-1.2733748766388417,0
1.3642332822281416,-0.4573777399642134,0.7459182775867902,-0.04981239816172057,-0.03210484614661467,-0.7454395187323615,0.5925125730604084,0.5174546268098897,0
-1.3311535354316815,-0.40591854793656285,0.2684089327302138,-0.05794549957598255,-0.06156456922036618,-1.3080143226346879,0.8908463565482149,0.10381506805185083,0
-0.5960480397062752,0.13707796778995507,0.9436338741152285,-0.024733974421454443,0.15104372667717858,-0.14549292094905134,0.016374844825402135,2.135117004994203,0
0.3840926212609332,-0.15656842515879535,0.8248549205387492,-0.017209487304168533,0.1479746486185877,-0.5089992289006594,0.6918671507246837,0.3926765021400746,0
-0.105977709222671,-0.04661020765742101,1.1931594340214844,0.027924153808112674,0.26294324985755907,-0.214053881383801,0.9498073812855612,0.3477730983918131,0
-0.3510128744644731,-0.10057372262627134,1.8640461012834286,-0.028497804263590696,0.164109508274732,-0.2636056798942553,0.3444981984705814,0.7343052006835614,0
-1.8212238659152857,-0.1587391739315072,0.511701340160794,-0.045686537345219914,0.01129947269220589,-0.011349761437156339,0.4712178929595183,-1.4985425943081216,0
-0.5960480397062752,-0.5225729580053624,0.33233614452074545,-0.061598552748596665,-0.07949475765175956,-0.9613480538050958,1.5115484175770668,-0.7833158161781223,0
-0.5960480397062752,-0.5486022674353188,0.09936583758988449,-0.07586514343504167,-0.11053200926292055,-1.4536378173590543,-0.30581339905232313,1.4596743592594144,0
0.3840926212609332,-0.1756574242999434,0.43231591023058624,-0.0394802414685933,0.08473016753781511,0.9974702111685689,1.0127291466159507,1.0258807715309437,0
-0.5960480397062752,-0.14484574117732302,0.6114317797716078,-0.034115516536738784,0.005564592367018279,-0.8807856963346665,0.5430213190137014,0.973226441061809,0
-0.5960480397062752,4.820521981510702,1.0486500270254153,0.20134376017714484,0.30394014137489944,-1.0886495092077264,1.0366136126164227,0.02710092366650094,0
1.3642332822281416,-0.3716160042770498,0.37990756421510363,-0.07964614133319842,-0.11077410677181966,0.3624036036722758,0.1368833779297942,0.8383650952010094,0
1.3642332822281416,-0.4232218499686241,0.1638415667982756,-0.06260957404938353,-0.038538121727484144,-0.5491276317188711,0.01981348779481684,-0.2371159015898028,0
-0.5960480397062752,-0.5370390492943377,0.6445422857223979,-0.07449489735022084,-0.1003900796677132,-1.3699144006976887,0.9756722175825548,2.1572755425661705,0
-0.8410832049480773,-0.32016207439334665,0.42787790566790507,-0.017242752698398336,0.1234818393079947,-1.033287797563709,0.8853973376717252,-1.4690779595025842,0
-2.3112941963988898,-0.30284733291792165,0.6290840675827218,-0.055871795522615335,-0.005225181141583932,-0.7570615591432125,0.7654709134120683,-0.032890464912212265,0
-0.3510128744644731,-0.41071304743919246,-0.18506537618015637,-0.038509998207236384,0.04170132764630353,1.479137989227324,0.2170943760610279,-0.3165010762523729,0
-0.5960480397062752,-0.36948643750044763,0.9279263298765252,-0.0655900570984664,-0.08221149833392734,0.43048704711040253,0.08994260078012263,-0.18365935612701448,0
-0.3510128744644731,0.18385339412673746,0.5854520002529908,-0.03499672955647075,0.061981044347545665,-0.09316753839947983,0.8950171364151315,0.09641165374423487,0
-0.8410832049480773,0.3595820048815919,0.0863011500008679,-0.04348831923590485,0.05329530090892654,-1.5044435592655863,-0.6663368109730172,2.142597774761018,0
0.3840926212609332,-0.10445215150432902,-0.10333628091909448,-0.03492814102792989,-0.03203304514202596,-1.2029133483115264,1.5573489815257109,0.8831748095622484,0
0.8741629517445374,-0.14378324567769465,0.6550638471013388,-0.036841305889276324,0.10047575293185734,0.19893558662279634,2.164554518927663,-0.39261365082076105,0
-0.105977709222671,0.08653850700875287,0.1725181150444164,-0.05644132019591272,-0.09144506118621681,-0.19585731020646363,2.122564667519295,-1.4398282506749955,0
0.8741629517445374,0.23982247230612658,0.42229300104969947,-0.018640973761708476,0.12754097099436332,-1.349694840203901,-0.816652917601114,-1.3066012228117991,0
1.3642332822281416,-0.23985443651316854,0.034890108381493395,-0.07507362113384367,-0.07440194949070622,1.594688983883072,-0.5144724148403672,-0.28915600304280487,0
-0.3510128744644731,0.3949230212096693,0.31348709143430165,-0.05863250776474296,-0.011321141640285836,0.6486311292971566,1.840091849769993,-1.2053917889847987,0
-0.3510128744644731,-0.0024475501849271224,0.07817311917258657,-0.028105831692425646,0.013401025718623073,-1.3283342576439943,-0.14848798179896214,-2.75524679225951,0
-1.3311535354316815,-0.46714450791934575,-0.7510356209715245,-0.06069966778527765,-0.15956629820931387,-0.35590226105758616,1.3288982650166725,1.2837635174182587,0
0.8741629517445374,-0.3946632796109348,0.1748617803752705,-0.03264804676420264,0.042682108412030975,-1.5533038068860319,0.3438080694278542,0.8241695847571876,0
-1.0861183701898793,-0.2679259153724279,-0.23129043493976856,-0.05486773547587334,-0.04196955189793063,-0.46321885520124517,-0.02396469800253091,0.8909841896016348,0
-0.5960480397062752,-0.41699558973458317,-0.6976798357797391,-0.0841763313809239,-0.14310237903553494,-1.5871971809755416,-0.07358197561356192,-0.3830277058676998,0
-2.0662590311570876,-0.4810514392166992,0.8577659656103178,-0.05397565176104733,0.03045761193745901,1.1757951326106584,0.5752293413816748,-0.22007029576752538,0
0.3840926212609332,0.39119467782854456,-0.34189149246816103,-0.0772551039035877,-0.17027194393969797,-0.37774036061411564,0.09496553998675458,0.8252345180523273,0
1.8543036127117458,-0.5358571260059913,-0.7535288819617948,-0.10807409092507465,-0.26281844651944253,-0.2730401463051214,-0.033884552851470705,-0.11529434484859574,0
0.3840926212609332,0.19746724688511072,-0.8418900514569758,-0.07759005155925991,-0.22870469738237378,1.463786592736202,1.2106761594364464,0.22863869965463016,0
1.3642332822281416,-0.24358964356031163,0.8556716263784907,-0.08419748269172764,-0.0894068914285358,0.4414027756730803,0.04786273254009489,0.5831871418293928,0
-1.8212238659152857,0.15316319789264046,-0.36677423715105906,-0.05662418381700678,-0.08060239258267564,0.7327995888471832,1.9640030191111357,-0.2996595919468698,0
0.8741629517445374,-0.4985816998050979,-0.09366242827684555,-0.06913461838648978,-0.06055769650182087,-0.3589754925474435,-0.9515281370384534,0.658927567317366,0
-0.8410832049480773,-0.32085896528306845,-0.20620822937764888,-0.07228714879229009,-0.14434994939383516,2.186614476999771,0.3965039226816596,-0.11151931320281414,0
-0.5960480397062752,-0.25137189688069456,-0.6667135342805814,-0.09938664219849745,-0.23611751787497948,-0.014166152254950673,0.5246878909656004,0.2917859528763074,0
-0.105977709222671,-0.14894380736796536,0.6776029264533827,-0.03233958446697079,0.06588952424924074,-0.5117883119458494,-0.416810153611301,-1.5584617341744098,0
-0.105977709222671,0.7406655543925659,-0.4678510376966188,-0.05702165963097472,-0.09931969505354335,1.5581172339346063,0.6449803836740082,1.31639783543656,0
-0.5960480397062752,-0.5375352923474587,-0.4765275859427596,-0.06341685401517032,-0.12426583029386874,0.22071095210712652,2.6086855640942304,-0.5348697417112455,0
-1.3311535354316815,-0.22479074870286914,-0.4664548115420674,-0.05955556007186848,-0.0878823951867463,-0.2087864334627847,0.20284171104818338,1.752280083870929,0
-0.5960480397062752,-0.4460199742260458,-0.3556542931344533,-0.07140746739148468,-0.12165885887035854,2.3047331403282407,0.9653742920406428,0.47380384087770144,0
-0.3510128744644731,-0.2854344410184354,-0.2728281630376725,-0.055648922931562365,-0.06364161693772463,-0.638121448492886,-0.07900699000160884,-2.135191435037246,0
-0.8410832049480773,0.0042742667356329535,-0.5800976474785897,-0.05568396833153278,-0.1374740161149536,-1.1818679122084328,0.4432586650459004,1.7815958228924254,0
0.3840926212609332,-0.2969395467871285,-0.2976111772809597,-0.05621063611333675,-0.04440017817036548,0.49594746828269043,-0.04932544004222818,0.14595192143261168,0
0.3840926212609332,0.515869510428561,-0.38283083792840006,-0.0889045422932836,-0.17163080351957952,-0.9765385558522245,-0.35427246009599456,-1.871519247738299,0
-0.3510128744644731,-0.40262558976986373,0.1239992561737555,-0.04826536688531004,-0.026446279212012255,-0.3804371876707772,1.8020567378325578,-0.3704614283386777,0
-0.105977709222671,-0.424692276018605,-1.5389559591167588,-0.07982907629163172,-0.20678308686173244,-0.3909455137881136,0.41349910049908095,0.37604304610762923,0
0.3840926212609332,-0.15463607438578478,0.6052983577355427,-0.08129498149358501,-0.13631327002973626,-0.5608042876749308,0.696776068611213,2.540040699566838,0
-0.105977709222671,0.2902859751833933,-0.8436353341501651,-0.09304841319594166,-0.25104526456496995,0.32225970184799135,0.8373403518094689,-0.30289840033743065,0
1.3642332822281416,-0.4665274643443032,-0.6313092282187426,-0.0770453503351205,-0.15245382924933754,0.09057982102435364,0.7346611524958815,-0.350978587182784,0
-0.8410832049480773,-0.14965854378933463,-0.47268796401774327,-0.07829390226303468,-0.17333555997993605,-0.6675658697916032,0.5253600166419956,0.43338214589927776,0
0.3840926212609332,-0.49979908536787193,-0.7803563702171037,-0.08243712331426914,-0.18670665286579166,1.1281135474996513,0.08023278520505633,-0.05579466373083318,0
-0.3510128744644731,0.7776538505650283,-0.5892728479227846,-0.04228059238656581,-0.021397909922312434,0.714268681967419,1.0302944310338857,-0.23072879580785824,0
0.3840926212609332,-0.10219034476244145,0.6382592680269167,-0.04734302375085512,0.04709557480576691,1.0354147302263368,0.23504373229404601,0.25235083596600155,0
-0.3510128744644731,-0.24007819202536418,0.08056664972324609,-0.06026567577606784,-0.08280062889112536,-0.935302343123764,1.0376218011310157,0.06945762104365794,0
0.3840926212609332,0.04942483453702331,1.0318454479509933,-0.013562534646925408,0.16001622003691005,2.473574884197521,0.3566264662562483,0.41782315473659754,0
0.8741629517445374,0.7626535372709643,0.04571086107926669,-0.03110518266365196,0.04642397346776999,-0.12378028953692044,1.6334852177437986,-0.8557300044272093,0
1.8543036127117458,0.5479562339085089,0.619310484500862,-0.0609064064029179,-0.030483211750314505,1.0191105138856935,-0.08741456207865946,-0.8639196026482113,0
0.3840926212609332,-0.4162730744917265,0.004921111278443855,-0.032169453621578366,0.07108143585455287,0.07889799873293625,0.3082634231663476,0.4764918482547257,0
0.8741629517445374,0.3843291814993353,-0.2817041721630349,-0.027574709943412455,0.04849190179306152,-0.8558160595035298,-0.43925435030521204,1.895837573919501,0
0.3840926212609332,-0.4548317774491694,0.6783010395306585,-0.028552544948113517,0.08955358593831611,0.02334734682441264,-0.06371613086361816,-0.19915779616545523,0
0.8741629517445374,1.0347914888071261,0.6813926831585936,-0.029127146287393848,0.0836012421790429,0.1047436984311385,2.4958404639251657,-1.8313134456634588,0
-0.5960480397062752,-0.22951729791191786,-0.2831502635373917,-0.02531603908542587,0.0486332977324363,-0.08304742548187084,0.6208498716669987,0.9488767459067751,0
-0.3510128744644731,-0.11883656516768684,0.09243457203693294,-0.06269746711418957,-0.01146956336252679,-0.3573045520832175,0.38269534070500477,-0.19544768600651888,0
-2.556329361640692,-0.3285892835305798,0.3502377584308865,-0.04632647985543334,4.939557187092697e-05,-0.8307467862047824,0.26323100284786954,-0.0722587637493097,0
-1.5761887006734836,-0.37678937814388797,0.6115315102112185,-0.06703676738298488,-0.05912888658418086,0.6567407997127551,0.25564558449998087,1.1400051500215593,0
0.3840926212609332,-0.5395522950013613,0.2856124335630792,-0.031443600165765584,0.061926432222294464,2.6677567649478684,1.0664211861401276,-0.08610577493489842,0
-0.8410832049480773,-0.26760378064730367,-0.4065666825557738,-0.06792408806391739,-0.12169171047080542,1.2077968899113825,0.683591603334068,0.9594417183990818,0
-0.5960480397062752,-0.48046940033834984,-0.6967822618232418,-0.08096126651778363,-0.19995463466536031,-1.3325418687687967,-0.6118526233302317,-0.7761193642091001,0
-0.3510128744644731,-0.4373390382350039,-0.8204978721604563,-0.047971810055763266,-0.06999912609463109,0.08262366457366628,0.2539592691868822,-1.2888742468518117,0
-0.105977709222671,-0.5906518309296543,-0.4670531941797323,-0.09578442365318328,-0.2406913598633177,-0.7133484576347421,1.0416245495788334,1.3717612573543796,0
0.8741629517445374,-0.08617329374220421,0.16439008421613507,-0.06447833639301853,-0.03640401225630556,1.833999542029869,0.5482362941278749,1.6425996964347718,0
0.8741629517445374,-0.5447881282289656,-0.17434435392199388,-0.05463991002921205,-0.06638601758398817,-0.004505843184167121,1.1038201791338316,0.0953954184742015,0
0.3840926212609332,-0.49006045844341445,-0.7804561006567146,-0.07082934528552591,-0.19486714262702537,-0.46775637374102497,0.9510376113182488,1.3704805803352065,0
0.3840926212609332,-0.473814160978167,-0.0324279383558059,-0.06864394448933955,-0.04232395582527742,-1.1861065213453805,-0.23483812784941266,-0.10796950188848267,0
-0.8410832049480773,-0.2793255494733069,0.27738467229518704,-0.03664314582451691,0.029195107303254662,-0.9628713846876764,0.7003887441218372,-0.9844515876537271,0
0.8741629517445374,-0.2860313511731577,0.3723280508046818,-0.057122105391721106,0.005348387539356896,-0.150972926667637,0.5004013497837133,-0.36715463136398185,0
-0.3510128744644731,-0.3539974311858827,0.1052000683071171,-0.06035958271581428,-0.04481502300695539,0.2819895938314001,0.8671239208447309,0.12335688093638214,0
-1.3311535354316815,-0.3908322100284032,0.41187117011036944,-0.03843878291414334,0.09669588879639097,0.27344078491040646,1.990515976596082,0.35712231939423467,0
1.3642332822281416,-0.38537834101028506,0.0032256938050600216,-0.037860897060318144,0.049102241124312336,0.77519453679156,1.2722536734140453,-0.2698518202094445,0
-0.8410832049480773,-0.2223676458095522,0.16439008421613507,-0.033275813370181644,0.035548648898949285,-1.4280925031595004,1.0283260629815856,1.2081674101930326,0
0.3840926212609332,-0.17908010575438787,0.013896850843417095,-0.033275010188602745,0.015395699280448368,0.2619833291830901,0.29371070204796945,0.012569453122135699,0
0.8741629517445374,-0.1959965258118859,-0.46969605082941884,-0.06669010677890823,-0.14292834404756452,1.4703950737064666,1.3769852564894824,-0.27529783894755505,0
0.3840926212609332,-0.47865579098745537,-0.4780235425369218,-0.04870178422128793,-0.008571051443859,1.203978968082124,0.5371462204673542,1.0744335216683272,0
0.8741629517445374,-0.3948534031596409,-0.3085815256381492,-0.08857032413518122,-0.1688882058007459,3.2103459695433147,0.20245163811098973,0.8674778754705887,0
-2.0662590311570876,0.37358845933621027,-1.1091676296139568,-0.08705936672756784,-0.3149485968863657,-0.18721255505740048,-0.7062142673984285,-1.3604146651589155,0
-1.3311535354316815,-0.2499195451512284,-0.44999928900628317,-0.0958420018418962,-0.22937666317588526,-0.13026330236278666,0.4245891741596017,-1.1972896157445414,0
0.8741629517445374,-0.28786189090023057,-0.9963725024141263,-0.07467151443978023,-0.18465571688199464,-0.519020443398566,1.408929229484586,0.5077125044989762,0
0.3840926212609332,0.32502207374639375,-0.01163414169695123,-0.0656881662733969,-0.06180636551302671,0.6311541548303405,0.6782986136324558,-1.695504358043282,0
-1.8212238659152857,-0.5310106914304902,0.05109630481825063,-0.07813497309264421,-0.1334158738256406,-0.7875709835735013,0.10405723998442173,-0.3476418609768082,0
0.8741629517445374,0.071192264947368,-0.020310689943092028,-0.038653791887020054,-0.02174408008406879,2.5968783340812855,0.7279879047088148,0.6901413868835248,0
0.3840926212609332,-0.5253602927753822,0.02850736024640131,-0.07779114142035704,-0.16476180067945204,0.09898249645951833,0.8976216234111629,0.37221285719786035,0
0.3840926212609332,-0.022068483442491182,-1.0744614366293936,-0.09186447119136758,-0.26239021182950223,-1.3354844657788978,0.19187165982987608,1.3560368317707205,0
0.3840926212609332,-0.12386031111532667,-0.8511649823407815,-0.08223700720983979,-0.12933901206612705,-1.3299387737964798,-0.11809829943052223,-0.6475474754944013,0
-0.5960480397062752,-0.34143234659510124,0.013248602985946805,-0.06874607407274208,-0.10560658230831454,0.10779552653165726,1.271257487143674,1.2518529498808513,0
2.834444273678954,-0.4717772536928114,-0.42915562712762306,-0.09311282657241841,-0.23681211782006464,-0.17809175900753088,-0.5563182393180787,0.5822965155613972,0
-0.8410832049480773,-0.3022630061508995,0.256790336515554,-0.06424597391241378,-0.07584550891996485,0.16764309336187863,0.7022850987088093,0.9208240515709261,0
-0.5960480397062752,-0.3424284933232196,-0.7674911435073087,-0.08619759721410207,-0.14660500191025408,0.8787360158846378,-0.0012564519357503912,-1.9984750922997787,0
0.3840926212609332,-0.1778023199306531,-0.2579184623158558,-0.07190949615483616,-0.12181747454064644,-0.3362067145786397,1.1591145182615576,-0.1627217415872409,0
-0.5960480397062752,-0.4855164827504518,-0.6180450797505044,-0.057767346689140825,-0.11932774823704718,-0.7774722740452309,-0.36540454161129,-0.09153442770365411,0
-1.0861183701898793,-0.2836672758075979,-1.181621793991213,-0.10558265425289469,-0.3236609414795602,0.02333480000997278,0.8030259355806498,1.8212501764204887,0
-1.3311535354316815,-0.3588061155982834,-0.24201145719793102,-0.07407001059274153,-0.09134038808880762,0.7992703976058338,0.5617208155105535,-0.6079173680744313,0
0.3840926212609332,-0.41613328449382103,-1.289480264430308,-0.09185456352255304,-0.22135560203981877,0.10109995590822167,1.284844027602234,-1.6991445870150006,0
-0.3510128744644731,-0.2600619844264275,-0.5013106001860468,-0.06634753468390585,-0.08024868348708362,0.32247521183719363,0.2076186042482778,0.13525349633656594,0
-1.3311535354316815,-0.5513191352342177,-0.49333216501718175,-0.08496636594431746,-0.22576630113307572,-0.24895616696385708,1.2702372963848598,0.5729112515486244,0
-0.105977709222671,-0.2402870762611869,-0.6319574760762129,-0.056542527653132085,-0.1324516240152837,1.1535710339981262,1.3665733096274675,-0.3296901948227943,0
-0.3510128744644731,-0.2705881026320479,-1.3188010136758872,-0.08072975534184963,-0.19273104391702564,-0.5291479367952573,1.4759377589723428,0.2650467061489089,0
-0.3510128744644731,-0.3805769778416372,-0.3451825969753179,-0.08715051110468484,-0.22294064067109742,-0.27372948305140543,-0.7892637962880098,-0.6996573934511365,0
0.3840926212609332,-0.39117035997423666,-0.38686992073263804,-0.06454021845964626,-0.12386814304009046,-0.1537738184793586,-0.09328365950289606,-0.6312060419255369,0
0.3840926212609332,-0.06918389003604526,-0.5748119341792166,-0.10166958231154992,-0.23483364417673946,0.38700200240557436,0.22849050694919287,0.2207227612405409,0
-1.3311535354316815,0.6921764994398885,-0.9127983940202644,-0.0594333031549521,-0.15268014738775204,1.356291390998752,0.26097458093425707,-0.3460035022618308,0
0.8741629517445374,-0.33055183443407077,-0.7597620344374707,-0.05875475363440049,-0.06894651895597145,-1.839323941048701,0.5032578839083929,0.9860652304129193,0
-0.105977709222671,-0.2619863275890834,-0.1121125596048461,-0.08392945136294214,-0.1696706284550654,0.641590890300579,-0.5362624892242149,0.38808030304217467,0
-1.5761887006734836,0.009778926882286303,0.20468118181890382,-0.0942107375207769,-0.1719989055958958,1.4973286560213956,0.41804795105896986,0.7500477180290775,0
-0.105977709222671,-0.32872175228473244,0.5759776084899635,-0.045514894061396895,0.008984317794281497,-0.32840850038031294,0.9879505134209885,-0.13482217544546496,0
-3.2914348573660983,-0.47005561746656177,0.3328347967187995,-0.04728517342604829,-0.06490488694614369,-1.0232569884429954,-0.20080576435979525,-0.13700996557366651,0
0.3840926212609332,-0.3447285078059423,0.36260433294262745,-0.05878745908614185,-0.052361283268001636,1.222668555262157,0.5782179001927891,0.9711176712840942,0
0.8741629517445374,1.1087868418391678,-0.2084521642688922,-0.032655307938736444,0.019127336513979035,0.44989254076141577,0.3653761022936071,0.5554786119759646,0
0.8741629517445374,-0.32382384021409427,0.7225813547178597,-0.027420356152664128,0.10200129528494073,-0.2920434038461509,0.8008955372313615,1.5896049763454505,0
-0.3510128744644731,-0.2366346907839976,-0.5632432031843622,-0.09900066570034782,-0.2781227287813478,-0.4422250824517274,-1.2462672483819677,0.05874429695073389,0
-0.3510128744644731,-0.49032242169644513,-1.0994439117519024,-0.08014852720392109,-0.1915643758155378,-0.755824590849024,0.5675779106905687,0.7333885897000162,0
0.3840926212609332,-0.26400172872091504,-0.836155551179354,-0.07599732586697777,-0.18478306445284565,-0.6482312287397798,0.29573308019926575,-1.482731433565446,0
-0.5960480397062752,0.09575824078222904,-0.24924191406971502,-0.05298929519649322,-0.0722604288472324,-0.4673969444097184,0.9457626249829687,-1.6504707117954691,0
-1.0861183701898793,-0.13314364819390548,0.4799371951447498,-0.024492874311304043,0.08187084029955796,-1.0253737098437905,-0.2729392521300653,0.905494951892576,0
0.8741629517445374,-0.2466602189480188,-0.3126206084423872,-0.055433246250818406,-0.02407638747347183,-0.5626501454934066,1.8594034607221335,0.09174310860704897,0
-0.105977709222671,-0.325419413774475,-1.1909964553146295,-0.07309191429146694,-0.1466708252579189,-1.1637783579777883,0.1392298166750667,2.23840858885642,0
0.3840926212609332,-0.37094633926253384,0.7541959040744877,-0.02755209488867299,0.0918174743897362,-1.227651976147388,-0.4055820541422349,0.1974536984394335,0
-1.0861183701898793,-0.5719776260048771,-0.029485890387286894,-0.06828905605225168,-0.03829527215853154,-0.35540776895907406,1.107942950023863,-1.645684914742706,0
0.3840926212609332,-0.31630606682428203,0.31942105259114506,-0.03332126125042946,0.07455064151551015,0.17600739030581553,2.1531703902837194,-0.5101561773994511,0
0.3840926212609332,-0.3721435914049876,0.7956837669525862,-0.029730936314843647,0.10165927927571586,0.1803980373118581,2.313076290044669,-0.06351516215588719,0
1.8543036127117458,-0.3176261785884628,0.37442239003650885,-0.024097385564700653,0.08935385430835358,-0.5747895574879248,1.3113629862092908,-0.10436380356891084,0
-0.3510128744644731,-0.18178416137671938,0.7762861964482829,-0.025783273146807957,0.11259846377138197,1.0674127972875196,1.8295418770994327,-0.27801126917039687,0
0.8741629517445374,-0.15113285925005926,0.605697279493986,-0.04452871887107132,0.013148279708490663,-1.2921189848352024,0.8008055203997014,-0.7753169809429126,0
-0.5960480397062752,-0.5368333681026568,-0.27188072386136974,-0.03623648829181582,0.016601864253904083,-0.5301893223937656,1.1818047609620062,1.342081144795239,0
-0.8410832049480773,-0.3332508567013222,0.2138065170432933,-0.010724341153387926,0.10753070155516027,0.25084987648748536,0.7280539170520323,0.6594139063015599,0
-1.3311535354316815,-0.4677462226402809,0.8135853808627272,-0.051609288131646995,-0.013027731333911679,-0.6706184359400302,-0.32808356320502463,-1.242273200990399,0
-1.8212238659152857,-0.00505070991679004,0.5524412247418115,-0.023571277234503255,0.060528903990690976,-1.625851702121024,0.3737956766148791,-0.6012884433507917,0
-0.3510128744644731,-0.12158477704140255,-0.4783725990755597,-0.04792547348166763,-0.042378968060793075,0.13265888446400934,0.5443775726107132,-1.1567792153674776,0
0.3840926212609332,-0.5466124906566221,0.5263118495637782,-0.01406911878445643,0.10551728334863747,-0.5158925963634998,1.3529327590699114,-0.32954570770310865,0
0.8741629517445374,0.043470833055040486,0.3198199743495883,-0.009958067971892418,0.14481152705918984,-0.19111313825238033,0.6690208788493578,1.0377657745428306,0
0.8741629517445374,-0.18497896911935727,0.22657201331347745,-0.060230076054437025,-0.11959379339851918,-2.1242325750615803,0.5385864897739153,0.6387593211843634,0
0.3840926212609332,-0.5233371128220632,0.8695341574843938,-0.04097755951603234,0.04683129741059153,-0.4092011287981091,0.7180560476156537,-1.3480997260332117,0
0.8741629517445374,0.40471976050641484,1.109635190847428,-0.027806169102774423,0.11038414248753879,0.5290717964518277,3.0987431967737664,-1.2169852263275414,0
-0.105977709222671,-0.44666813308703784,0.6113320493319969,-0.04517495555323168,0.03733442618149511,0.09577125001082254,1.4062407267790054,0.13892112444516938,0
0.8741629517445374,-0.459247860165325,-0.27188072386136974,-0.04936731147359419,-0.03859557421763962,1.1020545519559715,0.30561092719343086,-1.697122851939276,0
0.8741629517445374,-0.3705203343916665,1.0566284621942805,-0.029062565719456663,0.1193286076625964,-1.892571145435648,-0.03530081766958915,-0.2710763221409808,0
1.3642332822281416,-0.33183694150155835,0.6720180218351771,-0.04821887430363926,0.03162386649697994,0.2175366080538421,0.15951360940913598,0.279200210907586,0
-0.8410832049480773,-0.37372749673313727,0.2536488276678134,-0.04563850024296912,-0.016679554522721234,0.019606920025518067,0.48159983421097985,-0.1296736878930207,0
-1.8212238659152857,-0.020797332495907393,-0.2959656250273813,-0.03994897644688665,-0.020825507885887447,-0.9536612848409114,1.6403865081710707,0.19753406341100346,0
-1.8212238659152857,-0.31515205577774336,0.3705329028916871,-0.031181696848009668,0.0573667842357474,-0.163085768937459,0.2958591037635898,-0.11793972072233033,0
0.3840926212609332,-0.11744964705426154,-0.33256669636454994,-0.036031065108189375,-0.013127321330147108,-0.33703701847539513,0.8812685656595833,-0.6455041078673318,0
0.8741629517445374,-0.5213507678763756,0.2786313027903222,-0.05372267303591078,-0.015551366530536403,-0.7366013950313428,0.12487513258634075,-0.42853170601523116,0
0.8741629517445374,-0.43352512781751795,0.22632268721445042,-0.058923115840431674,-0.026783134791804598,-1.134378957601473,1.0949865273869233,0.8500662104185511,0
-0.8410832049480773,-0.11725197347293534,-0.07566108392709367,-0.07482767889198476,-0.16147463994411826,0.9370130167661521,0.5757994479821885,-0.11121671912141187,0
0.3840926212609332,-0.31692585586573185,-1.4872457261785517,-0.10131852514944269,-0.3065375465479573,-0.26230007314460174,0.32106381662840966,-0.12670073133634852,0
-0.5960480397062752,0.6492419806069305,-0.45024861510531017,-0.05815247523721114,-0.08953209124478223,-1.1920035241321145,0.7910897037025244,-0.3499026019538883,0
1.3642332822281416,-0.3469775023712624,-0.38193326397190275,-0.050550329287060075,-0.041502745167288066,-0.05145233257858006,0.47363634517011893,-0.9477604512507223,0
1.3642332822281416,-0.4452645133863014,0.025415716618466085,-0.07630516689587157,-0.11187110347565449,-0.49877283708426573,0.9823634687359535,0.394511716267845,0
1.3642332822281416,-0.16449412909896016,-0.15030931797578778,-0.07303173194060407,-0.12390859815210688,-1.5999270312966414,0.794768391556366,-0.43154462220157075,0
0.3840926212609332,-0.16447422446750717,0.25255179283209445,-0.03751589683723161,-0.015326305459978023,1.360157285942045,2.113142905805541,0.14644954513292074,0
0.3840926212609332,0.8862031862217189,-0.9523913785457575,-0.07389140424667413,-0.2073306472420946,-0.2312230898728863,0.8337876875199514,1.390865631326774,0
0.3840926212609332,-0.3873164115049775,-0.8641299394901873,-0.07763978439172281,-0.20354877578100244,-0.7663926988469267,0.6833215528390878,-0.2754764873443663,0
0.8741629517445374,-0.4256552483609684,-0.7801569093378821,-0.11466480642904688,-0.30642561166416005,1.4202498846777978,1.6485060263868092,-1.0728168651238237,0
-0.105977709222671,0.21220399540407314,0.06281463147252125,-0.055132150373814165,-0.051108558547967,0.45713500488484754,0.09910031312100716,0.21009619906898608,0
0.3840926212609332,-0.407560108059266,-0.1643713099609125,-0.07462102260296237,-0.09020408069481067,-1.4032202886522496,1.027569921595641,0.5612732406616184,0
-1.0861183701898793,-0.1379427234738806,-0.23183895235762803,-0.03858800681740705,-0.05097616110209168,-1.129506365311358,0.4877989933513034,-1.356802883472011,0
-0.105977709222671,-0.2559238801840119,-0.25741981011780174,-0.06831237523265496,-0.14161765783951286,0.19603579639137234,1.6753010366109569,-0.2109044261752427,0
-1.3311535354316815,-0.25314798485735585,-0.5996448136423091,-0.04624017715176334,-0.03772608608488271,-0.5108627998689327,0.5622369120120713,0.7593411656051682,0
0.3840926212609332,-0.3098011417498993,-0.8185531285880454,-0.08839265956802787,-0.22070243134339415,0.7110751486685206,0.8392607108848836,-0.9549990321885646,0
-0.5960480397062752,0.15439087895444187,-0.8725072964174957,-0.06498410789589834,-0.14116590044998906,1.3527162869313,1.3721003430913958,-0.2161000222240188,0
-0.105977709222671,-0.3635738468034417,-0.2388699483501904,-0.07412436228636644,-0.09861593630667113,0.12269080941549511,0.3594529947703745,0.5692773770830254,0
0.3840926212609332,-0.4603622907378249,0.2678604153123543,-0.07191865160774057,-0.028346965924739103,0.9185227025213404,1.4083891284946257,-0.5758983710189712,0
-0.3510128744644731,-0.49214609775749973,-1.2740719115104373,-0.09546794041380041,-0.27113907473042914,-1.3387237580481062,0.2210791211425137,-0.08717947354678042,0
0.3840926212609332,-0.0328224753599182,-0.5425990021849237,-0.08871974540691668,-0.24739638126200625,0.8322419498579681,1.6119471904885991,0.5542796700501438,0
2.34437394319535,-0.4790559427163205,-0.2353295177440065,-0.06469232688134201,-0.12643784029359903,-0.8324029657108438,-0.002270641572453855,-2.138761577926698,0
0.3840926212609332,-0.19869326019046457,-0.6626245862565381,-0.07547498484615538,-0.1795529908797032,-1.104415688623272,1.1796323547579433,-0.22609242502579166,0
0.8741629517445374,1.4401193370055714,-0.5007620827681873,-0.0504083788001733,-0.11192211908657729,2.9864820160678014,2.248318181348414,-1.3227739232216702,0
1.3642332822281416,0.7882920753156138,-1.0933104897158374,-0.06576615465516573,-0.21709448631025696,-0.09466429955736425,0.048492850361715384,0.07162824989081384,0
0.8741629517445374,-0.43298358456867636,-0.7109439842479773,-0.05614990901985533,-0.11599188034388508,-0.2719264320116068,0.05131337775373093,0.14523580100542904,0
-1.0861183701898793,0.20205903945133402,0.11013672506785238,-0.056104485135944494,-0.06486478571431141,0.7519334808679689,0.6198236797860738,0.7922173897783049,0
1.3642332822281416,-0.48239626017854575,0.13925801343421,-0.06964881749920479,-0.04929455122387542,0.22670316307402175,-0.06841500947627385,1.1189465597053725,0
0.3840926212609332,-0.12326225701626799,0.8195193420195707,-0.06000682006698652,-0.04237555688264498,-0.1813554068577108,-0.12758007236538302,-0.12344217013627415,0
-0.105977709222671,-0.26177698577552616,0.16144803624761606,-0.05078968553133776,0.006689685411814217,0.6584641415784652,0.6575227288853115,0.47971109261351536,0
-1.3311535354316815,0.009465028556384043,0.3515841193656325,-0.047966923448311556,-0.028536447293176278,-0.8813975380505867,2.123902917749975,-1.0927310185109056,0
-0.5960480397062752,-0.6736811411749442,0.3993549999392123,-0.037585789325213274,0.017233192923848673,2.1880241485044842,-0.32142831878429007,-0.33629377098284496,0
-0.8410832049480773,-0.34285815881596343,-0.45563405884429414,-0.05860491397326052,-0.08621002411129507,1.0635860188833626,0.010601765354936264,-0.9107481079685863,0
-0.3510128744644731,-0.3361173524194194,-0.6887040962147659,-0.06372079205404482,-0.10401658203187444,0.7868992385681325,0.153614506374346,1.3300213343034344,0
0.3840926212609332,0.11390714646774125,-0.7885841314849958,-0.06021056843024977,-0.11586040602298484,0.05201091343622567,1.793799193808274,-0.1600421614254927,0
0.8741629517445374,-0.31215332009436075,-0.5737148993434976,-0.04426481352072474,-0.042353306048249675,0.9885221183292245,1.0609121560425312,-0.5255729411719747,0
-0.8410832049480773,-0.33468055833292804,0.3027660691761392,-0.06688771670636766,-0.10018896391922198,-0.13499787969406302,1.453871632971404,-1.6332808045611824,0
-0.3510128744644731,-0.5148030592838123,0.18224183290647072,-0.05552176944556274,-0.03968271304549652,1.1572324896708406,1.550147634992905,-1.3833639224388288,0
0.8741629517445374,-0.5297573860155539,-0.17544138875771284,-0.07415467261130605,-0.13532916391929756,-0.5520473492438173,0.4486416715791726,0.04181848321126366,0
1.3642332822281416,-0.37281920493005277,-0.9595221049779307,-0.08223263518513144,-0.20433339604429385,-0.3699510029906876,0.645550490274522,-1.287489550994995,0
-0.3510128744644731,-0.3043118104573534,-0.5771555995100707,-0.10443721874493876,-0.23176322398613497,0.02446179916583545,0.6945436511860432,-0.1813539335594691,0
-0.3510128744644731,-0.004462722527891491,0.09053969368432747,-0.04476159338760091,-0.04009723613598337,0.3242391463378562,0.714473377715583,0.998536487984811,0
0.3840926212609332,0.04326904127410332,0.5442633286937247,-0.04142740797835146,0.053940704908938444,-1.228614390619716,2.2150899682216263,1.0785623193786116,0
-2.3112941963988898,-0.28221217861172443,0.38369732092031456,-0.03134617621836629,0.07460437042668204,-0.07061353237197013,1.0422846730110074,0.45186989058582766,0
-0.105977709222671,-0.4960609040654542,-0.23757345263524982,-0.05634031202322696,-0.1276309197662591,-0.31704551478524967,0.8343757974867971,0.25008101832803525,0
-1.3311535354316815,-0.5209533616139177,-0.061499361502358116,-0.06177437422290965,-0.12224809060347516,-1.1620336127227395,0.9095998631440629,0.9454386033465335,0
-0.3510128744644731,-0.10156620873251333,-0.5437957674602535,-0.09971229086201037,-0.2611012763512475,0.6153377881570354,1.9882595546824695,0.42356948685192974,0
0.3840926212609332,-0.14248784311117965,-0.4837580428145436,-0.04126404810045211,-0.00883890702354349,-0.9063922685106032,1.6396843768841223,0.48346842822888014,0
-1.5761887006734836,-0.15350814527011558,-0.2876381333198783,-0.03072483601102797,0.05726762591369093,1.0870057551072225,1.6545191507417019,0.28412786019765285,0
-0.8410832049480773,0.027251532676131538,-0.2105963687205247,-0.05849608212677452,-0.09830477731908802,-1.1230174481022261,0.014106420667568353,0.22523806821186343,0
-0.3510128744644731,-0.33117505530852975,0.19580517269354142,-0.05480376355361298,-0.0467854773592865,0.956869457689092,0.21640424701830072,0.6502667066407447,0
0.3840926212609332,-0.49055372724126084,0.1023078855584035,-0.08126786943611014,-0.13253986694862793,0.5375696800671537,0.30741726494874294,1.4904227395626501,0
0.3840926212609332,-0.35669210646465593,-0.4678510376966188,-0.08291742781139526,-0.15729842088144463,-1.1246027750090977,1.7312014890718608,0.24921387373766282,0
-0.105977709222671,-0.37625149551692283,0.36609489832900594,-0.07395438241778396,-0.1478209980362314,-0.2854983949959936,1.3980912029527137,2.1566357641164,0
0.8741629517445374,-0.32401853954014587,0.3341312924337401,-0.031035574282515677,0.0717980409264037,0.4062045328818251,0.25227295387378357,-0.6885757508669993,0
-0.8410832049480773,-0.4693841221411076,-1.1955840555367268,-0.05057437935524431,-0.12877089778300774,0.40820390466521217,-0.5779702878933811,1.1397938016535227,0
-0.8410832049480773,-0.484499287446544,-0.4576785328563158,-0.07337562779006282,-0.14891619253793845,-0.39457301925704946,1.4360783059132636,0.5152562526182548,0
-0.8410832049480773,-0.37989015366207557,0.4567000027154302,-0.05812072206848677,-0.05055806339989355,-0.5345164972797006,0.338881148174993,-0.8409619795811075,0
1.8543036127117458,-0.4358930925938215,-0.4353887796032989,-0.058521751665368445,-0.07068916395768732,0.2683357075292001,0.7327047866878026,-0.13019870049769092,0
-2.3112941963988898,-0.03985041178489317,-0.26026212764671,-0.06916804113852082,-0.11660524076588588,0.28895750413297144,-0.3212302817546379,-0.5580028503566875,0
0.3840926212609332,-0.07867725529478317,-0.10438345053500803,-0.08136011971925672,-0.1923862631148905,-0.35355600675733245,1.7873779931498557,0.37309500434876225,0
0.8741629517445374,-0.4544178983882676,-0.1208389730707923,-0.07427090549832818,-0.1129536467005845,-0.1918991592746421,0.23418557183222002,1.254289311006535,0
1.8543036127117458,-0.3564763585628149,0.061069348779332004,-0.0688436175720022,-0.06648287480398181,0.40504874985754163,-0.27137295925918004,0.8166380473346511,0
-1.3311535354316815,0.5330456058504169,0.16084965360995118,-0.06173253313792194,-0.10000538065520337,1.04106227282009,0.09657384071241451,-0.1639965795898985,0
0.3840926212609332,-0.25506111736551523,-0.16412198386188548,-0.05944225299289392,-0.13117539919324214,-0.5091151024222511,1.0733644844221744,-0.06813784223805029,0
0.8741629517445374,-0.3436225424215315,-0.15674193133068526,-0.08119433170771732,-0.13938013328922927,-0.24920119886938846,0.669675001159421,-0.017604513089420046,0
0.8741629517445374,-0.12234344092528877,-0.2033160466289353,-0.07392384511574342,-0.12101653504966724,-1.288678205487048,1.6391802826268258,2.0422465977721194,0
-0.8410832049480773,-0.22517442763329049,0.4240382837428887,-0.05485668529602419,-0.08133656347929286,0.45625229958660807,0.22662415797277408,-1.1933714916678364,0
1.3642332822281416,-0.22976622019951382,-0.41225131761359013,-0.07456438568447614,-0.15064354816494524,-0.3899594817827223,-0.7707143278439246,-0.5970497529269715,1
-0.5960480397062752,0.3314679712930193,-1.0749102236076422,-0.07107567671546963,-0.13698618581524094,1.5190995932182765,0.5008034249651283,-1.3868699318538509,1
-0.5960480397062752,-0.4808398095144692,-0.7811043485141849,-0.06667659730892651,-0.15977868490567287,-0.9107002541509244,-1.482225368651456,-0.7669527548604975,1
0.3840926212609332,-0.1590082296394234,-0.3672728893491131,-0.05743008271770882,-0.16361559912887486,0.5455007428889612,-0.6543045611411211,-1.500262734088704,1
-0.5960480397062752,-0.15850809717555872,-1.259561132547064,-0.08435672659966817,-0.23987194364243788,0.3123860969317302,0.013134238885639587,0.5876117775583364,1
-0.3510128744644731,-0.49185988288453786,-0.8859709057649555,-0.08450398036438461,-0.19528608344111675,-0.8601225690480344,-0.8446241477589533,-0.6672324025035036,1
-0.8410832049480773,0.15835029909151513,-0.4462593975208776,-0.0698419102926301,-0.14262131596137584,-0.11569054641484401,-1.2316965238972577,-0.9320265407184279,1
0.3840926212609332,-0.28731622945177804,-1.2098953736208786,-0.07165405434858894,-0.1226493871918787,0.8542328253315006,-1.879181592906036,-0.38716531482036604,1
-0.105977709222671,-0.3401106333088495,-1.0557121139825605,-0.0620483818586706,-0.12627982052514566,-1.5166279921825063,-0.261111040449932,1.7268369988162493,1
0.3840926212609332,-0.27713237939160207,0.5739829996977472,-0.049713484535887524,0.03903403906372218,1.1296213793761591,-1.6832809627252792,-0.17557741768591711,1
-1.0861183701898793,-0.33886053093805507,0.9338104258135633,-0.00821545614226354,0.1649570383607292,-0.8164102055874723,0.7540687814017927,-0.2502341573261052,1
0.8741629517445374,0.26033110636872037,0.12868658683546375,-0.05369112165793115,-0.051648280645988566,-0.9772057511612617,0.7726182498458779,1.686467559237146,1
-0.3510128744644731,-0.24696016115301725,-0.6381407633320834,-0.10405880334153139,-0.2230563086807176,2.2843622800132666,0.04096744323493347,-1.1662475215921184,1
-0.3510128744644731,-0.09900057037488362,0.014046446502833316,-0.03786074093050845,-0.03300347071315932,0.3423109874187032,-1.9398349340785916,-0.20985564763141626,1
-1.8212238659152857,1.0474851527413165,0.4476245327108462,-0.0367860266517014,0.005823789001471521,-1.3859662046537182,-1.4540921081966285,0.148443619523434,1
1.3642332822281416,0.20133698178621193,1.264915485321465,-0.05765351047126882,-0.06544234053890852,0.9771082074284936,0.43589528821610657,-0.101429077060217,1
0.3840926212609332,0.03437144222575133,-0.6331542413515426,-0.07862137692853685,-0.19526577394380207,-0.2642086650352768,-0.258170490615703,0.9642348804308433,1
1.3642332822281416,0.05788498927114416,-0.05930529183092021,-0.07299156896191587,-0.1270640239595476,-0.8481625026952155,-0.7209950311570121,-0.17066294284319197,1
-0.105977709222671,-0.1421153748352548,-0.6251758061826775,-0.08061541710787433,-0.19917855459834885,-0.9885465953190782,-0.7357997994040385,-0.8982837084524191,1
-0.3510128744644731,0.6523937760425206,-0.19952628992372437,-0.0810544588593429,-0.1389335499111646,-0.6517148148666113,-0.10181725514427077,1.326119067163514,1
-0.5960480397062752,0.6218166015088578,-0.10403439399637018,-0.03201149331269428,-0.013120556231005642,0.3896021451862582,0.7086582903903423,-0.14803093328883912,1
0.3840926212609332,3.228244811129677,1.9502132011071718,0.8233187258944947,1.474295130907627,-1.0118504580213465,0.37004497529570946,0.6177065424497106,1
1.3642332822281416,1.1450910592984758,0.31662860028204226,-0.030591543408659067,0.06413409334830139,-0.7556120330514545,-0.420536850442028,0.6023309114405214,1
0.8741629517445374,-0.37284482928318763,0.07423376680795943,-0.043718495838758975,0.006108371621392887,0.8010727105977242,-1.1556142977781658,0.9101221897532896,1
0.3840926212609332,-0.1795205243238936,-0.2828012069987539,-0.05768812481723798,-0.03971494500694875,-0.5986329332111071,-0.3329924810915538,-0.19695822267847207,1
0.3840926212609332,-0.6091290486397072,-0.6691569300510464,-0.07409826996466505,-0.1436224606917671,-0.22495115874877303,0.9035867387891702,-0.7164470291312914,1
1.3642332822281416,6.316568724004631,0.2870086597176306,0.5530755459542027,0.4978692575266376,0.15607862068786935,-0.42528373803156905,-0.8645146141206135,1
0.3840926212609332,2.13427619976341,-0.013927941807999946,-0.020246465355280255,-0.0521721532325217,-0.0403882563863487,-1.300499388896105,1.796130403165171,1
-0.105977709222671,-0.18323468279524732,-0.4820626253411598,-0.042033492803179744,-0.04789718343814626,2.467670500931705,-1.0012714382138086,-1.5898220060213173,1
-0.105977709222671,-0.36706951190654713,-0.2294454218069685,-0.11329085708445737,-0.28934120356372556,-0.15109987090785207,-0.015773166321464468,-0.9643320626555719,1
-0.8410832049480773,0.7126599667270819,-0.9990652242836183,-0.06493607395293283,-0.12775972736071584,-1.0007125770382925,-0.5555140889552488,0.4274683128640676,1
-2.0662590311570876,-0.5628510093003821,-0.49786990001947373,-0.08025517009360277,-0.11305592367604116,-0.7879053192759281,-0.38853886734792814,0.992672443634227,1
-1.3311535354316815,4.514709054177965,0.14773510080112917,0.6215540413604148,0.662027496233633,1.435526738330189,-0.12162095810948634,0.6861833484239299,1
0.3840926212609332,6.439883177999826,0.9378495086178013,1.0290898618203583,1.040912249881988,-0.9198247404403351,-0.7959430451971871,0.04436736078368212,1
0.8741629517445374,-0.44916055900713936,-0.08254248426023982,-0.06002910251707461,-0.07207672666525404,-1.4545928513523,-1.185853952093839,-2.3357594477787225,1
-0.5960480397062752,-0.5155914657204445,-1.3914047737125597,-0.054915430462715326,-0.11397114182492651,0.17972788981118795,-1.7441743487822619,0.3868845941173095,1
0.3840926212609332,-0.44979338901402394,-0.42027961800226066,-0.08168800454248519,-0.14098811485418175,-0.45391871350967644,-0.6725179667470087,0.8500152498461915,1
0.3840926212609332,0.42956851938122864,-0.32987397449505795,-0.07246481731967522,-0.1856684213726379,1.3612761665709172,0.1843642560694262,0.1859120150579023,1
-0.105977709222671,1.8047520518039535,-0.573764764563303,-0.0829792943512495,-0.27824693454728383,-0.2677225111263457,0.379604762818009,2.5294277466646626,1
1.3642332822281416,-0.22925144524814348,-0.9168374768245023,-0.0983508769779732,-0.2439386026351149,-1.5259030402451954,0.007223133606628274,-0.18944947919587746,1
-1.0861183701898793,1.3222312973644212,-0.1817742716729995,-0.06117476262136683,-0.11258807717574049,-0.18579993136105394,-0.6981607615259076,0.07685501208019287,1
0.3840926212609332,-0.0034048028056086524,0.29538601664493896,-0.0672140518278716,-0.06100739646769705,0.9890084919007461,-1.4891926714219454,1.022605008916615,1
1.3642332822281416,-0.34499207258104386,-0.7059075970476313,-0.08529709398552965,-0.16025761373744438,0.9044953639775775,0.4335188438602807,1.1272820909318608,1
-1.8212238659152857,-0.19287744718431626,-0.638838876409359,-0.058899848367490945,-0.11755867130314583,-1.3153084501116956,-0.2766839523271242,-0.16416093118083908,1
-0.8410832049480773,-0.4553039976712264,-0.8821811490597447,-0.07475485436154712,-0.12674234935486006,-1.147087404533234,-0.9174237600835079,0.6854629202488616,1
-1.3311535354316815,-0.5230403736612067,-1.1179937735195138,-0.09526135665223805,-0.26622492358257305,0.0753516785339054,1.4158125165455262,-1.4970189558281277,1
-0.105977709222671,0.7263278136581323,-0.5878766217682332,-0.05619363219929064,-0.15073969999196496,0.6130712430308702,-1.6026318826799666,0.4714231114592683,1
-0.105977709222671,-0.16310812614100395,0.3588145762374165,-0.08449149397131667,-0.19209787568254533,-1.1373983115940296,-1.3588783047887163,-0.562907160872003,1
-0.105977709222671,-0.06644620245022423,-0.25547506654539087,-0.08874318841236166,-0.13653254827993538,-0.043536030714936974,-0.06432224419679597,-0.21343939233471265,1
-0.5960480397062752,-0.4801543580681112,-0.9202781769910755,-0.09530574538125124,-0.21935392412279642,1.3998037434761845,-0.6095121857070699,-0.2736165787044679,1
1.8543036127117458,-0.16867913505916726,-0.20800337729064353,-0.063533319547183,-0.12371301389444118,0.04239710138366042,-0.6135389386433303,0.4557333336845042,1
0.3840926212609332,-0.46386276040714314,-0.045891547703265756,-0.05947700877454059,-0.024832923531179538,0.05660452361703069,-1.7598072718805609,-0.09916359743150872,1
0.3840926212609332,-0.20903497456906078,-0.7359264593704862,-0.07446354732551445,-0.16977253471447595,0.08185240450956904,-1.8341731770760006,1.3769601546548542,1
1.3642332822281416,-0.597461273986381,0.1377121916202424,-0.06975553414959297,-0.11296973378937038,0.5218544259572755,-0.8885283571206252,-0.5522606289302351,1
-1.8212238659152857,-0.37686236179254895,-0.4502984803251156,-0.05995378762734505,-0.13881270553331435,0.3619615129752478,-1.3649214347541623,0.2385888126152766,1
-0.8410832049480773,0.030861363424007537,0.10046287242560345,-0.08561521486054559,-0.12490428232010996,-1.0139804642844898,-0.013186682691765103,-0.7024659736384186,1
2.34437394319535,-0.2726414827158473,-1.0277875908915326,-0.09452042455548512,-0.22540270057698975,0.13699565397275135,-0.6775169014651979,-2.873599953513487,1
2.34437394319535,-0.326218573287869,-0.7848442399995904,-0.1027675690639881,-0.2464135403426987,0.7035485361004215,-0.11243924128015913,-0.18925614555921433,1
-2.0662590311570876,0.49759156782190533,-0.9061164545663399,-0.09895063713023117,-0.21726709394893434,0.2968435460323772,-1.765958422043999,-1.1373272284791642,1
1.3642332822281416,-0.4897184190868373,-0.7243078631558264,-0.07890476682761857,-0.1333921655051401,-0.67561797247036,-0.9576372793471168,0.16038465588058395,1
0.8741629517445374,0.5936087644847021,0.31772563511776125,-0.05960140450359372,-0.09729877552596583,-1.4207334274665688,0.6507054541675887,0.03163214724803,1
-0.3510128744644731,2.824646149190101,-0.6620760688386786,0.018599805065693958,-0.09300177661292248,-0.421307328636757,0.6036506556978144,1.0734717224180805,1
1.3642332822281416,-0.5007828774971574,-0.7240086718369939,-0.07870610125216307,-0.1668099933652989,-0.7619548167747576,-0.361185752767488,-0.21943899122857233,1
-0.8410832049480773,-0.05400832446964805,-0.2708335542454562,-0.05580157561602923,-0.08940509382431887,-0.2623768301270573,-0.2082171501664744,1.0305377175880814,1
-0.3510128744644731,-0.2744118509708267,-0.5774049256090977,-0.05312171605509689,-0.07572404564487005,-1.4557870128678114,-0.5416574980017085,-0.036206133786817245,1
0.3840926212609332,-0.46910774518943854,-0.9607687354730658,-0.07035697030835128,-0.21493426084524345,-0.5694556852551681,-1.0365940429572202,0.22462287525900532,1
-1.5761887006734836,-0.3059812828218642,-0.4223739572340877,-0.08408836866615434,-0.16482898967499007,0.1729533480615721,0.636986889022594,-1.4283911465451866,1
0.3840926212609332,-0.2692032436184281,0.04835371772895325,-0.05237963550822953,-0.04687538930550554,-0.62968187066231,0.79462436462571,0.7237276428453863,1
-0.8410832049480773,-0.48077323195409194,-0.8429870862926948,-0.048230584270410715,-0.07047188013563355,-0.3538741054057783,-1.1488630354036604,1.6274302954293267,1
0.3840926212609332,-0.40656373254228034,-0.04359774759221704,-0.06602245614128603,-0.10986283064028284,-0.9355628740353682,0.24777811341289072,0.11484687049905674,1
-0.105977709222671,-0.2937763119081747,0.24926068832493758,-0.05349738512625524,-0.052914896056177566,0.36508936001031395,-0.08263766887856502,-1.4852701556274592,1
0.3840926212609332,-0.4978294420094954,-0.6141555926056826,-0.06988388923836483,-0.11513734597759727,0.8819494764770583,0.14968377139185626,-0.9150402523103386,1
-0.8410832049480773,-0.500789969952043,-0.8700140354272253,-0.10353937760301613,-0.24219452665675462,-0.39498558803774836,-0.9255792850319103,-2.0350056159586036,1
-1.5761887006734836,-0.2037122015718916,-0.007395598013491644,-0.06258467277618178,-0.03863752865018001,-1.3016553018574037,-0.35732103012821564,0.5637005309204323,1
-1.5761887006734836,-0.25103969544541027,0.608639327462505,-0.06376377861489074,-0.058485015282211,1.0849606243535255,0.06357367022583257,0.2598154217023224,1
-2.3112941963988898,-0.23397227473551027,-0.3234413611401605,-0.03867487253531295,-0.0205429055116571,3.153883828468131,-0.5075291165583203,-0.661784643840921,1
0.3840926212609332,0.0327918838860799,1.0552821012595344,-0.03574224432589839,0.06446347132573754,-0.3158351162157573,-1.130247554616358,-0.5971115681477668,1
-0.105977709222671,-0.28641319979264085,1.131825213660834,-0.04630392882003587,0.07077271727785861,-1.0688070911950427,-1.5794795535769963,1.7407738311927923,1
0.8741629517445374,0.22717319341218767,0.9833265890803323,-0.0010227216019531396,0.21435794326893817,-0.01363549580893544,0.5505407250183727,-0.4717453457059505,1
1.3642332822281416,-0.18227010893081297,0.9800853497929809,-0.03806658663522402,0.04802411288455124,1.2324506422377979,-0.6419302473489167,-0.2741984809597714,1
-3.2914348573660983,-0.4610024419884623,1.013445181842798,-0.012798741539021089,0.15635924816062188,0.520314858020714,0.470839822266546,0.4686151250744784,1
-1.0861183701898793,-0.16426350992074626,-0.17080392331581,-0.036736931705803076,0.015561232353206236,0.18096412005746823,-0.1675535467445651,1.2751323295701193,1
-0.3510128744644731,-0.44367145650346074,1.0536864142257614,-0.033633762316803116,0.10107737835463407,1.918738512612955,-0.34544480947119693,1.1777359658550546,1
-1.0861183701898793,-0.3954624391243288,0.10455182044964681,-0.04632897338209304,-0.055697278183488394,-0.09063824821798581,-1.7070154006729845,0.11927532062802051,1
0.8741629517445374,-0.026205443740570395,0.369535598495579,-0.057174219669588154,-0.02625203193039289,-0.852107368764689,-1.9860615776970933,-0.1361899589221864,1
0.8741629517445374,-0.33247274576371755,0.4399951540806189,-0.03672762810060393,0.019346886393324186,0.1609681880798734,-0.3412320217495056,-1.918872976623629,1
1.3642332822281416,-0.3491512253992488,0.12185505172212299,-0.04137851490890193,0.0033116073530908203,-1.1014775199006204,-1.001589497685674,0.23170911284883497,1
-0.105977709222671,-0.2780592030929359,0.7246756939496868,-0.01793984364241411,0.04664457966781068,-0.576171921220034,-0.37766483408339163,-1.062268684024383,1
-0.105977709222671,-0.3142044122894874,1.093478859630476,-0.02223701051549567,0.17313198986166986,-0.5125817134471934,0.07402162382051145,0.6849563231844312,1
-0.5960480397062752,-0.09583870822913344,0.42199380973086703,-0.02944835180026442,0.03641351143571713,-0.7281728879193902,-1.8621564094780612,-0.08039066445669393,1
-1.3311535354316815,0.0035352786943324416,1.1254923307455473,-0.018258499465780086,0.11164256259990316,1.1020508617164304,0.7999233554494327,0.14917971155387472,1
-1.5761887006734836,-0.25159519481515563,-0.32234432630444154,-0.016555739674359308,0.021093423334004515,-0.1311467457089344,0.3298254549099899,-0.07365289915037304,1
-0.3510128744644731,-0.403053196162802,1.4071310922064855,-0.020805562561433972,0.1212335402512492,-0.6260956958762348,-1.1690568113060698,0.9360460420864141,1
-0.5960480397062752,-0.17669177876889683,-0.5709224470343949,-0.0502485675420412,-0.030771189846883238,-0.027387542482929628,-0.5039284432919175,0.6507799424983682,1
-0.8410832049480773,-0.439607937431777,-0.07890232321444511,-0.062373835189217755,-0.0847208383243125,-0.058986325625761546,0.9305377781881954,0.28205050671816956,1
-0.8410832049480773,-0.09951626048172306,0.243675783706732,-0.02823366973401253,0.03673425706661063,1.7168713389942398,-1.293652108567829,-0.1536321130567486,1
0.3840926212609332,-0.24696725360790278,0.24287794018984551,-0.03015432648991491,0.020479268360533365,0.3838306105439228,-0.535878417409132,-1.1338402960757,1
0.3840926212609332,-0.1974143304223934,0.6933603359118913,-0.03834714110477957,0.05651620588759503,1.3847852065916728,0.04210765643596103,-0.01374498412193806,1
-1.3311535354316815,-0.09136268282975164,0.4128186092866722,-0.0640400275096693,-0.03829030926135473,0.3472374572061186,-1.3800622658393862,-1.3795856952175616,1
-0.105977709222671,0.34854248445780484,0.4047404436781962,-0.0416579193785747,-0.04381148750055811,-1.5147297329625464,-0.75556749563659,2.025499049533436,1
-1.3311535354316815,-0.41799196525156884,0.16977552795511902,-0.0550733701128974,-0.06489982123895423,-0.7634833139926959,-0.21523846303595992,-1.110099598071787,1
1.3642332822281416,-0.2372769011344405,0.1798981675756166,-0.04249759908265611,0.013882390273809166,-0.2092558319324171,0.4946882815343541,0.40300793927244766,1
0.8741629517445374,-0.12614270885526907,0.475549055801874,-0.026214357626086447,0.0915564158039105,1.7461961965318242,0.06666424811282834,0.546398018435178,1
-1.3311535354316815,-0.040766482409465066,0.5806150739318663,-0.04236642583075177,0.028503800804892017,1.3913589993102509,-1.0278744125304147,0.02331721761587782,1
0.8741629517445374,-0.3699778759873558,0.09632405918175467,-0.04500697794570084,0.007836641151454087,-0.6593358975669636,-0.9831240449511383,1.4810699807438343,1
-1.0861183701898793,-0.24097778985149224,0.7005409275638699,-0.046304642272429475,-0.007534760825029499,0.1558557302195848,-0.1063000933609423,-0.6927064459417779,1
0.8741629517445374,-0.14804649743051007,-0.038012842974011474,-0.00880501010183709,0.12250228441847652,0.5467428775185074,0.24846224133350725,-1.0942715899910556,1
-0.5960480397062752,0.3584138089252822,-0.7971609492915258,-0.07154630761624567,-0.19910168587062688,-0.537862806495602,-1.9256242769205218,1.082838712765446,1
0.8741629517445374,-0.3242921710254076,0.9903077198530893,-0.033905049611767414,0.07822357946871299,1.2610123582382757,-1.307892771336452,1.4113422222316807,1
-0.105977709222671,-0.4863673485478501,0.3195706482505613,-0.042671511869800526,0.008493731840050452,-0.11231619137843005,-0.575797881689318,0.2363257536867432,1
0.3840926212609332,-0.3408349788626444,-0.09480932833236991,-0.045653523932639224,0.0020300447017401677,2.16043517964705,-1.377877857391102,-1.1824044204623516,1
-0.5960480397062752,-0.19255988823653758,0.028656955905817533,-0.05495822320952943,-0.07997596626285713,0.4755943211175137,-1.126664884716287,1.480282340929499,1
0.8741629517445374,-0.3458230337469892,0.38594125581155786,-0.03934588070683848,-0.018826212628044788,-0.0837315958927973,-0.08360384953838312,0.17916065793579883,1
0.3840926212609332,-0.2225287131721143,-0.3764979550131134,-0.044716241395618396,-0.0595892515596146,2.7543438074931546,-0.27981053694678404,-0.12418644974938903,1
1.8543036127117458,-0.5200809896629954,-0.3422904142266043,-0.08618373756838231,-0.20234875065638153,-0.13371810462119735,-0.5877581180558861,-0.38123732791507364,1
-0.105977709222671,0.3862079956774034,-0.37540092017739446,-0.04403735131363511,-0.05489034913286576,1.461966566594514,0.6910990070945179,-0.6265371359784571,1
-0.105977709222671,0.5149671671360256,-0.4866003603434518,-0.023995738862636617,-0.004006927839386805,-1.3217294669132706,-0.442140890040445,-1.2477263917483845,1
-2.3112941963988898,-0.3975572299931051,-0.19289421568960524,-0.0765664851932327,-0.1232310655719229,-0.5312093046029354,-0.34970560616977364,2.6984957827534073,1
-0.8410832049480773,-0.17512068561731461,-0.10393466355675937,-0.09006551040331481,-0.19931733010966451,-0.08671330944203448,0.05187748323213404,0.9639746554064449,1
-2.0662590311570876,-0.4563607734491729,-0.3594440498396642,-0.0543202080256364,-0.07030558463858294,-0.6422102339044637,-0.3318162611578622,0.26263407414466955,1
-1.5761887006734836,-0.27757760252732055,0.5094075400497453,-0.07473197219831099,-0.11876744605510757,0.041135777508500435,-0.24772253702102415,-0.03246317869111595,1
-1.8212238659152857,-0.24969967904977647,-0.3583968802237507,-0.05517756242266755,-0.08195204916274593,-0.9461258156979134,-0.054264363539310724,-0.42010772759065074,1
0.8741629517445374,-0.32855107578974474,0.9883629762806784,-0.017021343415766176,0.13796998792349963,0.6068723786496714,-0.8333060314582271,1.1873022256044932,1
-0.5960480397062752,-0.5747926442278374,0.6931608750326697,-0.045425310690560355,0.06193262174237065,0.36790501278020005,-0.13532752101025977,-0.03928053323095007,1
-0.105977709222671,-0.2700904868457233,0.2840167465293062,-0.029740436293734778,0.013754860780186982,1.544055207139157,-1.005280187783737,-0.33712050385270215,1
-0.3510128744644731,-0.4066694329989617,-0.049132786990617204,-0.026521064285022673,0.07588209807336808,1.291101095360875,-0.6331746101894471,-0.9700725668004749,1
0.3840926212609332,-0.3197427043996303,-1.030779504079857,-0.09282368652711324,-0.22747057299171747,-0.6322554437182976,-0.5840614268357125,-0.4216309276873634,1
0.8741629517445374,0.6670188755942524,0.14987930525276166,-0.04374788845685849,-0.04854956374941008,1.8950885054417281,-0.23417800441723882,-1.0294313804801105,1
0.8741629517445374,-0.46628860876686734,-0.09176754992424009,-0.07816839148335086,-0.1398589284117185,0.1125426506773735,0.22656414675166736,-0.3059762733226216,1
0.3840926212609332,0.050873068066878496,0.8575665047310962,-0.040541960342632556,0.01407205029117111,-0.37957883795350916,0.5637611970281817,0.4488245944482856,1
-1.3311535354316815,-0.2538663819006015,0.1377620568400478,-0.06554511180203461,-0.07789020633198916,-0.8777759369649167,1.5917234089756365,-0.12263800348759245,1
-0.3510128744644731,0.3436271844332537,0.016739168372325287,-0.04069132148978961,0.03738001017364889,0.09727686774360568,-1.205375602319853,-1.6047471215084228,1
-0.8410832049480773,0.13527785698222985,-0.07456404909137472,-0.03308064025456706,0.0498406007730626,1.0806733040546346,-1.0590862486280166,0.18066123101774098,1
-1.0861183701898793,0.1016262176501162,0.36699247228550325,-0.03186689057439067,0.011248096786388457,-0.11321291958692588,-0.8830253281451396,-0.11172053596752775,1
-0.105977709222671,-0.21002288489795726,0.09198578505868428,-0.02881241728246316,0.03433375015547909,1.603927867598258,0.48165984543208656,-0.5307602196521735,1
-2.556329361640692,-0.08400895105777609,0.2920949121377821,-0.03521222590586682,-0.023571002316614385,0.2954501115816446,-0.1590799623242971,-1.150642413682369,1
-0.3510128744644731,-0.28045027554483426,-0.017268911534962208,-0.04579874066019751,-0.03952796289181355,-0.40192988080625647,0.17946734042711834,0.525220115464822,1
-1.5761887006734836,0.014405037778600964,0.13571758282802612,-0.04922417470812886,-0.05217598353894125,2.3459317126133814,-1.2668871039542347,-1.11032744816527,1
0.8741629517445374,-0.1834081047566423,0.011353724633341344,-0.0585472521150453,-0.05868381569130529,-1.7092614484213933,-2.566478105997008,-1.7490759031463683,1
0.3840926212609332,-0.015599707009138031,0.6816918744774261,-0.028106194550604594,0.09232230256185693,0.7011764501233797,-0.14053649500232254,0.435359883643594,1
-1.3311535354316815,-0.29115850968880613,-0.6117121968352177,-0.05547237925981445,-0.058987097661750997,-0.4414294668066587,-0.6207702907866893,-0.4552537206779922,1
-0.105977709222671,-0.256917281445723,-1.181372467892186,-0.0642740108703734,-0.10626355545080367,0.2721425586398351,-0.12580974134273495,-1.0190675193488041,1
0.8741629517445374,-0.3801541760149117,0.14778496602093458,-0.07353882649905688,-0.09657256037929242,-0.1642201485724039,-1.6540735014126415,-1.3130410991969181,1
-1.5761887006734836,0.2968741794054643,0.11617041666430661,-0.007652393148946946,0.08545607220410853,-0.7236361074275186,-1.88279426841666,-2.260264975941997,1
-0.5960480397062752,-0.46884944255828426,-0.6953860356686904,-0.062879531631537,-0.08186079983878292,-0.588782207780001,-0.27794418797036524,0.9791048037979064,1
0.8741629517445374,-0.2577301682911535,0.11218119907987406,-0.05005792989751447,-0.007300147643904177,0.5611665477889881,-0.9881409830356594,-1.4884647101486754,1
-0.5960480397062752,-0.2122348156667787,0.3137862827531341,-0.033948160169946284,0.01369368754266652,-1.7225714043983593,-1.068646036150316,-2.5051175370338097,1
0.8741629517445374,0.2800472157950711,0.33098978358599945,-0.04319152903357417,-0.01630007101816028,0.6917877426828237,-1.0412089058603264,0.7589880191029783,1
0.3840926212609332,-0.25152289753309653,0.09951543324930072,-0.05962198401214616,-0.05069257432148451,-0.09230771258639535,-0.4020894010738241,1.5207880790343877,1
0.8741629517445374,-0.36057282323138634,0.5110032270835183,-0.05564022379595241,-0.006715573327889168,0.6748982543509565,-0.0904871365993232,0.15403530245500904,1
-0.3510128744644731,-0.37568135365967176,-0.4410235494413099,-0.08174127248873071,-0.16562174128217652,0.12375507449915849,0.44087621956796386,-0.12159130144518326,1
1.8543036127117458,2.5962535442325225,1.0516419402137398,0.2980758769933257,0.43180755628644923,0.5103231654391365,0.3446662298896802,-1.380597639092462,1
-0.3510128744644731,-0.3933930438198201,-1.4682470774326917,-0.09249406197919675,-0.30721797161587494,0.6600391358146217,0.3216159198625914,-1.2414575860522281,1
2.34437394319535,-0.30910104781603565,-0.6276192019531425,-0.06750821095338934,-0.11820630133264885,-0.15690830794559876,-1.404390814876048,-1.015376617905385,1
0.3840926212609332,-0.3968548481705687,-0.05586459166434714,-0.050143978745081516,-0.05753484280466983,-1.7499286262126106,-1.5155976087088994,-0.08514790267655094,1
1.8543036127117458,-0.32961242734503676,0.15671084036610242,-0.03062582821397534,0.038284666114759114,-0.22967023707397666,-0.39202551929422824,-0.240518762128037,1
-1.5761887006734836,0.620259922055914,0.834628503620609,-0.04020722860921266,0.01982716643680431,-0.1838758404643061,-0.42826629572057273,1.7410298497141465,1
-0.105977709222671,-0.02938240595156077,0.7082700366337079,-0.034039271058286816,0.057558801680089484,-0.7520524279900757,-0.580874830994946,-0.5145977789357034,1
0.3840926212609332,0.5268362759925544,-0.2794103720519862,-0.04504247270518305,-0.014264188494837852,0.26726701415808735,-1.194435556712099,0.6856703414963129,1
-0.3510128744644731,-0.3319305161482741,0.5782215433812068,-0.034769156460458396,0.016703366131133872,0.6209314532534881,-1.9011577020753145,0.7522712201378277,1
0.3840926212609332,0.5673351085444953,0.5289048409936594,-0.02349349446648031,0.056602203237713596,-1.2716064193218486,0.6262028725897175,0.5356679242164061,1
-1.3311535354316815,0.01362944351853634,-0.9815625321319205,-0.05591460453046531,-0.13182734493911447,0.10939561439669346,-1.428755370645374,-0.6163514558210469,1
1.8543036127117458,0.8476893258822621,-0.28150471128381327,-0.06216347576245426,-0.11168039406633347,0.01521553497156726,-0.062293864923389036,1.8066026497048484,1
1.8543036127117458,-0.46472941263638345,-1.0624439186562904,-0.07673811288933059,-0.20245382388361766,-1.5730200187064087,-0.5886582863724868,-1.8836533438419123,1
0.3840926212609332,-0.3887410797815033,-1.1041312424136107,-0.0565165749733294,-0.08438055650694898,1.0419649054118518,-1.531494581180068,0.3304473140727795,1
-2.0662590311570876,-0.3981202793954706,0.3512350628269947,-0.03509292241697661,0.1105082317636984,-0.5427007105340301,-0.15237070780456652,-0.07548295190840328,1
-1.3311535354316815,-0.0056034638201281324,-0.48490494287006797,-0.04754400055099641,-0.11805442682220281,-0.9180637581313054,-2.3146050098900197,0.2674447138254619,1
0.8741629517445374,-0.2382213415785546,-0.3626852891270157,-0.09190605440435871,-0.19221448096450977,-0.6097877892960504,-1.2294761087163093,-0.17406300020083879,1
-1.8212238659152857,-0.07105584054809504,-1.37305437282417,-0.11619636283213308,-0.42185766274792563,1.9121307696905985,-0.776259364674185,-0.8142353343845763,1
1.3642332822281416,1.20865409756048,-0.2574696753376072,-0.04556409342202909,-0.08968298306176635,-0.890523500435814,1.356869495174512,-0.04646584362406158,1
0.8741629517445374,0.4284652994632252,0.00806262012618449,-0.048832453771399185,-0.03414075042928727,-1.6335665169057212,-0.4322870475347225,1.06602364553374,1
-0.8410832049480773,-0.23866679350314038,0.33527819248926444,-0.029567165542153037,0.07937853382957782,-1.221715856821518,-1.4472928368452378,2.4545181120212214,1
-1.0861183701898793,-0.3365234526588338,0.6343199156622895,-0.06496435142552347,-0.023925999531892582,-0.20389760411868887,-0.8258646400409946,-1.2212520218475396,1
0.8741629517445374,-0.5024701953933157,-0.26086051028437485,-0.0735997048922265,-0.12986597732876093,0.6592841128045055,-1.3519410076287801,0.9756524799211461,1
-0.3510128744644731,3.7101354810287317,-0.7409628465708323,0.06808990396777936,0.06344921177798006,-0.9196520372298099,-0.3713516536229653,-0.08164077757075273,1
0.8741629517445374,-0.014653893831820286,-0.1468187525894093,-0.01905335111009187,0.04567155504815109,1.0681515832436548,-0.2585305579423433,-0.9970348624362332,1
0.3840926212609332,0.044214396873686515,0.6310288111551327,-0.03015448910386308,0.07909253955655401,-1.173051929944661,-0.2903245028846803,-0.4742005389030489,1
-1.8212238659152857,0.3581699199927663,0.7335517030750492,-0.05312824193366543,-0.027186134741957125,0.7670531303159077,0.07650008725221873,1.1581765557781878,1
1.8543036127117458,0.3606994097093664,-0.0273416859356544,-0.04479041029087551,0.005465836536543652,-0.8943074720612939,-0.3059454237387579,0.7153564046548911,1
-0.105977709222671,-0.24874631583983864,0.2408334661778238,-0.0546391500033039,-0.045827132545211625,-0.4847853531275471,0.8639193216376324,1.557598402416819,1
0.3840926212609332,5.833933117553726,11.938266593349976,12.742560596560725,14.113845762625383,-1.341363017367926,-1.1945375757879804,1.3489385331309411,1
-0.3510128744644731,-0.2516768724407731,-0.7326852200831347,-0.06809247719596288,-0.10016733085185335,-0.7139772744525515,-2.7663094711602545,-0.06568688704605273,1
0.8741629517445374,0.6795391175670479,0.32645204858370747,-0.01642003013906248,0.07652148964825072,0.05733888128571658,-1.9587804765819812,-0.5309300999720127,1
0.8741629517445374,-0.07419390865164854,-0.651454777020127,-0.04492947393255287,-0.07201379103888672,1.4146636000604274,-1.0623448579341113,-0.6023276828472067,1
0.3840926212609332,-0.43558079578999015,0.6074425621871752,-0.05270990289493776,-0.03717862630504397,1.0639506145500266,-0.5976479672942725,-2.1439052715603797,1
-0.8410832049480773,-0.24807230383684442,-0.06882954881375293,-0.054439245986619776,-0.12676350803924358,-0.39702407636027137,-0.47072423465357277,1.0922675938433417,1
-0.8410832049480773,-0.24794418207117003,-0.14936187879948504,-0.03166196674362049,0.061287730867975725,0.5841368128367379,-0.44988233756321105,-1.9191362266731649,1
0.3840926212609332,-0.023116794032348443,0.7063252930612971,-0.04906208068072133,0.05297978000782104,-0.11967157683182059,0.10587557998395515,-1.4346184617650004,1
1.8543036127117458,-0.10118184343549015,-0.06449127469068253,-0.07445466952413639,-0.09876922666699424,1.0490582838578217,-0.7730307609786438,-0.25410757002744166,1
1.3642332822281416,0.9232413583672474,0.5330935194573135,-0.0606863849009431,-0.09630324349977601,-0.07079730630111866,-0.6040931724411336,0.897707692347394,1
-0.105977709222671,-0.3265960749188739,0.33467980985159956,-0.05639663577143524,-0.012872636083971734,1.0974742266375146,-0.28896824928766857,0.06298664401156577,1
-0.3510128744644731,1.4014046000406466,1.04002334399908,-0.025774171291712052,0.07133810516667309,-1.0924829300430574,0.46368648471062573,-1.1259454272714138,1
1.8543036127117458,-0.40887427131289766,0.5501972898505681,-0.049883563946025694,-0.028934670107052043,0.3667138034563216,-1.6714767555335888,1.1615226306291404,1
-0.5960480397062752,-0.3887028720406682,-0.10533088971131076,-0.060013509889053046,-0.05168201029597532,-0.09010906786778704,-1.1229081822750067,0.3279410703799274,1
0.8741629517445374,-0.49501579651973887,0.7493091125335578,-0.07212943850104625,-0.06135544810634111,1.37068701544872,0.9862581969857792,-0.2762224721324531,1
-1.0861183701898793,-0.43700592164425045,1.0073616250265385,0.007998874414649748,0.21421839211788749,-0.574380678946767,-1.2347510950515894,-0.962247942827975,1
-0.3510128744644731,-0.3508373993510707,0.6866783964579668,-0.043440109066364654,-0.014602121285146995,0.056221476752660864,-0.32746544762762547,-0.5721714838696184,1
-0.5960480397062752,-0.23892898554503833,0.028158303707763465,-0.08086515339225281,-0.1365267938043295,-0.18659259481448978,-2.6610137826064144,-1.4498355541431756,1
-1.5761887006734836,0.3656778554612857,0.23400193106448308,-0.07736704458930203,-0.14222722655504866,0.28699651084081224,0.4896353367171688,1.5475959748046737,1
-2.3112941963988898,-0.24244272496865854,-0.16676484051157203,-0.047438035573739205,-0.0826226733820556,-1.3315912630630002,-0.2216176558396036,1.8178088315763004,1
0.3840926212609332,0.042696153950444966,0.44687655441376506,-0.03202067994845147,0.07781581527671853,-0.554175879411144,-0.6858824656874739,-0.20851506263059436,1
-0.3510128744644731,6.606351788140564,9.261750920294762,9.997996510274113,10.660585402202358,-0.5143891927744414,-2.05914924388296,-0.41170336487000914,1
0.8741629517445374,9.300728726230835,26.33734746435927,34.94778546939365,34.02395794314687,-0.6911619994655295,-0.238666843756021,2.2133564211773677,1
-0.5960480397062752,-0.11296126705604687,-0.12068937741137609,-0.06436464134082931,-0.1103745861203116,1.1280596700023509,-1.1959178338734349,-0.3662887722394594,1
1.3642332822281416,-0.32387074193188575,0.13691434810335587,-0.055750253324569676,-0.051058940476655046,-0.2874667687672351,0.12385494182752663,0.46246567510202197,1
0.3840926212609332,-0.3596844360597548,1.057675631810194,-0.03546957555292027,0.05618743387612071,-1.183780194338649,-0.33122815119101645,0.2615003840974246,1
0.8741629517445374,0.42775696913013966,1.112577238815947,-0.017342508444832243,0.14774548001372917,-1.4055244742217343,-0.19505668937777207,-0.5314521539865354,1
-0.3510128744644731,-0.4894461603347792,0.26412052382694884,-0.08386885313593438,-0.12907052445263925,0.23262156925009428,-0.38399001678803923,-0.3148258285855084,1
-0.5960480397062752,-0.2347863055252772,0.02232407299053086,-0.06471554204975433,-0.07465683603236288,0.6766356191269229,-1.753392072344253,1.3183646796993795,1
0.8741629517445374,-0.12488848828486367,-0.7248563805736858,-0.06212087252467804,-0.1313286875142826,0.9056312197083389,-0.6203802178494957,-0.4137550784308295,1
-1.5761887006734836,0.051261093985778085,-0.21264084273254638,-0.062465761477036,-0.07553334600960127,-0.38494370819841145,0.19307188425201036,0.028211222186815443,1
-0.3510128744644731,0.1559393220081638,-0.6246272887648181,-0.05181670298454638,-0.12427418692497794,-0.5121344564148078,-0.7098869541301595,1.7747100494055943,1
1.3642332822281416,-0.5257057639649686,-0.45822705027417526,-0.06687379151828293,-0.0963016434930043,1.064267237102656,-1.0849030759481249,0.07462023857568773,1
1.8543036127117458,-0.25881760177731494,-1.0174654903918134,-0.10936228107672924,-0.30654573774937605,0.4360430717635356,-0.1316128264237542,-1.1174133424600425,1
-0.3510128744644731,0.3491446567564745,-0.7293442503561725,-0.07529982524915245,-0.16769563959144948,-0.1891956897868065,-1.4507494831809844,0.5669346282236338,1
0.8741629517445374,-0.4237402855418708,-1.1607282668927474,-0.10282654067852645,-0.2691330449018427,-0.3938098777199427,-0.9466312213961455,-0.6782482351353664,1
0.8741629517445374,-0.5707089917358333,-1.1244762520942166,-0.09291265909060262,-0.2517182041220048,1.9809625937076674,0.8924006471748788,0.27556756541722804,1
-0.105977709222671,-0.3074565134380579,0.21769600418811502,-0.07453868603059881,-0.10774533462476613,-0.2650470874590227,-0.9635483846261281,0.08959451087278714,1
-1.0861183701898793,-0.2995882355035793,0.012500624688865702,-0.08843691929680189,-0.16998240387345986,0.3382030127615116,-0.8554381698023832,-0.11445254266262486,1
-1.3311535354316815,-0.17913684539347224,-0.9010800673659938,-0.07160952022275373,-0.17993688034538935,-0.22779116709963063,-0.8202655931117382,0.1212441421525069,1
-1.3311535354316815,0.7973004081757272,0.4764466297583713,-0.05240024504201837,-0.06673829205170917,0.9557328639104223,-1.2343130131375104,-0.5340902507528456,1
-0.3510128744644731,0.6942886782625777,-0.7447526032760432,-0.07346099301179841,-0.18901908954572486,2.1949197301110495,-1.3603545808279414,0.5618117352142796,1
-1.5761887006734836,-0.22919058740944814,-0.4492014454893966,-0.08311068703584862,-0.1516614446141264,-0.9482934624043762,-0.5622953569403074,-0.3467709792871208,1
-3.2914348573660983,0.020239153894131324,-0.5178159879416365,-0.07760875984207452,-0.12910017018379827,1.1495398163233903,0.2087948241819694,1.470598036640749,1
2.34437394319535,0.7104347662039584,-0.029436025167481488,-0.02114967683641866,0.0016527480715166892,-0.32981743383711837,-1.2495738666649476,-1.4712701770633474,1
0.8741629517445374,-0.08555053044547975,-0.6459197376217268,-0.06788618368996238,-0.15644392835498921,1.438608088347037,-0.9404380633779327,-0.28154060302511236,1
-0.3510128744644731,-0.4922639240241467,-0.49682273040356023,-0.09285725502792024,-0.2193912144989967,-0.644753546996214,-0.4577558097724119,0.3548007381761093,1
-1.5761887006734836,-0.11162285218248401,-0.5909682653961684,-0.07051018757599693,-0.0673959137563808,0.8343977877978992,0.05906082639860769,-1.2640884425576442,1
-0.3510128744644731,-0.5090320888956501,-0.23807210483330388,-0.06356067424501473,-0.08691311592090861,-1.3562671568266627,-1.0609465964823248,0.22065358577897504,1
-0.5960480397062752,-0.2744862073526913,0.4057876132941098,-0.05497915629625526,0.015188302224244232,0.8565687469610391,-1.0299387985364856,0.04478705773656404,1
-0.3510128744644731,-0.36913684811125036,0.14768523558132376,-0.08785626821435605,-0.17827618097499082,-1.215333956559079,-0.33713925647002774,0.17062911659317437,1
0.8741629517445374,-0.3833947415310047,-1.0013091591748617,-0.06547379059734335,-0.14416072453904616,0.0006324463529094394,-1.0257020063263518,0.15461152778300274,1
0.3840926212609332,-0.10813244922332593,0.33323371847724276,-0.05771298212753959,-0.09074139024140136,0.48062485565998914,-0.861559314355268,-1.0835304397264245,1
0.8741629517445374,-0.12882411437974026,0.09542648522525735,-0.0700534297492219,-0.07722994668794307,-1.0452242463834645,-0.902264925631952,-0.4120677895479622,1
0.8741629517445374,-0.32312214475815965,1.221532744090761,-0.012125121783320326,0.15158858996700322,1.0087985085119455,-0.9301281355917992,0.9220706771043518,1
-0.3510128744644731,-0.3430027533800816,1.0227699779464092,-0.024956427659324296,0.09765253894981472,-0.6054473295477673,-1.7575988589438336,1.226376067228937,1
-0.3510128744644731,-0.41964130419575935,0.3435059537571566,-0.043856037758037765,-0.009233016355543543,-0.8515966396121959,-0.7570437716758152,1.3773540801226856,1
-1.0861183701898793,-0.5084148165317403,0.37871079893977383,-0.06105872131188645,-0.07590395049244153,0.5072336968952982,-1.4039407307177476,-0.4153937250392888,1
-1.5761887006734836,-0.25813855641924066,0.6111325884527753,-0.04799437509069337,-0.01854158475634036,-0.3254090736812783,-1.529304171609673,0.4745455905574222,1
-1.8212238659152857,-0.3930086785227969,0.8647470963830748,-0.04649301235147215,-0.011337903403835026,0.06617479084301055,-0.42156904344506346,-0.45705600542264846,1
-0.5960480397062752,3.471629035404363,-0.31012734745211684,0.13749004771056766,0.1457997031473323,-0.89286458840071,-0.6449488117705844,0.3356444955381995,1
0.3840926212609332,-0.24447528526553586,0.389880608176185,-0.004036531811723797,0.20062531062153144,-1.6726446775505257,-0.4907619813811045,1.367642740417486,1
-0.105977709222671,-0.32047597271924894,-0.1940411157451296,-0.05255514932626275,-0.033598016617688,1.789631053978893,0.7779892541349288,-2.026712626861162,1
0.8741629517445374,-0.2890353490004876,1.3537254417948947,-0.01773315074990886,0.17729313435606556,0.4412891162952133,-1.984021196179465,0.5683663078605826,1
-1.0861183701898793,0.18869731202469858,1.2097645522166849,-0.028038184686544083,0.11179070528753206,-0.7768301723650733,-0.985356462376308,-0.8864762473091252,1
1.8543036127117458,0.08470453544867085,-0.5991960266640606,-0.0424909802053804,-0.05544720348931383,-1.0525065650939407,0.0890664369519646,-1.237258561469695,1
-0.3510128744644731,-0.4136683132377927,0.3848442209758389,-0.024849876768743426,0.05544619354190598,-1.252335988438041,-0.7616286289683681,0.5656354446165806,1
0.8741629517445374,-0.010562233729461662,0.5570288249639088,-0.05815332723865558,0.029391857521580193,0.45271557401038415,-2.871419124928664,-0.6136499837271139,1
-0.8410832049480773,0.7706254565623188,0.5615166947463955,-0.03778265457899762,0.04169947280894823,0.29246913608031566,-0.7903319960237093,-0.2760353068857294,1
0.3840926212609332,-0.3958774621295669,0.43306388852766736,-0.054144054867604686,0.004142177307656884,-1.0656364373812994,-0.7861792195231248,0.7814533924850333,1
1.3642332822281416,-0.3192864993982826,0.758633908637169,-0.06007933637883212,0.007408333382751447,1.2314992984840933,-0.3789610764592966,2.954618585501439,1
-0.8410832049480773,-0.523492918040678,0.03189819519316898,-0.05144899269953233,0.013972130613896414,0.04609176921224492,-1.9046263506552825,-1.8226001053047802,1
-0.5960480397062752,0.20117088106856976,-0.3438861012603773,-0.06759840379666444,-0.1334684542995562,0.7659763184178044,0.4393339311855213,2.7370922620519993,1
-0.3510128744644731,-0.23859998715389588,-0.256223044842472,-0.08014166357713634,-0.16126233283013683,0.4043158682846722,-0.6358691140171386,0.7582567337320264,1
-0.8410832049480773,-0.2768049825225305,0.02147636425383894,-0.035873465803000174,-0.025261197095087323,0.2984495382806792,-1.379480156994651,0.45993358587140415,1
0.8741629517445374,-0.3466496479244563,0.2507067796992944,-0.025264292900149386,0.05633969642835271,-2.560374974973213,-1.7145048010671025,0.02637513482250485,1
-0.8410832049480773,0.014369804293040507,-0.8561016391015168,-0.06446479592935365,-0.18232416385327227,0.3520030325495405,0.1838361573236871,0.3131938525262538,1
0.3840926212609332,0.08916912140468887,-0.554766115817443,-0.10226555768713318,-0.2696475715377459,0.9426775344617945,-1.1911949507723365,1.3791747882462768,1
0.8741629517445374,-0.32998306531002336,0.09158686330024102,-0.07472265081471045,-0.1511683056044224,-1.3560671458435332,-0.5041864915426764,-0.6946805010213091,1
0.8741629517445374,0.4661381319265766,-0.5727674601671949,-0.06746458012715105,-0.15104688134585947,0.4544920553254866,-1.0534091871113214,-1.2572762830563553,1
0.3840926212609332,-0.1446640828167061,-1.0658347536030581,-0.07699361469963414,-0.1725356154345627,-0.6072954015099677,-0.5880101651845343,-0.6771263338557363,1
0.8741629517445374,-0.47491989757371045,-0.3082823343193168,-0.0765455087398789,-0.18098723137521622,0.5814621272173232,-0.7112972178261672,0.06754524973680401,1
-1.0861183701898793,-0.4137856819267051,-0.43937799718773146,-0.08206405748033233,-0.16935536569875068,-1.1484446746364636,-0.09900872999647657,1.1530393845862985,1
-0.105977709222671,0.2909878994281951,-0.7572189082273949,-0.05725477416916271,-0.09311097345421165,-0.7322240328876484,-0.13948029751084437,-0.37445396098029343,1
0.3840926212609332,0.2100190617215902,-1.163371123542434,-0.07465156858584049,-0.21173734737848712,-1.5607994214419856,-1.4692809482587377,1.1468202349254166,1
0.3840926212609332,0.1580455523203039,-0.7463981555296216,-0.11105408464162919,-0.30903624553793485,0.31417069677382314,-0.613526936399109,0.02367579507093422,1
-0.105977709222671,-0.329997707797529,-0.4033254432684223,-0.07806410749652505,-0.17647438717910274,0.37255323850621386,-1.199788557634818,-0.004260150687664452,1
-1.0861183701898793,-0.3460396968042993,-0.12088883829059771,-0.07049897431522566,-0.1732669431826615,-0.2119128044020344,-0.6933118548604851,-1.0774592127299443,1
-0.5960480397062752,-0.5210082709420639,-0.38193326397190275,-0.08036178360232102,-0.15300962674075588,-1.396878981024763,-2.345696823545408,-1.0248646760346087,1
0.3840926212609332,-0.31000590778611103,-0.8923037886802422,-0.07483789552548942,-0.20745499605259687,0.5932391576889018,-0.07901899224583019,-0.7138430970425683,1
-1.3311535354316815,0.07527523107277014,-0.6367944023973373,-0.08317542971621641,-0.22235332890477816,0.15210349465415857,-0.2752856908753378,-1.3514310349045153,1
-1.8212238659152857,-0.07764358719243156,-0.36243596302798864,-0.06541416161131527,-0.11222931620828491,-1.2682077087044632,-0.2168827704942839,-1.84233681976495,1
-0.8410832049480773,-0.20326720722504035,-0.2990074034355111,-0.06564271859964886,-0.1095201802109659,0.1103801703062683,-0.8387190436020527,-0.36936605905903463,1
1.3642332822281416,1.3115528057731953,0.07308686675243506,-0.07323600272295684,-0.17214675153457015,1.6066276468465523,0.2425751405429386,-0.2416927231092599,1
-0.3510128744644731,0.9234143227509078,-0.5486825590011833,-0.03116135101996075,-0.03772109818176572,0.22577691294919683,-0.35926539369207316,0.7985974885423358,1
-0.5960480397062752,0.8769880282255882,-0.29631468156601914,-0.027069805252523362,0.01764748238568234,-1.034191906251287,0.2535811984939099,-0.1809186755234481,1
-1.0861183701898793,-0.07025050373528458,-0.6552943989451433,-0.07574199732204961,-0.22758643481609833,-0.8321062704517366,-1.0889418311286068,-0.7233738557049945,1
0.3840926212609332,-0.45972557132019665,-1.089470867790821,-0.06896776021218234,-0.19319507013530374,-0.06184921346177418,1.2820955136755465,-0.060611342094604725,1
0.8741629517445374,-0.3259655328006621,-0.4019292171138709,-0.09576873290764058,-0.2859060360249134,0.4762836578637978,-0.7994957094867046,0.15526871748679777,1
0.8741629517445374,-0.24128482451137623,-0.5853334955581574,-0.10154440904329927,-0.22900544923373345,-1.7749602590680384,0.2433492852952152,-1.3095891857241049,1
-0.3510128744644731,0.062311596275194406,0.35467576299356773,-0.07180387250308856,-0.08702097283104482,-1.1080409799484832,3.78370749059946e-06,-1.4262937728481229,1
-0.105977709222671,-0.3943997148358332,-0.8468267082177111,-0.0903574478337883,-0.19035990326436603,-0.8771168601828699,-0.9835321212546638,-0.17964002340321247,1
-1.3311535354316815,-0.36379371290489365,-0.032876725334054564,-0.06511017916353332,-0.14871466493911706,0.7355074866224681,-0.14386711777374517,-0.943359790771477,1
0.3840926212609332,-0.11432393354954093,-1.027338803913284,-0.09207050627840858,-0.23660261093233623,0.3316904780193163,-0.9991530421087415,-1.4989067598240855,1
0.3840926212609332,-0.29534534595995143,-0.5983483179273686,-0.060029309228662536,-0.09752936537086036,2.847399839954051,-1.8839224793734664,0.2883972722451967,1
0.3840926212609332,-0.38533601506983906,0.0878469718148355,-0.07852267104206788,-0.08732898149431388,-0.7189421227311947,-0.5695387113278878,0.2797460199773338,1
-0.105977709222671,0.6524875794781037,-1.1005908118074268,-0.0845426404791516,-0.26157173968123115,1.5253065761264657,0.6897847613522808,-0.4296349235191034,1
-0.3510128744644731,-0.41830197416672743,-0.5679803990658758,-0.07078215578022777,-0.2080126208041714,0.506394536423644,-1.8898155812861457,-0.1846909623599212,1
0.3840926212609332,-0.18298278625237677,-1.3697134030972078,-0.06764858227322439,-0.1935595324694442,-0.6488253573059025,0.7173239107181518,0.41841653536147555,1
-0.105977709222671,0.9201920603441969,-0.3213968871281388,-0.05853143373015402,-0.10063571029630651,-1.1884335864000204,-1.2893012950375922,0.5083867886251362,1
0.8741629517445374,-0.4754275800701952,-0.6893523440722362,-0.08881672948931396,-0.21367520554001987,4.317737406628117,-1.1055289326425024,1.8364428462214977,1
0.3840926212609332,-0.38385003137688334,-0.5958550569370983,-0.09358960476010532,-0.24029817757082728,-0.7627098397848738,0.20207956854012812,-0.4396210795190259,1
0.3840926212609332,-0.4392828284513782,-0.8976892324192262,-0.11107386068541385,-0.32006241485175385,1.5346620714111514,-0.7182825239629888,-1.5066223033572295,1
-1.0861183701898793,-0.06128060740487346,-0.09580663272847804,-0.048249216287464494,-0.0021569265718314645,-0.8109944100369024,-0.2923948900128619,1.983250143414867,1
2.34437394319535,-0.0031595411398891017,-0.8425382993144461,-0.06406765119237096,-0.1412135199939332,1.551477754952196,-1.6061065323820454,-0.4074848147136983,1
-0.5960480397062752,-0.07365213661393968,-0.26958692375032106,-0.07103873651260145,-0.19794408100891034,-0.2510160586757187,-1.5846405185921737,0.6338157658513013,1
1.3642332822281416,-0.10327754945973557,-0.4345909360864124,-0.036835740496901935,0.028377366150411094,0.6452095391946161,-1.1269349352112672,-0.8888477845628577,1
-0.5960480397062752,0.07700441733163989,-1.3095260827920816,-0.10742052748273366,-0.3228429049059479,0.9307720836541843,-0.42819428225524464,1.6213884927368944,1
-1.5761887006734836,-0.1488294129343275,-0.554516789718416,-0.06461455551072384,-0.14530004418455336,-1.0296883379152857,0.2712425008656158,1.9743040765079132,1
-0.8410832049480773,-0.2121643486956578,-0.12223519922534369,-0.06819366170396957,-0.12313567605077025,1.0360014783133773,-1.0101771034260447,0.8746137019299919,1
-0.105977709222671,-0.4003095600664318,0.040624608659115186,-0.08931351082418197,-0.20486207245289986,0.7590039798287838,-0.9127068781045202,0.06126100639442053,1
0.3840926212609332,-0.4797507745062368,0.1515747227261455,-0.059650155924868886,-0.022289798595566932,-0.13188774580879434,-0.8182732205709953,-0.2686078336960115,1
-0.8410832049480773,-0.2264304785146341,-0.1323578388458413,-0.06377793074949523,-0.12464603732572346,-0.2575455685198032,-0.2422975226329772,-0.12820798145182905,1
0.3840926212609332,-0.3107011971537619,-0.3953470080995572,-0.05469984568346874,-0.05623255994016101,0.46159429034635524,-2.012328489175502,-0.791683962180964,1
0.3840926212609332,0.05593799601062795,-1.025394060340873,-0.07984841880082212,-0.21917281403184277,1.9295081076898037,-1.10246836036606,-2.636282463728353,1
0.8741629517445374,-0.3535332185741803,0.20109088599291453,-0.06827359662712036,-0.1342281444571175,0.02869155172788454,-0.32133830195263,-0.9878447781566616,1
-0.5960480397062752,0.6316755713775023,-0.25956401456943423,-0.0801328615410219,-0.2323970311244895,-1.0565739471161797,-0.4679277117499999,1.1656910499397743,1
-1.0861183701898793,-0.19059344792230296,-1.0416999872172412,-0.04477264777558272,-0.055383858193240126,1.219502329735863,-1.2118268085888246,-0.9010987604452526,1
-0.105977709222671,-0.1700109150555791,-0.7845949139005634,-0.10547898227298615,-0.2713663054952453,-2.0548221214844613,-0.06258191878470126,-0.37954388615758955,1
0.3840926212609332,-0.36306044458527503,-1.072566558276788,-0.08746647470422997,-0.19167860727359148,-1.520352919975328,-0.07194967039945929,0.3261134847224857,1
0.3840926212609332,-0.09483524025726223,-0.7442040858581838,-0.08235114410078409,-0.21520489257533593,2.066909748716521,-0.8121400737738892,-0.32792101927009315,1
-0.8410832049480773,-0.39538648122039327,-0.11824598164091114,-0.07871158323033477,-0.2027709849217089,0.19630665997369165,-0.6170315917117412,-0.8418058768001353,1
-1.0861183701898793,-0.4708023843293497,-0.8322161988147269,-0.07567302756457622,-0.20277998842653489,-0.23049758877909915,-0.7227653621796603,0.6392861240605651,1
1.8543036127117458,-0.31520124538420763,0.7412808121448873,-0.03426491971219935,0.029449058726370454,-0.6123606243041299,-0.4969311349108747,-0.6472419971770917,1
0.3840926212609332,-0.46247698623805417,0.44847224144753806,-0.07108783377881842,-0.09694787244664856,1.3632792285938453,-0.5874700641945738,0.8003005366819712,1
-1.8212238659152857,-0.2809593307745227,-0.9169870724839186,-0.07067686196404772,-0.08175059410895415,-0.6836929546342719,-1.5734604280999929,-0.3902791723464264,1
0.8741629517445374,-0.43173645645315656,0.2507067796992944,-0.06056413530913995,-0.026691471108195648,-0.08581658123353865,-0.12831220926288495,0.4465550347037652,1
-0.105977709222671,-0.2458768458664668,-0.9776231797672934,-0.08453105803146364,-0.18789677409508165,0.5644449565973325,-0.7460437148469545,-0.7807771908942023,1
0.3840926212609332,-0.19767743761976045,-1.0044008028027969,-0.06777566692639253,-0.10558909463670312,1.3572870176269503,-0.19452859063203298,-1.1373302152860603,1
-0.5960480397062752,-0.19598073938004387,-0.6459696028415322,-0.05609113433065978,-0.13438385025364474,-0.8442788946021249,-1.4027044995629494,0.881312094551923,1
0.3840926212609332,-0.07748892591815318,0.5821110305260285,-0.07462350100835388,-0.08960395072196291,-1.1912234074931185,-1.3918424685426343,-0.9929097988891057,1
-1.0861183701898793,0.2077499337359498,-0.6107148924391095,-0.05251048105212969,-0.06755336467527966,-1.5910815271165406,-0.9004105788997545,-0.2690830084590209,1
-1.5761887006734836,-0.5814126501024597,-0.1983793898682,-0.0816564576449443,-0.11906094933690785,0.9401017472620822,-1.0255579793956955,-1.4656831635527081,1
-0.8410832049480773,-0.15700449673982284,0.12539548232830688,-0.07506164861431991,-0.12127890344764605,-0.472356626353004,0.022051906342097263,0.37853465365385414,1
-1.3311535354316815,-0.2768418175301619,-0.8235396505685861,-0.12019001806995992,-0.3162618108447729,-0.7344057025043674,-1.3812204824067458,-0.2986967997068128,1
-0.105977709222671,-0.04512033455372164,-0.9477539131038547,-0.10690744117401028,-0.2994385921406936,-0.27515981989754945,1.0541248869353619,0.48183502829518277,1
-1.0861183701898793,-0.4847733765095403,-1.1659641149723152,-0.10179772513115667,-0.25285308564968506,-0.18881707120988603,-1.818240197872168,-0.3369508220711981,1
0.8741629517445374,0.2155127400026143,-1.4650058381453404,-0.08564515586471659,-0.2499953977313368,0.5202211259363692,-1.261348068246085,-0.9548757620543172,1
0.3840926212609332,-0.38392759080288985,0.06735236647481327,-0.07812843589420221,-0.0946591219106548,-1.3127230682891764,-0.8007499440078348,1.865459842584238,1
1.3642332822281416,-0.1646471888511676,0.4761474384395389,-0.07268395103685063,-0.07270668706430758,-1.8800044037022665,-1.0347456973471334,0.19574042924917698,1
-0.3510128744644731,-0.4530284635973023,-0.1678120101274856,-0.08601784089026016,-0.1540343734562112,0.3453332936028929,-0.9252912311705981,-0.6211358796130668,1
-0.8410832049480773,-0.334965171683819,0.3392175448538916,-0.06251697019257178,-0.05941012751257884,-0.8323977993754862,-1.315088116747147,-0.15892864835942144,1
2.34437394319535,0.9094042076744131,-0.2508376011034881,-0.06719067235474531,-0.11556040505347509,-1.5028641367419804,-1.7025385635784238,-0.7708557233927917,1
-2.0662590311570876,-0.4231161495119427,-0.34817451016364226,-0.07445757311357523,-0.16412113271489012,0.24383177892815458,0.12914193040702812,1.1813572293829369,1
-0.3510128744644731,-0.3222188863101552,-0.622782275632018,-0.08491045160015141,-0.22072524240197433,-1.3419246718260869,-0.37276191731897307,-1.7216897964639306,1
0.3840926212609332,0.09232320472895167,-0.8821312838399392,-0.0704301991426361,-0.16673016526376,0.6454316916149925,-0.5865218869010878,-0.16031880629869077,1
0.3840926212609332,-0.5170024066649337,-0.8854722535669014,-0.0928397892252428,-0.21595346812734037,1.0099587198236786,-1.0011454146494845,-0.2597638511237719,1
1.8543036127117458,-0.1041689108866417,-0.6949372486904417,-0.08115958418759321,-0.17310210065304954,0.14082464652063315,-1.3643933360084233,-0.5131048409131604,1
-0.105977709222671,-0.37603940823695825,-0.5023079045821549,-0.0740376555009516,-0.1391842954943347,-1.0464767136837259,-0.5988481917164068,0.15119642460066726,1
-0.3510128744644731,-0.07956449852207834,0.974600175614386,-0.05444468484443225,-0.04252986585530968,-0.31037725193441845,-0.8103577405070197,-0.03772522628377161,1
-0.3510128744644731,-0.4145708853191953,0.22816770034725048,-0.04597722447988558,0.0025132415205363014,-0.3642916516304028,0.23369948094125564,-1.111889009787742,1
-0.5960480397062752,-0.19153948988848796,-1.0145234424232945,-0.10068853176950407,-0.3023178601369409,0.842121459157495,1.0610921897058514,0.5794456323789882,1
0.8741629517445374,-0.33973496198878284,-0.04549262594482251,-0.021102557579677404,0.08988012256100521,-0.6614061219495404,-2.539563073330647,-1.1150361282118275,1
-0.3510128744644731,-0.19151798373496404,0.6147727494985701,-0.0031911573196838914,0.22028805843710983,0.46123338491923227,-1.6722088924310905,-0.8121308036641152,1
-0.8410832049480773,-0.4671417624529384,0.8524303870911393,-0.010021169282123515,0.1943884854938833,-0.982931526833287,0.1766048051803281,-0.4332148403569571,1
1.8543036127117458,-0.3505232722363012,0.3843455687777848,-0.015976916496702197,0.13004125095180866,-0.5492981207856715,-1.3317772373369243,0.79965688179976,1
-0.3510128744644731,-0.1963522925004996,0.5614668295265901,-0.023466038467211833,0.04873737174082042,0.8184234788722334,-1.1424958448442382,0.32490236846446435,1
-0.3510128744644731,-0.06354149899129194,0.1877768723048709,-0.07548546412636718,-0.0549532929326266,0.2261636500531078,-1.035741883617505,1.5522497147984535,1
1.3642332822281416,-0.28055574721264837,0.5103051140062426,-0.052036400042039535,-0.021425820940646153,-0.2416465404807766,-0.3831738641809879,1.369506568665733,1
-0.5960480397062752,-0.148455571925199,0.6848333833251667,-0.015319595142010825,0.09010098114988699,1.7229499015663976,-0.6370333317066088,0.1227005818992668,1
-0.105977709222671,-0.19673276838677908,0.6716689652965393,-0.04916941529277279,0.012640165280020066,-0.39261719230024783,-1.8981031309209828,-0.2354510863216114,1
0.8741629517445374,-0.5043881324676879,-0.12193600790651125,-0.05364967422802041,0.008913942600656087,-0.39360396235354733,-0.5204255279741532,-0.21887103778946077,1
-0.8410832049480773,-0.3452490024789945,-0.35016911895585856,-0.06596425981158674,-0.12073220313106224,1.6839994232097162,-0.4368539014609435,-0.8186941552016668,1
-0.5960480397062752,-0.4485641064301516,-0.5995949484225038,-0.0691314968296523,-0.15082885832563936,0.8364333239287893,-1.0254139524650394,1.0643667850123335,1
0.3840926212609332,-0.3363072471792583,0.3902795299346283,-0.04430417283286965,-0.026703397570471812,-0.035841143223761994,-0.33499685587651806,0.026760648127036418,1
0.3840926212609332,-0.3381853749907245,0.4890126651493339,-0.04159935646073668,0.02014649551485064,-1.1569691279764858,-0.3661006717761279,-0.02464848287373087,1
-0.105977709222671,-0.3587271834390733,0.25838602354932705,-0.03232041524238872,0.07789684112440516,2.0791052523520643,-1.089938017398978,-0.2664216033802209,1
-0.3510128744644731,1.67548908725959,0.3841461078985632,-0.03778482258942785,-0.027039302276584874,-0.42020985139722344,0.33905518071620244,0.4681239034301832,1
-0.105977709222671,-0.40400152601765976,0.994695859195965,-0.05090311334166735,0.02618226142620831,-1.2204294393174784,-0.1454574151330731,1.23449094060051,1
0.3840926212609332,0.14946963041934155,0.4203482574772886,-0.0389984813846333,0.010919761302724665,0.9620771237295419,0.6795288436651434,-0.059919428942837076,1
0.3840926212609332,-0.19319523492096222,0.2218348174319638,-0.08310559989528643,-0.10670109845972366,-0.20371161604581567,-1.2943302353663348,0.021914633779325288,1
-1.0861183701898793,-0.4519101436140587,-0.11779719466266249,-0.06214451089108043,-0.06444004804036915,-1.0145878777129607,-0.24348574481089014,1.5431822773252113,1
0.8741629517445374,0.6110003790195317,0.5101555183468264,-0.03452597053653128,0.054909656887446645,0.5917815130701534,-0.3451207488772207,-0.8133145194833272,1
0.3840926212609332,-0.4504648843394781,0.11921219507243644,-0.04511133944699549,-0.006752983359423825,0.5092529959722073,0.6614354605014692,0.47896450236688326,1
1.3642332822281416,-0.2886338245384188,0.9586931704964613,-0.056260764759828524,0.00994502673207063,-0.3238488404032864,-0.4533149794105151,-0.7973672951572753,1
0.8741629517445374,-0.5333775122624573,0.09058955890413288,-0.06307949045528177,-0.08598514646484544,0.3940341228751615,-0.9818398048194545,-0.9765008693112265,1
-1.5761887006734836,-0.13329373369083836,0.6217040150515216,-0.0528916462112267,-0.002131595881042589,0.1337666943742581,-0.865412034750319,1.1227154551117047,1
0.8741629517445374,1.6369290115689434,-0.32932545707719846,-0.028923555465481896,-0.0272554367643367,1.3222164571238182,-1.438087115527468,1.313679933323938,1
-0.8410832049480773,-0.12117021161389899,0.18862458104156282,-0.0549692436957405,-0.09104944940285616,-0.9906994810673765,-1.700690217968337,-0.6856907987251522,1
-0.8410832049480773,-0.12114412968302955,0.3024170126375013,-0.06143283619183097,-0.042550194312307686,1.1326023548774882,-1.1120281478883596,-1.1813154990104688,1
-0.105977709222671,-0.36065655995680923,0.1609992492693674,-0.04425911199358212,0.03693229906419521,-0.8965747552353673,0.8702685088307227,-0.1597021272139397,1
-0.5960480397062752,-0.037382237484722906,0.1951569248360711,-0.0617276562374473,-0.07693500706332757,1.2838202527462155,-0.804872714897866,1.0019036261604544,1
1.8543036127117458,-0.3562045573884914,-1.1679587237645315,-0.07624689778979557,-0.209673746481841,0.23867282404964768,-1.0622308366140083,1.8850973414820447,1
0.3840926212609332,-0.40754592314949495,0.4379506800685972,-0.01866500745272018,0.07731399328704239,-0.9939350830970437,-1.299935283417702,0.7976583690370308,1
-0.5960480397062752,-0.3184042895260675,0.6235490281843217,-0.0720396465786441,-0.055143325438085554,-1.169467231254402,-1.483683641324349,-0.16525598796349486,1
-0.8410832049480773,0.13975662784801898,0.03668525629448804,-0.041545071518249765,-0.009122988417647327,-0.4477434666615409,-1.4568286198790945,0.3662787210365254,1
-0.8410832049480773,0.34578649376260173,0.8045099108581433,-0.05002057119969986,0.02102341824432645,1.8784470012070251,-0.861229252639181,-0.21279718073866316,1
-0.5960480397062752,2.4031502493190167,0.19755045538673063,0.08688691450433694,0.14943705578783267,-0.6168169575740046,-0.6656406808081793,-0.07452368716932418,1
-0.5960480397062752,-0.3783417106083536,1.212706600185204,-0.018792130922893308,0.1768281467000661,0.01553289557210488,-1.456948642321308,-0.3440187343650904,1
0.3840926212609332,-0.2940908966006788,-0.5945585612221577,-0.035160980456211986,0.03512889375960395,-0.34398278733971965,-1.2290140223137875,0.9018699224693105,1
0.3840926212609332,-0.15431348208292603,0.3265517790233183,-0.028005578854328653,0.035083490236361314,-0.1671612694866886,-0.6095121857070699,-1.3810569070267993,1
0.8741629517445374,-0.3267710984023398,0.7581352564391148,-0.0624171831768351,-0.027333945112336704,2.3109216720387242,-0.5685785317901804,0.3395939528509205,1
2.34437394319535,-0.5770240220503773,-0.03856136039187095,-0.0641553751680818,-0.1208529281118363,-0.1976559329588129,-1.3486283882236896,-0.13841038183855178,1
-0.5960480397062752,-0.21339614795707018,-0.6515545074597378,-0.046865079777934464,-0.006002295195182313,-0.309901211033612,-1.5632945272445156,-1.5177344107903412,1
1.3642332822281416,0.5899408213645381,0.2377418225498886,-0.03142883865821204,0.012937255857496334,0.547658794972617,-1.387317622471188,0.11371561556151694,1
1.8543036127117458,-0.3306570773130176,0.03758283025098536,-0.05183478620493143,-0.0356744850070111,0.43998277149765147,-0.19042982423044444,0.0885417145789443,1
1.3642332822281416,0.044147132946707454,-0.30080255134850575,-0.02200399924440133,0.073574065697215,1.3923103430639554,-0.4205248481978066,0.881425781806708,1
-0.105977709222671,0.27186389559035384,-0.10722576806391622,-0.04051161283271342,0.02928969988627183,0.7206786280503708,0.17518854036220965,1.8792913363048633,1
0.3840926212609332,0.9894926658197412,-0.1686597188641775,-0.07405155521059228,-0.1687241996931746,1.7261375304820301,-0.3874226586353433,1.8107437347256803,1
-0.105977709222671,0.051060674938044566,-0.2949184554114677,-0.0699521565089732,-0.1470457852297224,0.21340796805522008,-0.41047296866243205,-1.4968481767265136,1
-0.3510128744644731,-0.37390549447187776,0.24626877513661316,-0.032712974504301134,0.06799874333893678,-0.09587765031848948,-1.3421111696115005,-1.3847842998947473,1
-0.3510128744644731,0.48687097907910054,-0.5690275686817894,-0.0426535222247768,-0.0025728414836804895,-0.25047875979852946,1.1613709401751702,0.3923344779775949,1
-1.0861183701898793,-0.30760270952424706,-0.34942114065877744,-0.06041480193236202,-0.08511332538277337,2.622380103454254,-0.07432011363317449,1.184145880079671,1
-0.5960480397062752,-0.35385009115535715,-0.41883352662790385,-0.036888811503739474,0.02012000952709132,0.43051509293091517,-0.41165518971823434,-0.2287828247218784,1
-0.8410832049480773,-0.3574795977458189,-0.14711794390824173,-0.039330885383183654,0.0029894008794697376,-0.4911296129466667,-1.0647273034120477,1.7671208506856386,1
1.3642332822281416,-0.310653151491634,-0.3402459402145826,-0.05855851231220349,-0.06015084857189438,1.5479314347531652,-0.5320737059909664,-1.5570446293064029,1
-2.3112941963988898,-0.36287832864692354,0.1630935885011945,-0.0487324994688501,-0.06552308358941622,0.4041992567151723,-0.7834247044743265,-0.2901179462549383,1
-1.5761887006734836,-0.18403681656391593,0.2980288732946255,-0.026319765685807173,0.049439447084405744,0.32832940784525044,-0.3537563635944768,1.2990456311871557,1
0.3840926212609332,1.0858255911193784,0.6707215261202366,-0.046196446166633556,0.01791534528438086,-0.7742241252011237,-0.1709321784928731,-1.2796082545034049,1
0.8741629517445374,1.0296158270516151,-0.926112407708308,-0.04066615370847739,-0.02269502072417806,-0.3332596892810892,-0.6269634488049023,1.2836673403693113,1
-0.105977709222671,-0.10247633084653607,0.3154318350067125,-0.03314922181591916,-0.008380900801497313,-1.6292068679118241,-2.4133834798316705,0.38020325340896877,1
-0.8410832049480773,0.1757766895341707,0.21879303902383399,-0.01774857714530675,0.11158491082663455,1.4262502141716835,0.02627669630800992,0.1457646086760716,1
0.3840926212609332,-0.5034974574073836,0.8980570632130865,-0.029336307297525666,0.12515823493483166,-0.87244206473216,0.6031345591962967,-0.9306072098872847,1
0.8741629517445374,-0.04768322744494404,-0.09156808904501847,-0.06661234172302628,-0.07981146286390099,-1.5039689944605963,-0.5924750000348739,1.7236881368030508,1
0.8741629517445374,0.23653660659431297,0.22577416979659093,-0.025698172734611214,0.09494929417732399,0.0015867422982469848,-1.1915250124884234,1.1434260434664114,1
-0.105977709222671,-0.4565149771457167,-0.17304785820705332,-0.03939047568107362,-0.025559042330182035,-0.07840510413912284,-0.15039633863015564,1.0540044499245165,1
-0.105977709222671,0.10619513132961193,0.3093981434102583,-0.050712601144125485,-0.022835108029838506,3.131550498765181,-1.5965707493481884,0.0718466792702075,1
0.3840926212609332,-0.06316079431614517,-0.15210446588878243,-0.0503627037910989,-0.019499562762480105,0.9716001558893952,0.3850117738397239,0.21590915535098737,1
-1.3311535354316815,0.5894347403901242,0.5983670921825912,-0.03305144917613057,0.05784988241290427,0.16465990371682498,-1.06170873899038,-1.608452204099773,1
-0.3510128744644731,-0.23597783794604907,0.2650679630032516,-0.06536471384093749,-0.045887143657290415,2.370038571439801,-0.05081371832567468,0.5362591446159859,1
-0.3510128744644731,-0.35208178200018325,-0.34488340565648545,-0.08402191204591089,-0.2075246856267214,-0.2524552520967614,-0.7615146076482654,-0.25098191144707765,1
0.8741629517445374,-0.3777928461157592,-0.8962930062646748,-0.06254970648806502,-0.06382626507205827,0.3298992357460493,-1.690626336188741,-0.28151214396988467,1
0.3840926212609332,-0.4780620838768749,-0.6351488501437589,-0.09131332325936659,-0.16741511990773741,-0.641271436965199,0.07372756883708856,1.0290378311784083,1
-1.5761887006734836,-0.27926766588988616,-0.1179467903220787,-0.08171724343982163,-0.17951531173179155,-0.641583631230379,-0.8302814659144487,-0.2669806318638054,1
-0.8410832049480773,0.8280249227399156,0.3622552764039896,-0.059584576635918325,-0.017960363641687394,0.5010820675802259,-1.3277204787901105,-1.3260110344008946,1
-2.0662590311570876,-0.4252942195284074,-1.179178398220748,-0.09003271975432392,-0.24597031269375771,0.6350200497736338,-2.20770702173263,0.969097982774791,1
-0.8410832049480773,0.8125281376038633,-0.5482337720229347,-0.07443814566460373,-0.18330458869913144,-0.6473883780285845,-1.085683221822512,1.1178746215622115,1
-1.0861183701898793,-0.4818439638529422,-0.7960140492360015,-0.06787973390959452,-0.11395929226147833,0.4909080771653163,-2.0455987101570643,0.3836348920210972,1
0.3840926212609332,-0.14291522071525065,-0.7521825210270489,-0.09000436627665584,-0.23944556407511652,-1.7279628443679578,-0.7743870145756555,1.4584539751343242,1
0.8741629517445374,-0.6111730483799482,-0.5780033082467626,-0.09378126664201404,-0.22843113657668201,-0.6789214749075843,0.2602604474030872,0.3432765350233174,1
-0.105977709222671,-0.4194189214167674,-0.07057483150694216,-0.08787611161187618,-0.1628507069647575,1.3779508829614904,-1.6366582450474734,0.2734544294880337,1
0.8741629517445374,-0.20110103422967404,-0.9584250701422117,-0.08582922404199757,-0.20198451609683726,0.05643477259813847,-1.0168803568236648,0.4889738852137223,1
-0.5960480397062752,-0.4186151861260279,-1.0837363675131992,-0.09717887621876165,-0.2790329090046375,0.5636995282100232,-0.7067303638999463,-0.47657323845028177,1
-0.105977709222671,-0.1942092271807281,-0.4864507646840356,-0.07036464388734899,-0.09429652562108398,2.002131283811435,-0.743661269369018,-0.3977596876805674,1
-0.3510128744644731,0.3934976665665417,0.17720544570612465,-0.06981677062390598,-0.10385870706997938,-1.6464129787963206,-0.47848368554267084,1.1197013361323096,1
0.3840926212609332,-0.2902602845958817,-0.9307000079304055,-0.09232951710563617,-0.2651355644902644,-0.2186172316003687,1.2175174386426117,0.828819544990844,1
-1.0861183701898793,-0.4525116295461265,-0.36298448044584813,-0.08045852662411893,-0.21287258589248179,2.09682799677232,-0.9531364377641133,2.442864140864004,1
1.8543036127117458,-0.4939080008243899,-0.539208167238156,-0.0861291387590257,-0.19400782440275996,0.20205383903505553,0.15343447271102587,0.008092978177810248,1
1.3642332822281416,-0.589309755434215,-0.7312889939285834,-0.06567576569453148,-0.1033403770840751,-0.7527794051796792,0.26020643730409115,1.1144541069898601,1
-1.3311535354316815,-0.011322270346551538,-0.9785207537237907,-0.08621455281970207,-0.18008570536845706,-0.0888625049507916,-0.1485539941421795,-0.3977051285105759,1
-0.105977709222671,-0.15222052152508794,-0.7680895261449736,-0.08347973488637722,-0.19829422959585688,1.0357158537728934,-2.1783555334893365,0.18281721419785274,1
0.8741629517445374,0.07015996957822003,-0.37624862891408634,-0.08004984974665912,-0.19621959687554855,-0.6936617677306944,-1.0108912369572147,0.2736952745725851,1
-0.105977709222671,3.9040139126245674,-0.640185237344105,0.41904159572503286,0.47080962169238116,-0.28510575350881684,-0.803084380508886,1.7319855433189306,1
1.8543036127117458,-0.3298727890759965,-1.174042280580791,-0.040809737579837455,-0.0038174314985274338,1.9101350881467525,1.2944758285898614,-0.17189172888880597,1
0.3840926212609332,-0.03794231263181382,0.08281058461448941,-0.05195388871384342,-0.02261370038299499,-0.11330517557545426,0.5142879463478068,-0.2174825139611798,1
-0.5960480397062752,-0.24512962142594436,-0.1186449033993544,-0.0604189214510874,-0.1153287413476572,-0.5556962581020917,0.33615663873674817,-1.7898190862779744,1
-0.3510128744644731,-0.4672174915680067,-0.4043227476645304,-0.09338361295830391,-0.2379126946330576,0.36426569854473256,0.1814897185784146,1.0833283847444457,1
0.8741629517445374,-0.5260901292619917,-0.4207284049805093,-0.07678476257744345,-0.1460825948948293,-0.12992453837291043,-0.9824879260074071,-0.7366874736260643,1
0.3840926212609332,-0.2500099167538023,-0.02090907258075691,-0.09516271369290755,-0.18576257278801406,-1.2154269505955155,-0.2838192865167125,0.14157948943393778,1
0.8741629517445374,-0.38261868969320556,-0.10637805932722431,-0.053880643074890704,-0.03263514088326467,0.19102002280706146,-0.5085553084392451,-0.1639310897208827,1
-0.8410832049480773,-0.05284424671294929,-0.8150126979818615,-0.07171967324818247,-0.15204918946770918,0.4545820971702903,0.10502342064423982,-0.16705207074186793,1
-0.3510128744644731,-0.11273293576650571,-0.2582176536346883,-0.05934273153945834,-0.14961762013030502,-1.7888163704970925,-1.5640866753631242,-0.4853140431243347,1
1.3642332822281416,0.8493828210778368,-0.5039534568357333,-0.07413511902766068,-0.1597354467035875,-1.1400980908423242,0.3033305007913757,-0.7045972104516081,1
-0.8410832049480773,-0.13066494960584055,-0.4475558932358182,-0.07915789856741574,-0.15265001634534023,1.9443782969447618,0.47484857183647455,-1.8097335013166982,1
-0.5960480397062752,2.1826737391691773,-0.4432176191127478,-0.047407618034328705,-0.12700247235263246,-0.5033029751449632,-1.7674226958390027,1.755816569941345,1
-0.105977709222671,-0.2610354810566856,-0.7950167448398934,-0.06233381454293917,-0.09064217984880757,-0.11888407971374235,-0.8309295871024013,-0.17712015159021002,1
0.3840926212609332,-0.396247642516819,0.7001420058054266,-0.07236314542006062,-0.11689425704333202,-0.7132687484606536,-1.5376697358319489,1.381678258008688,1
-0.5960480397062752,-0.4368917559994799,-1.0677296319556635,-0.1054207192247427,-0.31110546492265967,-1.0798047430755335,-0.011260322494239588,-1.090824220097119,1
-0.5960480397062752,0.19060037782269787,-1.5678279213840893,-0.06030677950227494,-0.1698767486985078,1.5063166034477842,-1.1497031924991545,-0.4837350745778354,1
-1.0861183701898793,-0.3532996251406918,-0.22106806487966013,-0.08784059688667911,-0.20050599107766304,2.2036508368653753,-0.2452500747114275,-0.7236703990059713,1
-0.8410832049480773,-0.1513987119138336,-0.5763577559931842,-0.044994413483572714,-0.08122470960761023,0.11208506097427273,-0.3964723507782357,-0.862965589015785,1
-0.105977709222671,-0.2209054561587932,-0.27636859364385635,-0.09039498114006113,-0.22219408896320222,0.012236773613962979,-0.7524469121390409,1.010761110424467,1
-0.3510128744644731,-0.3911806554732641,-0.5099871484321876,-0.0668067305355159,-0.1436075106492982,0.6255494190152645,-1.1211798591071334,0.7726581301971703,1
-0.105977709222671,-0.4422332896837657,-0.5621461683486432,-0.07495724741146426,-0.170112650237579,-0.13762385415153477,-1.3422972043969312,-0.4396545241322669,1
-0.3510128744644731,-0.05239993873269988,-0.6533995205925378,-0.06861705108080515,-0.15240037672825582,1.3594280946087167,-0.27387542717933,0.12384033688453576,1
-0.8410832049480773,-0.3914620657800132,-1.2133859390072572,-0.07129311239840137,-0.18226137542224555,1.0561457579205258,-0.8489389545565261,0.8482667545287312,1
-0.3510128744644731,-0.39264398906835946,0.25763804525224593,-0.06054963389488668,-0.09362455690191782,1.2606743322963077,-1.8316887125221826,0.48048097575800525,1
-0.5960480397062752,-0.4935096794064629,0.160949384049562,-0.07836865456692121,-0.07673046732984397,-0.08717089914513525,-1.519972426727579,1.1600260240153975,1
0.3840926212609332,-0.22737491895874817,-0.13654651730949546,-0.07441495376578908,-0.1120310255281224,-0.2837034624831855,0.44874969177716467,0.8326349160732233,1
-0.105977709222671,-0.06141696556976978,-0.07765569271930994,-0.07712804224908172,-0.09145531002876028,1.5047305384930043,-1.0053401990048436,0.7396958616912186,1
1.3642332822281416,-0.07071219966944693,-0.5093887657945227,-0.05481720290143263,-0.07189993542810244,-1.469514703960834,-1.5033373162367978,1.3804639092124011,1
-0.105977709222671,-0.556261889922842,-0.9786204841634015,-0.07721238046057252,-0.22770677388923638,-1.304546235513929,-0.9521162470052992,0.033523037531110786,1
-0.8410832049480773,0.18879020030481253,-0.8498684866258409,-0.060090674723195105,-0.13265343264993182,-0.5012733433973389,-1.6034360330427966,-0.06153446463145339,1
-0.3510128744644731,-0.34723305953600936,-0.9613671181107307,-0.05454575043760928,-0.07091899951465283,-1.5362416153436396,-0.5272127970813225,-0.34193869273635646,1
0.3840926212609332,-0.25524918181441586,-0.6488617855902458,-0.06823811852356336,-0.15578137165287176,-1.2885785690194373,-1.4944736588793361,-1.034107114930505,1
0.8741629517445374,0.2004012353190543,-0.973284905644223,-0.061220293976031376,-0.12332221691119143,-0.7841538217584102,0.22697222305519302,0.009689298212231847,1
0.8741629517445374,1.1337660103683287,0.14863267475762648,-0.07547867153492285,-0.15779924540020293,1.3076112270679137,-1.2679072947130487,-0.011847059796188338,1
-0.3510128744644731,-0.23906625886540375,-0.3351596877944311,-0.08939477439767902,-0.20976426306407336,-1.0187261123343896,-0.5442379805092972,-0.11630489853382457,1
-1.8212238659152857,-0.09363226839312659,-0.08468668871187231,-0.08069103548055538,-0.1544172160185028,-0.9237327041143972,-0.9688173698392977,2.781172123422831,1
-0.3510128744644731,-0.2575507978192094,-1.0856312458658046,-0.08723827101977225,-0.23656458815551784,-0.7069429398392397,0.5297288335385644,0.9118108590398102,1
-0.8410832049480773,-0.49697079739060973,-0.8344601337059702,-0.07379351739100068,-0.17502684126551765,3.2235038876511863,-0.43207100713873836,0.3197982972727588,1
2.34437394319535,-0.45994932683239226,-0.9772741232286555,-0.09023440777303034,-0.30312353941319325,1.3667879083495567,-0.6710176862193409,1.1159738717735024,1
2.34437394319535,0.17664196903020737,-0.517516796622804,-0.0800472723902076,-0.13274367604215875,-0.10681552031841401,-0.8856358162632816,0.3991738548573077,1
0.3840926212609332,-0.3658592187986587,-0.7514844079497731,-0.0695095809534355,-0.14862541748679262,1.710110082106972,-1.1162709412206042,1.4078524250843234,1
-2.3112941963988898,-0.1960386229634646,-1.3983859044853166,-0.11137609500998809,-0.3571627229966462,0.9517894739367654,-0.191588040797804,1.6928465924982365,1
0.3840926212609332,0.2515565957309627,-0.3085815256381492,-0.05695281031452798,-0.09154334040088764,-0.709021282748807,-1.2241231077935903,-0.4280513118398757,1
-1.3311535354316815,-0.1845021731199547,-0.3222944610846361,-0.09201052406786063,-0.1905870655646218,0.9733485913839851,0.2754792930757498,0.3174436448597585,1
0.3840926212609332,-0.5873542969856097,-0.7302916895324753,-0.055733253575291734,-0.10916508058911663,-0.7528723992161158,-0.27561575259142473,1.0843714668970528,1
1.3642332822281416,-0.5176615473915549,-0.13475136939650081,-0.07401369015662668,-0.16648504744656992,-0.8750067812132489,-1.3819586204263583,0.5035881227908859,1
0.3840926212609332,-0.3955848411683213,0.3171272524800964,-0.08133098925335665,-0.14424298690428375,3.8858280804941203,-0.7875354731201365,-0.3233377317108323,1
-1.3311535354316815,0.5966736201507274,-0.5696758165392597,-0.06579323296529499,-0.13085370020541814,-0.9439633353268082,0.12376492499586655,1.110222950574406,1
-1.3311535354316815,-0.15646913079039768,-0.8922539234604367,-0.039962629672694705,-0.026926791496403448,-0.4871183225654528,-0.6916915518906038,-1.7612418749411813,1
-0.105977709222671,-0.22406914861548158,-0.5383604585014642,-0.04501123220569561,-0.045130609911034035,-0.2994445482698515,-0.7146098372312578,0.679651865202325,1
1.8543036127117458,-0.034678410651258686,-0.35385914522145867,-0.09508752076256625,-0.2439404131917359,0.8308285881137133,0.06044108448406211,0.38284738226227066,1
0.8741629517445374,-0.39333493144753207,-0.1911987982162214,-0.07116527666828497,-0.22206574959318306,-0.2854533740735918,-0.7609264976814195,-1.6534692749489621,1
-0.5960480397062752,0.5989702028004409,-0.4872486082009221,-0.0670462339035905,-0.16120724096638447,1.0877866097941267,-0.27645590968691874,-0.6148016915955098,1
0.3840926212609332,0.40814976320461216,0.523220205935843,-0.07898764360243156,-0.14524772833598096,0.9715448022962782,-0.4838006797327257,-0.5297762611571986,1
-0.3510128744644731,-0.2969775257390963,-0.41394673508697394,-0.09298786786886727,-0.1784054501327851,0.2630003592006269,-0.5780903103355945,1.4448527295878915,1
0.3840926212609332,0.3009987851047106,-0.8737040616928254,-0.06772965913417076,-0.12488530297010064,-0.6986096409074484,0.2664476042991894,1.6924025176330217,1
0.8741629517445374,0.3026657407916814,-0.14322845676342,-0.027927641672975463,0.032512530522215546,0.5031958367893881,-0.1196585911792968,-0.5498502512165363,1
0.3840926212609332,0.7819541661143423,-0.451694706479667,-0.07931188599955369,-0.16061273406706483,0.12044935791820963,-1.802955339856288,0.24535687706180778,1
-0.8410832049480773,-0.007149161407442764,-0.1446246829179714,-0.06049628927357256,-0.06909578692818766,-0.8276255816008903,-1.2297461592112895,-0.24543137986687774,1
1.8543036127117458,0.4068914244345958,0.45699919403426265,-0.0679418848736241,-0.1175439059717921,0.16351002507580728,-1.9322015067538176,-0.5519559477343017,1
-0.5960480397062752,-0.4426677597427222,-0.13569880857280356,-0.06759152522248332,-0.08844452005892788,-1.1612985170061454,-1.980624561064825,-0.09874770366379532,1
2.34437394319535,-0.40363912445189504,-1.0782511933346044,-0.04961902124555246,-0.09379816063707919,0.16619873360547832,-0.8817950981124519,-0.08107080316920665,1
-0.5960480397062752,-0.2745161786943044,-0.3101772126719222,-0.08696039867444914,-0.1537266389220414,-1.4486685407929616,-0.6448047848399283,0.7669078386550382,1
-0.3510128744644731,-0.1708077866803004,-0.3476259927457828,-0.09592626580505302,-0.24053042094950988,2.2613292808933174,-1.1270189509208166,1.291217148529463,1
-1.8212238659152857,-0.49232684096264756,-0.21343868624943288,-0.0690719287554668,-0.09648809057960428,-0.7365711350671055,-0.38831082470772266,-1.1069162051057915,1
-1.8212238659152857,-0.3653256831601717,-0.4255154660818284,-0.06258715368375682,-0.11329417075547274,-0.5249543485807113,-0.3055253451910109,-1.6694516352519213,1
0.3840926212609332,-0.5650219868619613,-0.8822808794993554,-0.08930637206923629,-0.1933310777429337,0.38323574392989185,-0.503316328836629,0.2107875600363493,1
-0.105977709222671,-0.3784666293298861,-0.4937809519954304,-0.07886516619891366,-0.17881870426924146,-0.4091597981152484,0.0686626217756819,1.30652828792237,1
-0.3510128744644731,-0.40089159894478116,-1.2221622176930087,-0.07202032594629694,-0.18944410038787682,1.116211048883674,-0.4567116145251551,0.03795281029161683,1
0.3840926212609332,0.46115511039731183,0.43655445391404585,-0.06981059479585493,-0.07999052810816927,-0.035509759712968055,-0.77675145668726,1.7813360028980258,1
-0.8410832049480773,0.7087078678337615,-0.39514754722033557,-0.0773171089880088,-0.17318773287123096,-1.5158781355077477,-0.9512760899098052,-2.16215424932068,1
1.3642332822281416,-0.08377009548034026,-0.19274462003018902,-0.049209966641564025,-0.05607253493991809,-0.658062764925272,0.4235689834007876,-0.955784982181621,1
-0.5960480397062752,1.2359646246471803,-0.3340626529587121,-0.04770963416473912,-0.10322993858152524,-0.2745059094508603,-1.431455875595176,-0.6998760711480603,1
0.8741629517445374,-0.049677351212119046,-0.09261525866093201,-0.04316913258708213,0.038737448116084414,-0.5073769995983765,-1.1202976941568648,0.3551853429281303,1
0.3840926212609332,-0.4781657252337508,0.25479572772333775,-0.10481130328141332,-0.24220233258633259,-0.21918036215434591,-0.028723587836293318,1.13802655542074,1
-0.3510128744644731,-0.4196273480748556,-0.7488415513000866,-0.07012121415634426,-0.17353197391058484,-0.5749836640877886,0.37042904711079244,0.9628224131660421,1
0.8741629517445374,-0.3155377938079702,-0.8562013695411276,-0.07073361942348978,-0.12250595583465253,-1.3284833433214562,-0.1048538229322705,-0.22968632855676127,1
-0.5960480397062752,-0.47127963790648675,-0.004303954385556418,-0.10562372826558339,-0.2834954207486859,0.4504711703214657,-0.11740817038779502,-0.6284744539751954,1
-0.105977709222671,0.20613834495485978,-0.7672418174082817,-0.05450428038669636,-0.011007688920556561,-0.5191104852433697,-0.9041252734862602,-0.5282193473224618,1
0.8741629517445374,-0.3056820269834676,-0.8748509617483498,-0.07041427806013019,-0.12820744038346746,-0.14465523657321366,0.053665817621114116,1.2732746168631248,1
-0.8410832049480773,-0.3310306895332788,-1.217774078350133,-0.09742932912989544,-0.2283889291882203,0.6520748608369439,0.7955305340644213,0.01126740711993555,1
-0.105977709222671,-0.4018348954445589,0.7465665254442604,-0.018298449604794688,0.12975307326661376,-0.00962937176307914,-1.0280724495600668,-0.31649266063571024,1
0.8741629517445374,-0.5410371347499805,-0.22336186499070887,-0.0797871936550829,-0.18533396207791297,-0.5986248146841167,-0.508705336492012,0.28553629854261375,1
0.8741629517445374,-0.12438286488818437,-0.9070638937426426,-0.07641362637713041,-0.17676142487600036,1.0020926052177948,0.3196775574208446,0.12120977394164117,1
0.3840926212609332,0.2848755760500575,-0.6695059865896842,-0.06308338274759308,-0.15384431896655415,-1.4748065074628218,-0.6879948606704303,-0.037750865288563945,1
-1.5761887006734836,-0.26255280882445803,-0.44620953230107224,-0.05339191963458126,-0.08071276600191547,-0.6565866691088179,-0.06282196366912812,-0.48333853552608025,1
-2.556329361640692,-0.19615187345276608,0.34535096688995665,-0.02617985063972319,0.08743350022644111,1.332065706459108,-1.648480455605496,-1.9124950774728768,1
-0.3510128744644731,-0.3824761542288928,-0.005450854441080776,-0.04123035198217738,-0.05058335131615671,-0.9823492070336959,1.4175828475681742,-0.09927161954495355,1
1.3642332822281416,-0.6039170094542995,-0.2042136205854326,-0.0639285390213285,-0.09380116583838172,-0.1825982795351651,-1.5069980007243073,-0.8258653764919207,1
-0.8410832049480773,-0.44770386028919495,-0.10104248080804577,-0.06695869850221461,-0.11971225956413342,0.5214957346738772,-0.5848235693437678,1.0656086748835187,1
-1.0861183701898793,-0.3551699741306707,-1.1519021229871904,-0.039153618390614944,-0.03416334454662143,1.0679013850027659,-1.9063366704568239,0.3505003808652894,1
-0.105977709222671,-0.267853846879236,-0.43199794465653124,-0.07542590316297793,-0.11381320155600888,1.886833439588209,-0.12412942715174698,0.18414421064821532,1
-0.105977709222671,-0.10678305248413385,-0.13569880857280356,-0.03459539047215779,0.025384274397736082,0.8458980503038928,-2.2733712998675966,1.660246375913561,1
-1.0861183701898793,-0.1750868248649578,1.0914842508382598,-0.04683111058815638,0.02061140592431342,-0.7497386477977839,-0.767527732003158,1.1040639082986323,1
-0.5960480397062752,-0.3871834851730903,-0.3417418968087448,-0.07327664792456653,-0.14168372419844502,1.1344880672830082,-0.5809408433381634,1.479629179957696,1
0.3840926212609332,-0.37194248599065227,0.2234305044657368,-0.07517282456214634,-0.18036828290037338,0.4819585082301554,0.7923379371015441,-1.7179378551556652,1
-0.8410832049480773,-0.30690444590132165,-0.04265030841591431,-0.04903242561634764,-0.0202404829102781,1.76679954193789,-0.6674290151971594,1.1489564957930791,1
-1.3311535354316815,0.008002152539023215,0.6585544124877173,-0.02758289519499567,0.08084334436662055,-0.13294536846128366,0.6950477454433396,2.548801454247228,1
0.8741629517445374,-0.3162786121602089,-0.13759368692540902,-0.04841737800161419,0.011070573809807232,1.384773397825141,-1.8080202869176947,-1.779113648744,1
-0.5960480397062752,-0.4730106544762947,-0.04000745176622775,-0.0587636026230229,-0.003299212877678348,-0.3257928585935564,-2.0446025238866925,-1.252662569544089,1
0.3840926212609332,-0.294506834761386,0.08535371082456517,-0.038966598357232166,0.023984703797338157,-1.3920396008905185,-0.34490470848123655,-0.4164440679160784,1
-1.0861183701898793,-0.2069859414737396,-0.7339817157980754,-0.0611181799752211,-0.15837513720026616,0.26773050824445394,-0.009904068897227855,1.302265530692509,1
0.3840926212609332,2.0597793415343,0.5717390648065039,0.18474169899195267,0.35211430945727307,2.3995043961278566,0.39764413588268716,0.5381229974352593,1
1.3642332822281416,2.573869756613737,2.459785882298625,0.7787359686142729,1.330153608768883,1.9418903374461287,-0.3276874891457203,-2.0068846548693964,1
-0.105977709222671,-0.4672470053318853,-0.16990634935931268,-0.03038373092432304,0.06261553250760944,-1.1196704008384164,-0.46921795300379426,-0.24825849774882533,1
0.8741629517445374,-0.33759967549049874,0.3658455722299789,-0.056657727216179926,-0.02989492136160547,-1.0656076535128784,-1.2092283227149039,0.8757828580010307,1
0.3840926212609332,0.11644075438395235,-0.3652782805568969,-0.03076685813039131,0.008278989493877858,0.7819602219662771,0.3357965714101079,0.18931321720676159,1
-0.105977709222671,-0.47057748487281764,0.19610436401237386,-0.054965685391529726,-0.08300169375804733,-0.9452482767350315,-0.29153672955103593,0.38097985993092776,1
-0.3510128744644731,-0.43724134538867715,0.06241570971407799,-0.0629696461075336,-0.05795708161687679,-1.243441773095997,-1.3540954104665113,0.8417959810423298,1
-0.5960480397062752,-0.17709307444209843,-0.08782819755961295,-0.045871962667230495,-0.005959995325667562,0.7975928147104339,-1.2797595108816247,-0.2436910293971391,1
-0.8410832049480773,-0.35491052755518004,0.8960624544208703,-0.055466451364815865,-0.029510613021038152,0.5628869374630653,-1.5135452249470498,-0.09495771380641195,1
-1.5761887006734836,-0.5112744485838192,0.09398039385090055,-0.05922238650603875,-0.08233633418340794,-1.7616488269952557,-1.3008414528564134,0.027729733591420256,1
0.3840926212609332,0.09319168726913023,0.8746702751243507,-0.02809567533789115,0.09596217116173508,-0.5721377513536651,-0.42371144403857314,1.071866208513588,1
-1.5761887006734836,0.5416000215978554,0.032147521292196016,-0.04690318420926806,-0.07828438105378148,0.6118475595990298,-0.2765219220301361,0.4676622189782548,1
-1.3311535354316815,-0.1799131260201387,-0.21588208201989784,-0.03288348819160133,0.08453682616421188,-1.4119897738978031,-0.8358865139658158,0.525120959449232,1
-1.0861183701898793,-0.22806288708264622,-0.44376613653060726,-0.05028216464869167,-0.05790969911615864,0.606981609740089,-1.0314930891631495,0.11371134322422288,1
1.3642332822281416,-0.022004422559653986,0.0877971065950301,-0.02544491679985905,0.03449483417941674,-1.1088255248749286,-0.31560122921482814,1.4664339506060116,1
-0.8410832049480773,-0.25575389005562604,0.8382686646664037,-0.03554761217074208,0.10351446649035825,-1.8623717011268146,-1.1383130627331002,0.23999200515839195,1
-0.5960480397062752,0.7607385744518667,0.41625930945324524,-0.033853990201960504,0.048648571897322856,-1.4273227191912197,-2.048629276822953,0.5148920351545431,1
1.3642332822281416,0.28806763832628807,0.08540357604437057,-0.062027082225611936,-0.10156885254175468,-1.004960042750139,-2.0563227153688337,0.12530126378471304,1
0.3840926212609332,-0.49830623800889795,0.17341568900091373,-0.052525547687456355,0.014159081038175736,0.456775575553541,-0.6620880165186619,0.9330130176509246,1
-0.105977709222671,0.636827896668551,-0.3107257300897817,-0.04963405611117317,-0.06419328319152266,0.5852630739446923,0.1380595978634858,0.10966721258895083,1
0.3840926212609332,4.335413624982283,0.5681487689805146,0.32958165982880544,0.5396644460736761,0.6413495486345887,-0.774140968569118,-0.4164204616453644,1
0.8741629517445374,0.23575048804635365,0.8546743219823826,-0.027528079600136195,0.0866923688859634,-0.226823586291945,0.2342575852975481,-0.8974914547663555,1
0.3840926212609332,0.916071115266827,-0.18297103694832928,-0.05047153483101732,-0.05768415136409461,2.801103570766786,-0.4270180623215531,0.06689218637568498,1
1.3642332822281416,-0.4781684707001581,0.287058524937436,-0.051780483831664705,-0.04076691895670517,1.4218448062074764,-0.46075036970563693,0.1859191532877497,1
0.3840926212609332,-0.35634938074147693,0.9349573258690876,-0.05235422053484372,0.035743335593020696,2.427392274388123,-0.4941406131294125,1.0631499216837241,1
1.3642332822281416,0.5132686385853709,0.36709220272511406,-0.04229762534125547,0.009035315945967758,1.0342131882317434,0.38900852116543105,1.0203033297605082,1
-0.5960480397062752,-0.1142292149584888,-0.27262870215845086,-0.033104706986300386,0.028531085002179626,-1.5673473824837758,-0.532829847376911,0.15220788061729565,1
-1.3311535354316815,0.10746765500939938,-0.23223787411607127,-0.06319193843675247,-0.11012421887143535,1.031494957785743,-0.9682292598724519,0.19744151257245687,1
1.3642332822281416,-0.28770311142634125,0.162295744984308,-0.045135980043927354,0.00649015953105155,-0.6448708966136222,-0.023736655362325394,-0.09646865630076609,1
0.3840926212609332,-0.0053989265727836565,-0.1499103962173445,-0.047296856468015305,-0.053121852896832314,1.400137341130703,0.14154624980978586,-0.29707960419101304,1
-0.5960480397062752,0.013564925057964593,-0.026144920660324634,-0.06245317820947248,-0.05542934346824599,-0.42491638290798717,0.6339323178682622,-0.42681880853397874,1
0.3840926212609332,-0.41919951289305,0.13895882211537755,-0.07255697375163848,-0.0770392217272698,0.26565733167024425,-1.7595612258740232,-1.7081769556208268,1
0.3840926212609332,-0.19886645336299227,0.7883535796411913,-0.0457992827085512,0.034002179290843176,-0.481439781959554,-1.876493090200455,-0.6191540135198352,1
-0.105977709222671,-0.32787980925315785,0.3393671405133078,-0.05787525286451749,-0.07685427579825227,-1.5603934950924607,0.09008062658866807,-0.7765175672155534,1
0.3840926212609332,-0.11662646470980358,0.37711511190600083,-0.021690203609203533,0.1296719942392901,0.5496913789118743,1.07457671108853,-1.5094964369365407,1
0.8741629517445374,-0.33979993802708913,-0.6325059934940723,-0.05425014946764178,-0.0748245443199541,-1.502534229327003,-1.6287487661056084,0.8696540642617742,1
0.3840926212609332,-0.17389414849984958,-0.23283625675373618,-0.04515805608240685,-0.04356767498681617,3.158756420758246,0.22019695619224502,-1.0697264429922586,1
1.3642332822281416,0.01629208835589094,-0.6392377981678022,-0.0646246281675476,-0.15219638858429077,1.832572895423266,-1.1543960699896996,0.8697658660526136,1
0.8741629517445374,-0.3752761685757265,1.260876402517227,-0.03735984015734903,0.16603585331849566,-0.868528196674832,-0.3725278735566569,2.202886037923727,1
-0.3510128744644731,0.2336515789779664,-1.115949299507492,-0.07859617426675805,-0.19132481990103026,-0.2520559681784106,0.5442695524127211,-0.3075377095691423,1
-0.3510128744644731,-0.045264929117839886,-0.5982984527075632,-0.06322887786668926,-0.1418558286537757,-0.16546228320195,-0.5251364088310302,0.9340445278386227,1
-0.8410832049480773,-0.4701418708695247,-0.6330545109119318,-0.06723471067497998,-0.16556075413782367,0.6609506249812821,-0.7401266084458326,1.0124963743876811,1
-1.5761887006734836,0.6600678122286822,0.9577457313201586,-0.027881298959382208,0.060953392318611646,-0.7959788253440235,-0.7295346279204975,-0.4992440862550939,1
-0.105977709222671,-0.5414148651698527,0.02471760354119039,-0.04026343783770046,0.05155215583141505,1.0688010654028945,-1.637084324717331,0.6291512134209285,1
-0.8410832049480773,-0.2243356876458578,-0.44591034098223975,-0.03572011642837095,-0.02827508304212328,-0.5836461323866491,-0.5488828490229569,0.1534830224690297,1
1.8543036127117458,-0.4241516479252325,-0.14671902214979848,-0.055074762847251824,-0.07964269398172193,0.6310965870934989,-0.9671970668694164,1.29149778995573,1
-1.3311535354316815,-0.3977809855053008,0.09517715912623032,-0.028245763703279,0.04802282935814325,-0.3204929365645781,-0.5661780829459118,1.3304632592316195,1
0.3840926212609332,-0.3845862739517766,0.2668631109162462,-0.033494298603999904,0.04082914050669068,-0.7510796808470324,0.42570538287218657,0.952261844292323,1
0.8741629517445374,-0.39809579898667213,0.42129569665359135,-0.058731040786864704,-0.05886810296532953,0.5427810363471447,-1.5762269453930124,-0.03010768764956742,1
-1.5761887006734836,0.3690964187161192,-0.26903840633246157,-0.06874949708225726,-0.1205023985625941,-0.582660838429166,-1.1184613507909993,-0.036866734513430734,1
0.3840926212609332,-0.5346681102627596,-0.2966138728848516,-0.066261392577303,-0.08171274698586911,-0.8662417242551448,-0.8507332900676168,-0.3785761292789728,1
-2.0662590311570876,-0.0009183253960563412,0.15531461421155102,-0.05084576755855643,-0.061053338626178545,1.3798026451632321,-0.2830451417644359,-0.155195451174728,1
-0.3510128744644731,0.564288555987852,0.17077283235122714,-0.03735757716050103,-0.01544318096187688,0.042660584486897475,-1.859749959511682,0.41634848751501485,1
-0.105977709222671,0.26034620643396056,-0.5454413197138319,-0.06281783090081525,-0.14185836183668338,-0.15182094371418986,0.4884231100508132,1.6913654412323942,1
-1.0861183701898793,-0.33565336859658434,0.05339010492929935,-0.09059038817459744,-0.13235871766523052,0.4730082012470862,-0.8000238082324436,1.351916418588412,1
-1.8212238659152857,-0.18248494167718485,-0.20406402492601639,-0.07618782874688286,-0.15300329046475344,0.20005594334748494,-1.0122174849436731,-1.9653744668501727,1
0.3840926212609332,-0.45571856309873,-1.3760462860124945,-0.07500070736547178,-0.19549525243187169,0.09335857139882839,-0.43586371631268267,-1.004152661539059,1
-1.0861183701898793,-0.2714364517519062,0.23235637881090465,-0.045594118410219917,-0.014004543929361533,1.2676998103347208,-1.1198236055101216,1.5661166318869855,1
-0.3510128744644731,-0.3242274237759686,0.39322157790314727,-0.042743554397810045,0.012079975470395536,0.9553992662559038,-1.6068266670353257,0.10353830041179955,1
1.3642332822281416,-0.6143371984143712,-0.07920151453327756,-0.058191075214611886,-0.037382718891861115,0.15064806417913487,-0.5463143687595895,-0.6250191881662287,1
-0.105977709222671,-0.5766547568185942,0.4500180632615057,-0.04535167090878725,-0.04219644973195903,1.8858680729242479,-0.5362264824915509,-0.49298355793837006,1
-1.0861183701898793,-0.42157434133537175,0.5116016097211832,-0.04051649526061843,0.05331824669998551,1.7066419949862133,-0.6750444391556014,0.041789635436960584,1
0.8741629517445374,-0.344241187518645,0.12130653430426352,-0.04265807080247295,-0.04795404002713215,0.8924629689297523,-1.678738113287501,0.032963724232722404,1
-0.3510128744644731,-0.4394866793321209,-0.9080113329189453,-0.03699056971193621,-0.03165732139200561,-0.5275751567028255,-0.909550287874307,-0.1568076420710393,1
-1.0861183701898793,-0.19773028784810115,0.4589439376066735,-0.039744136724295574,0.03169253164491614,-0.6926211201800943,-2.5230779908926326,-2.8193863102274612,1
0.8741629517445374,-0.22293893161113962,0.017935933647655052,-0.038349420032500144,-0.027020592718380834,0.5540429093787809,-0.32640324901403667,0.7744174168242923,1
0.3840926212609332,0.24076142181742605,0.38180244256770907,-0.026333961111235166,0.0785189279547152,1.345278240112188,-0.9931099121432954,0.9577934541386676,1
0.3840926212609332,0.46774011157524104,0.20777282544683906,-0.052638844399604104,-0.031681058434498546,-0.9240677778647323,-0.6590214431201088,1.4094746584573035,1
0.8741629517445374,-0.2494763811153154,0.37517036833358997,-0.017431146909091477,0.09506861219299365,-0.9288864926575465,0.46870942391725773,-0.688643538171953,1
-1.0861183701898793,-0.11941906162377078,-0.5125302746422634,-0.048080751039743366,-0.020673090211687287,-1.1108795122035244,-1.6441716499300338,1.686776172511591,1
0.8741629517445374,0.4264638544522974,0.15317040975991852,-0.019224166835692606,0.09939115655407631,1.3728465436281923,0.3955017352891775,0.2164382877344152,1
-0.8410832049480773,-0.2383991105284278,-0.29117856392606223,-0.028504248723029483,-0.004633067606739355,-0.007418918277939194,-1.2714119500256809,-0.3746166472727275,1
0.3840926212609332,-0.4070810241711907,0.5225719580783728,-0.04029375272492731,0.021584139286926214,-0.4627789786479419,-0.033008389023312684,2.174512245276227,1
-0.105977709222671,-0.4457813474374772,0.10006395066716019,-0.053722700388184004,-0.08375834401187365,0.4906158101936584,0.10060659477078568,2.708112986158252,1
0.8741629517445374,-0.37126115274390525,0.10744400319836041,-0.047233184828218706,0.002326411973386301,-0.7265477064254743,0.08449358190363301,-1.4075678319782827,1
-0.3510128744644731,-0.26042484356992673,0.7575867390212554,-0.029301783065321427,0.09513190253172116,2.6713075134343485,0.7621222872743136,-1.6369422327172194,1
-1.0861183701898793,-0.16307426538864717,-0.354507393078929,-0.0507505736599451,-0.03744931763711199,1.2704992260506258,0.08979257272735584,-0.5994244248541942,1
-0.5960480397062752,0.1577462964819073,-0.03292659055385997,-0.040046812819024356,0.01577987961365966,0.11802782273131676,-1.168012616058813,1.0230199422151822,1
0.3840926212609332,0.5848630812442213,0.20931864726080668,-0.0450865762972338,0.02333712839624159,-0.5509587285791824,-1.100457984458985,-0.06335299410970567,1
-0.3510128744644731,-0.5521349963349229,-0.06977698799005566,-0.06611444969295194,-0.07888773781679621,1.355908344134382,0.2297207369818805,0.8734689816331518,1
0.3840926212609332,-0.4803820029910505,-0.15389961380177708,-0.056453423409958126,-0.0060615738831880815,1.4445951329785744,0.6514255888208693,1.332147072850151,1
1.8543036127117458,-0.44610988825088516,-0.45902489379106176,-0.08044902970305866,-0.17526135494385875,-1.5917383897548625,-1.3913563776516698,-0.8205132307107131,1
-0.105977709222671,-0.06299057539889205,-0.8263819680974943,-0.08168041740169303,-0.2067180515997335,-0.3310521879875822,-1.9651836738740676,0.4915535662840235,1
0.3840926212609332,0.008747546668607447,-0.5993954875432822,-0.06349447714724314,-0.11042146623508446,1.3536048966128056,-0.5292291741105081,0.6915006842104198,1
1.3642332822281416,-0.4603716710813832,0.2037836078624065,-0.05230101399617731,-0.011498402870899191,0.32826741182095936,-0.07997917178353761,-0.6779942379714174,1
-0.5960480397062752,-0.26024707462005353,0.0472566828932343,-0.08409750925268157,-0.10351428187734726,0.19771559343049705,0.7029092154083192,-0.3409348385250865,1
-1.8212238659152857,-0.14893374065780524,0.07208956235632692,-0.052563997797372385,-0.05614592072559776,1.9277581960993975,-0.5025961941833484,0.1086137401862773,1
-0.3510128744644731,-0.3212238835263732,-0.624377962665791,-0.07447280947521628,-0.1613959748633008,-0.7809204338724676,-0.8066130403099608,0.3138314121668841,1
0.3840926212609332,-0.2514663866828794,0.6719681566153717,-0.015329439474730859,0.1463148914759985,0.16318971228363674,-1.2355552454144194,0.8515963239009349,1
0.3840926212609332,-0.053868763260609874,0.6028549619650778,-0.04324210548322559,0.04704751184504065,0.3940031248630159,-1.2342590030385143,0.3832664418137043,1
0.3840926212609332,-0.1728009952920063,0.7496083038523903,-0.037656072004301995,0.027499105322035637,0.11331243464565428,-1.0784038607022677,0.2574963842890841,1
-0.8410832049480773,-0.02743541269104456,0.2652175586626678,-0.06744841029235477,-0.1311626833697075,0.7910300927104791,-0.822552020635904,-0.7746789633134465,1
-0.8410832049480773,0.7825311716376117,-0.05013009138672534,-0.01902455374150195,0.031339660747395935,-0.047755450606270886,-0.5550460014306163,0.5000202085088403,1
0.3840926212609332,-0.2984724321978757,-0.26086051028437485,-0.030130941840038616,0.011201367962916688,1.1600031215183249,-0.7184385531378662,1.241640977637842,1
-0.5960480397062752,-0.3529859556036568,0.5630625165603631,-0.049870202637112594,-0.02401664380518453,-0.27951873084353823,0.299873854455629,1.592617883453969,1
1.3642332822281416,-0.135008735039937,-1.0768051019602476,-0.07320492786539651,-0.17718137626521197,1.6594379268718291,-1.3760655185136792,1.1501403147230944,1
1.3642332822281416,1.9999030070795767,-0.5553146332353025,0.10315422891106393,-0.017076100731664424,0.8273021952082046,-1.5930600929134457,-0.7374168949795985,1
-0.8410832049480773,-0.03891969867281562,-0.5241987360767286,-0.08658703541823463,-0.18329667722565626,0.5711575023226574,-1.3641772956124392,-0.3965578571745981,1
1.8543036127117458,-0.22868336249069793,-0.11236188570387314,-0.10763017983826921,-0.27778220827014105,1.0535803033915287,0.23992864569213254,0.992951391676823,1
0.8741629517445374,-0.40475538533533323,-0.7067054405645178,-0.08074433574137525,-0.1942855719858549,2.389135561065175,0.44875569289927536,0.18207207662577782,1
1.3642332822281416,-0.33931032985111914,0.062116518395245554,-0.08249498232813708,-0.18078144756089837,-0.8358459592027229,-0.07892297429205944,0.6449501340231806,1
-1.3311535354316815,-0.2634652188271535,0.3594628240948868,-0.07456303791489939,-0.18555881138906896,-0.4742275778003595,-0.503172301905973,-0.6827596634799419,1
0.3840926212609332,0.7684126106380282,0.04107339563736385,-0.05358912527495666,-0.041126835254136816,-0.5191377930159741,-1.4797469052197485,0.16557083019789348,1
0.3840926212609332,-0.6101405242219331,-0.6192917102456396,-0.07727779519675436,-0.13011083242961188,0.060502892668285846,-0.42676601519290486,-0.5828732352690139,1
0.3840926212609332,-0.3240089304077203,-0.4328456533932232,-0.11821767039536081,-0.33631481796843304,0.688830384714558,-1.3802663039911491,0.7936099566346775,1
0.3840926212609332,-0.4214363816484045,-0.20855189470850302,-0.07650769360206226,-0.1495198977986315,0.3995643158515066,-0.7419869563001407,1.4184060533151501,1
-0.8410832049480773,0.1967149890895082,-0.6953860356686904,-0.07134319015991532,-0.15642176060476787,-0.6095538281091425,-0.3922655641786551,-2.0621292773136153,1
-2.0662590311570876,0.3858950125069702,-0.6318078804167966,-0.07506566842601188,-0.20568437868816417,0.7613118556378097,-0.4556014069346809,0.6114400199299451,1
0.3840926212609332,-0.3367364550942675,-0.5228523751419826,-0.07903321424303085,-0.18487338603828093,0.7837957471140378,0.3093916341231538,-0.12212420406539211,1
-1.3311535354316815,-0.3798823748405882,-0.8735544660334092,-0.0756767776701011,-0.1584896615310148,0.430036837886384,-1.2911736451361218,0.17511524505776083,1
-0.3510128744644731,-0.5306352488992908,-0.411503339316509,-0.09767696738356188,-0.2206994519756003,-0.8589003617120105,-0.6708496548002421,0.2845183452033859,1
1.3642332822281416,-0.43098625775735955,-0.8107741542984019,-0.08602876134770954,-0.22590539225580647,-0.2899768697031152,-0.9505079462796392,-1.5164104599970423,1
-0.105977709222671,-0.1095271461582386,0.048403582948758656,-0.06393116201677887,-0.09463218045528717,-0.9468682918935898,-0.18459673353887185,1.2828747450125821,1
0.3840926212609332,-0.09212912553512524,0.3958644345528338,-0.06918091744037491,-0.07055304131334428,1.5712493203656899,-1.385889355408848,-0.328210188352648,1
1.3642332822281416,0.160298665085235,-0.10548048537072699,-0.07465030073123274,-0.15942872067472433,-0.49838536193244654,0.07025291913500982,0.3257915995775081,1
-1.8212238659152857,-0.12711917974080175,0.03603700843701775,-0.054293056201615196,-0.0009659796712882918,-1.1072128901954525,-0.616101417784587,-1.4659299562096633,1
-0.8410832049480773,-0.5127965809178044,-0.6285666411294452,-0.12227705608681767,-0.27196558623667694,-0.6926772118211195,-2.0697172199198524,-0.7535446720275674,1
1.8543036127117458,-0.2795975794364977,-0.01387807658819454,-0.06981982339482495,-0.11640078263539395,0.9518891104043761,-0.5893424142931033,-0.6535084551664454,1
0.8741629517445374,-0.09569182577634244,-0.06494006166893118,-0.06770945646624077,-0.1323607734035082,0.4342016422325092,-0.3503237217471728,-0.1982059877811958,1
0.3840926212609332,-0.484639535022184,0.2791299549883763,-0.06526837729398131,-0.09190136075311138,-0.35597385170468415,-0.12035472134413468,-1.3954863281550438,1
-0.5960480397062752,0.169231955196882,-0.5492809416388482,-0.05234917947064043,-0.12305063499192193,-0.24892590699961978,-1.294180207313568,0.6221126069167214,1
0.3840926212609332,-0.39851059320304294,-1.852857517791795,-0.09277363942373765,-0.2515593248843355,-1.3882157746779942,-0.18518484350571765,2.2922089350606347,1
-0.105977709222671,-0.12457047175935045,-0.4241691051470824,-0.07308856732386898,-0.10945611970946242,-1.3839232880437458,-1.0482062142413693,0.3647388679992826,1
-0.105977709222671,0.23534553175127568,-0.5982984527075632,-0.08020560502308302,-0.17439858155319485,1.4035316234606392,-1.6482704163316224,-0.2669447000884293,1
1.3642332822281416,-0.49292100565096253,-0.6549453424065055,-0.10643347536005489,-0.2968731681592073,-0.5822216999237709,-0.045502725257730504,-0.17611268141210798,1
0.8741629517445374,-0.4186074073045405,-0.8151622936412778,-0.08076460831613146,-0.17472435283633406,-1.5460539622835179,-1.4321760102484566,0.9762084437949885,1
-0.105977709222671,0.9416089862098752,-0.7710814393332981,-0.052568267220056884,-0.0933067062379224,0.17033623017899904,-1.764368124684671,-0.3854162652830635,1
0.3840926212609332,-0.5616320222155372,-1.1717983456895478,-0.09562921884250106,-0.26489890162009794,-0.46917933010808666,-0.7835867347713147,0.23165930434395884,1
1.8543036127117458,-0.49554887458049124,-0.20885108602733546,-0.05776407089581655,-0.06373322656207434,-0.6365848327479573,1.0301924119580044,0.30869113200090564,1
-2.0662590311570876,0.5678654411388403,-0.5221542620647069,-0.0617760975293106,-0.12743616227885293,0.7921356884770032,-0.36403028464794623,0.7540150428887478,1
-0.5960480397062752,0.9566358390125432,-0.8206474678198725,-0.06148109875943522,-0.11509355878177674,1.2099416571326902,-0.7770395105485722,1.0279321713728744,1
-0.3510128744644731,-0.5062111221621407,-0.7401151378341404,-0.07448119580329407,-0.19735841825396755,0.1171141194209317,-0.8470065932368899,-0.4566251562895452,1
0.8741629517445374,-0.3937131194451388,-1.0944075245515563,-0.07734474883878074,-0.15242540910947544,1.638755610339583,-1.645335867619504,-0.22920447923630605,1
-0.5960480397062752,-0.44288305006682865,-1.5414990853268344,-0.07826186103403072,-0.21184399053648117,-0.6477817575636695,-1.258551545342512,1.2827624392838377,1
1.3642332822281416,-0.4497268114536467,-0.308182603879706,-0.05734734044503823,-0.11123386566304463,0.546071991969929,-0.2534356052703833,1.4618545563183374,1
0.3840926212609332,-0.35755532686088715,-0.8651272438862955,-0.07292603915250548,-0.15304161638768177,-0.6791650307172992,-2.2213055644354114,-0.9641836492187755,1
-1.0861183701898793,-0.13047230937959442,-0.25088746632329345,-0.0672806235169438,-0.11254139960266797,0.29609221326180213,0.3128422793367899,-0.10231060572159985,1
-0.8410832049480773,0.024614969769646368,-0.8684183483934523,-0.07145299028344396,-0.1984671042573385,-1.259218285182258,-0.5826511631397048,-0.0060063845320322716,1
0.3840926212609332,-0.2750103626476199,-0.450099019445894,-0.06736403511114217,-0.10100203678023988,-1.034946191213495,-0.2777761565512664,0.09575212501151177,1
-0.105977709222671,1.200437831758875,-0.5648887554379406,-0.06074048697517534,-0.1574071907509558,0.5337790660104996,0.27526325267976565,-0.5602459590391184,1
-0.3510128744644731,-0.35185207797743845,-0.6386892807499428,-0.09559228405630583,-0.20608547518505652,-0.3501277742236179,0.14288450004046557,1.9891730287089213,1
-0.105977709222671,-0.38459473913986575,-0.6589844252107434,-0.10963027668695408,-0.28430313629965953,-1.0346657330083686,-1.8238812526561992,-0.10096726915781634,1
-0.3510128744644731,-0.4674773957212319,-0.24889285753107718,-0.05073726842023815,-0.03353986002908009,0.8450087025744791,0.053005694188940265,-0.37233494070220685,1
-0.5960480397062752,0.016573956240374603,-0.9324951558434001,-0.0758068276219555,-0.1906522228022326,2.2018389292506777,-0.7283103990099206,0.8011162843434739,1
-0.8410832049480773,-0.2128186848560663,-1.1103145296694812,-0.1135340830139403,-0.3069280613577916,1.005454413439769,-0.5401212107413766,-0.46964707339882994,1
0.3840926212609332,-0.35343117873937535,-0.5270909188254422,-0.07948759987486467,-0.14570100678621783,-0.5526732138699937,-0.9571511884561524,0.8965624889914217,1
-0.105977709222671,-0.3445429600345817,-0.26380255825289384,-0.08798267415020443,-0.2368264810664648,-0.19803750372736628,-0.1630527051615616,-0.716919401757555,1
-0.5960480397062752,-0.23839316201787863,-0.25876617105254773,-0.07884277989851594,-0.1881923431451239,0.5902434212294083,-0.15200463935581557,0.12018033502945433,1
-1.5761887006734836,-0.024189813819871477,-0.6287162367888615,-0.0842843077011129,-0.24940628573332263,0.011059587200340872,-0.6266153837224833,-0.10164572788135362,1
-0.5960480397062752,-0.11684335655598094,-0.8589938218502304,-0.08048840295708215,-0.18325817177088133,-0.20073728297566074,0.2370661104453423,-2.9167805882796976,1
0.3840926212609332,-0.37500070677952657,-1.0055975680781266,-0.053401288014064095,-0.047738668627392726,-0.3990227100957502,-0.8421216798388034,-0.5865410923824514,1
0.8741629517445374,-0.35027915451491803,-0.004802606583610486,-0.08007740334968685,-0.17117983556644964,0.5790125462099176,0.03694669142078364,-0.11692550326365915,1
-0.105977709222671,-0.4409019672650884,-0.7423092075055783,-0.05350044668030386,-0.12617492400050248,-0.46326756636318817,-0.016595320050626448,0.2922904383506763,1
-0.3510128744644731,-0.251449456306701,-0.7898806271999365,-0.04849501544907669,-0.058432086300849964,-0.24175724766701065,0.11035841820062668,-0.9285277765499117,1
-0.3510128744644731,0.506290578133462,-0.6425289026749591,-0.06024894177855398,-0.11317482006583539,-0.33943862636876587,-1.3038840217665237,0.19273366809274745,1
1.8543036127117458,-0.5703276006940847,-0.561148863952535,-0.049807988885217404,-0.02101510741620663,1.1494202525622574,0.5583301815180242,-2.342786070386258,1
-0.5960480397062752,-0.3971973451048804,-0.6574386033967757,-0.07784211323588772,-0.1846923524503292,-0.8631906342025342,-0.3472031382496237,-0.9171023947200161,1
1.3642332822281416,0.6438764240915809,-0.7326852200831347,-0.10172323886752578,-0.27294032722725436,-0.020124413018067458,-0.23589432534089083,0.6341094886338214,1
-0.5960480397062752,-0.3156922262933813,-0.31990093053397656,-0.0686361641098757,-0.08149350641491386,-0.3107167539722029,-0.574957724593824,2.2596563694957275,1
0.8741629517445374,0.14041325189710024,-0.66347229499323,-0.07194587961129018,-0.17250912944670926,-1.7845467633479992,0.33760290916541996,0.6561359168753877,1
-1.0861183701898793,-0.12943726854403914,-1.1953845946575052,-0.08244702761905355,-0.18380029097513717,0.11337221652622068,-0.14363907513353966,-1.1377014096664941,1
-1.0861183701898793,-0.48832120547438457,-0.493980412874652,-0.09908197024143497,-0.211842480285563,-1.5062916312277868,-0.4852049423066228,-2.149111763878044,1
-0.5960480397062752,-0.007998883260504715,-0.7022674360018366,-0.07544723755203536,-0.16176792915344324,2.2205048988976475,-1.2748265885066528,0.3887101557217463,1
-0.3510128744644731,-0.33486679247089046,-0.548034311143713,-0.10647107903231451,-0.24069996712126338,0.7645644327693661,-1.37294493501613,0.943644260039511,1
-1.0861183701898793,-0.005666609547496226,-0.1323578388458413,-0.0779338529869321,-0.13333691886585486,2.027115681600736,-0.758982134117562,-0.47676984399723843,1
0.8741629517445374,0.18597838512599416,-0.43174861855750424,-0.07418498474910654,-0.1370279674272505,-1.4355512153200427,-0.24199746652744364,-0.020474322172274687,1
-1.5761887006734836,-0.03381038568881468,-0.5372634236657452,-0.07078520130209497,-0.13630804627834273,0.6906622196227775,-1.2168017388185712,0.40661214125912515,1
0.3840926212609332,-0.37390755357168326,-1.1163482212659352,-0.06567498948320089,-0.16462659121609188,0.07335378284633483,-0.00315880764483322,0.958096342655544,1
1.3642332822281416,0.17851483469772625,-0.2244090346066224,-0.07079635164924486,-0.15896554772470567,0.3067429826254263,0.06074114058959568,0.6005584922807768,1
-0.3510128744644731,-0.0679914424598043,0.15715962734435107,-0.05788692687800716,-0.03858824713747141,0.7908972440869982,-0.5028002323351113,0.8483335170577897,1
0.8741629517445374,-0.06840555030957332,0.6958037316823562,-0.05473212943171162,-0.0200057235775028,2.7638129621557077,-0.21754889504856842,0.3203420312446613,1
0.3840926212609332,-0.2806765477345699,-0.29072977694781355,-0.050575918958860926,-0.038876734472905856,-0.5448314548450816,-0.5696827382585439,-2.0604096849458418,1
-0.3510128744644731,-0.20605248289525474,0.802764628164954,-0.03476697016169316,-0.008829195040320648,0.27391608776330467,-1.31019720222695,1.0271835478858402,1
0.3840926212609332,-0.49691474411812714,-0.5031057480990415,-0.08212100426287734,-0.14202182435856292,-1.2468604110069046,-0.5540918230150196,-0.20308533454996955,1
-0.105977709222671,-0.23150661711288006,0.3725773769037088,-0.047102803413920855,-0.021223316399381884,-0.35035435493144357,-1.580325711794601,0.20102420311175753,1
0.3840926212609332,-0.4553014809936864,0.33153830100385895,-0.05202653752885974,-0.0577731361190747,1.1349508233214667,-0.8410414778588825,-1.4090739279129796,1
-0.8410832049480773,-0.5485915143585569,0.7258724592250165,-0.04286388110421728,0.06859164635532865,1.1203994707628626,-0.3420001653796716,0.1276882266641319,1
-0.8410832049480773,-6.830548829951043e-06,1.348389863275716,-0.011100698535881987,0.16686193669367824,-0.6093619356530035,-0.3491054939587065,1.1060273270296703,1
-1.0861183701898793,-0.3927190318168259,1.0943764335869735,-0.04779808945888814,0.0523073106696197,0.9310968247338043,-1.6348459061700504,1.1560623317947443,1
1.3642332822281416,-0.46323313344440037,-0.3187041652586468,-0.06929749303456147,-0.13770581808571244,0.8978352196537368,1.2104001078193554,-0.5237202796406343,1
0.3840926212609332,-0.4711638707396453,0.030202777719785145,-0.06595379112027677,-0.09721607150180737,0.6531930034179079,-0.7660814615744863,-0.34196200579393615,1
-0.3510128744644731,-0.3000181297851903,-0.7316879156870266,-0.04269533917983562,-0.059443933085175836,0.11478926851001656,-1.4062991717072415,-0.08244097516548485,1
-0.5960480397062752,-0.26520012480770516,-0.7960639144558069,-0.06439512516920394,-0.12879357719281948,0.9023387879897381,-1.9637554068117278,2.5309354607723047,1
-0.5960480397062752,-0.4974251720810193,0.3994048651590177,-0.0566250110730938,-0.07624597433666672,-0.4611102523274406,-0.6680591330187798,-0.9692147814779806,1
-0.8410832049480773,-0.28181820418227566,-0.7644992303189844,-0.0624332238986661,-0.11030503780287865,0.535701680811431,-0.056784834825792704,1.398518994897155,1
-1.8212238659152857,-0.44992928960118567,0.9441325263132825,-0.02357257626069739,0.174407842430402,1.187357391140943,-1.2259054410604597,1.1665201203510014,1
1.3642332822281416,-0.2438177460609855,0.22527551759853687,-0.04695608391045295,-0.028551821145547513,3.681900277115635,0.0068150573031026205,-1.065003340524797,1
-0.105977709222671,-0.44733276474647377,-0.0570613569396769,-0.07512806934901262,-0.12519095553258996,-0.9566732583543859,-0.34522876907521277,0.8009225610414131,1
-0.3510128744644731,-0.5175405180807661,0.15361919673816718,-0.06834094861587513,-0.07531986147349909,0.8882361685593361,-0.3796151987693598,1.489805674262283,1
-0.105977709222671,0.02577858994861058,0.7135058847132757,-0.073622741597941,-0.08658324852900755,3.123096898024349,-1.642599355937038,-0.42374125662008844,1
-1.5761887006734836,-0.06397848572778853,-0.16536861435702066,-0.07063014955514457,-0.12393239836535215,0.5305346074059336,-0.9545527025822318,0.8293042319830851,1
-0.5960480397062752,-0.3768024191093227,0.04022568690067193,-0.04941149430971764,-0.023169598204559067,2.468554682325761,-0.6722839229846925,1.575905327418469,1
1.3642332822281416,-0.22501976635901214,0.22088737825566107,-0.06118810141055931,-0.10924038985574788,1.3201890395199187,-0.13778197995352437,1.0779154153177184,1
-1.8212238659152857,-0.5743025784741328,-1.0018576765927212,-0.07881791541482826,-0.21330027116636038,-1.043242587749875,-0.6773788756566526,-0.33690224344187336,1
1.3642332822281416,-0.2971978494182828,-0.33221763982591207,-0.04280324042722431,0.023461655634571983,-0.3727194206944472,-0.9360212375044785,2.1049572443153832,1
-0.3510128744644731,-0.5296786826452111,-0.16322440990538817,-0.09092276065367678,-0.24317806270549808,0.3486404862796582,-1.1951736947317115,-0.8735567549553774,1
-0.5960480397062752,-0.007696424377966239,-0.6206879364001909,-0.05339184889715518,-0.07472794317359521,0.20754639156808105,0.4760788018691622,1.1141778548152723,1
0.8741629517445374,-0.41187941308456394,-1.0131770814885486,-0.057085917734223605,-0.11881377119712609,0.9659098065169649,-0.0555065958162197,0.32765932836962136,1
-0.3510128744644731,-0.4918319706427302,-0.42411923992727696,-0.061154502915479185,-0.07392938753481307,1.236345321049512,-0.6345608693970122,-1.266157997960162,1
1.8543036127117458,-0.1751058143409417,0.039078786845147574,-0.011166171052746171,0.12087743867546208,0.010621186742854019,-1.8182822057269428,-1.169653826484008,1
0.8741629517445374,-0.5044293144637976,0.4086797960428234,-0.053064044281934175,-0.017933214521946315,0.5785291248300289,0.428801961881293,0.4097777419286757,1
-1.0861183701898793,-0.5788637133321411,0.3143348001709936,-0.05171791776137344,-0.03750665353713798,0.2053986721551404,-1.2663950119411596,2.061787789790527,1
0.8741629517445374,0.0006868572967499724,0.12594399974616635,-0.040755082179122555,0.09604212643633991,0.7479893528464036,-0.4958029239540685,-1.402497853441747,1
0.3840926212609332,-0.291043886466301,0.08999117626646799,-0.0604427994480977,-0.09687843612081636,0.521774716783187,-0.6089960892055521,0.4710081560269181,1
-1.0861183701898793,-0.0638215365648374,0.5903387917939207,-0.04505381344819348,0.06815872979093074,-1.2380717365157372,-1.656840018705661,0.07450367363797819,1
-1.0861183701898793,1.105339908764792,0.49813800037372336,-0.03678661913364028,-0.0023974288573887755,-0.6638505366215883,-1.1775183934821163,0.30234957802448253,1
-1.0861183701898793,-0.23242268773745195,0.33742239694089693,-0.04219862092301072,0.029458603737978695,-0.2774529347484108,-0.36522450794796985,-0.34746676313357683,1
0.8741629517445374,-0.4163229504647926,0.4223428662695049,-0.05189065587827174,-0.01768620693493583,-0.032044624783842166,0.7725462363805499,-1.6741247174882294,1
-0.8410832049480773,-0.20636615243228973,-0.11545352933180836,-0.0400180333306253,0.030770304054588186,-0.17907926710873864,-0.5743696146269782,-1.6518790994062462,1
0.8741629517445374,-0.4136772360036164,0.4007013608739583,-0.07311719349341551,-0.08104772417190043,-0.8485905704819872,-0.4918961934600214,-1.6950477263503902,1
0.8741629517445374,-0.5496311309714577,-0.42980387498509337,-0.06079413075170651,-0.06723411743175998,-0.5867688130863576,0.14109016452937484,-0.4507176978208802,1
-0.5960480397062752,-0.12074146127662433,-0.1243794036769762,-0.053464108952337025,-0.06965885151593956,0.9936176010876239,-1.6469741739557173,1.4925410643805526,1
-0.3510128744644731,-0.5084608030940626,-0.12717185598607897,-0.05642343972977355,-0.06820996108322719,1.2973516230956497,-1.540148199263656,-0.6542834864373027,1
-1.8212238659152857,-0.2828232736762178,0.06446018372609967,-0.040102931832568765,0.036071580649464474,-0.20395443380762235,-0.6845262120904622,1.8325544089650057,1
-0.5960480397062752,-0.46988333944950317,-0.057809335236758005,-0.056866358716579954,-0.060196188078605536,1.9681117035296185,1.1202752559612925,0.6107405828622761,1
-0.3510128744644731,-0.3902746515588523,-0.28285107221855926,-0.04862959652172744,-0.08551588231784456,-0.7775512451714112,-1.2509421225061808,0.9438378496074789,1
-0.3510128744644731,-0.4457143122993655,0.4335625407257214,-0.04064957771261249,0.05705384367414944,0.4949437231275017,-0.38776472259565153,-0.3237468965584176,1
0.8741629517445374,0.14726822393841477,0.22233346963001788,-0.03637760127946744,0.03632452304742313,0.47918418614312996,-0.1291583674804896,0.07734607969075064,1
0.3840926212609332,-0.185174583600878,0.6502767860000197,-0.0742912198619107,-0.03887111734862193,1.6560288835837285,-0.7756832569515605,-0.3314622553058208,1
-0.5960480397062752,-0.29679792647828485,0.4461784413364894,-0.04070958217773718,0.015039987293750513,1.7457393448766316,-1.4759421938015829,-0.9285423732325961,1
-0.3510128744644731,-0.2699893621663874,-0.2396179266472715,-0.05250723359723689,-0.06537071213424327,-0.299267416771877,-0.3276274779246136,0.6428564580640389,1
-0.8410832049480773,-0.5259718454176102,-0.7013698620453392,-0.08491300252722801,-0.15506804179453218,0.9612254164434479,0.08821427761224927,-0.3217642316730782,1
-0.8410832049480773,-0.300544801757659,-0.04140367792077914,-0.0282860880049815,0.04035279308203335,1.064189742072292,-0.3085859174674533,-0.03218501018206357,1
0.3840926212609332,0.7468794600277738,-0.22904650004852525,-0.08525296116602638,-0.12289733195311046,-1.3279667097856973,1.1943651095396415,0.7362001781107854,1
0.3840926212609332,-0.5048010963731205,-0.21697911685561677,-0.09321522520461413,-0.22681867645865234,0.42442767378385865,0.42293886557916704,-1.8360787741168336,1
0.3840926212609332,-0.17083409740003708,-0.7628038128456005,-0.08126343881738078,-0.24338043678631902,-0.7948614208109679,-1.5254934590693965,1.8899872474556707,1
0.3840926212609332,-0.06882011573707689,0.9903575850728947,-0.041008964997732066,0.06013915769616443,0.6676690750898727,-2.0103421177568697,0.32191192229672666,1
-0.5960480397062752,0.1598827269245278,0.9637794229166128,-0.017513698881497602,0.07157331647091235,0.056374990717572085,-1.2548548541223385,-0.8998133981343829,1
0.3840926212609332,-0.21027569659629688,-0.13415298675883594,-0.04261433981256583,-0.045987665562911104,2.385279260744689,0.0390530852816293,-0.5997742326056998,1
-1.0861183701898793,-0.23975743003344363,0.9723063755033374,-0.05766168118880546,0.03632845264063025,0.6920932945168298,0.8026118581550136,0.5234528451429772,1
-1.0861183701898793,-0.4787070396937251,-0.3157122520703224,-0.08779329047427414,-0.21777530266873676,-0.059834342672314404,0.1724760331681862,2.0758657285482744,1
-1.8212238659152857,-0.39151125538647746,0.6413010464350465,-0.03311541216280866,0.048359808540189134,0.7785223948097557,-2.2435817297102236,0.8345783786282386,1
0.3840926212609332,-0.31716333870996405,0.14499251371183178,-0.009034457295450608,0.1485195752672745,-0.2640684359327137,-1.4104519482078262,0.7270469649436921,1
-2.3112941963988898,-0.2475197787223736,-0.6981784879777932,-0.07514865561338724,-0.11292931193404687,1.3173704345583996,-1.3539213779253017,0.9459936882580307,1
-0.8410832049480773,-0.4797352168632621,0.5308495845660702,-0.056918743889831265,-0.08076899298091847,-0.42139737048156073,-1.0499105329208,1.1405782882720512,1
-0.5960480397062752,-0.43614933612517026,-0.1280195647227709,-0.06752001858922527,-0.1392127351892738,-0.35859244568307364,-1.3361280508671611,0.5461030385680296,1
0.3840926212609332,-0.0014180002821864708,1.1904667121519925,-0.028529196192352623,0.04016843157109187,-0.8671672363320614,-0.025092908959337128,0.16195117351109276,1
-2.0662590311570876,0.15164678528033712,0.6563603428162794,-0.05827696060839767,-0.018636055365392333,-0.9709168449352592,0.41851603858360226,0.0527401017065168,1
-0.3510128744644731,-0.3641808236683241,0.9055368461838976,-0.014894510000126909,0.17100726250545267,1.6739095702563447,1.1841151929746148,1.5128436361677904,1
1.8543036127117458,-0.2902509042523234,-0.4163901308574389,-0.04823009825176029,-0.04790980642622274,-0.1418432740428687,-0.26399157906305426,0.5981309644733809,1
-0.3510128744644731,-0.5056521909593862,0.09208551549829509,-0.027760209516979578,0.09276210478800136,0.7280960095280523,0.8686542069829521,-0.3610827450030589,1
0.3840926212609332,0.019028403208508318,0.7208360720246705,-0.0166582526454507,0.1362182854847434,0.7029566216780233,-0.07643250861613082,-0.5663512621347483,1
0.3840926212609332,0.5013748205311763,0.6276878414281705,-0.02439266954190303,0.011821218149948286,0.9635355063961986,-0.8872981270879375,-0.08486573691763298,1
-0.3510128744644731,-0.08099442894255146,-0.10373520267753775,-0.02435523038095875,0.09382502021506897,-0.3234266769997805,-1.0419410427578284,-1.64679097606935,1
-0.5960480397062752,-0.4514344915589925,-0.2177270951526979,-0.03605694888934669,0.024843602492020264,0.3830822299649806,-1.1007820450529613,-0.755671574739487,1
0.3840926212609332,-0.4961535635567009,-0.16053168803589618,-0.041212239360484675,0.0053805562604855766,-0.39504020358295716,-1.2613780738566382,-0.2138206329337719,1
-0.8410832049480773,-0.35986746715357537,0.07398444070893238,-0.015770552839993103,0.1320567593918617,2.230347505801763,0.632294011532049,0.14561964213064585,1
0.3840926212609332,-0.31252487321481653,0.14838334865859945,-0.04823813613390629,-0.00795255115750387,3.6837572056527343,-0.832777932712488,0.10091594575089673,1
1.3642332822281416,-0.36935259601309134,1.1006095860626492,-0.024838464909867637,0.1731734449672564,0.11904706689257828,-2.184080603982917,0.19317556664816463,1
0.8741629517445374,-0.43018503914416,0.14758550514171295,-0.02389298810138652,0.026769034135118983,0.0015240082260476876,-0.5763619871677211,2.0974788632535675,1
1.3642332822281416,-0.21451492551804835,0.7330031856571898,-0.038129734894214444,0.055221209582395875,1.3221957917823879,-1.481769283371045,-0.16996362008750807,1
-0.8410832049480773,-0.24860606826419862,0.5263617147835836,-0.05126470247016373,0.005549250767445538,0.33232077093294216,-1.0601664506079373,-1.0980089482528066,1
0.8741629517445374,0.029142701453032476,-0.07825407535697483,-0.050444207863145345,0.0016519110252577165,-0.4220512809282499,-0.8272388970043384,0.09553640208341303,1
0.3840926212609332,-0.44295214430474594,-0.13131066922992776,-0.047649475895247144,-0.02376281058478201,-0.5996226554560395,-0.13016055487297173,1.2452721147853727,1
-0.105977709222671,-0.4752637672412258,0.08046691928363528,-0.07611829892397314,-0.0915345489968934,0.43292112911173525,-0.10275943131564617,1.8147808790791002,1
-0.8410832049480773,-0.17593380125161245,0.6235988934041271,-0.07288449843736546,-0.13946600469073658,-0.714411246622589,-0.844558135415736,1.051202699837,1
1.3642332822281416,-0.45089912560956735,0.6195598105998891,-0.041772950504866145,0.052005511244828835,-0.5859717213454725,0.2576499592849451,0.4470416808580763,1
-0.8410832049480773,-0.10051149205437235,0.11452486441072819,-0.03993799331069089,0.021766310760183528,-0.8478038114118172,-0.6462270507801574,0.3351069818879088,1
-0.105977709222671,-0.1325794548472036,0.18239142856588694,-0.017077118582715073,0.10691381893044774,1.029179701497635,-1.286750818140557,-1.655608665957793,1
1.3642332822281416,-0.25857668710007364,0.594178413718937,-0.022514930001630636,0.08708612165275868,-1.364661713734837,-1.9213154712450597,-0.336151756271453,1
0.8741629517445374,-0.20165012751113573,0.805706676133473,-0.0455667425863749,0.006836416907177482,-0.7844608496882326,-0.028453537341313104,-0.39282547134151996,1
0.8741629517445374,-0.07958691983107134,0.09592513742331142,-0.07229926290706526,-0.07012560690336374,-0.02718310321235074,-0.39928087592602995,-1.74600732907915,1
0.3840926212609332,-0.25412422695402126,-0.5761582951139625,-0.08017867829738036,-0.16593259935759128,-0.6666285489481548,-0.7136916655483251,-1.5311786991885938,1
0.8741629517445374,-0.007305195414924792,0.17231865416519476,-0.0536837617279005,-0.05676738939541372,1.9024719367156313,-0.11320138378821439,-0.39504693655452244,1
0.3840926212609332,-0.29054444036903815,-0.17848316716584267,-0.04658524086547411,0.0063684095860876005,1.6266265310157801,0.02657675241354349,-1.3372006145816742,1
0.3840926212609332,-0.19985436369188875,-0.2077041859718111,-0.08391251931929448,-0.1557871254707895,-1.4244000494746405,-1.409797825897763,1.0597354620887898,1
0.3840926212609332,-0.1596927659303123,0.4065854568109963,-0.07506584547373177,-0.10671721310344562,0.3388650417351912,-0.4053480103799187,0.9686575618529293,1
-0.105977709222671,-0.35451037582631484,0.6090382492209483,-0.0362825562998494,0.04371768394690197,1.6404641912471287,-0.17030806179336327,-1.2548511064804257,1
-0.5960480397062752,-0.4197996260919142,0.19630382489159548,-0.03635659958340956,0.006411891264185236,0.35322154964602337,-0.9897132770286554,-1.6201203384459446,1
1.3642332822281416,-0.34024424600733855,0.01444536826127657,-0.011602456674084249,0.11006864934624393,-0.04791044066699856,-2.5560301524023292,0.1237662318512922,1
0.8741629517445374,0.18981929262981861,0.11337796435520382,-0.01322768062724548,0.06527002699343822,-0.012611823360224554,-0.9263954376389616,0.09481880009027291,1
-2.3112941963988898,-0.3298247434138686,0.88499237562407,-0.047190468457587766,0.0391308880469018,-1.8259829870595892,-1.3681200328391503,0.8602013072665013,1
-0.8410832049480773,-0.5164086995543532,-0.2244090346066224,-0.08547381583324556,-0.20511929234404183,-0.3227262695348731,0.42558536042997314,0.37230276553284136,1
-0.5960480397062752,-0.3594675442135774,0.4601407028820033,-0.04312934964236466,0.02144415445135145,-0.30431197422460876,-0.462556707460949,-0.7569387797735998,1
-0.5960480397062752,-0.4334342986372095,0.6730651914510907,-0.07347170498904358,-0.07767665918539608,-0.7412060759307713,-0.907833966950655,-1.2343237368728364,1
1.3642332822281416,-0.11135882982964786,0.2978294124154039,-0.05384937178366768,-0.04649212582713372,-0.19853347192169485,-1.6178807339631824,1.2678391804194586,1
0.3840926212609332,-0.4500926448524205,-0.33660577916878787,-0.043602660222688265,0.01591830758965757,-1.0963717044715058,-0.9891011625733669,-0.46705883289124134,1
-0.3510128744644731,-0.26518067775398674,0.5177848969770537,-0.05246256674623477,-0.026776176832032803,0.3288667067224397,0.19340794709020798,1.2600135228925804,1
-1.3311535354316815,-0.023376698185573638,0.7783306704603046,-0.0698617520970121,-0.07985896797523893,-0.8313084406629431,0.6377010225537639,-1.451773749239633,1
-0.5960480397062752,-0.46623209791665027,0.032995230028887934,-0.0445359478149329,0.028810798412403183,-0.8399384348538418,-0.641888239494142,-0.9603189541749025,1
-0.8410832049480773,-0.4616053006537338,0.5810139956903095,-0.023914277060206955,0.14289077953759155,0.7859213250897317,-1.0019135582796503,-0.2760725281404732,1
-0.105977709222671,-0.4045350616561467,0.6874762399748533,-0.013660181237827553,0.08967033254572788,1.47530161620036,-1.3618128535008345,2.072680563930447,1
-0.3510128744644731,-0.32090403668992173,-0.16038209237647996,-0.017441634316990594,0.11342932568487343,-0.3384031451535233,0.5252639986882248,0.07590188755463018,1
0.3840926212609332,-0.42995121692180427,0.7530490040189634,-0.03694583084984291,0.06157479102779583,0.612732479040994,-0.17188035578635918,-1.5080166411735858,1
1.3642332822281416,-0.04285395203448856,0.6401042811597167,-0.024909374286072188,0.1003655469072205,0.9024524473676051,-1.0002452463328837,-1.8415931108752195,1
-0.8410832049480773,3.2730439592309315,0.7303603290075031,0.406082404181903,0.714203049409004,-1.4429567880311926,-0.373037968936064,2.046732115282935,1
-1.5761887006734836,-0.26369377890556195,1.0679977323099132,-0.00846394414898498,0.16921691163450822,0.1677951312309734,0.39960650281287674,0.6781266644295353,1
-0.5960480397062752,-0.39568665221425897,0.3762674031693089,-0.059993667766074336,-0.05889806508177484,-0.2393172612824121,-0.9173637488624012,0.17137292733214965,1
1.8543036127117458,-0.16906601703373048,0.624197276041792,-0.04850213327465701,-0.0018129154871549945,-1.1318577859469694,-0.41886253737315066,-0.6726746816924797,1
-1.0861183701898793,0.057106649544672226,0.12379979529453386,-0.05346980272301785,-0.09461020360573928,0.15575683179988237,0.14492488155809385,-0.24368881182944893,1
-0.105977709222671,-0.31735071679226284,-0.6869089483017713,-0.0651917896432943,-0.10437210804368297,0.703387641656428,-2.093997759979629,-1.0283089993227124,1
2.34437394319535,-0.27729596343170415,0.28162321597864665,-0.04729366873458655,0.002576541269165727,-1.3050547505226975,-1.0627349308713048,-2.7119072966777695,1
0.8741629517445374,-0.3943882753924694,0.46786981195184135,-0.05868956648960345,-0.03531787445378119,0.5486389225947426,0.391036900438838,0.36642297519475237,1
0.8741629517445374,-0.48203889196786115,0.4412417845757541,-0.05142422633081867,-0.008097855814040097,1.1543784584097265,1.376061083684439,-0.10232014546960798,1
-1.3311535354316815,2.0174584344433755,-0.7658455912537303,-0.009796194331030628,-0.07774502363757148,-1.5974265249835682,-0.9155874167176424,-0.7642020463225249,1
-0.3510128744644731,0.22644839028065825,0.5841056393182448,-0.03989177624601644,0.0602972439988615,0.9637118998462648,-1.2953804317357023,0.2210082241030484,1
-2.556329361640692,-0.4500686220213566,0.8387673168644577,-0.014592726455032748,0.125913951142532,-0.025311413717087002,-1.0578200118626648,0.34201109003094055,1
0.8741629517445374,-0.08047919641344659,-0.8451811559641327,-0.040409818930048136,-0.06638361383828015,0.07165405851368799,-0.9735462540625067,0.31770610296733376,1
0.3840926212609332,-0.16215888113067708,0.5019776222987397,-0.04717579224856912,0.05525882167474228,-1.0659737252753592,-2.1793817253702614,-0.0652200274880567,1
1.3642332822281416,-0.07590067360152526,0.7344991422513519,-0.02805635316237094,0.08990796665690656,0.15822855424453466,-0.5203895212414892,-0.4500340849691803,1
-0.105977709222671,0.24693139999011715,-0.7639008476813195,-0.041955958854304164,-0.0006595661241170412,-1.242456479138514,-1.6329315482167464,0.715290423571295,1
-0.5960480397062752,-0.35828196030335474,-0.3899615643605733,-0.08735624954596824,-0.14270914271990548,-0.7113977970132981,-0.5004777980782815,-0.035552242250547705,1
0.3840926212609332,-0.4344215225995042,0.17565962389215703,-0.05079159535256198,0.02106777929293265,-0.5902376382550247,-1.9543576495864163,-0.9468752614060219,1
0.8741629517445374,-0.5017675847819121,0.15691030124532404,-0.04027192416133204,0.024329955761785496,0.010030748416272398,0.09065073318918186,0.10034024920675827,1
-0.8410832049480773,-0.28055666236811744,0.64234821605096,-0.04928146116035015,-0.01633465891119566,-0.3420033428498548,-0.5845715222151195,-1.1382113664812759,1
-0.5960480397062752,-0.509295882459619,-0.6269210888758667,-0.06542892510924402,-0.07594112842336494,-0.5178284960267794,-2.0265091407230185,-2.9668338604640936,1
0.3840926212609332,-0.3746433385688419,-0.299605786073176,-0.06203005994046342,-0.0796061514414218,4.252691768380253,-0.23354788659561831,2.3672395267709803,1
-1.0861183701898793,-0.2999854129771699,-0.027840338133708467,-0.041267607217944674,0.013240806546008793,1.0463791699509575,-1.1569645502530668,0.08713165425428727,1
-0.105977709222671,-0.1895883784283608,-0.10737536372333245,-0.04029300248352148,-0.015934551519207477,1.0963191816611393,1.2425181133556686,1.3816775039958011,1
0.8741629517445374,-0.3010968692943953,0.3407633666678592,-0.04905316190031316,-0.009125264849443811,-1.0023148790470535,0.037924874324823075,0.8474981853976726,1
0.3840926212609332,-0.4688082605621747,1.2661621158166,-0.02988141867655545,0.08071790589559001,-0.656951264775482,-1.164555969723066,-0.9457924079695289,1
1.3642332822281416,0.05476293638829995,0.5134964880737887,-0.05304954519897181,-0.09361091854665322,-0.8898555670788685,-1.2793754390665417,0.5843933328385983,1
-0.105977709222671,-0.13429262588536406,0.7400341816497521,-0.05550565390139456,0.014670683345889717,-0.9180430927898751,0.2376062114353027,-0.38929159315456613,1
0.3840926212609332,-0.482716793381599,0.17286717158305423,-0.04508262504533117,-0.01655242637117652,-0.9395047879132088,-0.49481273880580773,-0.6777209807170985,1
-0.5960480397062752,0.027027319586201352,-0.802197336491872,-0.04631998920549498,-0.07508590340122655,-0.10466927700128982,-1.1214679129684457,-0.22465928435543325,1
1.3642332822281416,-0.2720674514478526,0.5974695182260938,-0.03634930537200057,0.023933120522780266,-0.6139976145645774,-1.1480648861629412,0.5366163115684395,1
1.3642332822281416,-0.22762750186822056,-0.191148932996416,-0.07884300573543604,-0.11298197157992283,1.6557808994865642,-0.06712476822247951,-1.023377701808946,1
0.3840926212609332,-0.23122406286179456,0.5502471550703736,-0.020016617223936647,0.1057822040140378,1.307518233031477,-0.4845328166302276,-1.2002442721005335,1
-0.8410832049480773,-0.30752126068749697,0.2992755037897607,-0.04747312166301249,0.014731359851697105,0.6588626874489079,-0.3877407181072089,-0.47202711778447676,1
0.3840926212609332,-0.10759113476335162,-0.4320478098763367,-0.06251271398810354,-0.0827827420653464,0.9390581475198492,-1.5137732675872553,-0.6807507040139374,1
-0.5960480397062752,0.13838892799944483,-0.1165505641675273,-0.05274966961633244,-0.03475802475896877,0.049018867216273306,-1.0489323500167607,-0.11511607319518287,1
-0.3510128744644731,-0.5913041079902573,0.19475800307762786,-0.03485112772563184,0.015893700833995147,1.6152982336724035,-0.09143531389280928,1.7255510914217826,1
0.8741629517445374,-0.09234281433716074,0.5096568661487724,-0.057686243453602036,-0.04002753523016527,-0.3150395005706886,-0.3176896197093418,0.17406787960958717,1
0.3840926212609332,-0.04289193098645632,0.18867444626136823,-0.043727908058052295,0.005318649385666117,-1.1524463703948704,-0.27236314440744086,0.047419119565706325,1
1.3642332822281416,-0.402488087660631,1.2922914909946335,-0.0526698010826094,0.07888887886016029,-1.077796514717248,-1.8722442957460999,0.27915846206048095,1
-0.105977709222671,-0.3509856545370654,-0.05327160023446598,-0.07399461044662636,-0.13251573799966324,1.664646330960187,-2.027007233858204,-1.0686621294569036,1
-1.0861183701898793,-0.23192461437339276,0.0704440101027485,-0.027691107212308445,0.025741112007875516,-0.7044136496577458,-0.6456749475459757,2.1004351817781273,1
-0.105977709222671,-0.265926071883571,0.23360300930603983,-0.07190981602036975,-0.012010419704623429,0.6864885587017537,-1.6645034516409885,0.5336953955565256,1
-0.105977709222671,-0.3919384042016812,0.22422834798262334,-0.03858452708676006,0.03738184228467649,-0.07036185803526471,-1.6358360913183112,-0.013508603252945136,1
0.3840926212609332,0.8558666975764301,-0.317008747785263,-0.042704727098781224,-0.01236757467219882,0.8931530437239446,-0.709292843041203,-0.4746081962430222,1
-0.8410832049480773,0.11231340321829872,0.9069829375582543,-0.032322124919957965,0.06202104840160422,0.3345142493161929,-1.1984863141368023,-0.3754636698665501,1
0.8741629517445374,-0.5368850743866611,0.7863091056291697,-0.025350182950710193,0.10156628520530606,-0.2401770870954966,-0.6680051229197839,0.24224195912978075,1
2.834444273678954,-0.28626974917285897,0.88499237562407,-0.054967525842168526,0.0321690119656901,1.2975494199350546,-1.4578968196147941,1.1129890366529491,1
-0.3510128744644731,-0.2080678840270864,0.366842876626087,-0.019935167507498325,0.14000643729947773,-1.6353621874664375,-0.9152753583678875,1.2866344670416945,1
-0.3510128744644731,-0.4048041173640629,0.5417202024836489,-0.039815972874250066,0.04895885320132934,0.28859143237049084,-0.224258149568299,-2.303632368824222,1
1.3642332822281416,-0.07649369434550388,1.2066729085887498,-0.011296983972928384,0.15202397231888565,0.09621703094739166,0.5843210413793419,-1.8440443561483482,1
0.8741629517445374,-0.261590980426431,0.11128362512337674,0.0019826549246086205,0.18163786905575613,-0.7882175135411081,-0.026035085130712537,0.9349168886481937,1
-3.5364700226079004,-0.39181325669128136,-0.6803267392874576,-0.09440297638736257,-0.2894787100534845,-0.618131420898557,0.9793569065585072,-0.46054425389176823,1
0.3840926212609332,-0.5352030186344502,-1.140682448530974,-0.08003016334749886,-0.17916732472259325,0.453306750384874,-0.3696113282108706,1.1599952168274756,1
-0.105977709222671,-0.45650902863516757,-1.1831177505853752,-0.09171859129567451,-0.24501312869326114,-1.6952444425483455,-1.1822592799495468,-2.302266723546487,1
-0.5960480397062752,-0.38366951696060286,1.2833656166494656,-0.04431162694896132,0.07155986300742351,-0.9234832439214165,-1.6533593678814718,-0.6536551271531551,1
1.3642332822281416,-0.1732265425851391,0.10096152462365751,-0.018575756290184122,0.015054694905723233,-1.2934851115133306,-1.900947662801441,-0.2468593769174779,1
-0.5960480397062752,0.6201697792422073,-0.31396696937713314,-0.04498438312735854,-0.016505660738356756,-0.02362423619888002,1.2538242274121736,-0.5317646573355372,1
-1.8212238659152857,-0.4919289771224551,1.1800448812126625,-0.00616888030191974,0.17345724591203196,0.674197846886049,-0.578210332777808,0.5591415894948013,1
0.8741629517445374,-0.36099150685850084,-0.20855189470850302,-0.022090163893592644,0.04607158223541276,-1.4591023240715673,-1.8392081185268538,-0.8937765667694241,1
-0.3510128744644731,-0.28296123336318507,0.23001271348005053,-0.04623932191148206,-0.01645094270853958,-0.05899887244020141,-0.48240841940304996,-0.9354905162738507,1
1.3642332822281416,-0.2982230523325452,-0.6845652829709171,-0.05418699322669412,-0.0402758912617935,0.7252929035726061,-0.7565516796627401,-0.7186167296230199,1
-0.105977709222671,-0.14683803463355982,0.7945368668970618,-0.04554953477639351,0.04253241481937012,0.05082856068724598,-1.1853258533481,-1.6348534860225028,1
0.8741629517445374,-0.3092760712995016,-0.22236456059460072,-0.08120150311886563,-0.14489378597155766,-1.4626331452645254,-0.3676729657691238,0.8724678167240305,1
-0.3510128744644731,-0.32254674075696127,-0.9657053922338011,-0.09204172203774229,-0.21204099541101218,2.2895758504369823,-0.3238167653843373,-1.0020908637307375,1
-0.8410832049480773,-0.5245455756190135,-0.8938994757140152,-0.08292648596134829,-0.23811398283560198,2.2704589335180856,-1.265764894119539,-0.3119970250301994,1
1.3642332822281416,-0.20130053812193843,-0.14966107011831747,-0.05597611631936085,-0.0840782789747431,0.3937374276160542,-0.11963458669085411,-0.16926614824847092,1
0.8741629517445374,-0.3049457844085744,0.46911644244697653,-0.06594958211787678,-0.07929670330019131,1.260005660891454,0.5202110538710395,0.657470949831213,1
0.3840926212609332,-0.1570575757570308,0.558026129360017,-0.04992178087021501,-0.03847354596661522,0.439363549302649,-1.6307531408905727,1.104958321531913,1
0.3840926212609332,-0.30710486494905515,1.1134748127724443,-0.03341503482250079,0.04149429305844775,0.08105752691240854,-0.6168755625368636,0.4591816095127765,1
-0.105977709222671,-0.3654078183635237,0.9773926279234889,-0.04776633027830343,0.04734856415717595,-0.7041981396685434,0.17592067725971156,0.32746188320550024,1
-0.105977709222671,-0.24801007326494542,0.40120001307201236,-0.04343468408941242,-0.05784949048947647,1.1953334748851525,-2.0640881673800426,0.44879763754268776,1
-0.3510128744644731,-0.30978466895145546,0.7953845756337538,-0.04579013602099371,0.034135337100924014,-0.5836963196444086,-0.7550874058677363,-2.2048182623670196,1
-0.105977709222671,-0.1324769574346641,0.4307700884166186,-0.04728139865393599,0.008465754688766074,-1.7470258837895536,0.09140687457512645,0.48769578611291514,1
-1.0861183701898793,-0.22106149016627524,0.18468522867693568,-0.051629190846433526,-0.04029609824365895,1.204108864513972,-1.4206118479411929,-0.6645344732450217,1
-0.3510128744644731,-0.09974870997087516,-0.22286321279265478,-0.054823543627108555,-0.10523104189043696,-1.2315673203005324,0.7801376558505492,0.9964846313100046,1
0.8741629517445374,0.2621147443780017,0.5097067313685777,-0.03378997711489431,0.0314941181437923,-0.13594553320822653,-1.1079533859752138,-2.145104262509915,1
-0.3510128744644731,-0.1642140915254147,-0.25442789692947737,-0.032674011858310266,0.03811099721981612,2.5528928928946795,-0.5522734830154862,-0.8402034899267066,1
0.3840926212609332,-0.23150501559080913,-0.023202872691805626,-0.035807081251426134,0.07182145594504505,0.1687346662181464,-0.3450187298013393,0.8102316481793163,1
0.8741629517445374,-0.5264365156070472,0.362305141623795,-0.03459350322209511,0.057425955722238,-0.7727982166424291,0.5624589535301661,-1.6840518313330832,1
-0.8410832049480773,0.13600082980282108,0.22138603045371513,-0.04194508416919538,0.00444013656638652,0.1959228750614136,-0.012364528962603124,-0.39020228580068095,1
-0.3510128744644731,-0.40567031201556875,0.5531393378190871,-0.04088943975317596,0.05203404940810173,1.6461877527754292,-1.3748892985799874,-1.304487201744805,1
-0.105977709222671,0.12484142401258151,-0.0280896642327355,-0.041206574552512774,-0.02617740295628567,-0.08340833090899386,-0.3948820534189078,-0.3758411654646916,1
0.3840926212609332,0.07203695344534988,0.019930542439871326,-0.03126233440730635,0.02468473212430359,0.03236555421503868,-0.8177031139704816,0.5084308800884948,1
-0.3510128744644731,-0.19519393446548272,-0.09605595882750509,-0.028123062689790035,0.10852200376526637,1.0208050718829829,-0.7779636833536157,-1.849114523066603,1
-0.3510128744644731,-0.36491180409927,0.9520112310425368,-0.0613776760469874,-0.055477493665454326,-0.5279242533634169,-1.6597025539524515,-2.57316855978188,1
-1.0861183701898793,-0.458779071776277,0.03329442134772037,-0.05081134218813233,0.003372586659121766,-0.37740750100750525,-1.087729604462251,0.1744313435661617,1
0.8741629517445374,-0.21909344832996966,0.24262861409081846,-0.06636341608394569,-0.11949353396625118,-0.05294023716156575,-0.8011820247998032,-0.6240959243416588,1
-0.3510128744644731,0.19218954529479487,0.918950590311552,-0.026380779008005787,0.1097817111206775,-1.3312370000670513,-0.349753615146659,1.74603934658982,1
-1.0861183701898793,-0.48515202208488156,-0.08698048882292103,-0.04219979635409327,0.02246571681001216,-0.16780115702312146,-0.13400727414591207,-0.35965420909144913,1
-0.3510128744644731,0.8246136807288349,-0.4422701799364451,-0.047730183524508404,-0.08140189452989627,1.635289737362549,-0.4881574943850731,-2.3412671145211705,1
-0.8410832049480773,-0.23925180663676435,0.13586717848744234,-0.04203971594023048,0.030728656032974064,0.581666566487902,-1.5277138742503449,-0.4283230841868286,1
-0.8410832049480773,-0.009941758321409963,-0.4173375700337416,-0.05356923352452978,-0.03390771303651798,-0.2013041037691791,-0.05320216492572189,-0.16690633295679286,1
-0.105977709222671,-0.3928416626496857,0.01783620320804424,-0.06303549196567512,-0.07722790539145376,-0.2553749696217075,-1.416591096127043,0.5279738009528362,1
0.3840926212609332,-0.4401570307132387,0.6090881144407536,-0.048341722880230385,-0.04781805905352059,-0.1553362659010752,-0.6370513350729409,1.7232813790578685,1
-0.3510128744644731,0.026444365552382866,0.32939409655222646,-0.043231922088298846,-0.015558359824555628,-0.871853840549303,0.5267522769716714,0.9948845537812367,1
-0.8410832049480773,-0.39477538615589985,0.2922445077971983,-0.02871482324570883,0.06872721898802814,0.559976076513018,0.26286493439911857,0.004505662736333249,1
-0.8410832049480773,-0.148188346528221,0.3291447704531994,-0.046456869665813715,0.01836626889904558,1.157753551494049,-0.16718747829581415,1.3809405863322721,1
0.8741629517445374,-0.28615260927281383,0.36499786349328694,-0.06782191448982323,-0.03836797901508672,-0.46136340275996246,-1.5192822976848517,0.9804349958687277,1
-1.0861183701898793,-0.20905396404504464,0.29304235131408485,-0.05503057102626111,-0.0452501465520556,0.7077694320875718,-1.2336108818505618,-0.19282174980751215,1
-0.3510128744644731,-0.03641263026520849,-0.15210446588878243,-0.06509852981153533,-0.11166110408593366,2.6210191431114835,-0.8829473135577008,0.2904949597958507,1
0.3840926212609332,-0.3351870968850765,0.6901689618443453,-0.03977302844859969,0.06331308944398659,1.816174946998278,0.2750592145280028,-1.3378137072490777,1
-0.105977709222671,-0.41199815450668004,0.7302605985678924,-0.056058064785900294,-0.03547789238230298,-0.2578703095994231,0.02191388053355182,-1.0967351618772223,1
-0.105977709222671,0.01721593780195022,0.6547646557825063,-0.04987430384350786,0.03267475363219196,1.2158703959794779,-1.2759908061961232,2.058540835648653,1
-0.5960480397062752,-0.42322436664616414,-0.08688075838331022,-0.03961296618539476,0.015383377035102124,-1.2696491162692305,0.6033145928596169,2.1567335540547554,1
-0.3510128744644731,-0.2697820794526356,0.14589008766832912,-0.05990022934801545,-0.0314203658048569,1.5736856165107473,-0.5275608621637414,0.15744190019901744,1
-0.5960480397062752,0.11254173450783987,0.7660139611683691,-0.04136478746204878,0.030923383784861112,-0.5539448704158689,-1.5881451739048058,-0.08519904362971693,1
1.8543036127117458,-0.4814092650051184,-0.6091690706251419,-0.06650897399746401,-0.16854597358787862,0.15401946702391595,-0.5700067988525201,-1.2507958408040998,1
-0.105977709222671,-0.21622191925679235,-0.32618394822945784,-0.08517046082703479,-0.18644601632909008,-1.2667146377861198,-0.15488517796893783,-0.8609477244574535,1
1.3642332822281416,-0.008768986587754723,-0.2567715622603315,-0.06648061625465208,-0.09149774183108388,-0.34378646659613127,1.1733791855186237,-0.8614485566943152,1
-0.8410832049480773,-0.25546287061645134,-0.2579184623158558,-0.09200739677177669,-0.2382890456839713,1.086425649451356,-1.0450976329880417,0.11318239505159043,1
-0.3510128744644731,0.18986550798100832,-0.3137675084979115,-0.09351176201698042,-0.2409322641370543,0.42645287724403363,-1.1074792973284706,0.9066247678403242,1
-0.3510128744644731,-0.5286747570956053,0.05219333965396958,-0.05724515265356415,-0.06998347050617924,-0.28267240955539236,-0.29073858031031663,0.14526067185931082,1
-0.105977709222671,-0.46895308391516016,0.6522215295724306,-0.057814086216168445,-0.011417323575747838,0.025021239480271535,-0.2540417186035611,-0.5146856888345703,1
1.3642332822281416,-0.2810007415594996,0.4575975766719275,-0.07438426862652472,-0.09657131062153633,1.592332396912103,-1.028708568503798,0.1694747778844837,1
0.3840926212609332,0.7861483236292405,-0.09959638943368897,-0.0035926914894673233,0.10470009466624262,-0.4326990981002412,0.6706651863076818,0.5287286621898719,1
1.3642332822281416,-0.29387446233223596,0.2057782166546228,-0.03518927346497692,0.08173597841379274,1.1130581082197284,-0.3182117173329702,0.24783844599957328,1
-0.5960480397062752,-0.35044388249935654,-0.09176754992424009,-0.05862812269980949,-0.07587708982343098,0.015395618661174653,-2.513326167462792,-1.9264650098259415,1
0.8741629517445374,-0.26979397647373393,0.8789088188078104,-0.0039040377903383767,0.21490464594450417,1.7046979767959431,-0.7139317104327519,-0.6792629592274876,1
1.3642332822281416,-0.5112039816126983,0.4665733162369008,-0.057543006893002235,-0.025765597792507384,1.6267372382020142,-1.6096711989157841,1.069268291803693,1
0.8741629517445374,-0.29692261641095014,0.010506015896649427,-0.05843344623271086,-0.016787419269567165,-0.3443008859881655,-0.1330170889976513,0.40229490063012563,1
-0.105977709222671,-0.25878168192515266,0.6664331172169715,-0.03528208090059941,0.061966200940913714,-0.15970772366150388,-0.026629196219669003,0.8258910590512702,1
0.3840926212609332,0.3632824360209091,0.12205451260134463,-0.014958133773562489,0.045094074758945904,0.5291559339133655,-0.6810815679989368,0.837103019011899,1
-0.3510128744644731,0.35714631860057483,-0.062097744140022997,-0.05079307267799266,-0.07609284674966867,-1.043688368686444,-0.09064316577420066,0.07933831418855856,1
-2.0662590311570876,-0.35653149667982836,0.1660356364697135,-0.06335127094417091,-0.07078091181887472,0.42822271612796203,-0.12941641573124846,-0.1821508853500081,1
2.34437394319535,0.10399372484868515,-0.06508965732834741,-0.038880029074335895,-0.019785667067499114,-1.507761822660975,-1.475084033339757,-0.7805888298767121,1
1.8543036127117458,-0.49715840426177577,0.1935612378022981,-0.04690158814205401,-0.03692315164727205,0.3997805638886171,-1.2107466066089039,-1.2107691179557376,1
-0.5960480397062752,-0.2027217745654551,0.04341706096821797,-0.06624372557526044,-0.09170992355514725,-0.1128667751179674,-1.5336729885062417,0.2940844651774311,1
0.8741629517445374,0.2647979802134111,0.022224342550920043,-0.05354356582395394,-0.09981267374728783,-1.1020834572332747,-1.1692848539462752,0.3875676242722033,1
0.3840926212609332,-0.2673493674268931,0.8808535623802212,-0.0233626545257854,0.148260848532479,-0.947255767045409,-2.1166519959474135,0.8427524553967867,1
-0.5960480397062752,-0.10530324609059462,-0.030134138244757185,-0.05733199150773399,-0.06717194939740526,-0.6694523202450314,-0.20257009426033265,-0.5296186700980188,1
1.3642332822281416,-0.2161816524161518,0.5115018792815724,-0.030104206268372097,0.13533570228579894,-0.14304998237281988,-3.000713300803079,-1.292621198676319,1
-2.3112941963988898,-0.19470135203423813,0.15800733608104298,-0.06433960592756537,-0.0408192363182642,-0.8640083912848497,-1.1970760504407945,0.07518684516843432,1
-2.0662590311570876,-0.044142490934985304,0.5658051036496605,-0.058146617412018695,-0.07184748461051661,-0.5303974519038857,-2.217074773347388,0.8349542748466019,1
0.8741629517445374,-0.28492401305554327,-0.24370687467131485,-0.0634132102396528,-0.07234272819121845,2.697862477172357,0.5565778538617081,0.8583083618928806,1
1.8543036127117458,-0.18860641661001348,-0.28399797227408363,-0.06237109080567069,-0.09058649571680122,-0.48657733344872234,0.25299308852706415,-0.38452250035682084,1
1.8543036127117458,-0.12565310067929905,0.3753199639930062,-0.051217331010026575,-0.021740766931092007,1.0721326136606315,-0.7978574031504913,1.8106374699553371,1
-0.8410832049480773,0.6613087630447855,0.276636693998106,-0.036732472239848,0.04513792636229689,-0.11255162866115447,1.4093493080323332,1.2198023488785577,1
0.3840926212609332,-0.019515199683694365,-0.37410442446245384,-0.059804535018129774,-0.03767230965241488,1.5099596079227928,-0.8158007582613986,0.011954634048283477,1
-1.3311535354316815,-0.2910811790516669,0.2748415460851113,-0.05517050427005468,-0.0978470208757217,-0.9557588169960926,-1.0735669562810666,-0.7558218570924103,1
-0.8410832049480773,-0.4831993091026835,0.1733159585613029,-0.07908502962139055,-0.1346828609317726,0.548464743288401,-0.4281822800110233,-1.0924657055283484,1
-0.3510128744644731,-0.14607799801646992,-0.09775137630088891,-0.07726156386194555,-0.1958287910318373,-1.5663414231848625,-1.294744312791971,0.5758944461765148,1
-1.5761887006734836,-0.3368249963859032,0.025216255739244457,-0.045238823840042915,0.0037714396377247295,0.24963578767845193,-1.897551027686801,-1.5002683440789515,1
-0.3510128744644731,-0.4658980661704277,-0.7661946477923682,-0.08099509009774934,-0.17035078526981492,2.2249390907302757,-0.8426137718518785,1.197815011632962,1
1.3642332822281416,-0.5009645358577743,-0.32054917839144687,-0.07396980062913679,-0.15807367659296184,0.49395178673884454,-2.3234926717359237,1.5826230494360438,1
0.8741629517445374,0.6306885762040749,0.28396688130950076,-0.015019097915765882,0.10768785634119615,0.01617352115644594,-0.1677695871405493,0.7570462497513862,1
0.8741629517445374,-0.21786393695723005,-0.3206987740508631,-0.0418858905021843,-0.043383319673230405,-0.199717300766491,0.26957418891884916,0.10170599400428053,1
0.3840926212609332,-0.4030747023163259,-0.5201097880526853,-0.06959727845099434,-0.16899769180139088,0.7784685173124551,-0.8664742333639078,-1.4414978769881446,1
0.3840926212609332,-0.3347263161063832,0.5434654851768382,-0.042879555373288226,0.02423591892690256,1.9646340217860527,-1.2214946163091163,1.2794188000988902,1
0.3840926212609332,-0.3795645871039422,-0.7567701212491463,-0.07635579935284963,-0.1631137659689075,0.951430782653367,-0.37818093058490937,0.7660703969386489,1
-1.5761887006734836,-0.3210953041829642,0.455453372220295,-0.04911616374935735,-0.04103265391115457,-0.8563267886560229,-0.3901891759283628,-0.6772003007679145,1
-0.105977709222671,-0.44412491603840115,-0.6472162333366673,-0.054282493461424816,-0.05641416200089556,-1.0330634309996078,-1.347398158191002,-1.1449889689567203,1
-1.5761887006734836,-0.3267919181892619,0.6499277294613819,-0.051365226383504006,-9.73941465613293e-05,-0.9059929845922524,-0.9703296526111869,1.326155905577568,1
-0.105977709222671,-0.2716700451853947,-0.28205322870167276,-0.0704516838490517,-0.1662877318922576,1.277024307607261,-0.8240523011635719,1.3635939908894057,1
0.3840926212609332,-0.2910486910325138,0.07109225796021879,-0.07809556454807691,-0.16690216510016356,0.7413993230738445,-1.0567338087606335,1.0842726996659886,1
-0.105977709222671,-0.35365058726309273,-0.2895330116724838,-0.050369299338140675,-0.05584568168415773,0.24855676163662402,-0.12257513652508309,-0.9232024161058523,1
1.8543036127117458,0.06308032686924075,0.5616662904058117,0.007847654187437917,0.21029110412874327,0.06531127479038493,-1.5848505578660472,0.703326489436995,1
0.8741629517445374,-0.37762926207565706,0.5957242355329047,-0.048695517580463504,-0.0042653652253114935,1.3354068493396518,0.1278876958858978,0.7412782117766116,1
-1.5761887006734836,0.27363975477814784,-0.06324464419554736,-0.04883480553517076,-0.0803128720108573,-0.292915038425767,-0.7427130920755319,0.7146818845188044,1
0.8741629517445374,0.45196374644337783,0.3058577128040744,-0.05380921173865257,-0.04985039959943809,-0.2772315203759427,-0.20633879894583426,2.2961005593156196,1
-2.0662590311570876,-0.35855010085580186,0.23225664837129384,-0.03659577620690152,0.05007579468614984,-0.8259989240111579,-1.9337317928920388,-0.14644807407167684,1
-0.5960480397062752,-0.21267134482554076,-0.0570613569396769,-0.03857230566769819,-0.025155522648854022,-0.8646571353961813,1.2266091386402789,0.6894721263126496,1
-0.8410832049480773,-0.3437772036958099,-0.3506677711539126,-0.06148759070415237,-0.09013544366279969,-0.3830085465830402,-0.7268221207264741,-0.6009361093569426,1
0.3840926212609332,1.2553887994788873,-0.022454894394724523,-0.0429771271343362,-0.07821355059695811,0.7187073020874963,-1.801221015566304,-0.07968509348659303,1
0.3840926212609332,-0.4239326969792497,0.694058448989167,-0.059128971767908683,-0.0024083601672367626,-0.4652979361587207,-1.0388744693592753,-0.9178880017014963,1
-0.3510128744644731,0.036378835747228326,0.3010706517027553,-0.0349925314753972,0.07082631434620852,-0.07963173976259616,-0.4942426322052939,-1.3159279141783242,1
-1.3311535354316815,-0.3061414350289572,-0.8960436801656477,-0.07925762730589889,-0.16612205452409434,0.23824918455032534,-0.914903288797026,-1.6977048454471826,1
1.3642332822281416,-0.24945510375065874,-0.6969817227024634,-0.05746309959005746,-0.09949771229376404,2.0779450410403317,-0.059329310600717375,-0.6820756847775563,1
0.3840926212609332,-0.4187105910836818,-0.3137675084979115,-0.08376220673393175,-0.14671030916741137,0.02346174425018783,-0.33231435429304795,-2.500359006510573,1
-0.105977709222671,-0.27766934686309813,0.3252054180885723,-0.04962160770644345,-0.031013333235723185,-1.2173613741629787,-1.3862014137586032,2.1323299790048886,1
-1.5761887006734836,-0.2948413240853431,-0.189553245962643,-0.07400858390347163,-0.12251893630796072,-0.45897950801638915,-0.8895065400246647,0.0035407188235566313,1
-0.3510128744644731,-0.13494650446803802,-0.34493327087629083,-0.06566392264202225,-0.13011440446767106,-0.5962556808987078,-2.2545037719516454,1.56006119905217,1
0.8741629517445374,0.7013056328219235,0.2232310435865152,-0.06263776332243433,-0.10099309121293694,-0.4440547032162222,0.7050696193681608,1.6359987689402629,1
0.3840926212609332,0.21050500927568377,-0.29810982947901377,-0.046923212767576834,-0.05509668452496844,0.8531272295649764,-0.8758719905892193,0.9250034232967596,1
-0.105977709222671,-0.3858183020020562,-0.23413275246867674,-0.07311691520219643,-0.13463567086128794,0.8539538432221907,-1.3519410076287801,-0.3099865801386127,1
-0.5960480397062752,0.12487299687626556,0.3676407201429735,-0.04626318876615295,0.0003785750724121381,-1.920545375301177,-1.0264521465901857,0.9618670490329168,1
-0.105977709222671,0.2647499345512832,0.5093576748299399,-0.048950373445668334,-0.025237259740667164,0.5535410368011865,-0.6919375978971414,0.08448939284787146,1
0.3840926212609332,-0.3570583974411643,-0.29013139431014867,-0.04874269157783824,-0.019902714897736172,1.1300841354146176,-0.003128802034279863,0.12594426323791816,1
0.3840926212609332,-0.34835229467472206,0.11991030814971212,-0.0603891433525893,-0.020506395269911066,-1.067523625882636,-2.039117498277539,-1.1239308663753957,1
0.3840926212609332,-0.265405805999386,0.33079032270677783,-0.05629788781273655,-0.03592224502748756,-0.7389188654631756,-1.0725167599116991,0.6381794112842041,1
0.3840926212609332,-0.2333158794752963,-0.8025962582503152,-0.02864458816151044,-0.02789883046998172,2.0866119376266417,-0.49400858844297774,0.3913051249276046,1
-0.105977709222671,-0.009490586675142281,0.5185328752741347,-0.06631098465040564,-0.06422937122824056,0.4176841300463883,0.2999698724093997,-0.510161611269721,1
-1.3311535354316815,-0.32778234519569843,-0.6339520848684291,-0.033282364100777506,0.06365686837317519,1.1144183305145907,-0.90653772457475,-0.5518671901332755,1
0.3840926212609332,0.07191478019022465,-0.5117324311253768,-0.05148098924827033,-0.07277480102153414,-0.6164058648891222,-0.8316017127787965,-0.11967926365871416,1
0.8741629517445374,0.20026030137681247,0.8841945321071835,-0.04995778085928531,-0.0017666906933579822,-0.12877761192352563,-1.0467959505453617,0.9759930406381523,1
-0.105977709222671,-0.2955686438944125,0.6984964535518482,-0.0540366625536962,-0.014773633832669743,0.4017585322826655,-0.06297799284400557,0.5081964013147053,1
-1.0861183701898793,-0.2111984020980198,0.11048578160649022,-0.03595187058515906,0.09500841383835891,-0.5711871456478687,-0.835700479180385,0.2500629610899105,1
-0.3510128744644731,-0.380819951618684,1.0234182258038795,-0.04286559379160293,0.0023452170255749334,-0.15278335818651792,-0.6908934026498845,0.6285379337919046,1
0.3840926212609332,-0.2650161785584155,-0.8262323724380781,-0.05077039436807326,-0.021413374430515445,0.17817946529972767,-0.4398184557836151,0.07749728908317917,1
-0.105977709222671,0.5576408666602893,-0.5901205566594765,-0.028695882681995022,-0.00023121191146398476,-0.27595248335098527,0.28937789188406476,-1.7784127920291444,1
1.3642332822281416,-0.41889591006617516,-0.4176866265723795,-0.04980569398686513,-0.056500155351398226,1.2720970997719374,-0.34441261646816146,-2.060111654419619,1
-0.8410832049480773,-0.4088019740308385,0.09238470681712753,-0.0509356957393168,-0.0312798973264307,-0.8458553649340979,-1.1687627563226468,-0.39162401123661567,1
-0.105977709222671,-0.2234701793609538,0.3081515129151231,-0.06179422502104877,-0.10847583879562364,-0.27667650834895596,-0.48801946857652767,-1.0003916929531609,1
-0.5960480397062752,0.017932504534257713,-0.13220824318642507,-0.05347377793205781,-0.09588098951226712,-0.46870402725518845,-1.4905609272631783,-0.8746812332825076,1
0.3840926212609332,-0.007409523138402511,-0.8085800846269641,-0.06098655286107754,-0.12137432077513653,0.6343713056623022,0.832407429434497,-0.00978084127456558,1
0.8741629517445374,-0.1956856017412582,-0.3779440463874702,-0.0750578430162597,-0.13417944793477182,-0.40685192230622247,-0.024870867441242287,2.044122778899426,1
1.3642332822281416,-0.30726067016766995,-0.6976299705599337,-0.08112903262233849,-0.22034057291321496,1.4613702238846666,-0.6071717480839081,1.6720946753993144,1
1.3642332822281416,-0.32356073301672716,-0.4158416134395794,-0.06272332402910998,-0.04719906998869648,0.0020546646720629195,-0.9810716611892886,0.3224088732231888,1
-0.3510128744644731,0.17712608627336277,-0.23697506999758494,-0.05678871031523203,-0.12214703187121013,-0.7348832195009903,0.23095696813667882,1.3562744662689556,1
0.3840926212609332,1.6776680724315238,-0.018615272469708195,-0.037126023569477154,-0.12018737891715642,-1.3327293329374863,0.041375519538459124,0.8304266763448844,1
-1.0861183701898793,4.83641640169808,1.0039707900797707,0.113340568298512,0.12454938261687416,-0.19071459238193772,-0.6845442154567942,0.6906254986988786,1
-1.0861183701898793,1.9803067830196783,0.130431869528653,0.051095368130527605,0.12139699603300712,-0.1445607664409606,-0.4805960805256272,0.42953864917442075,1
0.8741629517445374,5.59399125057607,0.9707605536893698,1.4533906363796452,1.4510567166803765,-0.9105806903897916,-0.35765109184430255,0.2702274366453204,1
0.3840926212609332,2.2811517888883914,0.07602891472095408,0.04208091851606969,0.10690836628707479,-0.5939079505026377,-0.503718404018044,-0.13848915993107166,1
-0.105977709222671,-0.30690444590132165,1.1775017550025868,-0.03336585625927644,0.1283249503588577,0.6162263978385407,-1.473787790963852,-0.6452078695245865,1
-0.3510128744644731,-0.3930569529737921,0.1486825399774319,-0.08736051908474997,-0.151265241285634,-1.4318757367370722,-0.6400458950061658,-0.823686757038942,1
1.8543036127117458,-0.493788573035672,0.694307775088194,-0.03859383473411152,0.045755269760927995,-0.9660117785371825,-0.5872540237985897,0.20553993857188813,1
1.3642332822281416,-0.36090433830006885,-0.3251866438333497,-0.05906791516599376,-0.041366840970804244,-1.176752502156511,-0.957871323109433,0.6287605041410433,1
-0.8410832049480773,-0.3533382904592614,0.0595733921851698,-0.04324138214182403,0.0008271587097511651,-0.38533265944604705,-0.9602357652210376,-0.2609270887095567,1
-1.3311535354316815,-0.36447802040691524,-0.09480932833236991,-0.06019046723006892,-0.055730619798940846,-0.5037170200214786,-0.6128728140890458,-0.6545111581357692,1
1.3642332822281416,1.2030149095598686,0.4544062026043815,0.019951594072002164,0.16853561821582946,1.692548970178618,-1.1783885561881637,-0.5795702446042584,1
0.3840926212609332,4.014237982789716,0.768208030839807,0.5179015881646017,0.7319676961583133,-1.4622316472024497,-0.8090795014974468,2.8186353121225047,1
-1.0861183701898793,1.9556149733078156,1.5311458938625324,0.10878597758936023,0.3988267570549215,-0.5001205125646883,0.06470788230474946,-0.21481683772294458,1
-0.3510128744644731,-0.4627416949574922,0.5832579305815528,-0.06079462546139583,-0.058375434149200586,-0.5700402191984839,-2.1323149246562654,-0.7564412839441714,1
1.3642332822281416,-0.40028713875743877,0.45126469375664086,-0.03197384074514523,0.07924233262223664,0.013627993920970924,-0.8135563385920076,-0.03557751809516908,1
-0.105977709222671,2.9578209457871445,0.7879047926629428,0.12177022270723102,0.3104579400046308,1.2006201120517828,-0.42793023288237514,-0.3037745041794355,1
0.3840926212609332,-0.19738618939171848,-0.10179045910512688,-0.0686909548361782,-0.1322192988006285,-0.7437338900164489,-0.7669756287689763,1.0672509595078412,1
-2.0662590311570876,-0.2568095218892361,-0.7913267185742933,-0.044163104324145885,-0.054437345220821685,-0.19670827944464941,-1.3107253009726891,-2.1554257074992007,1
2.34437394319535,-0.3870915120484455,-0.3396974227967231,-0.06510306139606567,-0.14505939162379672,1.2606211928469153,-0.12022269665769991,0.4982729164614515,1
-0.5960480397062752,2.8560295756920437,1.4231876929838265,0.19868261522225825,0.3948901221605999,0.8316079667048011,-1.7393794522158355,-1.4651165044572534,1
0.3840926212609332,-0.2002124182691752,0.7704519657310503,-0.038587860951067775,0.07783692281828868,-1.4759113651814377,-1.403550657780554,-0.7490952795176451,1
-0.105977709222671,7.921418300220191,2.706369394236362,2.0779930083280496,2.442997765672417,-1.4137802781231619,-0.8741316651771246,-1.6714746037956625,1
-0.3510128744644731,6.883407785167684,3.6244878212935134,3.147108913272942,3.508542637350853,-0.43835623531680135,0.03573446475442802,-1.7155785297206247,1
-0.5960480397062752,9.523420827771373,2.5982615976982397,3.4964955303379432,3.380541130325064,-1.2004541726813138,-2.673538124451386,-0.8735118739130892,1
-0.3510128744644731,6.843979226936859,3.7895915640692155,3.537461092302527,3.8247439765704145,-0.647741164928717,-0.5274108341109747,1.350853716466116,1
0.8741629517445374,5.531483386569941,0.31922159171192344,0.32791836750035896,0.3250470979324701,-0.6436501653734146,-0.01317468044754376,0.3153090147880035,1
0.8741629517445374,-0.056192342996661884,-0.8287754986481538,-0.062161269106390755,-0.09133638771997771,-0.035961445032803,-0.4640509868665062,0.25929430576786855,1
-2.0662590311570876,-0.5203683484802938,-0.5015599262850738,-0.07506850828401962,-0.1029171911611196,-1.9088495300995034,-0.2603368956976554,0.6950773778702714,1
-0.5960480397062752,-0.2424676629551916,0.010605746336260241,-0.056614565226872963,-0.07344672601249905,0.6631942906222923,0.15651904947591097,0.7085901679640865,1
-1.3311535354316815,0.15545520476500843,-0.10757482460255408,-0.04258001578060552,-0.004837680267902118,1.5526047541080588,-0.42179708608526895,-0.8996126340774464,1
0.8741629517445374,0.4879494897994382,-0.03083225132203288,-0.04011703045936703,-0.04428285761231479,1.779985505866274,-1.4077394410138027,0.5467103044980334,1
0.3840926212609332,-0.3779415588794884,0.5417700677034544,-0.046101897404536143,0.03960891681292081,-0.6820788438589794,-0.5983260940927784,0.9746079448921358,1
1.3642332822281416,-0.28739699192192636,0.668327995569577,-0.03266775342162574,0.059370644169341735,-1.1406331755757888,-2.3983746734328815,-0.6348927687090267,1
1.3642332822281416,-0.5104194645868099,0.3291447704531994,-0.05081614720112471,-0.004941079525302283,0.7910094273690488,-1.8461694201752326,1.4223486363555984,1
0.3840926212609332,0.03356427510200266,1.0767740109956647,-0.048176598264903926,0.014764542122897439,0.24368859763395853,0.06822453986160289,0.08335405961520709,1
1.3642332822281416,-0.20875928398399354,0.09637392440156008,-0.05861261161180135,-0.05297665992670374,-0.5732057066768697,-0.5783063507315787,-0.06459740937609895,1
-2.0662590311570876,-0.48567640616867747,-0.49996423925130085,-0.049983601454262734,-0.1054751060454548,-0.7631947372605791,-0.5126000647418377,0.05282964896780708,1
-0.8410832049480773,-0.4957277874747008,-0.48425669501259766,-0.0728561611734958,-0.10229329186757456,-0.8754001607483339,0.08335336870260546,-1.2063278676587126,1
-1.3311535354316815,0.004275639468836608,-0.12487805587503026,-0.09418323394498378,-0.1914439187371369,-0.3029591324088286,-0.8226660419560068,-0.7478121402281354,1
-0.3510128744644731,-0.391195526749637,-1.227946583190436,-0.07904895223827267,-0.1626881687005362,-0.9769252929561355,-0.19187609465911623,1.1668316623979655,1
-0.5960480397062752,-0.5575334984471604,-0.8882148406561988,-0.08116034359959277,-0.1880358972073876,1.634435077884822,-0.03690911839524908,-1.6833591357080324,1
-1.3311535354316815,-0.5930275745274453,-0.2620572755597046,-0.09985757603239277,-0.23378633632043536,-1.3696509175944516,-0.9932539390739515,0.39276227363892985,1
-0.5960480397062752,-0.14416806855245237,-0.01736864197457302,-0.056345851874433306,-0.06324020784546336,-1.2133847720334514,-1.3826907573238603,-0.9159331087035089,1
-0.3510128744644731,-0.33961599177779944,-0.6861111047848847,-0.08039483946092375,-0.2616552514620803,-0.5089608504094316,-1.060394493248143,-1.0513809648821502,1
1.3642332822281416,-0.5480003239255165,-0.2668942018808291,-0.04900150905929591,-0.0581994148798156,2.1277905826182604,-0.4312668567759084,0.0483213011669977,1
-0.8410832049480773,-0.34233789293177846,-1.1051784120295243,-0.09766008951346036,-0.25569675598321706,1.6836481124054001,-1.101136111257491,-0.7805520234369738,1
-1.8212238659152857,-0.26491528266794695,0.3088496259923988,-0.059229802738333455,-0.0483009041445653,0.48552254157898367,0.4403121140895607,-1.210791693240381,1
-0.3510128744644731,-0.4227057022840501,-1.2618549326581125,-0.09136290673288885,-0.24937451284266315,0.10322922412345664,0.260428478822186,-0.628987914731537,1
1.3642332822281416,0.43812247755093253,-0.3374534879054798,-0.07235263628339304,-0.15133955838685162,-0.637887487305978,-1.349624574494061,-0.7741856039410027,1
0.8741629517445374,0.20500812795051782,-0.9250153728725891,-0.07486436343206737,-0.15131656214827743,-0.7792863958036529,-1.3786940099981533,1.2544920362207357,1
-0.8410832049480773,1.9768488680796734,0.3007215951641175,0.055500228896985124,0.12729923998695475,-0.08251676903585561,0.02913923155480017,-1.1169892246299054,1
1.3642332822281416,0.16773430327169525,-0.890558505987053,-0.07488959268551418,-0.2370338661891456,0.4288330817480658,-1.329484808690648,-0.2966083260730405,1
-1.3311535354316815,6.09200329921884,-0.2308915131813253,0.3742798617633095,0.282391196889985,-0.05272915545981281,0.06764843213897843,-1.626004795719062,1
1.3642332822281416,5.457202047453805,1.720683594342884,1.198885893376213,1.449689900057319,-0.7046210411199575,-0.9264314443716256,0.29501246367330136,1
-0.8410832049480773,8.057619058375822,0.3770652466861954,0.6437354463955893,0.3972631159559168,-0.7244863386177962,-1.5965227403713032,-0.04102050502377343,1
0.3840926212609332,0.17749718181608395,0.5020773527383505,-0.020224906216775907,0.07685601963176694,0.9528456204934382,-0.6895131445644301,-0.05968893727215302,1
0.3840926212609332,-0.29525383041304115,0.1480342921199616,-0.04291196851325439,0.011780254105322541,0.11726320509839355,0.9522318346182724,0.8417003914692065,1
0.8741629517445374,0.14311890904150265,0.25783750613146755,-0.048490745955160404,-0.030228303725654188,0.49105863893859464,-0.17908170231916484,-0.2590898039868595,1
1.8543036127117458,-0.5775495500785095,0.38683882976805517,-0.06546451346208482,-0.05513093304306301,0.3593554658112982,-0.7139377115548626,-0.49387068881503315,1
-1.3311535354316815,-0.23765005577696716,-0.6368442676171427,-0.03857169360816576,0.004652521375832024,-1.139002089698607,-1.3122675893551317,-0.7335081228893608,1
-0.5960480397062752,-0.5076749133349706,0.048503313388369475,-0.018054256095376347,0.08573940834797092,0.4004853996409739,-0.21083363940672714,-0.2707750895354184,1
1.8543036127117458,0.21973526733705465,0.38574179493233623,-0.051359900349166134,-0.04896213052633231,-1.2403611611270575,-0.3899971400208213,0.31118058471349647,1
1.3642332822281416,0.09863137137747728,-0.11934301647663009,-0.062281703195807704,-0.05229060785675014,-1.052576679645222,0.07261736124661435,-1.539334766938355,1
-1.5761887006734836,-0.17206841333898948,0.18164345026880585,-0.07075494384951553,-0.14195053677831365,-0.7033405279991837,0.8678560577422328,1.7108589800877423,1
-0.3510128744644731,-0.07446342193729931,1.1618939412034943,-0.024761180017437958,0.14635576882872728,-0.1940616396457473,0.666278366044781,-0.9784760392989463,1
-0.5960480397062752,0.07678752548546253,-0.3149642737732413,-0.039152332137396155,-0.015280315096200177,-1.576967098919607,0.19259179448315666,0.8126955282193226,1
-0.8410832049480773,-0.23261670069690177,0.13317445661795035,-0.031634736618519746,0.044708364130510825,-0.31584913912601364,-0.9670110320839855,1.303411611764647,1
-1.3311535354316815,0.04654895847536776,0.0747822842258189,-0.034430791079784036,0.054787890694979156,-0.6757943659204263,-0.22026140224259189,2.1633141435399232,1
0.3840926212609332,-0.3452910996305732,0.19954506417894693,-0.02951175420093914,0.0734335265641856,0.08050251488542182,-0.6484414648389951,0.8817326101638034,1
-0.105977709222671,3.771137914288186,0.4030450262048124,0.11161479554616274,0.15722478101479787,0.9501428890535109,0.26240884911870754,-0.15699377239363127,1
0.3840926212609332,-0.00737657754151481,-0.04718804341820634,-0.0913714416452164,-0.23375623488294098,-0.7498530452235591,-1.1678205801512713,0.32364748054942327,1
0.8741629517445374,-0.13918092882357666,-0.776217556973255,-0.05688168776589775,-0.08995505352707905,0.1730655313436226,-2.1012831222219837,0.4540584927420186,1
0.8741629517445374,-0.27012205970940734,0.3952161866953635,-0.007971135631980993,0.13459522654244913,0.7581249647700854,-0.5143043834212684,-1.089471644825975,1
0.3840926212609332,-0.24402411361926818,0.2768361548773276,-0.04932184382491925,-0.01747854468470238,-0.7427080034240132,-1.2860966958304938,-0.5753303920777936,1
-0.8410832049480773,-0.281151284634167,-0.14073519577314966,-0.060342179434259076,-0.06710508558730904,1.0402806800852777,-1.307016607508294,-0.3581435661066327,1
-0.3510128744644731,0.18234018455857598,0.06341301411018613,-0.054877736708457595,-0.07876413018082742,-1.0317888222620997,-0.7519308156375232,-0.6195229567651752,1
-0.3510128744644731,-0.1776796890977933,-0.6299628672839965,-0.04519978328041686,-0.0456496546061952,0.020421724916200704,-1.5244132570894757,0.334015150918763,1
1.3642332822281416,-0.39571914023341215,-0.6674615125776625,-0.07380923670763857,-0.1742943269326671,-1.065521301907616,-1.5951844901406234,0.3295835827846665,1
1.3642332822281416,0.4927522257012897,0.2556434364600297,-0.05194208742737601,0.01348428250084001,-0.3637425439866819,-0.6454229004173274,-1.0254799974958997,1
-0.8410832049480773,-0.4598376778651617,-1.025842847319122,-0.08364203362179347,-0.179902055416135,-0.7329037750111255,-1.0091449104230092,2.954799434550545,1
-0.8410832049480773,-0.5524704008143491,-1.7580138697219112,-0.10240094891522865,-0.3387698561858828,1.6299935055731118,0.18175376795128415,1.1473991094814853,1
-0.5960480397062752,-0.3910477291413769,-0.42546560086202295,-0.045376406668241956,-0.013855045829313035,-0.8274875666420518,0.3290813157682666,0.8387475166598476,1
0.3840926212609332,-0.5077506424500389,-0.5271407840452476,-0.07704460500152592,-0.17855834628286021,0.6298544524639528,-0.24499802758277933,1.9016688269839233,1
-1.5761887006734836,-0.16506655884488397,-0.0534710611136876,-0.0572293926440309,-0.01677400218755751,-0.7979752449357777,-0.812398122024648,0.1502304994417833,1
0.3840926212609332,-0.256240981554056,-0.5504278416943726,-0.06678500093399761,-0.1410639218438148,0.5049811746793893,-0.15012628813517542,-0.07922451518665158,1
0.3840926212609332,-0.3737517483530685,0.00277690682681136,-0.048674047197062954,-0.010334845238135965,1.1007179471941724,-1.1062010583188977,-0.89891308860513,1
0.3840926212609332,-0.3471534410101974,-0.9458091695314438,-0.08102773669345514,-0.19591843751617738,-0.7933816347549727,-0.6920216136066907,-1.6304140013755146,1
1.3642332822281416,3.692040111938162,0.22068791737643945,0.15359556038053498,0.23404357190661368,-0.5309236800624515,-1.131579803724927,-0.3017030364431485,1
-0.105977709222671,-0.2465915822878361,0.15322027497972393,-0.043160221105194956,0.0516031976555791,0.6032094468811406,-0.46463909683335197,-0.48021450973864993,1
-1.5761887006734836,-0.21672067898745337,0.6894708487670695,-0.07929157271328172,-0.11073029185578397,1.5195933472688803,-0.6776609283958541,1.0841659467408242,1
0.8741629517445374,-0.1467204371557801,0.7048792016869403,-0.031276840476024054,0.11252386007156957,-0.22295547720492714,0.7265176297917003,0.19981763626867732,1
-1.5761887006734836,-0.08732638963327374,1.036482913392896,-0.030998484539001937,0.07070640449884183,-1.5231183854874548,-0.902210915532956,0.3255287075480689,1
-0.3510128744644731,-0.2934004117992407,-0.34573111439317733,-0.05406732715015262,-0.05339444103480782,-0.3131847861773141,-0.3937298379736589,1.3791249255265146,1
-0.5960480397062752,-0.3600072571514808,0.2675113587737165,-0.07313811898734777,-0.10072197898190471,-1.7328413410413384,0.7197363618066417,0.37220688959234294,1
0.3840926212609332,0.06760394035301591,0.7221824329594164,-0.052818429212412484,-0.07746910230978479,-1.5688552143602836,-0.920526340214725,-1.0733327286703143,1
0.8741629517445374,-0.16181157963015258,0.8574169090716799,-0.022944956205765952,0.13671158810798742,0.1753025545534587,-1.3648614235330556,-1.528376465052085,1
-0.3510128744644731,3.5073782110716603,1.2685057811474543,0.10498563376217557,0.2507549983226412,0.013525405261727368,-1.6357580767308726,2.5787228242986457,1
-2.3112941963988898,1.329780872406785,0.5307997193462648,-0.022429282918761607,0.048303027253252376,-0.4372454732149197,-0.7002431508983106,2.808882480599369,1
-1.0861183701898793,-0.38331283511652003,-0.2795599677114024,-0.05206376783838416,-0.08169277057352113,-0.3856064752199993,-0.22859095973220375,1.3078290162204163,1
0.8741629517445374,-0.1117001828196232,0.4197498748396237,-0.015503563911265866,0.13260485496388963,-0.6174199427150261,-0.42233118595311875,0.023750270821366996,1
0.3840926212609332,-0.48329951862655024,0.30944800863006366,-0.056724899010696155,-0.007603786553983387,-0.35430733952790755,-0.20296016719752627,0.4708494440964396,1
-0.5960480397062752,-0.07098445842150501,0.33383210111490763,-0.040697615941251084,0.013078234741480765,-0.9581973272848747,-1.1624375736179993,0.7387621697768672,1
-1.3311535354316815,-0.34151150754317866,0.08994131104666259,-0.04148236507932578,-0.012254386901885243,0.01287961334202872,-1.138793152501954,-0.6406947384206572,1
1.3642332822281416,0.05455473851907906,0.6870274529966046,-0.053126178941871945,-0.03136728266182758,-1.3961032926732164,-0.9708697536011472,-1.3348714060007076,1
0.8741629517445374,-0.20865266837184307,0.7881541187619697,-0.01985325032101104,0.12023417384026584,0.7038245660180983,-0.8055568428184826,1.8779280028600471,1
-1.5761887006734836,-0.20778578735373546,0.09562594610447897,-0.05387655754615463,-0.02932942789536124,-0.5699383685871485,-1.6131458486178627,1.9360796918411265,1
-0.3510128744644731,-0.2885457408245176,0.7231298721357192,-0.030395103042416178,0.08432436677215095,0.034475633184659744,-1.748771208319036,-1.1536356470620859,1
1.3642332822281416,-0.31916867313163555,0.3020679560988635,-0.03224359118847776,0.051755675638413455,-0.05616329237679317,-0.6663488132172385,0.6891331386579611,1
-0.105977709222671,0.8457025233588399,0.379957429434909,-0.01877782837733664,0.11058287743610909,-0.5664724956101145,-1.326100175820229,1.2952077834400468,1
-0.3510128744644731,-0.17685833706427356,0.6854317659628316,-0.0913391780313917,-0.11761174726441224,0.0017705162273955145,-0.5102776304850078,-0.9635150289448533,1
0.8741629517445374,3.677050780509727,0.07762460175472709,0.2892417193797966,0.37605076852558755,-1.7474738788698474,-1.5852526330474621,0.04277469009433583,1
-1.3311535354316815,0.4435237251295773,-0.6510059900418783,-0.08141332661963945,-0.16600795898480272,-0.3739593411802686,-1.23225462825355,0.060573909710769494,1
1.3642332822281416,-0.35297199948275304,-0.06234707023905003,-0.07319670640439122,-0.08842367495816585,-1.2758841449979326,-0.022296386055764263,-0.45827688818977624,1
-1.3311535354316815,0.10468787027199962,0.08764751093561388,-0.08841433551838035,-0.15719414143952973,-0.22758968002068466,-0.12157895025471165,-0.10384866638029916,1
0.3840926212609332,0.09806077194249169,-1.0718684451995124,-0.07298306092687254,-0.12910423341958002,-1.365201964803659,-0.40944677678150726,-1.2160773714680375,1
1.3642332822281416,-0.2844174745033949,-0.7475949208049514,-0.0714078379528151,-0.12190291369818461,0.4609293091810427,-1.1512754864921504,-1.3645380399050937,1
-0.3510128744644731,-0.36871038566264847,-0.9894911020809802,-0.10435795133854117,-0.2873633875644327,-1.1490432314900356,-1.711774290506747,0.13053440929128912,1
1.8543036127117458,-0.3613603145125493,-0.7372728203052322,-0.05609065879416851,-0.07990094231823693,-0.7790155322213336,0.032319826273456004,-0.0980517764584205,1
0.3840926212609332,-0.4330034892001294,-0.3453321926347341,-0.0925316456893249,-0.20427247328983794,-0.8552743323388912,-1.3134558115330446,-2.1316601579440406,1
-0.105977709222671,0.891505139431966,-0.4497499629072561,-0.05429929690691821,-0.0818235177096719,0.5301559888290132,-1.2999412845398126,-0.9580674987531957,1
-0.3510128744644731,-0.4619381884556199,-0.8963428714844801,-0.07812803644706347,-0.15694823250305368,0.3731923879947385,0.2908541679232899,-1.756416338826501,1
0.8741629517445374,-0.35428845062505737,-0.7317876461266375,-0.07425230638349486,-0.17831436283391386,0.13695137109825772,-1.7096438921574586,0.15843423833586237,1
-0.105977709222671,-0.10370126644193016,-0.44925131070920205,-0.06997603567721401,-0.1476607541189242,0.37707009170456324,-1.010795219003444,0.5800392195421161,1
0.3840926212609332,-0.4755639382350915,-0.7038631230356096,-0.07219986535782724,-0.11401578210180624,0.12809405815162517,-0.5640896924513982,-0.5449244992158625,1
0.8741629517445374,-0.16758186365171301,0.25075664491909977,-0.07634540806106124,-0.08016611624342498,-1.1053013461131445,-0.2822709970121593,-0.034631899861778837,1
-0.5960480397062752,1.017362810475798,-0.8513644432200032,-0.04510428009153918,-0.030658521026590925,0.738602121501664,0.08852033483989351,2.9533833125245628,1
-1.3311535354316815,1.5623566530136326,-0.6481636725129701,-0.04963378047497532,-0.10263996180744855,0.9928611019816912,-0.5585626589874698,0.9187887092946686,1
-1.8212238659152857,-0.16548547126086577,0.020628655517147022,-0.06077199012899456,-0.08371041511211226,-0.73066232351384,-1.2826160450063042,0.5823974786380164,1
0.8741629517445374,-0.3549777914821591,-0.8013994929749855,-0.07122352886231062,-0.16423265316208685,1.765986951190932,-0.3876567023976595,-0.7313221328222085,1
-1.3311535354316815,-0.39982384130120546,-0.9460086304106654,-0.07328048925200505,-0.1460712530426409,-0.02547821254434631,-1.5204345131301007,1.1541450615820426,1
-2.3112941963988898,0.09175855380451525,-0.07112334892480164,-0.06072601112789016,-0.09334149503525502,-0.9330859852553584,-0.7317130352466713,0.07197366448445654,1
-0.105977709222671,-0.07007616661842049,-0.010736567740453905,-0.05971161873128817,-0.05519671027462878,-1.3288804130960823,-1.4314798800836186,-0.531906333818472,1
-0.105977709222671,-0.3928073443195943,-0.712988458259999,-0.07283236133691326,-0.20321120627950595,1.0861599522043943,-2.210611564834195,0.08829410009001967,1
1.3642332822281416,0.07366730291355651,-0.4974211130412251,-0.07760035153725009,-0.11885516880731072,-0.31408741876907575,-0.5936152132359014,-2.116811427971189,1
0.3840926212609332,-0.04551659687184316,-0.43050198806236906,-0.08434406445432623,-0.22453937642963573,0.9714053112416233,-0.5386389335800408,-0.5157834082467769,1
0.8741629517445374,-0.0401720889322828,-0.7623051606475465,-0.06581164271494276,-0.1511229680115863,0.07934377966950538,-0.13395326404691604,1.5833878341130685,1
-0.3510128744644731,-0.24325698454729275,-0.3679211372065834,-0.07409802511064735,-0.16827768591069117,0.5897895217658486,-0.800857964205827,-1.432694149167263,1
-0.5960480397062752,-0.5554448848778005,-0.639088202508386,-0.09150691136730967,-0.1578383702129024,-0.8392586927303647,-0.510037585600581,-0.23357228802491453,1
1.3642332822281416,-0.3309064571783481,-0.575360451597076,-0.06367857154581413,-0.12197415918259846,-0.28316247336645506,-0.682209778955743,1.1130005827784526,1
-0.3510128744644731,-0.3330474633983141,-0.7549251081163463,-0.0823992362102283,-0.21033186114193966,1.1582140933887826,-1.4435121299155147,1.4911681041865767,1
1.3642332822281416,-0.009260882652397478,-0.3109750561888088,-0.0633018205064586,-0.14155494244851555,2.4311607470075303,-0.3657286022052662,0.49062041381374677,1
-1.3311535354316815,-0.2366365210949358,1.1602982541697213,-0.06046096108779425,-0.0337388157651363,0.22299447233518094,0.44456690966602674,1.198014747022829,1
-0.3510128744644731,-0.3385514371783656,-0.17753572798953993,-0.08911723611553392,-0.17950240482384278,0.33937577088768434,-1.5429867300220037,1.6727288642497953,1
1.3642332822281416,-0.17347432092839868,0.22273239138846113,-0.042720518107395085,-0.015535459769969787,-0.3265692849930112,-0.28204295437195376,-1.0151402393736555,1
-0.105977709222671,-0.395428578371972,-0.9307498731502108,-0.05693052970557819,-0.08706015732210041,-1.3328282313571886,-1.4702171233080024,-1.5328064804461725,1
-0.5960480397062752,0.08872710131311222,-0.5996448136423091,-0.09568169153299383,-0.22070178614627758,-0.7094449222481294,-0.15241271565934122,0.5874539516187528,1
-1.8212238659152857,-0.22957083450686036,-0.5944588307825469,-0.07508387191389441,-0.18440272838496197,-0.7878499656828111,0.2780537744612278,0.40993826884937157,1
0.8741629517445374,-0.5544750488694188,-0.7112930407866153,-0.05325064359912521,-0.06622013771814565,-1.006019879546353,-1.565058857145053,-0.8599954850826492,1
-0.3510128744644731,0.20570730672891235,-0.386620594633611,-0.08630774561763069,-0.27266727922198175,-0.1503743698140649,-1.2681233351090329,-1.4318361444191856,1
-1.8212238659152857,0.19697169019859156,-0.8766461096613445,-0.07371493451889623,-0.19252144034292573,0.12414771598633526,-0.7012813450234566,1.1931717066328738,1
0.3840926212609332,-0.5739003676454622,-0.6638213515318678,-0.06631560865412048,-0.06817032367444369,-0.9590394399481617,-1.3231536248638895,0.253047217802482,1
0.3840926212609332,-0.2714165471204532,-0.20311658574971367,-0.07826436751461262,-0.10038186910780217,-0.01912657224614452,-1.5693736639426257,0.2507577174741944,1
0.8741629517445374,-0.2034410867641699,-0.6276192019531425,-0.06688715094725378,-0.16207838147099504,0.06606482170468471,-0.6419002417383634,1.422100395480145,1
-0.5960480397062752,-0.4214066390956587,-0.6128092316709366,-0.10743862989367348,-0.2610209332571076,-1.5648601610330508,-0.2846594436122065,1.0282345695574093,1
0.8741629517445374,-0.45810025520707004,-0.917286263802751,-0.08652579791254768,-0.218170286141046,1.1822183635559582,0.052657629106521324,-0.7430669142315068,1
-0.5960480397062752,1.1110239393833894,-0.18795755892886998,-0.07053372597430803,-0.1901188634970827,-0.44237712032082216,-0.4118952346026612,0.7458370228145339,1
0.8741629517445374,0.06406777962040268,-0.7658954564735357,-0.06893884868473923,-0.17108651230941382,-0.21732121947352204,-0.6472892493937462,0.7365439419150489,1
-0.3510128744644731,-0.3031671797543731,-0.40876075222721164,-0.06549641235125311,-0.10737823926122096,-0.9618919951134591,-1.2066658435736473,-0.287839828624198,1
-0.5960480397062752,-0.129062054801707,-0.4206785397607039,-0.06673465054934143,-0.18444309003010048,-0.49779787579749785,-0.6842501604733713,0.7354582266662282,1
-0.5960480397062752,-0.4106327425467787,-0.6333038370109588,-0.09222645323765917,-0.2154539908102992,-1.1168591763559796,-0.38487818286041864,0.44713459534058997,1
-0.5960480397062752,-0.3234946130340845,-0.44940090636861824,-0.0754225397279042,-0.11984238888228274,0.8589083588301187,0.10363716143667473,-1.0960221960112806,1
-0.3510128744644731,-0.25575228853355514,-0.3757499767160323,-0.1062496112514022,-0.22559404209093048,0.6093662425315706,-0.5245242943757418,1.564675559181578,1
0.3840926212609332,-0.516529728865142,-0.5960545178163199,-0.09995321664330578,-0.23772582553707322,1.651241904850968,-0.8276889811626387,-0.06270665126502592,1
-0.8410832049480773,-0.15342578127789633,-0.15200473544917162,-0.07296751687991776,-0.12159843123838487,-0.2397977304706679,-0.8829893214124755,-2.1426287896944247,1
-1.0861183701898793,-0.35706640505151893,-0.69593455308655,-0.05782045059771442,-0.06314086891623467,-0.8306582204557951,0.1371774329132171,-0.9849576468509037,1
-0.3510128744644731,-0.3799837283087913,-0.5390585715787398,-0.09183006253778014,-0.2562324936574322,-0.6002404015552256,-1.2696476201251434,-0.6167608485625068,1
-1.5761887006734836,0.8076919985273896,-1.146566544468012,-0.07172443046464017,-0.19197635067245106,-1.5225072818194427,-0.4912840790047329,-1.5972261008787587,1
2.34437394319535,0.034342614828474595,0.009558576720346696,-0.05543055280944534,-0.08805786795293667,-1.8325708026884238,-1.163937854145667,0.4810033116588835,1
-0.8410832049480773,-0.41986574607455684,0.07877150181025144,-0.06797391166735536,-0.03440419107235623,1.0369092772404966,0.676468271388701,-0.9861011382731386,1
0.8741629517445374,-0.3668491882273606,-0.12328236884125725,-0.06505947795701868,-0.09533325544770425,-0.23945527624125057,-0.24504003543755404,0.49949309853868873,1
0.3840926212609332,-0.17965116276710802,0.9716082624260617,-0.03634668344673566,0.0905147333676051,-0.7952238023339073,-1.1325159787741916,1.5585492366104774,1
-0.5960480397062752,0.5020561537779233,0.6399048202804951,-0.03233317491298449,0.05975782992362545,0.08516402547378371,-1.0078006590702189,-0.8429999484068121,1
0.8741629517445374,-0.3582583950500253,0.4501676589209219,-0.01906028820735255,0.16171603333780024,0.8384976439281003,-0.3018766629477227,0.6554987233044034,1
-0.105977709222671,-0.42164503709535994,0.4636312682683818,-0.030084581722545852,0.10491349257933218,-1.1926227463271168,0.04112347240981092,2.2831357637461527,1
-0.5960480397062752,-0.29803819092778644,-0.553419754882697,-0.056266707856553515,-0.1326467113218773,1.1501789658119148,-1.1962178899789684,1.5078712556071956,1
-2.0662590311570876,-0.5670222879285527,-0.30444271239430043,-0.0799715761568939,-0.1998973695826823,1.0353276405731662,-0.5921149327082336,1.36613683312892,1
-0.105977709222671,-0.14499765698519407,-0.2772661676003537,-0.05290511356512829,-0.12080079199196812,-0.4454200918464422,-0.10566397441721113,0.280960071082146,1
-0.3510128744644731,-0.30053770930277346,0.6183630453245593,-0.019128680521383404,0.12958736681903554,-0.12525417120964982,-0.5890063514549058,1.8434621603149584,1
-0.105977709222671,-0.010904959452640662,0.8875355018341456,-0.020458718327464185,0.1967430564448865,2.0553128019345497,-1.2316185093098189,-0.8222728283174369,1
-0.105977709222671,-0.16515990470273245,-0.9508954219515953,-0.06866887277181337,-0.10749580164351867,-1.428412815951671,0.5387185144603501,-0.6513171714753906,1
0.3840926212609332,-0.4484355270867426,0.4950463567457881,-0.08579603393050568,-0.19758518379450576,-0.9326084682587354,-0.3937238368515482,-2.576681410857102,1
-0.105977709222671,-0.24617266987185427,0.8924721585948809,-0.009916834055234382,0.17075730230191938,-0.9683137499629425,-1.3693202572612844,0.06167432214592069,1
0.8741629517445374,-0.2809735156842938,0.04082406953833681,-0.04567411956285613,-0.004989626053656751,-0.08793625482596668,-0.6844722019914661,0.8555749273545228,1
-1.5761887006734836,-0.5274752170644789,-0.803294371327591,-0.0679431577108469,-0.16959170286170838,-1.0756635562624717,0.8319333407877539,0.2681954012380569,1
-0.5960480397062752,-0.1631399277935553,0.17710571526651384,-0.018602273913440832,0.08865785241609919,-0.4013364902880419,1.242950194147637,1.2619242550113203,1
2.34437394319535,-0.3013901766222427,0.4586946115076465,-0.04732912448656754,-0.043133087556633004,-0.7338100978424282,-0.4106109944709775,-0.06265188493301112,1
-0.105977709222671,-0.34097293854961164,-0.140535734893928,-0.03898882900311014,-0.00017106647846840917,1.1059979419296286,-0.9283398012028191,-0.9173525011316123,1
-0.3510128744644731,-0.3501059613423903,0.9038912939303192,-0.013770335290845212,0.20619021664545295,-0.6227139603607386,0.622578194834872,0.44011944787876583,1
0.3840926212609332,0.8455885865029366,-0.4518941673588886,-0.051080323397575116,-0.10692206157018427,-0.38463594222068076,-1.122920184519228,-1.2786121730212279,1
1.8543036127117458,0.7167722178274953,0.21789546506733665,-0.040025241063590525,0.040907159994201636,-0.20348798752962288,-1.5061938503614773,0.19362762154477356,1
0.3840926212609332,-0.4050265001430549,-0.382332185730346,-0.04651304696149891,-0.04019717797802581,-0.5408555907634626,-1.4796688906323099,-1.1918446594377745,1
0.3840926212609332,-0.3915808072021293,0.3276986790788426,-0.044542475055773224,0.038584299391702465,0.711264826980935,-0.8443180905313091,1.3586246673747546,1
-0.8410832049480773,-0.11786695794817242,0.6120301624092727,-0.032499008441828695,0.005523574203059465,-0.15042308097600787,-1.2414543484492093,-0.33921161058026517,1
1.3642332822281416,-0.4519529271322393,-0.01981203774503796,-0.037637395263977864,0.04779366875171356,-0.7898921442448753,-1.2361673598697078,0.6850584144849516,1
0.3840926212609332,-0.48546203100004015,-0.7548253776767354,-0.06728379913873885,-0.14919319827762065,-0.8174050941677624,-1.3438634972678165,-1.919200382481884,1
1.8543036127117458,-0.33999532371974256,1.0463562269143667,-0.027127932621960067,0.1224335011725493,-0.4342954957257362,-0.700837261987267,1.053694896980223,1
-0.3510128744644731,-0.25959685665925597,-0.3807863639163784,-0.06449557636022377,-0.08494246484253054,-0.2688148220305217,-0.12113486721852196,0.11351521946178592,1
-2.3112941963988898,-0.36464846811303564,-0.07217051854071518,-0.04990346989337757,-0.014158869567170381,-0.39833042115783324,-1.7181294788219479,-0.8530707386430175,1
-2.0662590311570876,-0.27387053651085236,0.06775128823325653,-0.051083069965978,-0.023295652327771633,-0.7712911228138295,-1.8348813094850598,-0.2499133281424085,1
-0.5960480397062752,0.9616339606070482,0.15207337492419956,-0.0352113620040438,-0.004972864190246937,-0.7226286720327888,-0.4882715157051759,1.5055618142823994,1
-0.8410832049480773,-0.1348655132090224,1.0653050104404211,-0.03429796088145407,0.07842201126068482,-0.8228681247844588,-1.2646186797964007,-1.9996090881836668,1
-0.8410832049480773,-0.32510528665970545,-0.5518739330687294,-0.06747322953673832,-0.15680646594137404,1.6410679144360583,-1.2624582758365592,-0.4851415406380292,1
-0.3510128744644731,-0.31328719772057917,0.17795342400320574,-0.0456055317437085,0.01856861741501047,-0.7758234750182517,-1.2998272632197099,1.3446702068917509,1
0.8741629517445374,-0.1959887469903985,0.4622350421138304,-0.04083678514431933,-0.0113294838526413,2.9216873141087345,-0.09156733857924405,-1.5243033135954418,1
0.8741629517445374,-0.3904855948944805,-0.08348992343654255,-0.07297228191082938,-0.10790211517786345,1.0595902275082214,-0.5423176214338824,-2.0914714694685768,1
-1.0861183701898793,0.7256858320965567,0.6421986203915439,-0.03375460987725269,0.03340953935821531,-0.5284711468634131,-0.40374571077636945,-1.010018207731405,1
0.8741629517445374,-0.639515413258062,0.4408927280371162,-0.04884949719692702,-0.02092728682592578,-0.03423884121500112,0.6749379852504798,-0.21994777750156122,1
0.8741629517445374,-0.25058028739992066,-0.2959157598075759,-0.03900593912616547,-0.056088407545673485,-1.1307743316176921,-1.8094485539800345,-0.18448848926784123,1
1.3642332822281416,-0.11814608036624878,-0.1315599953289548,-0.04694664423925212,-0.05367411722802006,0.1745106291479311,-1.308132816220879,-2.20684935105091,1
1.3642332822281416,0.09321868435546876,0.6867282616777721,-0.04861824126027904,0.004689841077733313,-1.9240223189968346,-1.1654981458944416,0.11231283793128176,1
0.8741629517445374,2.7436951570151438,-0.6000936006205578,-0.010353132133617986,-0.017192830413622576,-0.11943761564491262,-0.7318510610552167,-0.38885734025832047,1
-1.5761887006734836,-0.24928396967793653,0.3964628171904987,-0.0827849353773768,-0.1686835577388571,0.27100227462162435,-0.9550627979616388,0.24085106613832713,1
-1.0861183701898793,-0.03882543765949803,-0.4385302884510396,-0.06130176164620672,-0.07582632960116395,0.30080686329955636,-0.3476592235300347,-0.08202178554782523,1
-0.3510128744644731,-0.22609598919067703,-0.34827424060325307,-0.035369179582501145,-0.016347723088498682,-0.22914400891541079,-0.08437199316854906,2.175484973086116,1
-0.8410832049480773,-0.30890772122318766,0.2543968059648945,-0.038826406825175186,0.0207326671614774,-0.07982879855409278,-0.03386054836302802,-0.28119498441980795,1
-0.105977709222671,-0.167386020381325,1.022021999649328,-0.04903345683536412,-0.027365218221876878,1.3043025582953318,-0.05843514340622734,-0.8172055359658236,1
-0.5960480397062752,-0.35498122331516824,-0.12981471263576555,-0.0581762665597794,-0.05826792325629865,0.13498373537492447,-0.3661966897298986,1.0556627589669854,1
1.3642332822281416,-0.4214528544468484,0.37407333349787103,-0.030441566995379407,0.11742866807363782,-0.6618437843591191,-1.751291679605518,-0.30675164413490585,1
0.8741629517445374,-0.07099315239846149,0.7483118081374497,-0.07627120424413206,-0.08109676724869465,0.07078094783825542,0.36715243443836587,-0.770465471417221,1
-1.3311535354316815,-0.4548560290691006,-0.3785424290251351,-0.06123098370057223,-0.09807817400370783,0.8479107069496278,-1.304280095825828,-0.30850994057085884,1
-0.5960480397062752,-0.1436670209331186,0.4963428524607287,-0.05805240469529492,-0.06430358617040578,0.6143908726907802,-1.279387441310763,-0.4486094704978706,1
2.834444273678954,-0.08125158762936935,-0.13230797362603589,-0.05008809730576188,-0.013588963580819792,-1.312878058349904,-0.018869745330570904,-0.8554899188936927,1
0.8741629517445374,0.7669552255534821,0.6768050829364962,-0.03424901436811931,0.029705030376707534,-0.5659130552956784,-0.4601862642272338,-0.9237921491712936,1
0.8741629517445374,-0.16204791853004838,-0.16995621457911808,-0.03215117536695606,0.02179314501219799,-0.06972861293000591,-1.1407975272869182,-0.6688284175411178,1
-1.0861183701898793,0.0411554897182104,-0.3724588722088754,-0.049811254056366,-0.06634536170589166,-0.4716953354272326,0.04932100521298803,1.0601064716796007,1
1.8543036127117458,-0.35406286480192356,-0.30947909959464653,-0.0745441535955462,-0.07297178701698102,-0.8293651605205814,-1.674117249262284,1.3596172041452392,1
0.8741629517445374,-0.3708802192798912,-0.4083618304687684,-0.046529343154722465,-0.05325643276294387,-0.15638577002657403,-1.0556776112691553,0.4625468854427798,1
-0.105977709222671,-0.26923962104832494,0.43585634083677016,-0.025950990045999645,0.11107327968072309,-1.7288204560373177,-2.0530941116732926,1.144117519308512,1
-1.3311535354316815,-0.17526367865936193,-0.6063766183160392,-0.028965400066585448,0.06534919541769367,0.5683935129063471,-1.0206970704860518,1.1547194756461099,1
-0.105977709222671,-0.13080268050394053,-0.01981203774503796,-0.04492749791141391,-0.045315357292531534,-0.29480001278337886,-0.6364632251060951,-1.3453360474234999,1
-0.3510128744644731,-0.4682147822404615,-0.8917552712623827,-0.11081363590570022,-0.267813886719267,-0.452607202376757,-0.7248897594068379,0.2439407305510822,1
-0.8410832049480773,0.05859972569251345,-0.5394076281173776,-0.033079748438564115,-0.014238730853663615,-0.7803403282166012,-0.3944739771153822,0.506945465469597,1
-0.8410832049480773,-0.4153439629017199,-0.5651879467567731,-0.06091261528784725,-0.13576429970120094,-0.37185811878554625,0.2228854588978258,-1.8232040446589572,1
-1.0861183701898793,-0.2369982362940987,0.49918516998963686,-0.03771298829812756,-0.0017799091691977516,-1.0079159246225884,-1.1148906831351497,0.9410707806947431,1
0.3840926212609332,-0.4407617196894484,0.5204277536267402,-0.06851902388117634,-0.08388310948935179,-1.7590213764419675,-0.5894504344910955,0.04908796874761552,1
0.3840926212609332,0.22331855857632665,-0.28060713732731596,-0.056044549105864615,-0.08912611093264271,-0.9944937853635716,0.31869937451680513,0.06874096355395379,1
-0.8410832049480773,-0.32879244804472063,-0.030134138244757185,-0.04169327156843745,-0.048734376301215375,-0.5385528812897943,-1.1594190091963315,0.7674277082994286,1
0.8741629517445374,0.07383477636440233,0.460838815959279,-0.06626667109562669,-0.08336465610221375,-0.4074253855309149,-1.0739150213634856,0.20160698265039084,1
2.34437394319535,-0.34287394524780546,0.4267808708321861,-0.07230981770331775,-0.087380703790041,1.173420832489892,0.9942936994919682,0.4010308016078074,1
-0.8410832049480773,-0.39843051709949645,-0.7640005781209303,-0.057857547938326044,-0.07315872014323482,-0.9931763698473863,-0.539293055890104,0.5157352419080294,1
-1.8212238659152857,0.4700650640444967,-0.15225406154819865,-0.05487396253538062,-0.026628275834711963,0.21760229431767428,-1.34326938617886,1.4740288815417772,1
-1.0861183701898793,-0.4955765580334316,0.29024989900498205,-0.05788794597564648,-0.07844575424625867,-1.0480856581236606,-1.12123987032824,-0.13107859350297787,1
-0.5960480397062752,-0.4828620743123191,0.5469560505632167,-0.07598267532487535,-0.10505642946478547,-0.6749802990776519,-0.46426702726249036,-0.6435150973456967,1
-2.3112941963988898,1.559988688237329,-0.0280896642327355,-0.0590956689382711,-0.12946398254052566,0.6861601273825927,-1.2516202493046866,-0.9061938475110519,1
-0.105977709222671,-0.18153226483384882,-0.5945086960023523,-0.06754421530929972,-0.1567614310737202,-0.6028833511145866,-1.7203919018576712,-1.0590247363058136,1
0.8741629517445374,-0.31068197888891075,-0.4730868857761865,-0.07947428005569154,-0.1653809114787082,-1.4005662683742652,-0.8282230810304885,1.4323888573455756,1
-2.0662590311570876,-0.2558950527867352,-0.2948187249718569,-0.0959485581892715,-0.27168307979454387,1.4268709124625025,0.45512888458080836,-1.0034477558810642,1
-0.5960480397062752,-0.5574406101670464,0.5660544297486875,-0.060661036818924076,-0.0016887885001604633,-0.5601134748328304,-0.18880952126056316,-1.0458677325392685,1
0.3840926212609332,0.019946761721752977,0.7586837738569743,-0.05361170908328093,-0.08169482532273073,-1.363784174771955,-0.5077211524658618,0.5410634347312792,1
-0.105977709222671,0.43423947289552933,-0.2005734595396379,-0.06804004118694672,-0.12989073457720957,-1.4767490495572755,-0.9923837763679042,0.6902173832348222,1
-0.8410832049480773,-0.5380491521433599,0.09911651149085746,-0.05578607982296624,-0.05585437414196886,-0.7623585289805578,-0.7364779262025444,-1.053887688523114,1
-1.3311535354316815,-0.22898627895097096,-0.1512068919322851,-0.05730464991881358,-0.0858332949295412,-0.5870795312557212,-1.4870742753168784,-0.1390949227657794,1
0.8741629517445374,-0.49816621922212523,0.6147727494985701,-0.04666401046407845,-0.0035650730433643444,-1.0151318190213239,0.7822740553219482,0.20438226306585114,1
0.8741629517445374,-0.5472418888304975,0.5114021488419616,-0.031521401411217335,0.06161845300788199,0.3260421973776549,-1.3078507634816774,-0.9983471071641152,1
-0.105977709222671,0.08022164638327078,0.478491103770393,-0.014864020491239326,0.14393130408671043,-0.1253353564795548,0.05950490943479737,1.5535085357587508,1
-0.5960480397062752,0.017414526538745527,0.26377146728831097,-0.023062213932175515,0.07374561111490123,-0.38420344614645974,0.35879287133820065,1.378979127724007,1
-0.3510128744644731,0.11782950280831585,-0.8812835751032473,-0.0732815507847601,-0.2012877648281135,2.12956411174173,-0.7619826951728977,-0.819772935569652,1
0.8741629517445374,-0.4550482117176122,-0.3687189807234699,-0.0636281171177178,-0.09121441354048576,-0.07237451468099981,-0.017759537740096698,0.998872120409099,1
-1.3311535354316815,-0.010373711702826485,-0.8735544660334092,-0.058931741093995856,-0.1265546046293673,-0.8315239506521453,-0.008193749095686511,-1.5872465026561875,1
-0.8410832049480773,-0.04549097251870828,0.3064560954417393,-0.028076724446361428,0.059649587303880765,0.3088117309121867,-1.390258172305417,-0.46472116724809004,1
1.3642332822281416,0.13781238005391008,0.3262027224846804,-0.035342244961545186,0.022740737756414896,-0.5514008192762103,-0.876754155539488,-0.39248579502882747,1
0.8741629517445374,-0.14263014978662514,0.8225611204277006,-0.04508580270251847,0.02735392819423141,1.2421832800035877,-0.32108025370187115,-0.2258525772214608,1
-1.3311535354316815,0.24980224269669263,-0.10877158987788384,-0.03779342809997381,-0.018237646949415556,-1.2047119710638756,-2.5427916770261882,-0.1939098258082437,1
0.3840926212609332,-0.4208209395954329,0.5084601008734425,-0.044581472313328326,0.028493086359288385,-0.7385343425029894,-0.28865619093791367,1.604681940267187,1
0.3840926212609332,-0.5709663792115185,-0.1670640318304045,-0.08415438586979027,-0.14076645682290478,-0.2286067100382215,-0.3638622532288474,0.5227018364143949,1
-0.5960480397062752,-0.473542817381578,0.44453288908291094,-0.059937735852668254,-0.04700606978923782,-0.2940021829945854,-1.7756682376190653,-1.2476783708454944,1
0.3840926212609332,-0.468601893003892,0.2390881834846346,-0.06338728977881171,-0.05400860551249299,0.5819352159264967,-0.058681189412764866,0.8698683024730071,1
-0.8410832049480773,-0.33515689675459603,-0.14138344363061994,-0.046401767776268525,-0.01566979963026498,0.48544283240489516,-1.5211006376843852,0.506767781723805,1
-1.5761887006734836,-0.08166020454632375,-0.5540680027401673,-0.057693122367561016,-0.154027105118561,0.9735589350378298,-1.5289501054051433,-0.3371081631872534,1
0.3840926212609332,-0.24314670831326587,0.4071339742288558,-0.055667339803345574,-0.01498811825446759,0.4191277517548804,0.23478568404328715,-0.9616484023698098,1
-0.3510128744644731,-0.3817451737979469,-0.20012467256138924,-0.0671388308925347,-0.09214444356851614,-1.0569621603159072,-2.045946775239483,-0.272004353131461,1
0.3840926212609332,-0.5361412817791478,0.31199113484013946,-0.047863218547508316,-0.03466535195611954,3.5891748901176244,-0.368399101544515,2.0405754017339333,1
0.3840926212609332,0.03388366436071954,0.20403293396143354,-0.05620188782107701,-0.05117271043649167,-1.0935095546834013,-2.681021523723393,-0.05726955579820525,1
0.3840926212609332,0.14202301036725207,0.3462984060662594,-0.035544436246855736,0.04166007010692246,0.08378018564585804,-0.1233912891321344,-1.5719623347383707,1
-1.3311535354316815,-0.44594676178851755,-0.22814892609202791,-0.051722071887243516,-0.032449302837890236,1.4358559076972583,-0.8811889847792741,0.6924825819447673,1
2.34437394319535,-0.38137201915542024,-1.3009492649855516,-0.08511676087476401,-0.28529300239183597,-0.09710059570242166,-0.4898438096981718,-0.25164658963614284,1
-0.3510128744644731,-0.33112540812433094,-0.7626043519663789,-0.11463723613762666,-0.35666593469645286,-0.21061679227518773,1.1267024577418217,-0.9984841907416896,1
-0.105977709222671,-0.31069547743208004,-0.33904917493925285,-0.06599260549734579,-0.13620028824149996,1.475191647062034,-0.6396378187026402,0.26786463220472573,1
-0.3510128744644731,-0.4625145076122874,-0.3940006471648112,-0.08553616663520086,-0.1855600219697471,-0.5444255284955567,-1.673883205499968,0.08270482119225786,1
-1.3311535354316815,0.26499016286192273,-0.08932415415377515,-0.06439502246736083,-0.08267018192975263,-1.6757585016753356,-1.338942577137066,-0.9920506874146702,1
0.8741629517445374,-0.24169092475079057,-0.24954110538854746,-0.05593442575274876,-0.0555568290455508,0.1333659343600908,-0.6346088783738976,-0.5831846502271651,1
0.3840926212609332,-0.47034412022819644,-0.9997134721410886,-0.07813187622227066,-0.2199290430591609,1.3726421043576134,-0.33412069204836004,-0.08568318502646018,1
1.3642332822281416,-0.24779615567404265,0.2449224142018672,-0.07113156908302777,-0.13747060998823563,-0.48645924578340605,-1.125494665904706,-0.5854370363223707,1
-0.105977709222671,-0.17119055045525264,-0.5100868788717985,-0.05836225099069332,-0.10660152360264172,-0.5435693929220133,-0.7540072038878155,0.18869581972243615,1
-0.3510128744644731,0.2645467700371424,-0.16272575770733408,-0.08798171372071144,-0.22041069531554885,-0.12473237133853331,-0.20314020086084641,1.4524958077340575,1
-0.5960480397062752,0.048746704334418134,-1.1051784120295243,-0.08172290946199735,-0.19935547702302747,-0.23369850255707975,-0.9458750800102009,-0.27978664332757763,1
-0.105977709222671,-0.37399540849671714,-0.2923254639815866,-0.04617290373271378,-0.05058995813181191,0.46550520621205027,-0.3027768312643234,-0.78567486897405,1
0.8741629517445374,-0.41759753324438553,0.23290489622876412,-0.048957341465669976,-0.056478672251962556,-0.00032627787987746834,-1.472947633868358,-1.4578780287630346,1
0.8741629517445374,-0.1373570239736548,-0.3466785535694801,-0.045529210101930305,-0.03404100253783891,-0.3246599550544279,-0.6793412425868421,0.3561478321354348,1
0.3840926212609332,0.16961998111578158,-0.15958424885959346,-0.048045413074209745,-0.027418963457205806,0.038807236358044166,0.39958849944654473,1.226517999234782,1
-2.0662590311570876,-0.36263741396968224,0.01235102902944948,-0.03861641997288208,0.03336318919522639,0.3984159133063053,-0.19048983545155115,-0.41479438318061657,1
-1.0861183701898793,-0.19259054594475253,0.7373414597802601,-0.07601877905050426,-0.0859179791988104,-1.4457119208726041,-1.416062997381304,-1.5829176008463304,1
0.3840926212609332,-0.5052369391652808,0.191466898570471,-0.06444656406312133,-0.06746536007514435,-0.8974855063541195,-1.3065845267163259,-0.5718834548324481,1
0.3840926212609332,0.424119226140456,1.0943265683671681,-0.033454679600699526,0.09652808139667261,-0.33861053661573515,-2.167259458706705,0.512327832177396,1
-0.3510128744644731,-0.27831864966842657,0.30022294296606344,-0.07318735194211187,-0.16723006118157843,-0.5364457545118061,-1.263394450885824,-0.20848863331338643,1
-0.5960480397062752,-0.33237756959493087,-0.2567715622603315,-0.06687308767222917,-0.1654183796161533,2.0348991348408987,0.8066086054807207,0.9460931818781132,1
-0.3510128744644731,-0.1978973037212124,-1.0038024201651319,-0.0777448143944651,-0.17433041974662966,1.7196796112850437,-0.2472664517406131,-1.0359507324146318,1
-0.5960480397062752,-0.2184969957529819,0.19351137258249268,-0.049638350565876684,0.013273900917010535,0.17689821413104553,-1.4389272726229618,-0.22590091313876756,1
1.3642332822281416,0.41109381834871583,0.32739948776001015,-0.03296095465501588,0.06128296173857447,0.0880092001599989,-0.16697743902194065,-1.2412636105569916,1
0.8741629517445374,-0.1862357063673027,0.7109128932833945,-0.03752101694996415,0.04477165073847266,1.0823641718123826,-0.4423209237037651,-0.5789373895151465,1
-1.5761887006734836,-0.10553111980240122,-0.34488340565648545,-0.062010312125817424,-0.1235318985905704,-0.17702749392386752,0.03510434693280753,-0.7945404670398561,1
-0.105977709222671,-0.22627169904074476,0.23160840051382356,-0.04858031080312808,0.03996852390604494,-0.43965519963528094,-1.2286539549871471,-1.274467080036179,1
0.3840926212609332,0.02091179316392188,0.1516245879459509,-0.05343989158997273,-0.048782593183113884,3.912008115894749,-0.34521676683099145,-0.6203996686210472,1
-0.5960480397062752,0.4253153343385734,0.41142238313212076,-0.0014856310909118807,0.17215017987661035,-0.4933614698211452,0.037804851882609646,-0.9143711879360513,1
-0.3510128744644731,-0.3191261184023223,-0.4426691016948883,-0.06054877294474009,-0.13424049336763094,0.5703973129771835,-1.1144225956105174,0.15152866311257063,1
0.8741629517445374,0.12117256573694839,0.35472562821337317,-0.049639381415161804,-0.06305625969624847,-0.14963779800165433,-0.9281357630510564,-1.4852557717150987,1
0.3840926212609332,-0.16551818806888619,0.13237661310106386,-0.039343504041339177,0.07121745905364804,0.4126440008811059,-0.8582706994386201,0.3441531868202285,1
0.3840926212609332,-0.3537784802398999,0.03867986508670432,-0.04958960857366204,-0.0011533797688195182,-0.230253294921476,0.20582426873718707,-0.4744884217395723,1
-0.8410832049480773,-0.2049616175760842,-0.07606000568553692,-0.020795142758478647,0.07441992728664988,0.8899322026524418,0.4190981474283374,0.1878640942584703,1
0.3840926212609332,-0.17141087413443912,-0.6310100368999101,-0.07140494199447044,-0.11018897318490956,-0.06450175764394211,-1.133056079764152,-0.11369673592161704,1
0.3840926212609332,-0.22511471373893155,-0.182322789090859,-0.04409843636391416,0.013535225628118085,2.2676196632151364,-1.0906461498080373,-1.1276326542074873,1
0.8741629517445374,-0.3707397429153839,-0.014127402687221574,-0.053042338588302346,0.002845759993774816,-0.8380689595023026,-0.6759446074722021,-1.1433061005068446,1
-1.0861183701898793,-0.270335062144841,0.1552647489917456,-0.036544670594649414,0.05550968471068298,0.8346155119308262,1.198919961221641,1.035835698669822,1
0.3840926212609332,-0.3538512350996935,-0.4606704460446402,-0.0759045355928916,-0.18126103365852528,1.6103105059086051,-0.9771289239625776,0.32628909619572977,1
-1.5761887006734836,0.01879137794201069,0.3696353289351898,-0.04306899531131791,0.04516683181652321,-0.6621021011269985,-0.9288799021927796,0.021579159993395276,1
-0.105977709222671,0.16376618915766553,0.38314880350245506,-0.03299367364789118,0.06416182989748499,-1.1447780526283917,-1.5184301383451364,0.13742237226830084,1
-0.5960480397062752,-0.4625588926525389,-0.32054917839144687,-0.0305760737375937,0.039911478986979575,-0.7850859762665009,-0.3257191210934201,0.12947484703675782,1
0.8741629517445374,-0.26742166470895223,0.17376474553955157,-0.04798779698825932,0.016661258736538655,-1.1558805073118508,-0.47180443663349364,1.1173005676007979,1
-0.3510128744644731,-0.1986440705840003,-0.09874868069699705,-0.040427742720839564,0.011724748892973083,0.9589308254967701,0.7360774173139999,-0.7770862118565903,1
-0.5960480397062752,-0.5734823703849494,-0.17424462348238307,-0.07372902371073618,-0.1682036211513233,-0.5238354679518391,-0.7201548740615181,0.8468790594231248,1
-0.105977709222671,0.5037830521481204,-0.25502627956714224,-0.034130732981047844,0.03817946624720174,-0.4911082095573281,-1.1627676353340861,2.238696140653791,1
0.3840926212609332,0.6421408317444274,0.6164681669719538,-0.023600091844526754,0.07595385235903368,-0.9287403591717176,-0.8761840489389742,0.46474962043638735,1
0.3840926212609332,-0.2908416371076293,0.9236379209732603,-0.03569596019341019,0.030839539276627706,-0.7101165458446159,-1.4725695631753857,-2.5223950554268355,1
-0.8410832049480773,-0.42311203131233177,-0.7637512520219033,-0.0922471185427292,-0.20343338001942704,0.9699757124433875,-1.2302862602012499,-0.48200410527619825,1
-1.8212238659152857,-0.13503390181533734,-0.6595329426286028,-0.060340201877320684,-0.1342432722509041,1.4376043431918482,-0.684400188526138,1.4753123189417912,1
1.3642332822281416,-0.16036952339971383,-1.143026113861828,-0.08415794064060353,-0.22344713224742502,-1.378514872972258,-2.1814221068878896,-1.385659974910878,1
0.3840926212609332,0.37582326899175933,-0.8981380193974748,-0.06326495535470016,-0.14912285470752878,0.9355516819078625,-1.3938828500602625,-0.4482034451971687,1
-0.5960480397062752,-0.564213447005009,0.012749950787892737,-0.076960332498106,-0.17212486198974256,1.0531950423834342,-1.4103139223992807,0.8370781156903092,1
0.3840926212609332,-0.45441904233260405,-0.5864803956136818,-0.05979518611711486,-0.11396176967296781,-0.2987242135114219,-0.8270288577304649,-0.2774953363664761,1
-1.0861183701898793,-0.3382428009964107,-0.14512333511602546,-0.06647526959354351,-0.14685065997002256,-0.8384431497917738,-0.03585292090377092,0.7449073565569959,1
-0.5960480397062752,-0.40114807126499724,1.088093415891492,-0.025343252648869337,0.156690127738367,0.6617676440156894,0.8355040084436034,0.37476406723930733,1
0.3840926212609332,-0.4655702117236217,0.745170299289709,-0.058030789015361614,0.01334624324905707,0.6247486370348382,-0.8122540950939919,0.8615343529989319,1
-0.5960480397062752,0.27252234995037333,0.1797485719162004,-0.010647978401198245,0.13696186752739056,0.8926076263197648,-0.6056114563351335,0.3978776709846449,1
-1.3311535354316815,0.5256886710342995,-0.4742836510515163,-0.04829678821989164,-0.06397182753240757,0.9305086005509473,1.3729945102858858,0.1465582273920286,1
-0.3510128744644731,0.09956574511143125,-0.3499197928568315,-0.09140922417997319,-0.18645346834565393,-0.18584864252299693,-0.28512753113683886,-0.053348789711026245,1
0.3840926212609332,-0.08328780854812308,0.23699384425280748,-0.03891290902053658,0.06095954233904044,-0.8009591726287395,0.010199690173521282,0.8138359857262968,1
1.3642332822281416,0.19103827971466356,-0.9064655111049778,-0.08034798686138736,-0.1772543947197217,-1.3905568626428904,-0.9877089022436911,0.37162981590981986,1
1.3642332822281416,-0.5488958035520336,-0.6789305131329061,-0.0745044097366557,-0.1603299751887323,3.8122284669899047,-0.9410981868101065,-0.0062570866220609195,1
0.3840926212609332,0.05665410516520089,-0.028438720771373348,-0.0961039591286126,-0.24276970494417277,-0.7739141450796684,-0.39174946767713736,2.044829049224577,1
-1.8212238659152857,0.5692862200046225,-0.5629440118655298,-0.050665923868295853,-0.060911361802918076,-0.8209838884747552,-1.5812558857217551,0.9194188305825021,1
-1.0861183701898793,-0.03127494746166536,0.6130274668053808,-0.05185836428822385,0.005327953495873996,0.7403409623734469,-0.46153651670213486,-0.04331421883105401,1
1.8543036127117458,0.6652402709400511,-0.8764466487821229,-0.06655010585446496,-0.1354289300899919,-0.46023566555619155,-0.9710377850202461,-0.5125853579246582,1
0.3840926212609332,-0.3040681503137048,-0.1976314115711189,-0.08681070460595738,-0.17335179563217,-0.2802767060452874,-0.3002803644662841,-0.29272634661937846,1
-2.0662590311570876,-0.131999703857527,1.5345367288093,-0.00044016194851025954,0.2648849360585014,-0.7437781728909424,-0.18606700845598634,-0.11497524720017205,1
-0.105977709222671,-0.017279474872676222,0.8853912973825132,-0.011008344505114316,0.16300783714783368,-1.075549896884605,-1.3710965894060432,0.4423044692109279,1
0.3840926212609332,0.3955521905946775,0.10534966396653332,-0.02462849736865288,0.07602927814177876,-0.6287504542021274,-0.13178685896496367,0.39636666584801267,1
1.3642332822281416,-0.3896079607996109,0.8023158411867053,-0.05950949988711426,-0.01604189910118116,0.06187566177758811,1.1796443570021646,-0.9622194768545389,1
-0.3510128744644731,-0.469214360801589,0.16713267130543244,-0.050748948726357296,-0.03516236597612888,-1.7442773933793163,-0.8507332900676168,-0.4812766240305585,1
0.3840926212609332,-0.30734875388157107,0.2160504519345366,-0.014410126452534987,0.07879412787449408,0.5350795064247956,-0.9798354300344903,-1.2817029543038752,1
0.3840926212609332,-0.322227809075979,1.4019949745665286,-0.00937540594176874,0.1653494035463119,0.6453475541534546,-1.4706732085884135,-0.9146025083616156,1
1.8543036127117458,-0.31437463120674053,0.2645194455853921,-0.04622425071014225,-0.04082390118371123,1.7709488472779422,0.13963789297859236,-0.479062000833891,1
-0.8410832049480773,-0.4291266618441426,-0.4540383718105211,-0.08885013285468812,-0.19749749162259406,0.516748610528161,-1.389177970325496,0.3385971323049279,1
0.8741629517445374,-0.2933196493290924,-0.941919682386622,-0.0788556750451567,-0.14771471179161186,-1.7052604907108944,-1.398143646758839,0.5179689231495104,1
-0.5960480397062752,-0.34222029545399874,-0.25233355769765026,-0.0930852704937054,-0.20070170111639316,1.6677778682347943,-1.218013965484927,0.29242952583039167,1
0.3840926212609332,-0.4881919397643738,-0.9030746761582101,-0.058501673332732936,-0.0828181267400675,1.8254064502343816,-0.9903373937281652,0.6633595760342174,1
-0.105977709222671,-0.16230324690592804,0.8063549239909433,-0.033709423116654605,0.05064881679254029,-0.8649597350385544,1.6052379359688684,1.576928951803176,1
0.3840926212609332,-0.394106636296853,-0.3499197928568315,-0.03873123329266935,-0.01110501485570626,-0.47086576957838544,-0.9309862960536253,0.09999429940827173,1
0.3840926212609332,-0.6188649300977573,0.10614750748341983,-0.0720148985971409,-0.062129870197256604,-0.6413326949415817,-1.1307396466294328,-0.18285050547565657,1
0.8741629517445374,-0.3441970312672608,1.3626513161400624,-0.03226063740407423,0.11406725772769682,0.5668664917842254,-0.12526363923066386,0.07429927229981258,1
-1.5761887006734836,-0.20608886032515158,0.0378321563500124,-0.04094810650941968,0.01746412609053417,-0.5656333351384604,-0.41500981697809963,0.5323832464368335,1
0.3840926212609332,-0.0250633297151301,0.26252483679317584,-0.06281077691916623,-0.06863906818994464,1.6078365693202283,0.2811623557145556,0.1470704574636578,1
-1.0861183701898793,-0.5156829812673547,0.14783483124073998,-0.052259131481291445,-0.03376353541881076,-0.33083151166302227,-1.1335601740214485,1.5094388532477765,1
0.3840926212609332,-0.48285589701290266,0.7908468406314617,-0.02680844420396886,0.055656174288540985,-0.6472717664590847,-0.29536544545764426,0.920582807207005,1
-0.8410832049480773,-0.5791986602338328,0.5289048409936594,-0.04815398530214871,-0.00996665161180279,-1.0260645226858909,-1.2227548519523572,0.7114561368314098,1
0.8741629517445374,-0.4645239602335699,-0.33580793565190137,-0.06390349982387265,-0.07285713196349419,-1.272036701252345,-1.5204225108858793,-1.2156785984475584,1
-0.3510128744644731,0.567862695672433,0.5509452681476492,-0.02890313043354542,-0.00304575898857002,-0.8432958147883665,-1.3527391568694995,-2.032650569039729,1
-0.5960480397062752,-0.4596665437924395,0.5948266615764073,-0.022702596744400803,0.04569818687683759,-0.33033406737287724,-0.647439277446513,-1.1904390446696078,1
0.8741629517445374,-0.3458786294417372,-0.1266732037880249,-0.04010509202851094,-0.04819879746598981,0.9710709755391964,-0.010102105926880012,0.7066350767510511,1
-1.0861183701898793,-0.19235992676653862,1.2129060610644256,-0.05733811164352478,0.01584594472179659,0.9762956166815355,-0.1872492295117886,0.9920440984590961,1
0.3840926212609332,-0.43840725345631415,-0.80808143242891,-0.05639709411823784,-0.1086592140042667,0.5034275838325714,0.05316772448592839,1.2377824812690388,1
-2.0662590311570876,-0.32207154627962964,0.957546270440937,-0.06718454370328235,-0.07678210602792948,1.966647416479696,-1.6085069812263137,-0.33904240738693453,1
0.8741629517445374,0.17389558746742986,0.08430654120865161,-0.056899674438755245,-0.13595538326121462,-1.0010365800700043,-0.7259339546540947,-0.9023207281132607,1
-0.8410832049480773,0.37670181824209803,0.48382668228957154,-0.05014232943007299,-0.019192348266131105,0.6544284956162799,0.01935140139229514,1.058469107677356,1
0.8741629517445374,-0.15817543816253987,0.16045073185150793,-0.035429213694137165,0.06832049243799682,-0.39483281212074534,-1.3230095979332335,-0.22297925354858242,1
0.3840926212609332,-0.16958193592943718,0.18408684603927078,-0.04635198239167351,-0.04118323122278714,-0.46166674045024375,0.7190282293975825,0.6378012989707543,1
-0.8410832049480773,-0.3573457562584626,0.3712310159689628,-0.04039601870298095,0.02941315173983986,-0.7364117167189285,-1.1827453708405111,-0.5752539553722432,1
-1.0861183701898793,-0.22108025085339184,0.504221557189983,-0.047957700171157545,0.06190657179040488,-0.30308681469695187,-0.8362225768040135,-0.9480540759070488,1
0.8741629517445374,-0.3109508058079597,0.22313131314690438,-0.025012762748541705,0.04782661045824125,-0.30037375058630933,1.042272670766786,-2.6848617020252386,1
-0.5960480397062752,0.07505467860471636,-0.2765181893032726,-0.07217654195043136,-0.14727562053043397,-0.4504262708079461,-0.055122524001136736,0.6349965811552049,1
-0.8410832049480773,-0.6198789223575233,-0.7224129848032209,-0.0734689786870937,-0.132100419994183,-1.1414051736877942,-0.09506599276976546,-1.9891447939792846,1
-0.3510128744644731,-0.359134427622824,0.27274720685328424,-0.04145953756983574,0.07822987992679731,0.6391051449456704,0.0002978386909134973,-0.8516204373787045,1
0.3840926212609332,-0.16174957784712085,-0.3933025340875355,-0.01566319893285092,0.051991691692455926,-0.6444546375933821,-0.8146005338392645,-1.820410531985692,1
-0.105977709222671,0.5599850373943961,0.43081995363642406,-0.030238459149463524,0.02686041278999119,0.9651112386802632,-1.1125562466340986,-0.791616464712988,1
-1.8212238659152857,-0.6337341473708724,0.19405989000035218,-0.05210049244098604,-0.019904967241179183,3.2985426945764447,0.2201189416048063,-1.372170340521286,1
-0.5960480397062752,0.05614665145758339,0.17077283235122714,-0.053685153377034715,-0.07166009677077188,-0.5156593732245001,-0.4775595127376275,1.0795753807476423,1
-0.5960480397062752,-0.25393501856078426,0.608390001363478,-0.056403000305611226,-0.058713381620652434,1.2543854260703051,-1.5559311504147217,0.1260346856296509,1
1.3642332822281416,0.009751472218213219,-0.06743332265920153,-0.03942397654966839,0.020272845542474393,0.017487246433090048,-0.551109265326016,1.3629835512327146,1
0.3840926212609332,-0.17851065026373866,0.13980653085206948,-0.05832661830214328,-0.08968821101702928,2.2995926366474393,-0.010216127246982768,-0.06088688538145058,1
-0.5960480397062752,-0.18563422043523486,0.3526811542013515,-0.028789068674998405,0.03925241772220726,-1.7709851330343276,-1.7741259492366226,-0.12295611446243014,1
0.8741629517445374,-0.06222779331539486,-0.19065028079836194,-0.05253085143603135,-0.01502819576366499,-0.7993310389431907,-1.345405785650259,0.2002609180097122,1
1.3642332822281416,-0.2876495748313987,0.1080423858360253,-0.04356108112177888,0.05763406701874179,-0.7607540128280723,-1.191422993412542,0.22121385210409766,1
-0.105977709222671,-0.15903842976990382,-0.24226078329695808,-0.05347659625839003,-0.05424484463117483,-0.5876153540370941,0.42139057607461383,0.6765999340115505,1
-0.105977709222671,1.2877404604671403,-0.09625541970672671,-0.04808097866032207,-0.017356902866029214,-1.4879540928999782,-1.530744440916234,-0.5675172837667314,1
0.8741629517445374,-0.3789377056076068,-0.32034971751222524,-0.055308806924434725,-0.025963889764707294,1.944661707341521,-0.031112034436340526,-0.98156684065681,1
-0.105977709222671,-0.33607960225631894,-0.10144140256648902,-0.05168932186192507,-0.07577438792715627,-1.326027857930785,0.09717395292348165,1.660454878329259,1
-0.105977709222671,-0.3993049481502242,-0.8968415236825342,-0.07721178925392556,-0.20763892935004533,-0.5943308519540518,0.4078340412266072,0.22550648989478872,1
0.3840926212609332,-0.41853327971154314,-0.9847539061994666,-0.07446600676054245,-0.20302229416809212,1.1968811613487047,-0.1821722802061606,1.760444118824966,1
0.8741629517445374,-0.2646940438332913,0.0515949570163047,-0.0682117308599375,-0.10693693813432914,1.333547706658828,-0.6773728745345419,-0.6295534705365267,1
-1.0861183701898793,1.0497478746386733,0.42164475319222916,-0.03317393775630028,0.03729769650019653,-0.08561288001086799,-0.19426454125916345,-0.2672733735329231,1
-1.0861183701898793,0.18882863683451484,0.1386097655767397,-0.039965264520959484,0.02474195898650244,-0.46625666039150765,-1.8924500738927303,-0.017855322272165273,1
-0.105977709222671,-0.01089809578662239,-0.15255325286703109,-0.0351352111766202,-0.013000592809330101,1.170270105969671,-0.3403438556771263,0.7248866591458254,1
1.3642332822281416,0.2695133187679633,-0.2665451453421912,-0.02748620120433359,0.03168305660559185,-0.23042968837154226,-0.9829620146541501,-1.1671040192930868,1
0.3840926212609332,-0.16354442651089873,0.47864069942980925,-0.0380071479840404,-0.016288035618673504,-0.38471196115522815,-0.41064700120364156,0.30529446330425725,1
-0.105977709222671,-0.3663016964679699,0.3130881696758584,-0.04299756676363303,0.06865378207319152,-0.44972217310349755,-1.2493878318795169,-2.5240427040930986,1
0.8741629517445374,-0.46946579976672503,0.3441542016146269,-0.07584092511704724,-0.09361183359494005,-0.38276425272541703,0.28280666317287956,0.8902227711923758,1
0.8741629517445374,-0.22514857449128833,0.4948468958665665,-0.04990489946712232,0.0399488831611639,-1.0619897426667497,-0.5512532922566721,-0.4545923370873624,1
1.8543036127117458,-0.4257316638426385,1.1119788561782822,-0.05479024251263972,0.008511463584237702,-0.6977852413939588,-0.8564583605611973,-0.8023781631282012,1
-0.105977709222671,-0.3053839150894074,0.24098306183724005,-0.06219023476856016,-0.05814204001776737,1.8302952795784775,0.09608174869933946,0.8432325288798734,1
-0.3510128744644731,-0.44956803197975737,-0.7483927643218379,-0.06443936736183363,-0.12028318971560072,1.5725357378697296,0.10513744196434258,-0.7313886875610961,1
0.3840926212609332,0.709041899579984,0.07228902323554856,-0.038644496406055225,-0.02725485302224724,0.9854769326598798,-1.0288165887017902,-2.622418732608128,1
0.8741629517445374,0.12815703227714095,1.420295510235113,-0.03558631989837999,0.13055627608528117,-0.4110255832272463,-0.31869180710182393,0.7463544268210973,1
0.8741629517445374,-0.4775349543266717,0.4831784344321013,-0.06349718148651838,-0.028396716266092584,-0.21319257947490006,-0.45624352700052273,0.17079332632194053,1
-1.3311535354316815,-0.23420769847993697,-0.48126478182427324,-0.06009199914523579,-0.0712660886112183,1.3306648915292931,-1.2741484617081469,1.5556219306991852,1
-0.5960480397062752,-0.3785908616848168,0.210216221217304,-0.05141103619611391,-0.02280732600790065,0.1594249299037707,-0.6768987858877988,-1.085128595590276,1
-0.3510128744644731,-0.20354541448764762,0.3501878932110811,-0.029409951050961457,0.06750253445944421,-0.31265781997083997,0.1331746844653993,0.07466864918462894,1
-0.5960480397062752,-0.47513244243140956,0.47774312547331194,-0.028134348371227864,0.08753362698936623,0.41604640173803253,-1.539728120715909,-0.022525440961725738,1
1.3642332822281416,-0.31589287412998207,0.3347795402912104,-0.051377636689899954,-0.02863366285954033,0.8103322596543405,-0.013552751140516057,0.377431773533491,1
0.3840926212609332,-0.35150042948843574,0.5269102322014431,-0.050491610100111446,0.030617451074331677,-0.48929187365518134,-0.7691780405835927,-0.0028322496167133195,1
1.3642332822281416,-0.09790970505571309,-0.025097751044411087,-0.026989962775754252,0.04934282035947166,0.7208114766738516,0.7367975519672805,-0.5852391747112249,1
1.8543036127117458,0.5546446476544468,-0.09126889772618602,-0.04578394099657807,-0.020755915460821752,-0.4958206454513576,-1.8116689691609829,-0.839576893338749,1
0.8741629517445374,-0.28509880775014196,0.44827278056831643,-0.05837640937091725,-0.05468781155104011,-0.0035685223407187967,0.02719486799094264,-1.3272172110688634,1
-1.0861183701898793,-0.3917302063324603,0.002178524189146477,-0.0490667893209396,-0.0647134254654526,0.2904601696741217,-1.7574188252805136,0.19009971328589215,1
-0.3510128744644731,-0.4212618157426732,0.012650220348281923,-0.05643037343115544,-0.025468708767258777,-0.7717000013549873,0.6601152136371216,-1.1443111772280226,1
-0.5960480397062752,0.03572495716455438,0.6617457865552633,-0.08250305790761067,-0.09726734727006475,-1.6975257486326751,-1.7491432778898977,-0.9159445244029193,1
1.3642332822281416,-0.12519918356662407,1.1845826162149544,-0.053404631460124516,0.042552308691454904,-0.22384113469479958,0.3057189473914229,-0.23084891175582326,1
-0.5960480397062752,-0.16383613231667524,0.8435045127459714,-0.05079409923448494,-0.021383437059286827,-0.5817153990587273,-1.482021330499693,0.12063741712944884,1
-0.8410832049480773,-0.19123474311727673,0.7504560125890821,-0.04837097292273611,0.0485149474718847,-1.4467732337646346,-1.855129095486465,1.006218319211088,1
-1.3311535354316815,-0.49732862317902893,0.12120680386465271,-0.052404957876032734,-0.032363721645501636,0.49825977237916574,-0.2581584883714817,-0.12228189144207988,1
0.8741629517445374,0.674109500168861,0.2983779298332634,-0.0764272755041987,-0.15535729048634853,0.3783838169812074,0.34592646553292117,-0.753686220539915,1
-0.105977709222671,-0.09597735428270252,-1.0336218216087654,-0.08277362709816775,-0.24605351516698856,-0.6022471538176949,-0.15361894120358616,-2.203175458587905,1
-1.5761887006734836,-0.20257237543512407,-0.01627160713885407,-0.07899568692457397,-0.12011148642897936,0.5930671925262849,0.0834253821679335,0.45153192054933383,1
0.3840926212609332,-0.4813243843353591,-0.5392580324579614,-0.07172636030490397,-0.18162420916968725,-0.46291182727142277,-0.4662654009253439,-0.31767332551206595,1
0.8741629517445374,-0.09254597885130157,0.100163681106771,-0.0557734459218394,-0.04574658856997848,0.7722659626917152,-0.6268314241184675,-0.6735342752652625,1
-0.5960480397062752,-0.3734355621384935,-0.7094480276538152,-0.056466481756450373,-0.08797666897906503,1.1944337944850238,-0.8902986881432733,1.500707151820624,1
-1.8212238659152857,-0.3923094997444024,-0.26400201913211546,-0.08861178153260081,-0.20508695555614387,-0.408722873753578,-0.6199121303248634,2.172277871157496,1
-0.105977709222671,-0.5073090799361968,-1.0825894674576748,-0.07906067001227521,-0.19516959070492337,1.1120551011124478,-0.5577465063804186,1.1699024671764582,1
1.8543036127117458,-0.30717990769752157,-0.29172708134392167,-0.07672847728230117,-0.17489797201926086,0.2583240876541005,-0.1401884299199036,0.16711960607184081,1
0.3840926212609332,-0.42237487358196946,-0.923170359739789,-0.09467651046803649,-0.2673789853049566,-0.1052176465971025,-0.47817762831502664,1.0006924523850425,1
-1.0861183701898793,-0.004171245510982248,-0.9005315499481343,-0.08725967071837856,-0.2731284470760035,-0.876521993568839,-0.6702975515660603,-1.2829566288414258,1
-0.5960480397062752,-0.12413806080019937,-0.23213814367646046,-0.08240971895160289,-0.1738983821016832,1.3313616087546594,-0.5174849781399242,-0.013165128865727693,1
-0.105977709222671,-0.5473798485174648,0.538179771877465,-0.10469939075679352,-0.22346564878192773,-1.1251710718984325,-0.2728432341762945,-1.576456019827877,1
-0.8410832049480773,0.18800819995646417,0.04965021344389383,-0.07155510533653037,-0.14472074255102907,-0.9972570367319736,-1.2880710650049045,-0.06467243496765791,1
0.3840926212609332,-0.4736901574121035,-0.27257883693864543,-0.053679514478885,-0.026824846491211977,-0.3888073889979799,-1.0695882123216915,-0.08763324229470486,1
-1.8212238659152857,-0.3717054607241546,-0.7250558414529075,-0.0870759345129645,-0.19245178401607513,-1.0827333171753786,-0.1356635838484574,-1.6403181477055184,1
-0.3510128744644731,-0.322735720361331,-0.9108037852280482,-0.08107308012153269,-0.25208963031021875,0.14892693645714947,0.05573620474929574,0.31044916827583713,1
0.3840926212609332,-0.5266925303495287,0.23350327886642902,-0.06577459855302628,-0.1407883001482661,0.7372891342729282,-1.5722842081663013,-0.16878725005068107,1
0.8741629517445374,-0.408953432260975,-0.49457879551231687,-0.07806570739107868,-0.1543348537316046,0.43698555894234153,0.6159589571468015,-0.43702374651210524,1
-0.105977709222671,-0.5315590983453501,-0.8882647058760043,-0.08599396068250226,-0.13245127107031038,-0.6243627593877178,-0.7226033318826721,0.5464087163157006,1
0.3840926212609332,-0.2755603710845507,-1.0751595497066693,-0.0822729207216239,-0.17473582887821967,3.4162096725850795,-0.1191544969220004,0.6266939403939904,1
0.3840926212609332,-0.40618714606674455,-1.3406419799506555,-0.06625366500239704,-0.1580817704897816,-0.07392441528827656,-1.2921038190632759,1.3558577811072023,1
-1.0861183701898793,0.08382461346512851,-0.012531715653448553,-0.06368963274253273,-0.01745253147795211,-0.27432434966543645,0.4840842987647978,0.08418503974427011,1
0.8741629517445374,-0.28658341870989396,0.48297897355287966,-0.01814655318323357,0.1149389663541791,-0.8553577317525207,-1.59354618380441,0.4644986117027142,1
0.8741629517445374,-0.0728893545304425,0.9030934504134326,-0.006992779336541612,0.15524643908198044,0.5155758524019882,0.32288215662794306,-0.47766717442454654,1
-0.105977709222671,0.40127374258750825,0.9752484234718564,-0.01522065618724961,0.09217394741385035,-0.09842096341023981,-0.9990930308876348,-2.274204543486934,1
-1.0861183701898793,-0.27649588876284104,0.27588871570102486,-0.05109813350785375,0.01787333638042013,0.7553078359043828,-1.3984977129633687,1.430024141795438,1
0.3840926212609332,-0.5869443073354517,-1.199523407901354,-0.09409997102255405,-0.2021516841000779,-0.4824900241329611,-1.4665264332099395,0.5948343043552987,1
0.3840926212609332,-0.3107982036334868,-0.3525127842867127,-0.08405966944064909,-0.22053234196004204,-0.9635031536971188,-0.4598321980227042,-1.2342642092261764,1
0.3840926212609332,-0.5939816241039849,-1.3746999250777483,-0.09919343679810154,-0.29815065014381226,0.37932556611210505,-2.0261610756405997,0.5452315442248875,1
-0.105977709222671,-0.33748253559045355,0.0472566828932343,-0.07567671118022566,-0.14978478696901734,-0.23168215567180353,-0.21848507009783316,1.1597283705384176,1
-1.0861183701898793,-0.06400914343600346,0.7567888955043689,-0.02806367820980938,0.12407903761649186,-1.3570088949744308,-0.5347862131849898,-2.5685549960185043,1
-0.3510128744644731,-0.5458760192928616,-0.4185343353090714,-0.06182716285123666,-0.0936572387144095,-1.1839514214533575,-0.8370807372658394,-0.1662447403086792,1
-1.3311535354316815,-0.21014460057534792,0.2878563684543225,-0.03317510395324488,0.10944845843762414,0.1701738596391891,-0.08764860584097564,0.8561866745175924,1
-0.3510128744644731,-0.36162891264273095,0.3594628240948868,-0.06702151670964215,-0.04595146781944292,-0.1759949649002579,-1.5065059087112322,-0.9529171322199641,1
0.3840926212609332,0.29762048869051766,0.2408334661778238,-0.06001501632326993,-0.061950229331467065,-0.6233294923161999,-0.5190212654002561,1.7399923244173223,1
-1.5761887006734836,-0.19680392172450184,-0.09775137630088891,-0.03750547761753016,-0.01787017607311748,2.273782363248832,-0.9775430013882138,1.1256030411955442,1
0.8741629517445374,-0.3621338496728084,-0.3015505296455869,-0.0708167196867246,-0.09603561861965551,-1.209557255581386,-1.322505503675937,1.0726102531861252,1
0.3840926212609332,-0.376720512694838,-0.39345212974695176,-0.06066891191135644,-0.12599844362681642,0.694320723103859,-0.879838732304373,-0.296591317379757,1
0.8741629517445374,-0.5003927924784524,0.336076036006151,-0.04445514324762956,0.06533754285795629,-1.845623917993327,-0.5162847537177899,-0.03873325560284344,1
-0.3510128744644731,0.26858214807815123,0.25703966261458105,-0.05365755794181847,-0.0486550504735256,3.8871691135433686,-0.6395237973825375,-0.7251154660560071,1
0.8741629517445374,-0.1765988904887829,-0.2990074034355111,-0.05968943599048874,-0.04716900324707612,-0.01746744054845016,-0.7485461827671045,-0.3912994848487693,1
-0.5960480397062752,-0.24134774144987703,-0.3136677780583007,-0.0744194849884007,-0.09085735323230379,-0.8353507290563026,-1.7482131039627435,0.47509196014251337,1
-1.3311535354316815,-0.4203624467054124,-1.1478630401829524,-0.0954864264098222,-0.2766903931420837,-1.2365808797411186,-1.2658849165617525,-0.5408410987537873,1
-1.0861183701898793,-0.42305552046211464,-0.5943092351231306,-0.08390337156543586,-0.2066113123422177,-0.18522351594472863,-1.502929239933272,0.8021557101581884,1
0.3840926212609332,-0.4177421278085038,0.49265282619512857,-0.04141702006906504,0.032853534738627815,0.025805784406716863,-0.5768660814250175,0.6054877687250753,1
0.8741629517445374,-0.5179482198422514,0.44597898045726775,-0.05562008672475144,-0.022603500377995658,-1.1669054669649461,0.15009184769538192,1.339637405966467,1
0.8741629517445374,-0.4112980605728164,-0.10119207646746199,-0.03264138501463838,0.014432643434919045,-0.8378704246149896,-0.6155373123061839,-0.9028747112218238,1
-0.5960480397062752,-0.47026587443558815,0.031349677775309504,-0.05600321879352141,-0.070477970177014,1.814467842186549,-0.5433258099484751,1.3628603492611229,1
-0.5960480397062752,-0.5279078568124972,0.3497889714526379,-0.05915783604437913,-0.07718424283003499,1.0671197922679534,-1.673625157249209,0.996151104346773,1
0.3840926212609332,0.3111432834797152,0.5469560505632167,-0.04253175736857561,-0.006983736909460521,-0.7711486795675417,-0.3268773376607797,0.23508035062683708,1
0.8741629517445374,-0.39783955545532335,-0.8263321028776889,-0.0773067999367031,-0.1857939376459029,1.9201275187762383,0.022592007332057688,-0.42434684407224155,1
-2.0662590311570876,0.5295126481619455,0.7596312130332771,-0.03850424233905342,0.05378211075972219,-0.04791044066699856,0.7376497113069957,0.2087467754998574,1
-0.3510128744644731,-0.23800742398765182,-0.023003411812583998,-0.043108126797833,-0.011479814877940014,-0.914958052533486,-0.9643765394774008,-0.7187445572526375,1
0.8741629517445374,-0.31046188399859154,-0.4727876944573541,-0.06561462478464657,-0.14492387805186568,-1.5894600358621658,-1.3096030911379934,1.151120453034777,1
0.3840926212609332,-0.5570244432174719,-0.6867094874225497,-0.09937067724255094,-0.2546615574094042,-0.07089989496036221,-1.0021416009198558,1.660743954325701,1
-0.5960480397062752,-0.39882426274007793,-0.8884641667552259,-0.07834490949913965,-0.1300937929093643,0.3373203074632721,-1.3627490285500994,0.34888644366201116,1
-0.5960480397062752,-0.3271140529143861,-0.3326165615843553,-0.07777971728622024,-0.11107726473137931,-1.517277474341746,-1.6427853907224688,1.4639476257795485,1
-0.8410832049480773,-0.4386072149263131,-0.3597931063783021,-0.07306547782768756,-0.1658823647127687,-0.37392317683276544,-0.16557917757015422,0.9827010713030782,1
0.8741629517445374,-0.14823318914620703,-1.1998225992201865,-0.06381489614721374,-0.08670384485195459,0.03177954417590642,-0.5063648988688502,-0.22591877185887035,1
-0.8410832049480773,-0.531736638506356,-1.2307889007193442,-0.06564917735759743,-0.12023192811578684,0.41332448105249125,-2.142060746963996,-1.3213528676157418,1
0.8741629517445374,-0.09106708761323144,-0.3519642668688532,-0.06645159849676616,-0.09826410163746112,-0.2854814198941044,-0.49774128639581533,1.211728151458194,1
1.3642332822281416,0.32258364199896933,-0.7299426329938374,-0.07300592131077563,-0.1439653977832436,-1.028877223264144,0.06204338408761137,0.28868373546105264,1
1.3642332822281416,0.10241874228635924,0.29249383389622535,-0.05140870821434036,-0.07715657915672146,2.060326361375136,0.18789291587050097,0.08324397355821224,1
-0.8410832049480773,-0.20650845910773521,-0.4439157321900235,-0.07962936309345865,-0.18936820130543272,1.6651696069271202,0.003274395257806504,0.8894541613166107,1
0.8741629517445374,-0.37384440784431516,-1.2394654489654848,-0.08843687140291621,-0.2359372240711154,1.3193174049403025,-0.9854764848185215,0.28385330311560614,1
-0.3510128744644731,0.022673467441944775,0.46338194216935474,-0.05638670351974893,-0.0973630950841007,-0.7810769000290116,-0.3737280979787912,1.2644040974561355,1
-0.8410832049480773,-0.39108616567107923,-1.4138441226249927,-0.11100193999597639,-0.3351493841112571,-1.7613646785505883,-2.146273534685687,-1.267045489039486,1
0.3840926212609332,-0.5650245035395013,-1.3558508719913045,-0.0979697835803563,-0.29143617874760575,-0.6923074498190979,-1.2171978128778755,-0.3419063306788859,1
-0.8410832049480773,-0.5352711977168984,-0.4439157321900235,-0.07370247440252695,-0.16043489859522939,-0.7928849285127358,-1.109465668747103,1.1872012456221293,1
0.8741629517445374,0.5111582900736198,-0.7625046215267681,-0.07001323184976901,-0.14665300963086092,-0.7920878367718507,-1.761631613002205,-0.7803666082488243,1
2.34437394319535,-0.062486324735416404,-0.41828500921004436,-0.08288110107004112,-0.1844246788796734,2.3161529556122376,0.28346078548294273,0.3990411469971226,1
0.8741629517445374,-0.21510314169581418,-1.153447944801158,-0.08854538832156972,-0.2536206461163362,0.3882271619332312,-0.614751165309686,1.0261493827866925,1
-0.3510128744644731,-0.5550891181891867,-0.8640302090505765,-0.06528130709261173,-0.15307946394129537,-0.7384258494604801,-0.3574530548146504,2.136168877354667,1
-1.3311535354316815,-0.5718529360722119,-0.6825208089588954,-0.08700951835608123,-0.14861516683272513,-0.6497929381135882,-1.147740825568965,-0.3062826918669274,1
0.3840926212609332,-0.17276004208476392,-0.16636591875312878,-0.0589284692295876,-0.08762756039546324,1.5372998546351548,-0.8216998612961887,-0.5051143966514112,1
-1.5761887006734836,-0.4477242224983825,0.1964035553312063,-0.04001456928051814,0.02145823935529182,0.4270374111873494,1.0660971255461513,-0.0594325122646544,1
-0.5960480397062752,-0.28714257870151577,0.02566504271749312,-0.058326656781056356,-0.08994687356652012,-2.1029981986939803,-0.6578692276748599,0.3660211039251978,1
-0.5960480397062752,0.14901754361760478,-0.385274233698865,-0.04974330234339161,-0.08819139991653302,-0.19140023888868063,-0.013840805001828283,-0.9844809952030528,1
0.3840926212609332,-0.14749557383811018,0.8010193454717648,-0.028621027406169054,0.04655570411131044,1.3602089492956209,-0.8427758021488666,-1.0794558792035849,1
-0.3510128744644731,-0.3292852592648325,-0.32389014811840916,-0.07266945488429863,-0.08914690100092942,-0.19321583674291912,-0.0059733339147380994,-0.26663951178935685,1
-0.3510128744644731,-0.25275973014958897,1.2479613105876266,-0.00283454826400119,0.21932222291722914,0.703507943465469,-0.48238441491460726,0.7334636967651589,1
0.8741629517445374,0.08455033175212703,0.41411510500161275,-0.04090795366018925,0.029192262282388786,-0.684912209778663,-0.03599094671231636,1.183868110063956,1
-1.5761887006734836,-0.0022114400738985993,0.894317171727681,-0.0038756153359402177,0.1674227113180612,0.22732386136484067,-1.1470386942820163,-1.5311691362839441,1
0.8741629517445374,-0.11818726236235841,0.14888200085665354,-0.01597160766571185,0.10399230042331926,-0.6124964251192436,-1.2472634346523392,-0.2199104194768599,1
-1.5761887006734836,-0.3263581344969072,0.005070706937860076,-0.03535258363894896,0.018946817403727244,0.16544149645163742,-0.333244528220202,0.02018324654258576,1
-1.5761887006734836,0.0262265585507364,1.1373602530592342,-0.05328895618013055,-0.019229866552588498,-1.1266803798707568,-0.23725658006001324,-0.3919814818641312,1
-0.3510128744644731,-0.3772108072374098,-0.5895221740218116,-0.057371828178997976,-0.06298657159111767,0.1974410396086366,1.1589704913309016,1.3019590358101145,1
1.3642332822281416,-0.3275837564589031,-0.13280662582408995,-0.044176820500565206,-0.024543402115219305,-0.9586563930837919,-0.05680283819212472,1.1314263953299588,1
-0.5960480397062752,-0.4041095143630139,0.09253430247654375,-0.045480160064394294,-0.012225681860993076,0.35937170286527914,-0.6124287310528561,-1.2047763917522718,1
-1.0861183701898793,-0.43209588376364666,-0.28344945485622414,-0.04696071295628733,0.024717038023922375,-1.7895411335429716,-0.664368442920717,0.7990145774583547,1
-1.8212238659152857,-0.514943078070585,0.0675019621342295,-0.03802630358093015,0.037243244766159464,-0.6084703737798651,-0.8867700283421984,0.06470330971122115,1
0.8741629517445374,-0.44445048259653447,0.07632810603978651,-0.03055686475625953,0.020206916599931332,0.24957969603742666,-0.8085333993853756,1.3077972400375892,1
-0.105977709222671,-0.5417866470791757,0.1653873886122432,-0.047426282033843796,0.019929110836537037,-1.1951926291435635,-0.8878142235894553,0.6795882221397118,1
-1.3311535354316815,-0.3288205890753955,0.8253037075169979,-0.014348534348360163,0.12846708946444246,0.26960957821879994,1.1692564146285924,0.43547207229211304,1
-0.105977709222671,-0.2941526695948432,0.22846689166608292,-0.06888149087849592,-0.1297828152115079,0.47523932007365655,-0.7102950304336851,-1.7645491248453988,1
0.3840926212609332,-0.3194798259911305,0.06146827053777526,-0.02702947925227501,0.09601825443079295,1.0698335944265043,-1.3796541895358605,1.3702936608266874,1
-1.5761887006734836,-0.2804697225985527,0.3890328994394931,-0.03193285030418558,0.06504686331585663,0.47190334352847035,0.3688207463851325,1.6330044866199138,1
-0.5960480397062752,0.10495372293577399,1.0028238900242463,-0.0670522705824888,-0.07003043368975082,-0.3203977283844168,0.26315298826043076,1.0018231029447318,1
-1.0861183701898793,-0.16227785134166045,-0.020460285602508246,-0.06262332001605735,-0.04181559980467506,0.1932164533819451,-1.668440187745589,-1.5046923741611185,1
0.8741629517445374,-0.015696255911128377,0.6029546924046886,-0.026429240044611908,0.07151972032146335,0.6717371951600201,-1.7123263937409288,-1.5425807741645101,1
-0.105977709222671,0.15682702281319352,0.7140045369113297,-0.02843640572864353,0.12889956432663233,-0.5213940054714241,-0.2263345378185913,0.7732601860227367,1
-0.8410832049480773,-0.2097748777658304,0.2904493598842037,-0.0542112493546111,-0.06623344107367146,0.058511639411889325,-0.104643783658397,-0.8740327199745928,1
-0.8410832049480773,-0.39286362638094413,0.0024777155079789186,-0.06094800240292908,-0.07177880011116101,-0.3497454654071563,-1.1881223762516726,-0.37319962105928123,1
0.8741629517445374,-0.10766205931220708,-0.35520550615620466,-0.05974001587344398,-0.129842211570006,2.0517089139986773,-0.5627094343659438,-1.857006033639714,1
1.3642332822281416,-0.2806349081607257,-0.28833624639715405,-0.03486956599874319,-0.024773869302606152,-0.41322496599376285,-0.1076623480800647,-0.727395658642647,1
1.3642332822281416,-0.3856558619062905,0.6283360892856407,-0.051135164836673346,-0.03158112867864971,0.1369292296610109,0.867616012857806,-0.3702261212202068,1
0.3840926212609332,-0.3918866979176769,0.23365287452584524,-0.032696659908773996,0.04077522136331367,-1.1251998557668534,-0.09329566174711741,-1.6141644015655088,1
-1.0861183701898793,-0.4985622527513795,0.6096864970784185,-0.027320897847855307,0.08064022851558392,0.9214217547048561,-1.70536509209255,-0.6442088361708935,1
0.3840926212609332,-0.23731510887527554,-0.005400989221275369,-0.05329855101680226,-0.08960422424913514,-1.0209373038674379,1.3552011832277453,0.7210783261787675,1
-0.105977709222671,0.11052244396526453,0.44408410210466226,-0.03480386345437476,0.06965982136234385,0.6300492971117247,-0.29571951166217386,-0.7661437601487765,1
0.8741629517445374,-0.3625529908776575,0.22088737825566107,-0.03436939402825765,0.02164837385479065,0.027418419086192917,-2.2816228427697696,-0.48636290070324384,1
1.3642332822281416,-0.46359965320977603,0.08256125851546238,-0.07849140056325865,-0.12391283902656439,1.4906352995416847,1.5061474076774626,-0.0465981604877535,1
0.8741629517445374,-0.35358652638025556,-0.9255638902904486,-0.0703346363470089,-0.11104259923739584,-0.9039544962697293,-1.1453523789689177,2.0520078260891697,1
0.8741629517445374,-0.4975670211787302,-0.1556448964949663,-0.06681085474688578,-0.08776204879023446,0.14015376097205479,-0.16824967690940298,-0.5408802195128444,1
-2.3112941963988898,-0.3187868245121524,0.5769749128860716,-0.047068294995993916,-0.009316476877593847,0.31400685013819674,0.20033324200592273,0.0003346299567099013,1
-0.8410832049480773,-0.512549717730014,-0.6138564012868502,-0.07265205936186983,-0.14625912925227225,0.25736757756503825,-1.1478788513775104,0.5432857499823374,1
-0.5960480397062752,-0.2675678607951414,-0.13190905186759264,-0.06550787698064123,-0.09608980721145438,-0.36912955566883093,-0.24479999055312718,-1.5169618456270682,1
0.8741629517445374,-0.39737808831002824,-0.3087311212975654,-0.04951711685722513,-0.02138153393920382,1.8033233187723208,0.6689548665061404,-0.7098461992001968,1
0.8741629517445374,-0.09201015532414188,0.02102757727559028,-0.060852498603053785,-0.08471773299141246,0.09486271303579506,0.33948726150817077,0.6321286452742123,1
0.8741629517445374,-0.19802885731989592,0.41107332659348295,-0.02721415015094592,0.08501907215207014,1.242113165452306,0.32629079398680444,-1.005979028347816,1
-0.8410832049480773,-0.26507886670804903,0.5884439134413152,-0.027218919746687355,0.0606633854973594,0.7730364847079042,-0.05193592816037023,0.47460027258691984,1
1.3642332822281416,-0.2852280734601527,-0.8888630885136691,-0.08812155643477801,-0.2723373019645815,-0.5642576138375252,0.07995073246585478,-0.29777764117226835,1
-1.8212238659152857,-0.009229767366447983,0.056282287678012945,-0.05603756706709817,-0.045359942527827476,-0.24999829061027365,0.21471193058309138,-0.6045317357660338,1
-3.7815051878497026,-0.3869860403806314,-0.24006671362552015,-0.03818227071985629,0.020799445719438005,0.23362605245319126,-0.9711278018519062,-0.19776794352717028,1
0.8741629517445374,-0.3244241822018257,-0.4584265111533969,-0.04080865335251888,-0.004806414015698584,-0.8580449641863753,-0.8154526931789797,-0.3653788111277546,1
0.8741629517445374,-0.20045653599055838,0.13571758282802612,-0.05058601674171617,0.005192493341940046,0.21941936826772923,-1.5021550951809957,-1.4124212749791099,1
0.3840926212609332,-0.3870912832595782,0.40917844824087746,-0.05519949691200886,-0.029976830843289125,-1.3046739178020523,-0.5054467271859174,-0.2791567066325242,1
-0.3510128744644731,-0.2984877610519832,0.4636312682683818,-0.034372365474688533,0.10747724115076639,-0.8168714855301142,-0.7831846595898997,0.16801114675692633,1
-0.8410832049480773,-0.26944461587340396,0.5730854257412499,-0.015955260183650167,0.08903596162749725,-0.32075199138036575,-1.1344903479486026,-0.5072136204420449,1
-1.0861183701898793,-0.43713312825445577,-0.07800474925794779,-0.07207534154770963,-0.11079483487881304,0.33394521437894986,-0.6768927847656881,-0.8779675360317928,1
-0.8410832049480773,-0.30087242741559783,0.7994236584379917,-0.022815566235013535,0.08122340700005076,-0.4998415304553785,-0.588982346966463,0.9803057656630435,1
-1.0861183701898793,-0.12468944197033381,-0.10228911130318094,-0.06165396222735087,-0.10207549785733616,-0.27686766275718677,0.26020643730409115,-1.8771822499899466,1
-1.5761887006734836,-0.31499350509272134,0.9920530025462785,-0.04119552172734565,0.03585699005078143,-0.4707890125959298,-1.1415416664286415,0.3367569414034507,1
1.3642332822281416,0.10300947514166509,1.1175138955766823,-0.01893584273521567,0.12463322668956055,-0.27952094498726293,0.1973866910495831,-1.3003939083786,1
0.3840926212609332,-0.42076008175673757,-0.6031353790286876,-0.02563919549959353,0.06007496890475124,-1.6448032963084775,-1.0653814257221108,1.103282202692078,1
0.3840926212609332,4.116284223682962,1.4851202959821417,0.45957083203526417,0.8020844888415626,-0.516754636320309,-1.3365061215601333,0.4388035538926928,1
0.8741629517445374,-0.009836973020197691,0.3644493460754275,-0.05091538759884597,-0.04675380950867942,0.06952331420263656,-1.6580642476162382,-0.6448828646499681,1
-1.0861183701898793,-0.24118369983204035,0.8843939929864051,-0.053652780057004794,0.047704594036717396,-1.6187863694955666,-0.9219426050328434,0.028657455576605755,1
0.8741629517445374,0.5400181753695112,0.12609359540558257,-0.07608092680167901,-0.18419746747126997,2.5741176746394725,0.12755763416981086,0.7642178860878814,1
0.3840926212609332,-0.3804678455519467,-0.5400558759748479,-0.07245607221662849,-0.10831532070124095,-0.5928850161018351,-1.5449130902195292,-2.5001945330111233,1
0.8741629517445374,0.018029968591717162,0.4130679353856992,-0.05474460028060009,-0.07517184041048627,-0.9654420055520312,-0.9338788369109688,0.31415638623591413,1
1.3642332822281416,-0.45003796431314164,0.2643698499259759,-0.023977365591245803,0.12356273168392487,-1.3135268024612354,-2.1793997287365934,0.5425394907757873,1
0.8741629517445374,-0.23204747399511982,0.1124803903987065,-0.03311027424627795,0.012517231854954182,-0.6986804935066382,0.09338124374953734,-0.19775296203039117,1
0.3840926212609332,-0.5591592721380214,-0.32244405674405235,-0.09234415329300902,-0.22815693476000293,-1.6886964815065553,-0.4835966415809629,0.36152673743177277,1
-0.105977709222671,-0.12803387763217,-0.7964628362142502,-0.048973374584168755,-0.05198207415414478,-0.6246277185867712,-1.966527925226858,-0.12773316407266258,1
1.3642332822281416,-0.2624226279589782,0.17516097169410297,-0.0490592799810588,0.035722806040736264,0.5065591211071786,-1.0914803057814206,-0.12730631182460933,1
1.3642332822281416,-0.5797543883924454,-0.09042118898949411,-0.046257424857847014,-0.01952462509501475,-1.0904451797684427,-1.8535808059819119,-0.8033373793436425,1
0.3840926212609332,-0.34321735733758624,-0.2744737152912509,-0.05999685145438901,-0.1164912041343788,-0.12098308796474001,-0.9355471488577355,-0.6971839679285411,1
-0.5960480397062752,-0.6494986154816372,-0.3903106208992111,-0.06864109413993486,-0.08522719971303351,0.14304764682021295,0.33037155702206095,-0.9700999423204473,1
0.3840926212609332,-0.21147363510535247,0.5402242458894867,-0.037066077168382144,0.023082942013639567,-0.7741075136316239,0.3522216426270155,0.509052216953493,1
-0.3510128744644731,-0.37874300628155516,0.7576366042410607,-0.025037977470993154,0.12122800747540584,-0.031208416503820946,-1.3770617047840505,0.5135487690637769,1
-1.3311535354316815,-0.18579551658666424,0.5875962047046233,-0.04006283077187542,-0.015709333336368803,0.1690239809981714,0.7438608726915407,0.740909459546489,1
1.8543036127117458,-0.33639052632694666,0.01045615067684402,-0.0884675219152814,-0.2101542469345706,0.007101436268519328,-0.004004965862437885,0.5099402723103752,1
-0.8410832049480773,-0.5351753351815098,0.052093609214358766,-0.042286452561718084,0.06695273905036027,2.5054961942762484,-0.12871428444429991,-0.2997741436855201,1
0.8741629517445374,0.20078697334928114,0.3689870810777195,-0.02237756677309296,0.08315808655441222,-0.9146288831664169,-1.7831816425016258,0.8732279815288441,1
-0.5960480397062752,0.20053118739566692,-0.3302230310336958,-0.04348663629100108,-0.05147239291419795,1.5749912232604009,-1.0298127749721615,-1.8061627280700403,1
-1.0861183701898793,-0.3808853852347248,-1.0177148164908405,-0.06117144708206865,-0.15421052761311332,-1.1337597354064703,0.6003980475138305,-1.3574571271213538,1
1.3642332822281416,-0.11202323270021648,0.5157902881848374,-0.00847538081435176,0.13369630025143622,-0.2746210449245437,-0.8819931351421041,0.3169549931697562,1
-0.3510128744644731,-0.3539635704335259,-0.38283083792840006,-0.06709615538528009,-0.12184316652958453,-1.3630940999777625,0.29931575009933653,0.6268717623731304,1
0.3840926212609332,-0.36827911864783375,-0.043847073691244076,-0.05965916230314804,-0.07004475718609926,-0.22319091448765158,-0.41930662040934036,2.14707350301731,1
-1.0861183701898793,-0.2928414805964862,-0.11919342081721387,-0.07899277386120308,-0.1677149687788779,-1.231907560386225,-2.187093167282474,1.1070053060241016,1
-0.105977709222671,-0.1517537922358455,0.706923675698962,-0.018095276310387574,0.16253842088578666,-0.8983659975086343,-1.420755874871849,-0.005067862727201133,1
-1.3311535354316815,-0.2033742804149254,0.19316231604385484,-0.03877187280260053,0.001214136389692766,-0.6575262040959909,-0.6484834726937698,-0.1739937021345964,1
-0.5960480397062752,0.5744669151152134,0.11592109056527958,-0.01939570876412192,0.060993389423546346,0.18098995173425617,0.04587636112146266,-0.05144432890045087,1
-0.3510128744644731,6.541586235592159,1.2288130661823504,0.6842671328170662,0.7130915460152496,-1.0017524865409844,-1.948608574604393,0.7323500183216757,1
-1.5761887006734836,0.9208715632800057,0.14045477870953976,-0.017247694336987005,0.028368298739641157,-0.008032236089675853,-1.8739846211581945,0.030378013390384134,1
1.3642332822281416,-0.20207361570446303,-0.03522039066490869,-0.06491708635498457,-0.1485110005331041,-0.9165389511529084,-1.5516523503498132,-1.1263095047438336,1
-1.3311535354316815,0.39836812397310684,-1.0955544246070807,-0.04605776840145324,-0.047569440015760446,-0.10518812468077342,-0.5327458316673616,-0.5860946214071162,1
-0.105977709222671,-0.3625710651981723,-0.9781218319653474,-0.0648457460922904,-0.1459662037679311,0.235071888305408,-0.49026388824591877,0.03832584753238179,1
0.8741629517445374,-0.1822556952321746,-0.21702898207542218,-0.07511382942554135,-0.11294744744405043,-0.685400059446001,-1.4325300764529862,-0.0067752384825151,1
-0.8410832049480773,-0.36658974165186997,-0.031181307860670728,-0.06767244555116059,-0.079138682002065,0.6717216961539474,-0.8875501742165858,0.6936791470925746,1
0.8741629517445374,-0.12706152494624828,0.34265824502046466,-0.06406116267148407,-0.09086269396252669,-1.621449984396358,0.03348404396292625,-0.07895514509211089,1
-0.5960480397062752,0.21832501275916721,-0.6687580082926031,-0.10062694750322262,-0.22757427643622705,0.7957690983292048,-1.3123996140415664,0.09494367143072735,1
-0.105977709222671,-0.28520885519530154,-1.5206055582283688,-0.0831761445781655,-0.14900274949872855,0.43279492291942845,-0.4603002855473366,0.39386017944593127,1
-0.3510128744644731,-0.30462914061626484,-1.0614964794799877,-0.07356624617375437,-0.1590560078225285,-0.22120556561452087,-0.5859457791784634,2.5951468510703526,1
-0.105977709222671,0.006612488959190611,-0.5316785190475396,-0.05614471314896604,-0.06698353142582607,-0.5134496577872684,-0.727626271089304,0.633950794345198,1
1.3642332822281416,-0.4650819762808553,-0.7580666169640868,-0.07738513562646222,-0.17554039958149337,1.299559862437065,-0.26055893721575024,-0.13874846916857225,1
0.3840926212609332,-0.39274511374769533,-0.058657043973449924,-0.096012142401318,-0.22685174819871431,-0.6893131894554207,-0.16689942443450193,0.2959961430393347,1
-1.0861183701898793,-0.3572883302527764,0.23445071804273174,-0.06221601129266822,-0.09127459308349674,0.5515099289577456,-1.1643279270828606,-0.1457923295863574,1
0.8741629517445374,0.32831709101289835,-0.8706622832846956,-0.06795730556060384,-0.16774906422492605,-0.26594160152379387,-0.6481894177103469,-0.5862871346597808,1
0.8741629517445374,-0.6041220042793785,-0.5015100610652684,-0.0648510167149499,-0.13107477433262615,-0.1388453234396505,0.13329470690761272,0.12693881298120221,1
1.8543036127117458,-0.11948174977340432,-0.7028658186395015,-0.05708420418250337,-0.14006050196510803,0.842813748095412,-0.3196159799068673,-1.8142103965626837,1
-0.5960480397062752,-0.400458272830161,-0.5859318781958223,-0.06705419759081668,-0.19170784109242694,0.361103901305888,-0.6695294079358943,1.7186285603241491,1
0.3840926212609332,-0.650439395303875,-1.1757875632739803,-0.09533356572605155,-0.2502760803096821,0.6468376728801649,0.480555638963723,1.1929712878327257,1
-1.3311535354316815,2.791398093419862,-0.978670349383207,-0.00993568488584369,-0.1412159219744405,0.11556938514901254,-0.6095301890734018,-0.6758899469393029,1
-1.0861183701898793,-0.37530179292886134,-0.2294454218069685,-0.0664435295928938,-0.1336750517905891,-0.9279078411312375,-0.3418921451816795,-1.1475468900872252,1
-0.3510128744644731,0.05159878635387702,-0.5327256886634532,-0.07512346855242842,-0.140569498820193,-0.8340761203187944,-1.529430195173997,0.0739423086123572,1
-1.3311535354316815,-0.33700047744710365,-0.3751515940783674,-0.09257502256453505,-0.21448929895906815,-0.4841860582260668,0.11558539555902146,-0.917346790136371,1
0.8741629517445374,-0.6374277148441713,-0.48759766473955996,-0.1273916989714271,-0.3255371614088567,-0.9696414981498429,0.3416836722006765,0.18755510014328708,1
-0.105977709222671,-0.3319620890119582,-0.54643862410994,-0.06823320628739064,-0.12202626648810673,0.5977803664682226,-0.9824639215189643,-1.2376310994692543,1
0.8741629517445374,0.007862133752250486,-0.4321475403159475,-0.10384553742031545,-0.31416940192057297,1.8924772919424209,-1.2300582175610444,-0.866442127608814,1
-0.105977709222671,0.08289939128586558,-0.9190814117157456,-0.07348171969945104,-0.20657611163055725,-0.06266475640036505,-0.4685998374263951,-0.38244743720954266,1
-0.5960480397062752,-0.40801448274967556,0.4465274978751272,-0.03891847828843481,0.03415851970523907,-0.3628376972511955,-0.7052120800059464,-0.4300453146211506,1
1.8543036127117458,0.896027837760272,-0.3729076591871241,-0.04180792646255542,-0.062404774847550665,0.2098011279277146,0.028803168716602573,-1.0112792830415145,1
-0.5960480397062752,10.034340229150368,-0.047088312978595524,1.9444709798401074,1.2564376737525689,1.2674606828124553,-0.7474239729324089,-1.2508170058952386,1
-0.3510128744644731,0.7753421678500746,-0.3461300361516206,-0.025192423693841937,0.02566212358374019,0.04955468999764613,-0.3177136241977845,1.1945651885944935,1
-1.0861183701898793,0.6393706561394532,-1.1714991543707154,-0.0875467188969875,-0.26861603034088094,-0.7995340021179531,-0.7459176912826304,-0.47369983828257856,1
-1.0861183701898793,7.585440018314887,2.3316821326185346,3.1071172137227143,3.1196496084544068,-0.9574976578678754,-0.6818437105069921,-0.6282800330827818,1
-1.0861183701898793,4.1064353205244775,0.5315975628631514,0.4029185035219543,0.5475100389516424,-0.7561914006594128,2.212017393700963,-0.31909345635057584,1
-0.8410832049480773,-0.5285663111725166,-0.6407836199817699,-0.06206384718262079,-0.1033763168186863,-0.4373141116703848,-1.123340263066975,1.1928021712878423,1
0.8741629517445374,-0.1050831512002754,0.06745209691442408,-0.0452952546396156,-0.0303566125351765,-0.525902740142783,-0.8402013207633885,-1.364167828441198,1
0.3840926212609332,5.732014998426155,-0.012082928675199892,0.8260509521507553,0.6180767569967223,-1.3292833872539742,-2.246282234660026,0.41400492901591257,1
-0.8410832049480773,-0.25105182125537584,-0.6845652829709171,-0.052242644981403824,-0.07127307625001415,-0.4891339314028208,-0.7997177510047994,0.15756060771164038,1
0.3840926212609332,6.469457342139352,1.2416782928921455,1.1175733164012067,1.198525784963805,0.5142724597960593,-0.49061195332833774,1.0773466633171334,1
-0.5960480397062752,0.46830888069928844,-0.0157729549408,-0.00969272003929654,0.0425385411548274,-0.8745491915101481,-2.058003029559822,0.2412466851508033,1
0.3840926212609332,1.2615304078320362,1.1105327648039254,0.03858824995800032,0.22211245535149168,-0.024392544071344353,0.1609598798378078,1.4065190556281613,1
-0.105977709222671,-0.19398478530193064,0.8603589570401989,-0.027386288574934296,0.1113790304033044,-0.36237715535646187,-1.0377702628909118,0.037908381364316984,1
-1.8212238659152857,6.2920215088568865,3.6521131530657085,2.580658663623526,2.8575712139195373,-1.6911460625139607,-1.2370555259420872,0.14363225434004534,1
-1.3311535354316815,1.3926936927079916,-0.6141555926056826,-0.04181304651942827,-0.032118325465740366,0.7495739417053671,1.0346632479304545,1.4826156223882543,1
0.3840926212609332,5.666751601302558,2.0331390616435634,0.5145272247677346,0.7231733632761237,0.7986829114708851,-1.496009946139668,1.0298478657637669,1
-3.2914348573660983,8.527039819852883,1.6411984339730654,1.0231632105109856,1.0656775666175062,-0.6956559731787239,0.08384546071568051,-1.313401396817464,1
0.8741629517445374,-0.1885780467904713,0.6811433570595666,0.0045019110338610085,0.1512719542390714,0.853454184788321,-0.7427430976860853,1.0656748972124344,1
-1.8212238659152857,2.159213728718727,0.8613063962165016,0.006030216964136554,0.09971439720695778,1.4647925520351153,0.09991646572805847,1.7582092270016834,1
-1.0861183701898793,0.6246046226454794,0.4007512260937637,-0.030061259063632172,0.00722294754004037,1.0690283841586286,-0.9388417648964941,1.691677037279166,1
-0.3510128744644731,-0.09953959694618518,-0.02345219879083266,-0.06106400531087609,-0.10039217415389207,-1.4468359678368339,-0.2989601176019364,-0.10220135898125593,1
-0.8410832049480773,10.745371186025258,6.60149130889611,10.866443866653421,9.253262829375082,-0.2561255643443744,-0.48990982204138916,-1.6509632233175475,1
0.8741629517445374,-0.11401140795684232,0.4109237309340667,0.0001656627409313719,0.1329908173412806,-0.634737498833665,-0.634728900816111,0.5010979670627055,1
-1.0861183701898793,-0.49335044235483905,0.45834555496900864,-0.067874820713219,-0.1013685929546205,0.2535503937836881,-1.0089168677828038,-1.8171712210758075,1
0.3840926212609332,-0.3199161263610253,-0.2968631989838786,-0.03007285062291045,0.08554670002147811,0.18237969594544767,0.5384424628432591,1.075706568993957,1
-1.0861183701898793,-0.4929534936701157,0.8877349627133673,-0.0369758707896389,0.08969900574270812,1.605781105895816,-0.9513601056193546,-0.035548702767140006,1
0.8741629517445374,4.419481636685004,0.5520921682031736,0.14296084198306636,0.17450201128256662,-0.27816146074030873,-0.6814536375697984,-0.11877345375881943,1
-0.105977709222671,-0.053898048235621165,0.6994937579479563,0.0026486665378565232,0.19274971187204795,0.035821094521357615,-1.6068806771343218,2.02828633422924,1
0.3840926212609332,-0.023437556024268974,0.5444129243531409,-0.023562343912871136,0.10785694107910034,-0.8350407489348471,-0.2970757652591856,-0.5365306333248453,1
2.34437394319535,0.5430102761757428,0.5848037523955205,-0.01832018986749047,0.0793389612434342,-0.9700717800803393,-0.0022946460608965404,1.8638211062581949,1
-0.3510128744644731,-0.31817184003691534,0.7016878276193942,-0.03418948237317831,0.08266462636648836,-0.8497131413504004,0.7149594686065472,-1.5681219420526962,1
-0.5960480397062752,-0.3269603067955768,0.6873765095352424,-0.020206693094571737,0.10277666063007393,1.6775245289108405,-0.8255405794470183,0.5889997802353188,1
0.8741629517445374,5.696067691599796,1.5007779750010395,0.4598435997373668,0.6798795031218676,-1.0057327789100527,1.4043743778025866,0.6824708397482225,1
0.8741629517445374,-0.4646191364023566,-0.3860222119959461,-0.04409576554692425,-0.03331845591041736,-0.27657170554598776,-1.7271791709648405,-0.6300234316094409,1
0.8741629517445374,0.10448424818012425,0.003624615563503277,-0.06197256555024019,-0.08180197879863288,-0.4004869971456726,-0.42257123083754555,-0.16703907834986434,1
0.8741629517445374,1.868065710200627,0.20792242110625528,0.06635461262682821,0.20134740381267313,-0.3603386670339388,0.7875430405351177,0.505528859197766,1
0.3840926212609332,-0.12145207949838265,0.3658954374497843,-0.029220915066621646,0.058588577906733365,4.2807582542343106,-0.08366986188160051,2.9506484274070135,1
0.3840926212609332,-0.08441253461965043,0.6088387883417267,-0.03285146974609051,0.0586189306388802,-0.47206878766879545,-1.2684894035577838,0.42501380863860955,1
0.3840926212609332,-0.29361204150147074,0.3089493564320096,-0.018161038198578255,0.06429547588080502,-0.8104098760935866,-1.4256407882699353,-0.45301373896899394,1
-0.5960480397062752,3.493681079165599,0.050398191740974936,0.07995391536543973,0.1469660066775114,-0.2717101839744963,-1.5343451141826367,-0.8433931747530715,1
0.3840926212609332,-0.30154826972953025,0.08016772796480284,-0.06137899229008633,-0.09608030829253733,1.2844409510370345,-1.7835717154388195,0.6031585276820053,1
0.8741629517445374,-0.08569741289827075,0.7556918606686499,-0.04735711521075788,0.03339303008823573,-1.4409662728227044,-0.9971606695679985,-1.7787266542827938,1
1.3642332822281416,9.11568154491184,1.5556795820067926,1.754543184467844,1.3322605716255806,1.1732259878421203,-1.4104399459636048,-0.7395091768803126,1
-0.3510128744644731,-0.27136758630285623,0.34375527985618365,-0.04042589873792066,0.02271920515671911,-0.9179419802264479,-0.5481267076370123,2.2724783598556986,1
-0.8410832049480773,-0.1608847559288187,0.5036231745523181,-0.03547021451586296,0.04121287334919343,0.47831181351560564,0.14040003548664762,-0.3963850433793891,1
1.3642332822281416,-0.2059822447130011,0.45610162007776534,-0.028305022330143315,0.10458990733613058,-0.006190806558649422,-0.7119933479910051,0.6526480210118858,1
0.3840926212609332,0.00346298141227332,0.5264614452231945,-0.05044902150485592,-0.08340330722990173,0.7111504295551598,0.812903782574815,0.7624472664095383,1
-0.3510128744644731,-0.5614018606150579,0.417456074728575,-0.043720091691462,0.04667141488696578,0.08198082484560054,-0.4927543539218474,-0.467339057718696,1
-0.105977709222671,-0.2528658881840049,0.297480355876766,-0.007305954735616749,0.13308655764784766,0.736017477727053,-1.3385525041998723,0.753443475884069,1
-0.3510128744644731,-0.4362989640443686,0.40314475664442323,-0.08622507645128327,-0.18254010023553427,-0.2346195863465471,-0.09027109620333904,-0.616532279676693,1
-0.8410832049480773,-0.558256013690017,-0.45353971961246703,-0.06444867376997641,-0.08873299112727746,0.10263952384478325,-1.0794840626821887,-1.0626009561711633,1
0.3840926212609332,0.29559616479286227,0.28710839015724143,-0.06966717893253849,-0.052399917509003434,-0.0573463831736811,-0.4274381408693001,0.5167216724408232,1
-0.8410832049480773,-0.4025553515876101,0.7316568247224438,-0.05412972294242032,-0.014982479452994716,-1.364108915851575,-1.3251159917940791,-2.353069836376869,1
-1.5761887006734836,0.3061561437508395,0.8688859096269235,-0.044770239010964656,0.05568946116932785,-1.111359243343872,-1.9090671810171793,-1.1325582457106491,1
-0.3510128744644731,-0.4058034671363232,0.9971891201862354,-0.04548095148126818,-0.021173389843710533,1.3424943234023559,-1.3521150401699895,-0.8408750110947232,1
-1.3311535354316815,-0.47452523677765984,-0.05935515705072562,-0.06005639777267104,-0.0697947908086338,-0.6493493713207438,-1.5161257074546386,0.7386399398337484,1
0.3840926212609332,-0.29946217283771037,0.01190224205120082,-0.033638482555131285,0.03628054229540436,3.9047988639271876,-0.6456569441796436,1.1726540568509336,1
-0.8410832049480773,0.06625545876929292,0.9706109580299536,-0.028600287252112753,0.08777420185034607,-0.16639738990167366,-0.45332698165473645,-0.9996615555073247,1
0.3840926212609332,-0.27277395146999994,0.8336311992245008,-0.045503543884363624,0.005604582982963343,0.7385098655131357,-1.0307189444108729,-0.07201886992540155,1
-1.0861183701898793,-0.048015428880228354,1.0964707728188006,-0.001445195500040822,0.2027709638324424,0.253553345975321,-0.5120959704845413,-0.5779539364000603,1
0.3840926212609332,-0.19096019647654588,0.7386379554952007,-0.032917704800176514,0.0955559276200146,-0.2801372149906325,-1.938328652428813,-1.2764664918080095,1
-0.105977709222671,-0.1790787330211842,-0.27601953710521854,-0.09028636491464431,-0.2092998474547335,0.3462588056798096,-0.7224473027077947,-0.06553725345741696,1
0.3840926212609332,-0.42072805131531893,0.46976469030444684,-0.06061148887921241,-0.046171699837617056,-1.1731943731909487,-1.670738617513976,-0.12959648335694893,1
-0.8410832049480773,-0.09339066734928346,0.48731724767595,-0.03128993886002995,0.048336040793051024,-0.23081421133172852,-1.975619625224525,0.7047575000912367,1
-1.5761887006734836,0.17789344413420546,0.42952345792148344,-0.02685694118524588,0.1001152245035147,0.42564102454498387,1.2612416143409633,2.587040893365809,1
0.8741629517445374,-0.4124731201951444,0.891125797660135,-0.014758126546555601,0.1600775122739963,0.6521316905258774,-1.2419584427065058,-2.5006633784935013,1
0.3840926212609332,-0.12639712207567963,1.0968696945772438,-0.01962058316665705,0.14358970354698392,0.8985341510228279,1.0407603879948968,0.1886968485147743,1
0.3840926212609332,0.19452547962967978,0.6196595410394999,-0.035717469006602574,-0.0010104201998144108,1.532215442595379,0.32291216223849645,1.9189581574699572,1
-1.5761887006734836,0.016133308882001606,0.025216255739244457,-0.029546641054822798,0.03098187665780537,-0.9230780556197998,-2.782668530033945,-0.20638273561100634,1
-0.5960480397062752,-0.5366777916729093,0.5233698015952593,-0.0775225189543461,-0.086855179231931,0.20749029992705578,1.1811386364077217,-0.9808566685822124,1
0.8741629517445374,-0.36017907759080486,-0.6924439877001715,-0.05761933663170083,-0.024056826105447696,0.05099904975404642,-0.6800613772401226,-2.3309512973277635,1
-0.105977709222671,-0.3902645848486922,1.471158034436628,-0.03815112519348102,0.1073648229403451,0.6155518220504212,-1.547361548040683,-0.40295779211316807,1
0.3840926212609332,-0.35535025975808393,-0.29287398139944604,-0.03872776724325848,-0.055898298564246336,0.6761005343934583,0.5135618105724157,0.4248476096477576,1
-1.0861183701898793,4.108292170971287,0.9482214743373258,0.15002306101372825,0.2610612044922237,0.006329438156513858,-0.7917362585976064,-0.7705534658847533,1
0.8741629517445374,-0.5200029726592544,1.121054326182866,-0.08557768297752044,-0.1085949107270958,-1.399560309075352,-1.259283682240014,-1.722134504202373,1
0.8741629517445374,-0.5591190052973809,0.7594816173738608,-0.04638766631341576,0.03767795294971416,-1.1114426427575015,-0.008517809689662766,1.5140439887113946,1
-0.8410832049480773,-0.4409971434338751,0.2318577266128506,-0.0633038357869757,-0.048338096139558126,-0.7527882617545779,-0.20192197307238013,0.9643549643964822,1
-0.5960480397062752,-0.20908896874173782,-0.1171489468051922,-0.028684188106500128,0.10067754354241876,0.649549260894991,0.25563358225575955,0.5549868039878835,1
0.8741629517445374,-0.3518998948506991,-0.7587647300413626,-0.04193852186563471,0.019963622172920293,-0.7441545773241383,-1.2006167124860905,1.5572166837221038,1
-0.105977709222671,-0.3244081669811164,1.1242457002504123,-0.05956826497233134,0.06805183137914829,0.5854682512631794,-0.12246711632709101,-1.3142193718579913,1
-1.5761887006734836,-0.44808799679735084,0.8130867286646732,-0.058136409032440765,-0.04839957360245985,1.1366896641932496,-0.691157452022754,0.009290867071181432,1
-1.0861183701898793,0.062333102428718326,0.753747117096239,-0.05476630476152452,-0.04612967947661163,2.05543753203104,-0.893353259297605,0.24265908551996113,1
0.8741629517445374,-0.034756656443866975,-0.44137260597994776,-0.044105344407400056,-0.008563993861641476,1.6475479750702917,-0.7615506143809294,1.3957033110067378,1
0.8741629517445374,-0.29311877270362435,-0.3576489019266696,-0.04093777388217909,-0.027971012659509038,0.4299342492271405,-2.1783495323672257,0.11654843858574579,1
0.3840926212609332,-0.23175348030067053,0.21734694764947718,-0.032741609202384246,0.05196185177409293,-0.9583331280999885,0.02225594449386009,1.3966906625463755,1
1.3642332822281416,0.22892846160192684,-0.3540586061006803,-0.05165052569564989,-0.051117615851240916,-1.0394947804718981,-0.6273895284747599,-0.40828024400526014,1
-0.8410832049480773,-0.35782529772427246,0.6398549550606897,-0.04741653135288537,0.03508277746316723,-0.44938340911362135,0.540728890367425,-0.8486256253831845,1
0.8741629517445374,0.43123410233499576,0.5285557844550215,-0.06471072961820709,-0.036649985460692903,0.270419216774125,0.5926025898920684,-0.2908126130981136,1
0.8741629517445374,-0.40986675741913964,0.1820423720272491,-0.05177027703572859,-0.012579342617835956,0.07152194793811535,-1.188644473875301,-0.2772502440156654,1
-1.3311535354316815,-0.4379348044453898,0.19027013329514125,-0.06434471025430713,-0.11678078629965159,-0.8290197540995311,-1.7858281373524318,-0.3470588136179682,1
1.3642332822281416,-0.05508637761225115,-1.2122390389517328,-0.05229444279607558,-0.07571001522732691,2.523863992568294,-1.9694804773053083,-0.36375921555018564,1
-0.3510128744644731,-0.44942503893771,1.074579941324227,-0.01674450546496519,0.1300140963550395,-0.5047052661705946,-0.9870427776894066,-1.2170994317605313,1
-0.8410832049480773,0.30154376018656137,-0.6081717662290338,-0.08986418326006257,-0.20249951069721045,0.608015614859515,0.2988296592083722,0.2209785549308964,1
-0.5960480397062752,-0.5812026219223007,0.06690357949656461,-0.07272565523223756,-0.1469922676917026,-1.0608546249838966,0.2683019510313868,0.1279221239712194,1
-0.105977709222671,-0.4436112850313672,0.61108272323297,-0.05789751135749478,-0.06326365939165178,-0.8190332278533112,0.5307550254194892,-0.35981525116558516,1
0.3840926212609332,-0.334936115497675,-0.8421393775560029,-0.08229278890546285,-0.17280852265015947,-0.9799667883859391,-0.9203703110398476,-0.07374560427639304,1
-1.0861183701898793,-0.5404955915011389,-0.5853334955581574,-0.08984811788277788,-0.22828875102096474,0.3457761223478291,-0.41280740516348324,0.8933700423544528,1
-0.105977709222671,-0.6165118365978267,-1.0049493202206563,-0.09156995538369068,-0.18913763093379268,-0.07475914747248133,-0.6730040576379731,0.6164488454016344,1
0.3840926212609332,-0.4405974492827444,0.2224332000696287,-0.08818272063818747,-0.14419191742968274,-0.974875733914989,-2.8179731314110246,0.32020472494424845,1
0.8741629517445374,-0.5529760242110284,-1.1542457883180446,-0.08762561038683896,-0.24189082454936928,-0.7832098584837878,-0.6540345106461408,-0.4119433167420731,1
0.8741629517445374,-0.2878261998369356,0.15351946629855637,-0.06760739856033059,-0.12591313659832679,-1.360374393435946,-0.1587018916313248,-0.07303287913118432,1
0.8741629517445374,0.06565465920382695,-0.7307404765107239,-0.07608036949694226,-0.21893493217656523,1.4515025233516712,-0.07476419666936418,0.33411201087576875,1
0.8741629517445374,-0.29487884545957627,-0.7165288888661829,-0.07477499225990934,-0.19453924954652607,1.2147957982250992,0.4258734142912854,0.1440166935732009,1
-1.0861183701898793,0.6884838471220587,-0.052573487157190284,-0.04108083204593892,-0.03937748346554493,2.6224133156101246,-0.4999557004546531,-0.9150605251979466,1
0.3840926212609332,-0.42900723405542474,-0.4323968664149745,-0.06252846874715112,-0.06693085862539398,-0.09344061612552383,-0.20178994838594536,-0.3549460265074575,1
0.3840926212609332,-0.4692530261201586,-0.6055289095793472,-0.06958729862144615,-0.12627107575978583,0.40739352806197887,-0.8707530334288166,-1.0330794471267817,1
0.3840926212609332,-0.4736979362335909,-0.08119612332549384,-0.07356914439051393,-0.08287408694108445,-0.5817035902921956,-0.948869639943426,2.5958561337021684,1
0.3840926212609332,-0.4694779255766906,-0.8046407322623369,-0.03289013533099921,-0.02373927899133936,-1.0632540187335426,-1.2208104883884998,-0.00511732949024731,1
0.8741629517445374,-0.44347607081080725,-0.10493196795286751,-0.06858959932490126,-0.1250072383220174,-0.20273665475904776,-0.5937292345560041,-0.060883101205757885,1
0.8741629517445374,0.05786073765121293,-0.8305706465611484,-0.06953354798654995,-0.16234576654092728,-0.16960347001501186,-0.6757765760531033,-0.11626127311217274,1
0.8741629517445374,-0.17079474571486566,-0.19882817684644866,-0.0749043937240856,-0.13858607645334117,0.12848300939926083,-1.6207312669657514,-0.8463156778480414,1
-1.0861183701898793,0.3437154969360221,-0.532825419103064,-0.051603799873052976,-0.030925048722981463,-1.4350390100717332,-1.1519536132906563,1.210851321577114,1
-0.5960480397062752,-0.2041773293390631,-0.6293146194265263,-0.06694489757361914,-0.1427411064650688,-0.8882207909621456,-1.0028737378173578,0.1012637399989474,1
-0.3510128744644731,0.03708625092484479,-0.7331340070613834,-0.07189217011563777,-0.13923801793741877,-0.5288327903384443,0.03690468356600894,-1.0531182555965937,1
-0.5960480397062752,-0.5762081609496721,0.3611083763484652,-0.09365700169946342,-0.15898828816874858,-1.1231731762108619,-0.7655233572181939,0.3448343075655094,1
1.3642332822281416,-0.0026287509678094767,-0.4958752912272575,-0.08616459224962551,-0.2063241811373694,-0.716205441087489,-1.6529572927000569,-2.00837232005823,1
-0.3510128744644731,-0.4967056310934372,-0.5885248696257035,-0.062396295932147336,-0.09454582575712214,2.862730571103743,-1.313575833975258,0.6956345034536194,1
-1.3311535354316815,-0.5213555724425883,-0.8066852062743586,-0.1057613395955827,-0.2550261648927964,0.4202289192339551,-1.5008048427060945,2.614993426852301,1
-2.3112941963988898,-0.6059317242195292,-0.4266623661373527,-0.05505240875422789,-0.06407885346015009,0.0615612533686834,-0.7360878532653506,0.26378496133404866,1
0.3840926212609332,-0.01815710896754581,-0.4291057619078177,-0.05103669173900103,-0.024753781566219313,-0.032274157683300775,0.2303088469487263,-0.5922968260301597,1
2.834444273678954,0.06259437931514718,0.11352756001462004,-0.015576510602695205,0.13373590333176116,1.476020474862973,-0.9664529277276931,0.23131444358724418,1
0.3840926212609332,0.027731531719675958,-0.3073847603628195,-0.04181104266823286,0.013832489650462654,-1.1409143718288233,-1.4159009670843157,-0.08031751520669628,1
-0.105977709222671,0.18759866788404067,1.0055664771135437,-0.01062488432762205,0.18797053240745326,-0.11848553384329975,-1.2767709520705104,1.3393395247030286,1
-1.0861183701898793,-0.03664233428795329,-0.366524911052032,-0.0491397991106714,-0.06245202681257717,0.5474587839894876,1.5133607564544895,0.13933857956427725,1
1.3642332822281416,-0.1581269349226774,0.19450867697860083,-0.061294698217015504,-0.04566425424232988,-0.0037419635991521477,0.8334996336586391,1.3921629452257902,1
1.8543036127117458,-0.4285752806740082,-0.30673651250534917,-0.05139511417654749,0.008212467831076434,-1.3122093869450502,-0.36647874246910017,-0.4954076913376927,1
-0.3510128744644731,-0.057453427233085545,0.01349792908497384,-0.03897438915548758,0.0024702746343523755,-0.39489185595340354,0.22986476391253663,0.8211238419965198,1
-0.5960480397062752,-0.39492318376415997,0.33782131869934023,-0.05042924773104059,0.011255626566055494,-0.38678513772943784,1.2910791934752215,1.4870903969686948,1
-0.8410832049480773,0.7737918944854145,0.832783490487809,-0.02534594131681904,0.09451037590311025,0.2837343390864488,-0.38151755447844266,2.1158665847223435,1
-0.5960480397062752,-0.19913390754883756,0.23056123089791,-0.04981001145285339,-0.007931620239489451,-1.3698405959068658,0.44191441369310996,-0.35961585815078084,1
0.3840926212609332,-0.4438460224091921,0.07109225796021879,-0.06771508947730044,-0.07545047733970754,-1.0017000851395004,-1.628628743663395,-0.8248505773494463,1
0.3840926212609332,-0.31979875767211285,0.19316231604385484,-0.034405898736558665,0.07170010678664268,-0.46233245966346453,-2.483488588328534,-1.7089289020536174,1
-0.3510128744644731,-0.2167646064499703,-0.2786623937549051,-0.08330603613101258,-0.12096506451699468,-0.4257274975591287,-0.9166196097206779,0.4781282435252061,1
-1.3311535354316815,-0.23006204420490128,0.23155853529401815,-0.03663001758739756,0.09081533532585356,0.045440072909280455,-0.8823231968581909,1.4080296855605425,1
0.3840926212609332,0.009982548974161677,0.17715558048631924,-0.07548600735888325,-0.1588419284936789,-1.0179998731926942,-0.005727287908200572,0.8979641248435899,1
-1.0861183701898793,-0.3601509365601299,-0.7239588066171886,-0.08535828162452695,-0.23808602598916476,0.8148609216192215,1.2670867072767573,-1.0551962039251173,1
-1.0861183701898793,-0.43290350846512987,-0.49627421298570074,-0.08953727827827537,-0.20623711443815013,-0.9701544414460608,-0.3427683090098375,0.5986595504181943,1
0.8741629517445374,0.3089016101581479,-0.4599723329673645,-0.08348272651239041,-0.1983052330805934,-0.897113530208373,-1.2674512094326378,0.5517531039001538,1
1.3642332822281416,-0.36413163406185983,0.023022186067806556,-0.051930980286003584,-0.00908293547592299,0.35618628809337133,-0.09828259422108533,0.273886443016701,1
-1.5761887006734836,-0.4967060886711717,-0.163573466444026,-0.040821178782670844,-0.06796174189583606,0.9782093749075682,-1.393870847816041,-0.14681512085933981,1
0.3840926212609332,-0.5988292026238224,-0.7993051537431584,-0.07834181502527582,-0.19525051158228254,-0.1841791781545874,-1.9672360576359171,0.4978128373886086,1
-0.5960480397062752,-0.3576111513445024,0.9447309089509474,-0.06166589776522842,-0.026848731034373498,-0.5821936541032583,-0.17888966641162335,0.37672604855767544,1
0.8741629517445374,-0.27620143749065723,-0.05292254369582813,-0.031125730475375233,0.04964115734723401,-1.501064775941723,-0.16542914951738744,-0.7439343316495237,1
-0.3510128744644731,-0.3485950396629016,0.4030948914246178,-0.05680754535124877,-0.02239768856399842,-0.2025115501470385,0.45880157131253924,0.445047437316153,1
0.3840926212609332,-0.5343411709714226,1.2529478325681673,-0.04104324676072147,0.1003691716839121,0.876682028556042,-0.47783556435471836,0.8703845933504591,1
-1.5761887006734836,-0.3539269642147618,-0.29890767299590026,-0.03671357774555451,0.03463356084680543,0.9104359115908969,-1.4363347878711519,0.8581759928801418,1
-0.5960480397062752,-0.336760935503066,0.19675261186984414,-0.013865957643723168,0.10810983059846549,2.1302158080446945,-0.1208108066245457,-0.7566352042168776,1
-0.105977709222671,-0.22097935496292326,0.010605746336260241,-0.03591355788784726,0.03039186097471369,-1.265745580882618,1.7395730544162473,-1.950047517370968,1
-1.8212238659152857,-0.26818581952565307,-0.4802674774281651,-0.045639592614711615,-0.052235739610295664,-0.7159198165470051,0.30739926158241093,-0.4180638449085625,1
-0.3510128744644731,-0.17496488039869987,-0.4279089966324879,-0.060596824910080324,-0.0814695475809308,0.1798437633327796,0.43391491791958503,-0.03504523211792871,1
-1.0861183701898793,-0.3744877621390944,-0.5661852511528812,-0.0699251171858599,-0.11747023245782667,0.03373315698898336,0.4881290550673903,1.268653804097412,1
-1.5761887006734836,-0.34337933985561747,-0.9233199553992053,-0.09164889933024042,-0.24608085876217384,-0.9578770144927041,-0.3184637644616184,0.17305818865222078,1
0.8741629517445374,-0.3314770566133337,-0.7916757751129311,-0.06428535075051611,-0.1981665383423485,0.08807710056755579,-0.6716598062851827,0.8822015077039833,1
-3.2914348573660983,-0.28564355404312536,-0.4468079149387371,-0.10732887576102332,-0.31143853967508656,1.3814780139149074,-1.6069106827448751,0.3396588428670671,1
-0.8410832049480773,-0.3614827165565418,-0.0693780662316124,-0.08605455559438582,-0.17727160474060216,-0.4099118689337317,-1.095951141753871,-0.655044241912072,1
0.3840926212609332,0.1711629332366889,0.006516798312216876,-0.05215341742060272,-0.017691871775660752,2.503741116350484,0.4023370133732322,1.871702054758056,1
-0.3510128744644731,-0.0384236844085619,0.16628496256874054,-0.0641680042414743,-0.06883350225103112,-0.4439594950360609,-0.3835819404845136,-0.960611680469577,1
-1.0861183701898793,-0.26448950658594683,-0.17838343672623186,-0.03797581354115153,0.012963831152802776,0.2586008556196856,-1.7746780524708043,0.4086563474427585,1
-0.5960480397062752,-0.26854936503575416,-0.8647283221278522,-0.07539106557184845,-0.16902156496214754,-0.30247940126848105,-1.6396227993701449,-0.2882471651448842,1
-0.3510128744644731,0.2841333849646151,-1.4349869758224854,-0.06614497563742035,-0.1721665520364039,-0.6991004427664194,-0.9618560681909188,-0.44638115523485433,1
-0.3510128744644731,0.12436279770224075,0.12240356913998247,-0.0863088339275058,-0.13291046659412462,-0.9691743138239353,-0.16192449420475535,1.4137410612054222,1
0.3840926212609332,-0.4818041545900363,-1.4305988364796094,-0.09465519021767312,-0.2523039738400274,0.6727992460999588,-1.5933001377978726,-1.7207385086489708,1
0.3840926212609332,-0.26308176868559946,-0.5014103306256577,-0.06244726096168475,-0.12219633213949284,-1.1649363551457965,0.0011740025190715194,1.112121330733616,1
-0.5960480397062752,-0.406790004732016,-0.13948856527801448,-0.07724338929819011,-0.17057257908838658,1.2234560523802351,-0.1295964493945686,2.087537609864558,1
0.8741629517445374,-0.3208358576074736,-1.0183630643483108,-0.06193941131113447,-0.10071102214815424,-0.20401790592772986,-1.167040434276884,-0.2568340396260939,1
0.3840926212609332,-0.5661885812962001,-0.21179313399585445,-0.07782376913095988,-0.09804121053201498,1.5902082950322258,0.2611966224523519,0.6138945757288213,1
0.3840926212609332,-0.020291251521493543,-0.9594223745383199,-0.0695343907274772,-0.19428664902749188,-0.8563149798894912,0.6891666457748816,0.8972796117602303,1
-0.105977709222671,-0.12133356686513384,-0.8959439497260369,-0.1057743916769383,-0.29283310549261643,-1.123027042725033,-2.0500335393968503,1.9920376154371477,1
-0.5960480397062752,-0.07118441989150398,-0.43030252718314743,-0.051706204075218004,-0.08301623289930422,-1.1280472445967933,-0.7035017602044051,1.9063182686251297,1
-1.3311535354316815,-0.48342077672620637,-0.545690645812859,-0.10973786599113608,-0.3374026610507029,0.9124205224161194,0.7002807239238451,1.0231221946124647,1
0.3840926212609332,-0.2616166047795659,-0.36173784995071295,-0.08214089135981315,-0.18883676714622324,0.9823262061396586,-1.2582874959696426,0.3430596525921033,1
-1.0861183701898793,-0.48531903795799286,-0.2757203457863861,-0.07219960920551144,-0.13523605786456686,0.27649113691510874,-1.123214239502651,-1.1355602570644086,1
0.3840926212609332,-0.28314426445700563,-1.2227606003306737,-0.09490987173723252,-0.2510474946576731,-0.5182838715861554,0.09409537728070723,0.8900274610009307,1
-0.8410832049480773,-0.29769157579386374,-0.9538873351399197,-0.0749971302708831,-0.19628179840315277,1.9915580094781746,0.40182691799382514,-0.6845740373626104,1
1.3642332822281416,-0.30387459493198954,-0.7291447894769508,-0.07525425946830219,-0.14240440608802576,-0.32617738155374265,-0.7233474710243953,-1.6500591670897982,1
0.3840926212609332,-0.32941452497484325,-0.6616771470802354,-0.06775057890552719,-0.12741167164862527,1.590726404663801,-0.5609571067096277,0.30708011168635707,1
0.3840926212609332,0.02761118877548894,-0.8619857350385548,-0.08392644010515861,-0.14982548277172877,0.6488805894901373,-1.0561516999158982,0.12644778639891419,1
0.8741629517445374,-0.3619460140127751,-0.32359095679957667,-0.07495177779849672,-0.12535969674194042,-1.1334209714165941,-1.2251132929418511,0.3300740229901427,1
-1.0861183701898793,-0.43205721844507705,-1.1936891771841214,-0.08185506452933027,-0.21865025825327375,-0.008167298856881399,0.3144505800624498,0.9523853110606143,1
-1.3311535354316815,-0.45285321132496914,0.43949650188256484,-0.07002992471744364,-0.0850185758312855,-0.8625470564265603,-1.4274051181704728,0.2635939521658977,1
0.3840926212609332,-0.11724556738465162,-0.5556138245541349,-0.08587064789224523,-0.17613044988614543,1.8705602212597112,0.238422364042354,-0.0038598991084955814,1
0.8741629517445374,-0.4369418607614133,-0.016471068018075696,-0.046806840466603765,-0.0380795522586328,-0.984014243114656,-0.5623013580624181,0.6776339467222393,1
-1.0861183701898793,-0.3952970247732885,0.43106927973545106,-0.04559870058398711,-0.006852598706579344,1.8787363159870503,-0.7789838741124298,0.11458478551368105,1
0.3840926212609332,-0.3125623945890497,0.11218119907987406,-0.04443322538550697,-0.009089426186430459,0.02899193722653294,-0.32054615383402135,1.8248854474195144,1
-0.3510128744644731,0.6693021884896639,0.6367633114327544,-0.009857308898368892,0.10046475600191473,1.7465312702821594,-0.8589668296034579,0.08625119553473476,1
0.3840926212609332,0.101806960855264,0.03139954299511491,-0.0642549021340684,-0.07082411999604968,0.039964495478144145,-0.9380076089231107,0.7036932010246016,1
-2.556329361640692,-0.4748956459537792,-0.8226420766120888,-0.0742721796810657,-0.18969803689096917,-0.038715101778398035,-1.3738511044548414,0.5431989424443721,1
0.8741629517445374,-0.5765055864771305,-0.5649884858775515,-0.06643580577182143,-0.10263605279767772,-0.15331106244090023,-1.1402754296632898,0.2569754062031776,1
0.8741629517445374,0.015629058218525962,-0.6431771505324294,-0.08397874761470342,-0.22988698991783127,-1.2348730368814813,-1.9968996042289657,0.36860525126311755,1
0.3840926212609332,-0.33792478447089747,0.22931460040277482,-0.037214722822527975,0.01498882983506148,-1.0764111987935057,-0.7857051308763817,0.16277811186920696,1
0.3840926212609332,-0.2317283135252702,-0.12462872977600323,-0.03496256544279739,0.08587096751473294,2.0133688012620996,-2.1507203661696948,1.8027533348763407,1
0.3840926212609332,-0.4043216016429785,-0.3685693850640537,-0.08491900905830665,-0.19247806903664677,-1.6470240824643327,-0.41851447229073174,-1.0607716300812855,1
2.34437394319535,-0.30753979258574626,-0.13395352587961432,-0.07501344283191402,-0.17749556746664416,0.251456551868048,-1.1983542894503674,0.7521019198790954,1
-0.105977709222671,-0.10563453237040983,-0.08722981492194806,-0.02671235097734368,0.013919896345218313,-0.442197774679123,-1.10917161376368,1.4199951747025095,1
0.8741629517445374,-0.39795966961064305,0.1175167775990526,-0.055704272674440156,-0.027348431535536732,-0.5829833653650612,-0.4875333776855633,1.457569851588384,1
0.8741629517445374,-0.46662767386816995,0.38958141685735254,-0.016778961904309875,0.13237462686822968,-1.5190665024712884,0.7115928391024606,-0.31145908621375434,1
-0.3510128744644731,-0.27839300605029116,0.6583050863886902,-0.029562287178621575,0.06838053176014669,-0.12801373233851068,-1.470919254594951,-1.562461955660209,1
1.3642332822281416,-0.4912531348085227,-0.07615973612514773,-0.07638207923683138,-0.18240739121879454,0.40620305678600865,-0.8129082174040551,-0.5411593560064781,1
0.8741629517445374,-0.009084257646860638,1.2784289598887302,-0.03276120883871409,0.1297120464097873,0.2729861473989386,-0.9611479357818596,2.5600598835416792,1
-0.5960480397062752,-0.3725307021684181,0.0762283756001757,-0.048884386726486206,-0.02236214572395016,2.6365779310648176,0.3177631994675404,1.0167582451312593,1
-1.3311535354316815,-0.3596137402997666,0.6073428317475644,-0.027639396909786965,0.007048952274554776,0.06363738213452602,-0.5698987786545281,1.5441506950604766,1
-0.5960480397062752,-0.35564905801874597,-0.11974193823507336,-0.050044004621155845,-0.03587789921051838,0.5444874031109656,1.0016630774438726,-0.4982729892723339,1
-0.8410832049480773,-0.3005130001051077,0.5106043053250751,-0.00528138259815695,0.1118021663140063,0.5279042046610125,-0.16039420806653415,0.905988084409683,1
-1.0861183701898793,-0.0846500174638826,0.8542255350041339,-0.01891849661005325,0.11495221581085059,-0.4612061985555101,0.1648786125760762,-0.46514505459512995,1
0.3840926212609332,-0.3498494890221743,-0.45523513708585084,-0.03358016443430204,1.526331312810452e-05,0.898466250615271,0.3234162564957928,0.5811256799968255,1
-0.8410832049480773,-0.03772176016376005,1.3592106159734894,0.003163324146391196,0.21285512285504785,0.07302387543135735,-1.1015621909273487,-0.12303713085451885,1
-0.5960480397062752,-0.36330593503986186,-0.01786729417262709,-0.03143300681179514,-0.021185691837982176,-0.8309475352358201,0.030417470564373175,-0.37032758107547215,1
-0.3510128744644731,0.0760947527953517,0.6648374301831985,-0.04093737596795533,0.048947016621349336,-0.5201644176563179,-0.873537554088168,-0.6668586758591647,1
-0.3510128744644731,-0.322272651693965,0.9230894035554008,-0.047812772033817855,0.024343938717212618,0.4076459404465925,-0.5971678775254188,0.3344808936938603,1
1.3642332822281416,-0.3876966586023897,0.52162451890207,-0.0517171461768272,-0.03691552790518154,-0.0951248414520979,0.11187070097251586,0.8469759763325547,1
-0.105977709222671,-0.5060672139646243,-0.11754786856363544,-0.0501617169845531,-0.008585378479733037,-0.18423010346025506,-1.0197188875820122,-1.5231330049734242,1
-0.105977709222671,-0.4967504737114232,-0.6374426502548076,-0.04664910967983038,-0.02483499063310251,-0.4339604219754012,-0.4126093681338311,-0.013402469216644907,1
0.3840926212609332,-0.2080319641749241,0.6332228808265706,-0.04879452751616396,-0.0038087514161945705,0.1082199040788878,0.3633297196538682,0.243257801289228,1
-1.5761887006734836,-0.2522053747241799,0.5115517445013777,-0.08155413842131352,-0.11951947571940348,-1.3651997506599343,-1.048230218729812,0.12678638023700659,1
-0.5960480397062752,-0.3030571323092135,0.751054395226747,-0.019516534224169692,0.0705305028998394,1.070769439174136,1.300326922647766,0.3221687818072132,1
-2.0662590311570876,-0.3197513983765868,0.09083888500315991,-0.04742182483210735,-0.004133018650817974,0.5739768453320846,-1.1388711670893927,0.2089546117478387,1
0.3840926212609332,0.22987244446830638,0.2840167465293062,-0.0402927563133202,0.047560861023985705,0.8957406396901885,-2.0233825561033587,2.856290645392244,1
1.8543036127117458,-0.1939468063499629,-0.32807882658206333,-0.05212232908128405,-0.11383982126724633,-1.2351726843322215,-0.34173011488469135,0.7152073855887335,1
0.3840926212609332,-0.510440284373732,0.39875661730154743,-0.050189999528226,-0.03982861808125719,0.7414576288585945,1.2320701597609898,-0.15353172754455716,1
-0.105977709222671,-0.29747399758108456,0.1197108472704905,-0.07555383250590796,-0.15006307643035297,1.564322002699071,1.4612110053127552,0.36227964113635175,1
1.8543036127117458,-0.0718611773609055,-0.33271629202396613,-0.05461152566951425,-0.10849791632485452,-0.09262433513902474,-0.4197387012013087,-0.7117147853023447,1
-0.3510128744644731,-0.022435460785601408,-2.2544221328847365,-0.08480856418409756,-0.2560390802522106,-1.2608050881849462,2.000219791049038,-0.565644393491994,1
-0.3510128744644731,0.295941178404714,-0.4889440256743059,-0.08577050992266379,-0.1590090763550618,0.2289106643675288,-0.6106764033965401,0.1790013964255578,1
-0.5960480397062752,0.183057208868618,-0.14786592220532283,-0.07933037376623475,-0.17012272173093526,-0.3386452248674218,-0.6831459540050078,-0.6299309746228081,1
-1.3311535354316815,-0.547888674958286,0.7619250131443257,-0.08308974025257598,-0.10950551946067516,0.5512914667769105,-0.34026584108968755,0.05801571045773708,1
-1.0861183701898793,-0.2836409650878612,-0.360890141214021,-0.0556178998108647,-0.1226226564002036,0.1958357854082428,-1.6281846606272052,-0.8829204610357991,1
0.3840926212609332,-0.3995328218620308,-0.5521232591677564,-0.058803283919542454,-0.09721052098248634,1.9051488364787708,-0.4437251862776622,-0.5995195059101902,1
1.3642332822281416,0.9964794202486065,-0.3903604861190165,-0.08093166274997732,-0.23748001582383563,-0.023747490199553932,-0.5201434752349516,0.09209663861320717,1
0.3840926212609332,-0.18016387861867286,-1.11998838231173,-0.0862878137917792,-0.2494374029854019,-0.48625259236910245,-1.8723463148219812,0.44437308863817454,1
-1.3311535354316815,-0.40852330919049673,0.026562616673990444,-0.0887921070379162,-0.17211104248682632,-1.1762587481059072,0.3185073386092636,-0.6577770321701966,1
-1.8212238659152857,-0.021369762241831194,0.03184832997336357,-0.05701104538405647,-0.0400604769259441,1.1107384236441709,-0.7455456217117687,-0.9905538509443921,1
-0.105977709222671,-0.32136573262408413,-0.4586259720326185,-0.05587907016047809,-0.08939242841389176,0.9290435754531167,1.3477117828336274,-1.4465766032901155,1
-0.3510128744644731,-0.37724512556750117,-0.5134278485987607,-0.067133566979641,-0.15707902071236707,-1.3325152990441005,-1.4951457845557314,-1.4513985433631826,1
-1.8212238659152857,-0.28723798365916975,-0.09166781948462928,-0.04728263063187299,-0.08927262409540145,-0.7953145822266192,0.025478547067290625,0.6274025178951397,1
-0.5960480397062752,-0.03205282961040275,-0.5688281078025678,-0.061553128836981504,-0.17112301071154717,0.7376448733646936,-0.8593449002964303,-0.6032695727268214,1
-1.3311535354316815,0.34177948554113513,-0.8126690326510074,-0.08624184004128403,-0.222325542806251,-0.2723375246964893,0.7991792163077095,-0.2552127517041571,1
0.8741629517445374,0.4018296995349882,-0.9066151067643939,-0.08175767691998569,-0.20330237292256093,-0.05334985375063175,-0.187771327135417,-1.9086108426148851,1
1.3642332822281416,-0.6511266770611711,0.005469628696303332,-0.06264692024665092,-0.02712437207492429,-0.722895845375567,-0.3011985361492168,-0.42953101011919237,1
-1.3311535354316815,-0.4691466392968754,-0.26589689748472095,-0.06472131991949243,-0.10485778905691943,-0.0937675713488684,-1.1920471101120518,-0.4316895933464499,1
-1.0861183701898793,-0.24087963942743096,-0.5171677400841662,-0.08626929894366034,-0.24258553005230601,0.3734890832538457,-0.9183239284001086,0.3328512334121478,1
1.8543036127117458,-0.03712507879790502,-0.6777836130773818,-0.06751359992358724,-0.10580444084029732,1.4668635144656004,-0.9371434473391741,0.11808180457394905,1
-1.0861183701898793,-0.2973181923624698,0.3188725351732856,-0.06810651357166018,-0.09779032538324109,-0.42143870116442145,-1.2790033694956802,-0.5539228700743991,1
0.3840926212609332,-0.08590927138936805,-0.1468686178092147,-0.06701992915406128,-0.12124384045217616,0.1276497533108725,-0.03346447430372371,0.7991525329205685,1
0.8741629517445374,1.1500731656722714,-1.0127282945102998,-0.060668103021661854,-0.10465333353101514,-1.082364293221265,-0.5443219962188466,1.7301964010342321,1
0.8741629517445374,-0.4828016740513583,-0.7444035467374054,-0.08137684361670458,-0.21215499487088715,0.05304713269937642,-0.09143531389280928,1.4246594246580973,1
-1.3311535354316815,-0.559655057613408,-0.4908389040269114,-0.08064616676683611,-0.19010476604121268,-0.5534378315029169,0.0974560056626832,-1.4219477550619157,1
-0.8410832049480773,-0.6003305151708855,-0.05945488749033643,-0.06440180465888493,-0.042707660742618295,0.7734431491053373,-1.9237399245777709,0.10591995859572209,1
-0.5960480397062752,-0.6004789991457475,0.12868658683546375,-0.07611160577076523,-0.10469828210935732,-0.3426498728174617,-0.16364681625051805,1.0170763337726003,1
-0.105977709222671,-0.4181576083914765,0.5955746398734884,-0.05533744505510528,-0.006012679431615773,-0.9992254105032151,-1.603027956739271,-0.258545281583102,1
1.3642332822281416,-0.09700553145223952,0.14329709623844797,-0.05477800615932258,-0.027708054135345873,0.6453091756622268,-0.836522632909547,-0.2027190912362957,1
-2.0662590311570876,-0.20159979396033506,0.47021347728269547,-0.0519012290657229,0.04325528312342073,-0.4182997834107319,-2.005133143764807,1.5559532343675821,1
-0.3510128744644731,-0.48101300268699687,0.04805452641012081,-0.05468733335430856,-0.06109454926401243,0.7496359377296581,-1.9733692044330233,-0.24725747889999114,1
0.8741629517445374,-0.3412538912786262,-0.5468375458683833,-0.0696707452490724,-0.12726260526628755,-0.15111241772229192,-0.40968082054382343,0.1836786342103032,1
-1.3311535354316815,-0.3971193281011394,-1.0047498593414348,-0.04830609568596347,-0.0930320316037063,-1.3425564408355293,-0.6891830828483432,-0.45022036182234987,1
-0.8410832049480773,-0.36266486863375536,-0.2106462339403301,-0.06784763645444858,-0.09786091608501939,-0.27371103185369977,-1.5967267785230659,-0.43074116777181454,1
-0.8410832049480773,-0.3567314581498273,0.03578768233799072,-0.048532102495628365,-0.010845131607869521,-0.0808067120324936,0.4247812100671432,0.10641054867280167,1
0.3840926212609332,-0.3318325945130801,0.352132636783492,-0.08264678259157612,-0.15245309692291073,1.0207984294518089,-1.8819541113211662,1.3073329274887824,1
-1.0861183701898793,-0.49156886344536316,-0.007744654552129492,-0.07815971496972099,-0.13836518699294803,1.1519761124684476,-0.19980957808942382,0.05620894102580443,1
0.3840926212609332,-0.30554749912950946,-0.4671030593995377,-0.05904371584744383,-0.05927196991754131,0.03207992967455482,-1.2761348331267792,-0.8142314969588559,1
-0.105977709222671,-0.35142355642903106,-1.280404794425724,-0.0922213926708026,-0.28599532394636884,0.543035662875483,-0.1329990856313193,0.877327394166065,1
-1.3311535354316815,0.032058386777594004,-0.014476459225859422,-0.08810016665742706,-0.19692770629136028,0.44765625559948785,-0.0069215112082241775,-0.3072883866607551,1
-1.3311535354316815,-0.030487456180502404,0.5871474177263746,-0.030276821563439676,0.06225159552130113,-1.229598946529291,-1.4352425836470095,0.181695828471418,1
0.3840926212609332,-0.11946253150855315,0.29179572081894967,-0.04048341814275465,0.02608462492324176,-0.20299866176646836,-0.23238967002825875,0.6090517490401478,1
1.3642332822281416,-0.28938356565648127,-0.47528095544762444,-0.04832351052045534,-0.10043047473692204,0.11112190845403647,0.8339197122063862,-0.5413055946103181,1
0.8741629517445374,-0.1248628639317288,0.22377956100437466,-0.052652839078058726,-0.023245244335896385,-0.8987401877981054,0.19899499177524302,0.2185123164919082,1
-1.3311535354316815,-0.33279099107809806,-0.5238995447578961,-0.07282750349843124,-0.14509966059907609,-0.8458915292816009,-1.3546595159449142,-0.5107377125729259,1
0.8741629517445374,-0.3401909382012633,-0.5837876737441898,-0.09812526028107366,-0.2122540216276506,-1.4337621871905004,-1.8590778338352867,0.5251031384412246,1
0.8741629517445374,-0.28649853804013464,0.02631329057496341,-0.04743520886296914,-0.03278509124958835,0.6740945201788973,-0.7072704648899067,-0.3249421220614401,1
-0.3510128744644731,-0.3945607821983953,-0.4878968560583924,-0.06320141528576682,-0.08084630458747435,0.7205037106961208,-2.0213961846847264,0.6649954296838138,1
-1.0861183701898793,-0.5778307315963914,0.223330774026126,-0.06380014491171725,-0.004447404888103197,-1.507771417283782,-1.18818838859489,-0.1920239824142344,1
-0.5960480397062752,-0.1804480343918293,0.2175464085286988,-0.04949634562326764,-0.057420566849872644,0.2412404927223695,-2.479683876910368,-1.2654358973942548,1
-0.105977709222671,-0.38588304925149525,-0.34109364895127453,-0.08875919451337319,-0.19130974101127896,-0.6432553097425132,-2.1255396577933174,-1.35594647184788,1
-1.3311535354316815,-0.29344616957269587,0.2987269863719012,-0.08218798613047265,-0.13404046507820513,-0.8993040563999909,-0.6234227867596062,0.8601715476974935,1
0.8741629517445374,-0.2759774531895943,0.5447619808917787,-0.05260709808660835,-0.03958527696990006,0.9701351307915645,-1.035975927379821,0.4402272545522867,1
-1.0861183701898793,-0.42767087828166733,-0.2150842385030113,-0.016566489313706207,0.06416222883167873,-0.789507621284689,-0.11166509652788252,-0.050734114234350154,1
1.8543036127117458,-0.0984404952277927,-1.3624829462254238,-0.03501738455960527,-0.025374141936429652,0.16483777326270768,-1.0792260144314298,1.2932469090314835,1
0.3840926212609332,-0.26149328758010426,0.20542916011598494,-0.0340686463858497,0.038509358640689495,0.7396745051123179,-0.059761391392685714,0.8695978733627576,1
-1.5761887006734836,-0.2923562194089944,-0.06693467046114747,-0.07242210243570428,-0.15349550732111766,-0.06280055721547882,-0.8615773177216,0.3850442698782685,1
-0.5960480397062752,-0.14070237479096007,-0.36622571973319956,-0.07232261380896446,-0.14794997684446284,0.016755102908128837,-1.3014835729222551,-0.11812812900798332,1
1.3642332822281416,-0.4781137901608792,-0.369217632921524,-0.0906833448478736,-0.20913914232494654,0.38749649450408646,-0.02874159120262533,0.5127382935656785,1
-0.5960480397062752,-0.3172052070726755,-0.324239204657047,-0.07451695958264086,-0.1252179914900826,0.26684042246713213,0.7925419752533069,0.013411949822378724,1
-0.8410832049480773,-0.5701496029553443,-0.7337822549188537,-0.06540270994514477,-0.03031046673752208,-0.1024455386538018,-1.2858506498239561,1.7172066106999078,1
-0.105977709222671,-0.5405871070480492,-0.3017998557446139,-0.05050742169006731,-0.034921204859562856,-0.6653731294562607,-1.6911784394229228,-0.2907392361962762,1
-0.3510128744644731,-0.08816329930976825,-0.23129043493976856,-0.06446289146969773,-0.11120348001838498,1.5119973581974078,-1.7205899388873234,-1.2370283393290717,1
-2.0662590311570876,-0.21386630907932175,0.2282674307868613,-0.03541007564414645,0.006676438726480485,-1.200249733410735,-1.6637893181098187,0.8469488973183792,1
-0.105977709222671,-0.40588766143948063,-0.07979989717094244,-0.08907982821718274,-0.18066035671718597,-1.234862704210766,-1.136566736198895,0.9485635603405514,1
-1.5761887006734836,0.015788295270149848,0.3340315619941293,-0.039183835097378356,0.016792777386008335,-0.7748876302706198,0.3031264626396129,-0.0008424236152022024,1
-0.3510128744644731,-0.42690169010988643,0.6959533273417724,-0.050557780642273245,-0.013621964301413107,-0.75071434713246,-0.0865023915178374,0.8116502876484899,1
0.3840926212609332,-0.2554834616145062,0.06291436191213207,-0.062241315309379056,-0.12752406265479257,-0.10547817750870664,-0.061459708950005715,0.36353079559246887,1
-0.8410832049480773,-0.45532779171342314,0.31583075676515576,-0.029868992751505234,0.07750044710330997,-1.3607537500607747,0.4408822206900745,-0.2737632330705379,1
0.3840926212609332,-0.5365274773871092,1.0002308985943653,-0.05968592877021962,-0.020593010681695008,-1.052263747332134,-0.9496857925504772,0.34613406591694246,1
-0.3510128744644731,-0.49869334877232846,0.1646892755349675,-0.04101666568332934,-0.0326291443019402,0.41130518197558213,0.08702605543433634,0.8078112575843904,1
-0.3510128744644731,-0.18344905796388464,-0.4462593975208776,-0.041667088506872056,-0.0033324812363143127,0.4551134916642137,-0.6730340632485264,-0.24608443673775776,1
1.3642332822281416,-0.44178989685898534,0.36998438547382767,-0.06521357147594115,-0.07348303924867432,0.009472784197652765,-1.4686448293150065,-0.8004581670504626,1
-0.5960480397062752,0.6425691245039674,-0.3548564496175668,-0.05310652837311837,-0.028241050904169528,0.016906402729315376,-0.010156116025876055,-1.4408770432819362,1
-0.105977709222671,-0.16110439324140338,0.07154104493846745,-0.0753769738039354,-0.12437560854895294,0.6317298321987577,-1.8304524813673844,-0.07656077469829066,1
0.3840926212609332,-0.5090659496480069,-0.6621259340584841,-0.08333229434972235,-0.1765540187537733,0.7720585712295034,-0.1827003789518997,-3.62229769249548,1
-0.105977709222671,-0.37246412460804085,-1.235426366161247,-0.09267469079253204,-0.22630921144355706,1.7476383421444999,0.26378910720416193,0.45373544808214245,1
0.3840926212609332,-0.2733301372063472,0.25928359750582436,-0.04332905653218519,-0.016733052010344314,1.0967575821186262,-0.4225652297154349,-0.5128296657923649,1
-0.8410832049480773,0.447028770576241,-0.058407717874422886,-0.030913488213725034,0.051320021686124956,0.8820993002024284,-0.13519549632382502,0.9816469166499382,1
-1.5761887006734836,-0.47687535602231584,-0.1875586371704267,-0.08562984239985892,-0.19640407716317448,1.2436187831850893,-0.33118614333624175,-2.838214343397483,1
-2.3112941963988898,0.18417552885186164,-1.4942767221711142,-0.08007482749502941,-0.22695780104107174,-0.3308861272082311,-0.5419755574735741,2.520289663990274,1
-2.0662590311570876,0.32750214506766234,-0.7512849470705515,-0.06321212110300184,-0.14400684049792645,1.3599284910904947,-0.9704856817860643,0.19749812330731298,1
0.3840926212609332,-0.04400064183727437,-1.104530164172054,-0.07750995987507733,-0.2331735073138676,-0.6010788239789715,-1.5965947538366312,0.14578036235491285,1
0.3840926212609332,0.07784636036321446,-0.6536488466915649,-0.08134820520947064,-0.21936576602704955,-1.0301680690556332,-1.713892686611814,-1.642351271299326,1
0.8741629517445374,-0.49172329593077424,0.26232537591395416,-0.08407042205655067,-0.14513556414279577,1.3186339725772842,-0.29265893938573145,-1.3462818617223586,1
-0.105977709222671,-0.09520908126639072,-0.5756596429159084,-0.07302699475925548,-0.14724210463528367,0.07113078254675503,-1.3423452133738165,0.7539542565449606,1
0.8741629517445374,-0.3277400192552524,-0.223012808452071,-0.08109414958491615,-0.1494928564785437,0.21509735971715177,-0.50716904923168,-0.40731418232233557,1
-0.8410832049480773,-0.3524748412741629,-1.0847835371291128,-0.06034856743159912,-0.11148792265612212,-0.5153309419053391,-1.688417923252014,1.4617046217741068,1
1.3642332822281416,-0.4100630582672622,-0.488096316937614,-0.09595276165405497,-0.24646943672396648,-0.07214793397317411,-0.2342260133941242,-0.08982952360395575,1
0.3840926212609332,0.6776278153698266,0.4687175206885333,-0.04434779124404947,0.03216753025123586,-0.6955083635970785,-0.9726160801353526,-0.09562357868238047,1
0.3840926212609332,-0.4136927936465912,-0.630262058602829,-0.07309562402839762,-0.16508193035892355,1.0022534996617882,-0.6286437629958902,-0.17435898774807507,1
-0.105977709222671,-0.4317561322957423,-0.5071946961230849,-0.07992318663154961,-0.17977492528003053,0.7993589633548212,0.5764655725364731,0.11281538488152158,1
1.3642332822281416,0.3142049361015986,-0.14641983083096605,-0.05176754622287099,-0.05580035951587678,-2.0269608129488907,-1.4874163392771866,1.5665460493328685,1
0.3840926212609332,-0.23974896484535443,1.0039707900797707,-0.05312038101237543,0.01097882463044579,3.5488855928554193,0.09214501259473903,1.147253057040603,1
-0.8410832049480773,-0.16031781711570953,-0.08034841458880192,-0.06051981639009247,-0.1101910905855291,1.155703254404994,0.5135258038397515,1.343403521096717,1
-0.8410832049480773,-0.23004465625098833,0.9294721516904929,-0.044431896164406605,0.03613033974682981,0.565450915896246,-0.5887543043262575,1.601315553409432,1
1.3642332822281416,-0.26250773741760475,-0.37350604182478897,-0.0756018292496059,-0.11802577653449112,1.8813165314742117,-1.6583523014775503,-0.6614912415854308,1
-1.0861183701898793,-0.31714068861210376,-0.30957883003425735,-0.044995728533323,-0.02763601309919307,-1.0736604942395436,0.3706450875067766,0.5124096259371274,1
-0.105977709222671,-0.10639685687617247,0.1066960249012793,-0.05040714942936967,-0.028686808498260653,1.2839936940046488,0.23946055816750017,0.06868740603991871,1
0.8741629517445374,-0.1727291555876817,0.7024856711362808,-0.049811745058692763,-0.02534349929097272,-0.10370907667268646,-0.30024435773362007,0.7020671075429264,1
0.3840926212609332,-0.03355185426879313,0.5714897387074769,-0.03886452916218587,0.04924528916889866,0.5640833131223013,-1.7660784444862123,-0.08748928846742472,1
0.3840926212609332,-0.14133245933143734,0.28137388987961964,-0.06576191690800266,-0.04987588303494269,-0.7344588419537598,-1.2683633799934597,-1.680576178430463,1
1.3642332822281416,-0.41833858038549154,0.8639492528661883,-0.016203979594177954,0.1273276630824128,-1.1241975867074812,-0.2875099766147754,0.5769209391796395,1
-0.8410832049480773,0.5162634848580098,0.2641703890467542,-0.060147935566201974,-0.012401543389594987,0.6822064047382205,-1.841248500044482,0.17086651319097065,1
-1.0861183701898793,-0.5068981751305697,-0.3300235701544742,-0.05527926691206447,-0.06876002819451306,-0.0377748287433168,-1.741449839344017,0.9515175217087276,1
0.3840926212609332,0.06502365950788055,0.23674451815378045,-0.03825382404503898,0.010300834517049147,-0.21741126131832572,-0.4300906368422168,-0.943712109562847,1
-0.8410832049480773,-0.24124661677054118,-0.07965030151152622,-0.053827933101249,-0.05745553186805025,-0.6154220470274555,-1.5022391108905448,-1.185652146036343,1
1.3642332822281416,-0.2563178546134607,-0.690549109347566,-0.0747951585744527,-0.15446447702660857,0.018446708713785183,-1.2489977589423231,0.026504973564592096,1
-1.3311535354316815,-0.4339165855694267,0.5485018723771843,-0.051142259949273676,-0.005620362856031888,1.7248931817087594,-0.9822058732682055,1.3229821092225507,1
-1.0861183701898793,-0.10212170810225873,-0.22994407400502256,-0.009728952043997856,0.10104195484864924,-0.18660809382056254,-0.4685518284495097,1.222668291749493,1
1.3642332822281416,-0.3309199557215174,0.2043819905000714,-0.043944779321644784,-0.008499582637165496,-0.16506226123569095,-0.21098366745949393,-0.3347683504372633,1
-1.0861183701898793,-0.03812442857016528,0.1306313304078746,-0.044588394064152125,-0.031854825703792576,1.7534763010985757,0.11704966935402528,1.6374979090170396,1
0.3840926212609332,-0.46964608539413827,0.038380673767871874,-0.0666435907990079,-0.058541974586188573,1.4457398452842347,0.1677351467007558,-2.7486389961851794,1
-2.3112941963988898,-0.09097740237725936,-0.5517742026291186,-0.057648923100277,-0.09304557001673153,1.7536327672551197,0.12161652328024619,0.7917381133105451,1
1.8543036127117458,0.26170292441690546,-0.32553570037198754,-0.0821143875927704,-0.13646409867227635,2.81603797018976,-2.229719137634573,-0.389033317207155,1
1.3642332822281416,-0.41092765139669707,-0.5567607246096593,-0.06702618698348319,-0.1465518071473522,0.5800325284190874,-0.245022032071222,0.7247006518638623,1
-1.3311535354316815,-0.41738338686461546,-0.4763779902833434,-0.07864492839452039,-0.1640867455384907,-1.0411487458342348,-1.1686727394909868,-0.30778972389984044,1
0.3840926212609332,-0.07598074970507177,-0.1671637622700153,-0.06520259910205663,-0.07244836536708818,0.47913916522072814,-1.6158343513234437,-0.17549487045021528,1
0.3840926212609332,-0.33368738586008423,-1.0387080740289167,-0.05773863990875143,-0.1006186795153847,-0.2921172086369736,-0.018185617409954367,-0.943254337916212,1
-0.105977709222671,-0.4426085034260978,-0.639935911245078,-0.07489225181012778,-0.16524633003611425,-0.9393224900798767,-1.2743164931272457,3.112028908437375,1
1.8543036127117458,-0.3793689726224215,0.09926610715027367,-0.03909788615158384,0.06879518120023985,-0.2372337520374872,0.31410251498003083,0.8159370755438683,1
-1.8212238659152857,-0.4645026828689132,-0.020859207360951502,-0.046222251120393604,-0.033982546251806696,-1.6131808956325824,-0.9551468136711883,0.6640182919144253,1
0.3840926212609332,-0.5283096100634334,-0.49637394342531155,-0.02846286192958658,0.037801689202060805,1.560628810966303,-0.5961296834002727,1.3494350820152339,1
0.3840926212609332,-0.5623087796849388,1.2220812615086205,-0.03204537755577693,0.09270715276918526,-0.6481470912782419,-2.0145609066006718,-1.780278850383073,1
-0.5960480397062752,0.6926459741955382,0.24292780540965092,-0.03195306489677275,0.03065075676761112,0.5308283504734079,-1.319180882026625,-1.298726579593905,1
0.8741629517445374,-0.4170706324830496,-0.3839777379839244,-0.05182695969179273,-0.06774567040262357,1.0373469396500752,0.4794094246405848,0.26076230778570736,1
-1.3311535354316815,-0.25888280660448854,0.6834870223904207,-0.0343041844662049,0.09253440660313719,0.20512042809373882,-1.2398520488456601,-0.09181611688864841,1
0.8741629517445374,-0.21394249577212454,0.045062613221796395,-0.055087422009414334,-0.0013416586728089402,-0.014848108522152445,-0.34923751864514124,0.1337692213073339,1
0.3840926212609332,-0.34627809480400057,0.6245961978002352,-0.040249368078526755,0.04681048863103412,1.0473998902080355,-0.6414441564579523,1.649774686418367,1
-0.8410832049480773,-0.33169600755931655,0.5074627964773344,-0.054233763730201334,-0.045300948722462334,-0.0006606135823043114,-0.5271707892265478,0.8100583748545656,1
1.3642332822281416,-0.3860027058290804,0.6089385187813374,-0.06906001909575302,-0.07079988720997706,-0.24422897011166297,0.17835713283664414,0.31778476006434064,1
2.34437394319535,2.4373729456638507,-0.3761488984744755,0.01952695761900058,0.007824501136402566,-0.05683343987746331,1.0743306650819924,-0.9026878654840694,1
0.3840926212609332,-0.17599488787917505,0.12220410826076085,-0.08021313657139854,-0.10640804431806673,1.2718764234473774,-1.1787546246369147,1.2620829767017627,1
-1.5761887006734836,-0.056022124079408764,-0.3002041687108409,-0.056184897316945676,-0.06392329170623703,-1.4253447507971713,-0.8723733363986979,1.0861454744264678,1
-0.8410832049480773,0.4851202866667069,-0.35151547989060455,-0.04509351027071026,-0.013280690858864382,-0.7317014949686236,-0.6536084309762832,-0.2538492520551889,1
-0.8410832049480773,-0.16616085599706362,0.07014481878391605,-0.05668915981791596,-0.05707158689811804,-0.29503545006610327,-0.8487889265037593,-1.5945142691120098,1
