Media_Temp,Var_Temp,Skew_Temp,Kurt_Temp,Fator_Crista,Entropia_Espectral,Flatness_Espectral,Centroide_Espectral,Classe
2085.0667,1186533.0,0.627471681710381,0.2371756538160934,3.678772,13.225548807685552,0.3843818710534269,-0.013238105906029262,0
2092.2678,1200840.8,0.6357023036565413,0.2678597071179354,5.293801,13.21516137932239,0.38343903949547414,-0.01356826365826447,0
2082.98,1181748.0,0.6287790913196422,0.24212369950515145,4.2809186,13.218265502401064,0.3838565062513827,-0.013966414097490517,0
2099.8123,1212428.9,0.6511045888199677,0.42677919305701995,8.585287,13.215856181791638,0.383169967746941,-0.013339891095881807,0
746.6921,152315.94,0.6301735037554765,0.24211877481438737,3.6442723,13.183824698271508,0.26002164095635005,-0.012980751018197267,1
747.2166,151910.39,0.626482656903949,0.23257627377715906,3.9077895,13.184332602477149,0.2531425633053953,-0.013827456401572633,1
747.71936,152798.25,0.6321227390979985,0.24738326194728844,3.6578245,13.154240340611628,0.25121565945989593,-0.013317248776861062,1
749.4688,153596.73,0.6299378988134003,0.23786406515759762,3.918906,13.17482194284317,0.26371608590775164,-0.012682043306912026,1
744.94824,151481.31,0.629686608621828,0.24609481221324847,3.760246,13.181561929509103,0.26092648190929313,-0.013677117106855485,1
743.9339,151146.44,0.6261353634463991,0.2295306680487026,4.1317534,13.186547181565702,0.26495366460371933,-0.013419064273886162,1
748.63666,153316.89,0.6330521087265973,0.2596083579941588,4.862985,13.18653749075821,0.25604570498028123,-0.012297039184846783,1
2086.688,1189147.1,0.6273413028586353,0.2363072592993345,3.7055602,13.218283755207285,0.38372385014333393,-0.013863533241219023,0
748.8643,153262.05,0.6323245406938174,0.24979204627732088,4.1604414,13.173802477438372,0.2568631330711796,-0.013704923842122848,1
2097.7788,1205065.9,0.635433869478202,0.26003121815938934,3.7291985,13.212905065007837,0.38337481566191167,-0.012833268882472753,0
745.08484,151610.53,0.6307983091947573,0.24691050653750057,4.08698,13.177778142424613,0.2621291204080592,-0.013442437295192835,1
750.01154,154088.86,0.6364925951799274,0.27148470929855195,3.963275,13.164953830611111,0.26256413639424936,-0.012895051617834745,1
749.9744,153901.52,0.6355512003939424,0.2651542365652393,3.9191077,13.178699900067977,0.25405602872013744,-0.012880031678634146,1
2083.0237,1187106.0,0.6346956718982812,0.2603843952021476,3.8077588,13.211543792442159,0.38352873823060285,-0.013447379084952815,0
2097.4011,1204587.5,0.6342767154389582,0.25377083258449407,4.622266,13.22309920027019,0.38418816490447255,-0.012938097714707247,0
748.99744,153193.02,0.6318779365748322,0.24508353221025647,3.9390435,13.169252624512712,0.2554908624007158,-0.01299195171963611,1
753.07135,155143.64,0.6428980472568667,0.29527210094460443,3.8972876,13.171671072734158,0.2595965980482929,-0.012714302905375622,1
745.5752,151771.52,0.6287764550251329,0.23716076604077108,3.7366896,13.173751425661136,0.259579117561846,-0.01329099205855698,1
747.87335,152316.98,0.6264005622994714,0.2383631657234111,4.255,13.179837990462032,0.2603869753689487,-0.013956781625802146,1
751.59076,154629.67,0.6321040647797714,0.2484408074628952,4.157945,13.180754120485586,0.25339281909157185,-0.012845774140578478,1
2089.6963,1193383.9,0.6283055104552783,0.24512632807347723,4.912434,13.212925740295702,0.3830618562785744,-0.014086403468307593,0
2084.8606,1186459.5,0.6280392270592099,0.23757972551326745,3.746544,13.218391199762225,0.3837880657293216,-0.01368827714006871,0
746.19495,151955.16,0.632091549680584,0.2541154397866463,3.8819296,13.17710355181029,0.2583718025349669,-0.013620421507047025,1
2086.0195,1190594.5,0.6316933397886315,0.24248756128202587,4.3979244,13.210359434304053,0.383155903302523,-0.013589566938648394,0
744.945,151562.11,0.627423900055699,0.2360112378654038,3.8009906,13.177643074976022,0.26142268503447136,-0.013767306841400824,1
750.6437,154348.72,0.6362455318381344,0.26309889958877974,4.9709525,13.178225725287012,0.26092685651513203,-0.012548667888486407,1
751.1953,154286.45,0.6343450843844145,0.2594106904776581,3.731655,13.18697644431057,0.2596620664570043,-0.012691165913919588,1
747.8856,152674.17,0.6284117291808846,0.23676356911468988,4.000497,13.178039441546373,0.2529750910887377,-0.012905723660715332,1
750.5567,154582.78,0.6408987494934991,0.2722073941479266,3.8404622,13.156971065188673,0.2556889687943109,-0.012750171603281958,1
2086.5654,1187708.1,0.6276901055452174,0.2400208066301559,4.1257224,13.219831640473515,0.383643763432512,-0.013950498764716645,0
750.252,153845.83,0.6315456617224255,0.2524663084674459,4.303508,13.176738572606496,0.26069982749842413,-0.013474513160250941,1
747.2145,152207.0,0.6291282858763948,0.24833841672694712,3.7122114,13.166836926401297,0.2528300379215553,-0.013573664733779352,1
2085.192,1184967.1,0.633183908364553,0.26563902702013653,5.1243377,13.202236036897343,0.3829159333446768,-0.012948434656475629,0
749.9636,153622.53,0.6355158394619106,0.27553445357756656,3.9057064,13.174710233062985,0.25551455117770244,-0.012207968200188721,1
2085.7224,1185174.4,0.6268421263490247,0.23511737771664531,3.5706139,13.218988435320803,0.38433840273326647,-0.01330052924099751,0
2096.24,1199862.4,0.634485990917231,0.25639587714999923,4.3606,13.219542967398597,0.38381692488613073,-0.012772067186087848,0
750.02264,153439.84,0.6312277395560016,0.24534511279500926,3.9056213,13.187041129417723,0.2645323385714122,-0.012906752519238625,1
2095.655,1203847.8,0.6388091643278413,0.27708189381931847,3.7641242,13.215354735749846,0.38316390217364893,-0.012951995814082008,0
751.28033,154485.06,0.6359719355439516,0.26532401707819986,4.6069655,13.182278298034172,0.2556369263317448,-0.012701684541806813,1
746.0537,151733.52,0.6270776694084268,0.2272645902797361,4.6864266,13.147061591414513,0.25352125489440075,-0.013619718108654444,1
751.75775,154454.42,0.6362855367032192,0.2686494795160925,3.9480572,13.158683337999857,0.2518158366792417,-0.012275426471791055,1
2092.688,1197555.2,0.6360837010683524,0.2664453602107648,3.7518835,13.220937084423175,0.3839559977478245,-0.012630270883126616,0
748.0626,152639.5,0.6273745077151902,0.2404844672074664,4.352564,13.133629835496986,0.24988222053885428,-0.013254698351526862,1
748.05023,152935.75,0.6254185775591319,0.2267442315674688,3.701503,13.181088494257589,0.25834380531334605,-0.013517124310748611,1
745.393,151953.02,0.6286785077263697,0.24233124091709213,5.5346475,13.186017362423225,0.2629089674837394,-0.013281742857964279,1
2085.6995,1187574.1,0.6324792580276635,0.25147434699154303,4.541634,13.211343549683985,0.3827706078409991,-0.01341762236213946,0
748.0777,152496.19,0.6289187077953144,0.24472049459339296,3.8340437,13.173237717286295,0.2542116822250436,-0.013746428986337402,1
750.78845,154620.61,0.6364699920077627,0.2629310521775987,3.9779494,13.175293433423734,0.2605831448939734,-0.012214449561296385,1
2095.6023,1202923.4,0.6360351794755276,0.26005457785427355,3.995416,13.218691949942485,0.3834740681498415,-0.012769187831370413,0
2083.0642,1190319.5,0.631733617247983,0.23743671107985254,3.696618,13.226963982346108,0.38457918044493444,-0.013178959282002507,0
2085.3923,1185227.9,0.6282656963390197,0.23464356570535694,4.125484,13.220410707729926,0.3838628977000793,-0.01342399609229106,0
752.4617,155035.39,0.6348097537729093,0.257542527678424,3.775208,13.156904222521492,0.2520284338459943,-0.011379298631771444,1
2085.3245,1188854.5,0.6305667507397109,0.23664200159960203,3.8333917,13.215978179967658,0.3834863571428823,-0.01276438886787962,0
750.47504,158739.36,1.012117941678745,6.142242876088995,11.052304,13.182478521484816,0.25497102771522356,-0.01411248307157654,1
744.00806,151027.89,0.6293752365569003,0.24503804910517246,4.113286,13.18837583954016,0.26563300892259534,-0.013778167701385874,1
753.195,155085.0,0.6319854717725206,0.2524219530816936,3.7504778,13.179490512112075,0.2529408596125935,-0.012769502634746112,1
744.74475,151784.44,0.6331464245446995,0.24694485434739466,3.9219813,13.175402806833304,0.2650939344768321,-0.013727822734713624,1
746.7334,152768.48,0.6326987146357796,0.24787871350681634,3.9062853,13.169981650431827,0.2562269196724412,-0.013238491016218455,1
748.33575,152839.55,0.6313660920973135,0.24733261226083814,3.9841108,13.178510940178791,0.2597384420838719,-0.014055437581632864,1
750.2259,154394.12,0.637541377278993,0.2653745802679719,3.8299499,13.170068263565938,0.2573259274933168,-0.012654718965687543,1
745.8718,151696.55,0.6275928834085814,0.24090192963214063,3.6772728,13.184346004430948,0.2598614288753644,-0.013343942602380816,1
745.1546,151546.17,0.6282829385957632,0.24162860285826637,5.014619,13.16514717956034,0.26303887172457824,-0.013989046891259967,1
750.7413,154291.48,0.6338408334524168,0.25174110973821895,4.1405835,13.177195990602401,0.2611169269873318,-0.012679127113599054,1
746.7391,152202.08,0.6311177537889164,0.2478444313228012,4.0080886,13.184470970455301,0.25433316915244153,-0.013105293347489711,1
2085.3572,1187404.4,0.6292754337375835,0.24000793789389085,3.520227,13.212628707102992,0.3834662109717662,-0.014124954570626017,0
754.0605,161453.33,1.118294371104183,7.492989109385785,10.082352,13.178276324532185,0.252200486723766,-0.01405432629767073,1
752.7089,154994.55,0.6335467084072157,0.2579020622163535,3.8071141,13.173404851613975,0.25173100957864364,-0.01216012041781354,1
757.6232,175907.42,2.1129115332199744,24.281511773082407,13.308707,13.180508254688233,0.25309048947628027,-0.018910744998583126,1
746.4513,151890.02,0.6318773674983066,0.24382944881371138,3.8751068,13.18542905397571,0.25484184337144444,-0.013026455647162179,1
745.6185,151686.2,0.6292312937106681,0.2454626114941263,4.0787406,13.158843863616331,0.262044881667964,-0.013438919329912022,1
751.1889,154483.0,0.6393715143616019,0.2758739020697316,3.8026147,13.18806086265553,0.26067593845598097,-0.01236055811850555,1
2089.411,1190487.9,0.6318549716950085,0.2475142313471821,4.25205,13.224350570382743,0.3843590739187226,-0.013331590279434554,0
747.1451,152123.7,0.6288755283441433,0.24199407767998737,3.6548157,13.144505425057817,0.25429832017332443,-0.013643534872307959,1
753.00287,155423.14,0.6378223064956323,0.27771697218862945,5.372292,13.166886481545818,0.25339919939340616,-0.0130135846489717,1
746.412,152151.33,0.6278071321898444,0.24176954082888935,3.7208328,13.169298411591969,0.2516227947228401,-0.013807552697346194,1
2099.7688,1210202.1,0.6362227730037213,0.25669090589579513,3.6934764,13.220869454233886,0.38399954574791506,-0.011915781695069788,0
751.8064,154809.17,0.6348066880608244,0.25926402822616135,4.8183503,13.172260732518037,0.26108822566405154,-0.012903420457383134,1
746.43945,152339.64,0.6333993648758417,0.24856829992901464,3.955605,13.170643604147674,0.25602624029734716,-0.012855100669410245,1
2085.2786,1186359.5,0.6249148332810309,0.22312831889910267,4.2612114,13.223500180530381,0.3844224709847591,-0.013907762933649793,0
2100.009,1209252.6,0.6387161075177945,0.2662982470436095,4.1366773,13.225865095467379,0.3846062314230716,-0.012629504381323731,0
749.856,153708.53,0.6312742458653484,0.24161708704258356,4.062451,13.183292542284097,0.262841440472991,-0.013312888348116673,1
2099.0532,1203586.0,0.6289894674501717,0.238995605901549,3.6444952,13.216937886205596,0.3836010594009511,-0.012720716903707964,0
2094.9233,1201626.2,0.6385713071798192,0.2770224813706226,4.780519,13.230097066770933,0.3849959104985969,-0.01251420665202255,0
2098.4072,1206036.0,0.637945248290153,0.27938275530206313,4.096528,13.21602340557118,0.38356445811518686,-0.012390963157642815,0
2082.188,1183741.5,0.631924951439937,0.24985171683633656,3.8089678,13.190640409425896,0.3803814260334455,-0.013933747658712423,0
751.3657,154401.9,0.6383601588772191,0.26992596891007903,3.6812005,13.18030098669914,0.2544018227683255,-0.01322459037951623,1
747.373,152559.38,0.633805259689443,0.2682927015253904,5.8737187,13.163160597501363,0.2620358443909811,-0.013286598990018657,1
744.33905,151615.6,0.6314578888470229,0.24976488329230806,3.7587214,13.184001515005294,0.2650374467346291,-0.013845154062519736,1
2086.9563,1186934.0,0.63004260814703,0.24452947670769065,3.9213855,13.214518398763268,0.3830565039872647,-0.013037256690913848,0
2094.8098,1200511.2,0.6370740145523881,0.26548415545294146,3.585303,13.222009365718078,0.384366234808448,-0.01330157599913704,0
2095.6606,1201359.2,0.632505167493759,0.25251523173899315,3.9640508,13.219023472092804,0.38372266541262573,-0.012534959546867798,0
2082.1428,1183873.2,0.6293716533443812,0.2349786353632477,4.021458,13.228169869213309,0.3858728361957344,-0.013846113296767593,0
752.4968,154696.45,0.6327040605333436,0.25352752285071745,3.707585,13.18615696595694,0.2619815345044894,-0.012874066579763371,1
2094.1355,1198829.8,0.6362265934443131,0.2657542887372437,4.0370607,13.22527339519497,0.384532733250489,-0.01298288741495471,0
744.3947,151095.02,0.6285731215240263,0.24200364319826217,3.6500032,13.179863101524948,0.26115127898186963,-0.013709796864998654,1
2093.512,1197694.1,0.6331902675700153,0.25376298946425635,4.130903,13.227561133056025,0.3847394081820782,-0.013028678829360622,0
2097.969,1203704.5,0.6360022118370365,0.26329742039112203,3.9556983,13.199432009784328,0.381870682038222,-0.012855487778689136,0
750.9303,154114.02,0.6304600376640602,0.2487795449970891,3.7833807,13.177563924310952,0.2529009192352866,-0.012341168085795703,1
2084.8481,1185460.5,0.6327830110487501,0.2551752010112178,3.6138477,13.196159693226232,0.3809748420943724,-0.014211385503631543,0
746.4948,152076.23,0.6287301678264167,0.24370622809275444,3.8613431,13.178452355657575,0.261116350533872,-0.013888012730172289,1
2085.718,1190432.1,0.6331631531866255,0.2481232630722161,3.972236,13.20737419338749,0.3829089849785795,-0.013161391460261643,0
751.9057,154894.39,0.6377652911742621,0.27171662707021893,4.39244,13.176442021746547,0.2615313347839291,-0.013412994139765258,1
745.67975,151484.64,0.6255116752221599,0.23570771608308627,4.8478417,13.145531114298855,0.2607418327054082,-0.014195693097886418,1
746.6317,152318.0,0.6272966873221674,0.2258554909353201,3.7980394,13.183121953809176,0.257124297483768,-0.013299837591914304,1
744.43054,151256.31,0.62790282706792,0.23477566063044053,3.653195,13.18081994660629,0.26371702318193135,-0.013729473172161586,1
2083.9724,1185094.1,0.6292347397695458,0.24563067027468843,5.509409,13.208247338335516,0.382589716585298,-0.013146694655455364,0
752.64856,154898.27,0.630625297186088,0.24471513007197654,4.274701,13.163829934977649,0.2521124775341324,-0.012604656112954605,1
746.81146,152483.56,0.6335116993078477,0.27178756138428994,4.941504,13.18187793031247,0.2553845770229458,-0.013323924113810713,1
749.09546,153641.42,0.6351558047371058,0.26238673094919385,4.3236523,13.166768921367163,0.26233870524298,-0.012760348929028062,1
747.22754,152136.55,0.6302984787050722,0.24888357682269202,3.8134654,13.175111384163973,0.25722986118296937,-0.013399119504470109,1
752.20123,154751.92,0.632203197392829,0.25006160478070205,3.9769888,13.175441330912202,0.25227131268221525,-0.01254601223510244,1
745.03156,151182.22,0.6260628609112736,0.23249131416896107,3.7246966,13.176428730631926,0.26511933159520584,-0.013869648622936496,1
749.8854,153799.64,0.635984952374523,0.2683539895125069,3.949029,13.170334675456694,0.25903015751676284,-0.012359193832927239,1
751.41376,154300.55,0.635805815894284,0.26231971030499945,4.098967,13.148956260355355,0.25071413399595516,-0.012463592257819827,1
745.6269,152045.44,0.6314186092561969,0.23946510753024786,3.7678044,13.185947641154456,0.26480929084784055,-0.013055329450922422,1
746.1002,151703.11,0.6292627236867989,0.24724666457971134,4.2715855,13.18431694394937,0.2550260546217216,-0.013528709389943544,1
751.7229,154982.28,0.6406078956605236,0.28042099261318887,3.8147686,13.146420606346025,0.2558453080812977,-0.012787655887235388,1
750.11945,153734.56,0.6295083493234165,0.2517129736496697,4.7453,13.133513549560831,0.24950399228492434,-0.012914095997260903,1
746.5617,151992.77,0.6309914942899116,0.25298749214392124,4.515891,13.162846318879309,0.25209425752867043,-0.013351996391197241,1
749.4711,153496.23,0.6338639457984557,0.26215397275934427,3.6921618,13.182356457351531,0.26476243453073106,-0.013394688743417742,1
746.2185,152223.88,0.630693476123919,0.24272294928120397,3.4950922,13.182255951523565,0.2573167240697431,-0.013427458813192664,1
2084.4285,1187123.5,0.6354407707841913,0.27057973935913227,4.7434688,13.202552337021316,0.382429521508689,-0.013534641400167732,0
2083.9673,1184622.8,0.6309368095476271,0.24805535055467764,4.034386,13.225204111953676,0.38437556257075417,-0.01351622869466393,0
2099.6318,1209738.5,0.6380617496756774,0.2715049703555219,3.7953236,13.222051609184259,0.3845567895316342,-0.012523428073808147,0
745.9169,152071.33,0.6284177410859053,0.23736319161861363,3.8768694,13.16389539313085,0.2626769621036432,-0.01377350262225795,1
743.88293,150699.45,0.6283179850365758,0.24346936512615613,3.759953,13.185242816127312,0.2653524039596236,-0.014057859935573671,1
2086.4382,1187638.4,0.626907941919,0.2361003616775723,3.7626781,13.226445434948594,0.3843518696382522,-0.013119204466982438,0
750.22253,153970.73,0.6361254415071246,0.2672908138142982,3.8244052,13.161190724844765,0.26322979707418215,-0.012673734580346738,1
2087.3582,1188034.2,0.6318908813005643,0.2488908693753471,3.8117914,13.203122191347891,0.3826310571386547,-0.013674302764435754,0
2082.5837,1182351.9,0.6297502345307162,0.24805073798588628,3.9852188,13.219931751107762,0.3835569966766154,-0.013877237800583852,0
2089.0999,1192304.1,0.6270467013520018,0.2392796926488474,3.8876386,13.222922196974817,0.3838946614164024,-0.013824198540240347,0
747.4533,152341.5,0.6314972309972495,0.25000294389373723,3.696914,13.171448272187881,0.2530638396419214,-0.01302909720274891,1
2085.7593,1190532.2,0.6291731944001402,0.2416947510385845,3.6798503,13.223518530822727,0.38434714273442777,-0.013521359805782618,0
751.02185,154245.9,0.6329041404089467,0.25643867379669016,4.0487275,13.186260357523459,0.2602625898526743,-0.012449488017877522,1
2085.3179,1187397.1,0.6337780840732133,0.25269032714406725,3.7175417,13.218989465911838,0.38415460168164617,-0.013743438524495144,0
745.26544,152102.48,0.632408113420428,0.2545370048227573,4.9987497,13.182946996602418,0.2664826552434812,-0.013382287093733755,1
2086.373,1191622.0,0.6306791853116873,0.23496785580044488,3.8048544,13.216009231706668,0.3838962646189941,-0.01356490952840634,0
744.89954,151418.7,0.6262642208614663,0.23040644242404085,3.7678852,13.146261866325814,0.2532547073486942,-0.013880915986881638,1
2093.3523,1201882.9,0.634948002472479,0.24788991945853578,3.9294374,13.228431412095546,0.38459931304444184,-0.012357849724335356,0
748.3743,152630.12,0.6277327002070462,0.2388999627494406,3.7497406,13.15070678429969,0.25098371039079426,-0.013731559174050566,1
2086.5657,1185299.4,0.6295767292195689,0.24950280274124115,5.3654695,13.20295838849044,0.38269564349866786,-0.013520237821197219,0
746.36,151811.77,0.6302481880203432,0.24719599814612359,4.9105477,13.159715581997038,0.2584569172042808,-0.013106701057169944,1
2085.6995,1188173.5,0.6294873333056654,0.2413132175299837,3.574032,13.203250000699773,0.3819669023382122,-0.013931288840737523,0
746.6165,152020.84,0.6282166366531854,0.23824648841029328,3.813054,13.184598685848934,0.2605275181002735,-0.013840992405273821,1
746.4365,152168.08,0.6289605758720173,0.24161559260791732,3.7269666,13.18697120524305,0.2632101648108301,-0.013288061048423568,1
745.2027,151375.31,0.6253849697113566,0.23114288531404226,3.865414,13.186036754289143,0.264284203950352,-0.014021533378949342,1
2085.8806,1186558.6,0.6338864144538902,0.2566802307447764,3.8215778,13.2025872169179,0.38189168139251656,-0.01328347980739273,0
2082.2678,1185464.9,0.6277774617966317,0.23292541605218053,3.6912558,13.22067688399546,0.3843170485890501,-0.014224290648331282,0
749.4216,153329.81,0.6270182432545783,0.25110880710358474,6.368227,13.17072958016617,0.25227509993805347,-0.013637721513822518,1
748.00104,152462.42,0.6287400860426919,0.24420719892575882,3.7805,13.180176036381694,0.2528482997940917,-0.013910175669146338,1
2096.419,1203661.9,0.6339517342429534,0.25045972550839135,3.918807,13.19575721949523,0.3819497671862419,-0.012764629329185042,0
744.79846,151341.2,0.6296884877672846,0.24182869274698904,3.5331242,13.1859301630297,0.25736896533452225,-0.013748183741500527,1
2097.4114,1203669.6,0.6360992051780165,0.2643228108552771,3.8525357,13.22410177970559,0.38432956189352435,-0.012885975036053706,0
746.82367,152239.9,0.6243649926717219,0.22181682593764673,3.6010036,13.183079613940702,0.2540073877221517,-0.013668034833724477,1
2090.152,1193266.9,0.6317881160644526,0.24435764286817285,4.002731,13.177140443543502,0.37960696108171926,-0.012574154694097646,0
747.4102,152380.3,0.6280988030493128,0.2413129714268143,4.2990103,13.144063797152647,0.2528722920922234,-0.013859520810794139,1
746.96814,152298.27,0.6289452582011729,0.24787688005354047,3.6228206,13.175668659915347,0.2525599475037826,-0.013612280818786003,1
749.1665,152964.4,0.63010625712833,0.25248255794785335,4.182094,13.164901093074285,0.2582700009382781,-0.012850692800041953,1
746.9293,152272.3,0.630365803974317,0.23872447845869837,3.7406096,13.177676120683852,0.25311810093389536,-0.013977457236915,1
748.45953,153176.06,0.633599866102284,0.26305323298962646,4.064724,13.159521832176258,0.25511793871074656,-0.01314960150446693,1
2082.7883,1183458.5,0.6259012502511653,0.23229135593514139,3.8886378,13.224813888254632,0.38417579931605395,-0.014108759638422105,0
748.7719,152770.17,0.6299864395526817,0.24569145700788875,4.446383,13.151488452896897,0.2513863456415854,-0.01300479907562837,1
751.22705,154050.5,0.6341273944161451,0.27613390598186305,4.4892373,13.173731440533498,0.2525363045119845,-0.012821752589856635,1
2089.5544,1197670.6,0.7020907123566122,1.3059098030970588,10.785892,13.207185774712451,0.3829655624552217,-0.013977474285749521,0
748.33466,152944.08,0.6359346801558304,0.27851236662097234,5.028601,13.17271291642199,0.25948076130206843,-0.01356877039864548,1
2085.8762,1187987.6,0.6287405005797954,0.2507061473425578,6.2530975,13.200755288367747,0.38183170124294064,-0.01384633910144509,0
2083.7852,1185889.9,0.6294838865202501,0.23895494346458612,4.1764264,13.224615006203218,0.3845905552874418,-0.014153625193238123,0
745.20605,151352.81,0.6283942151410714,0.23472705818316175,4.156093,13.1862439920839,0.2642508087778016,-0.013791214770864329,1
2085.1675,1188933.9,0.6303395563609797,0.23898045813664215,3.7401392,13.214010253725961,0.3837127846632685,-0.013954010892541118,0
747.8026,152830.67,0.6329374170973452,0.2574220989838407,3.630435,13.18163833708983,0.25850088477221655,-0.013306007334643453,1
2096.5732,1203614.8,0.6347631826377794,0.2559669534805491,4.1262894,13.221946564436593,0.38399242782472076,-0.012437533257285398,0
745.9965,152034.52,0.6305438814127017,0.24576768561035722,4.424632,13.172006985221214,0.25809108230154243,-0.013331590404061684,1
2084.1936,1186712.9,0.6323032311035468,0.25095670536524395,3.8790212,13.216792406258431,0.38365233336142646,-0.013235156311088098,0
2087.7925,1192956.4,0.6334051926458245,0.25285330762397384,3.6108663,13.211100138693505,0.3830582170324116,-0.013550091072991124,0
745.08356,151774.19,0.6295080522943248,0.24709217291339458,3.7887855,13.167849517824603,0.2593973686476281,-0.013895690473906529,1
750.1987,154003.7,0.6342506585601927,0.25872871797686026,4.2806892,13.184522099702937,0.2611063882250484,-0.01279109113428708,1
747.4047,152842.11,0.632112410202623,0.25111621014118457,3.92341,13.18366018148606,0.26059471566032744,-0.013733517023997666,1
2085.6467,1189394.4,0.6317381791825163,0.2460175721019402,3.836878,13.218305364769344,0.3830381318455728,-0.013170256853156367,0
2093.6304,1200057.9,0.6355733891910995,0.26180129551847076,4.004513,13.227674164275285,0.3846400258337937,-0.012370015486589161,0
751.5844,154917.42,0.6397680252581278,0.2752717992381033,3.9277177,13.161662991175373,0.25240637225829465,-0.013044335077325553,1
750.6802,154698.67,0.6401373516568323,0.27813170325883174,3.8311691,13.175332764363803,0.25735466340945706,-0.012539945988153948,1
751.50006,154807.03,0.637385557278563,0.2651515805894782,3.8600268,13.18216967430799,0.2533643850368916,-0.012384560890502954,1
745.98413,151684.52,0.6241713855749783,0.2226071712375477,4.120872,13.182157813594722,0.26328044533064804,-0.013636357281589484,1
2084.4143,1186280.8,0.6298935548423318,0.2493231802345499,4.2435513,13.210561168615515,0.3826566798468858,-0.013214210996329237,0
2094.905,1198257.2,0.6321141489835835,0.2588490213260215,4.323324,13.219997239910537,0.3836782947455063,-0.013389019723072649,0
2082.5596,1183420.8,0.6290044653537495,0.24126961960892723,3.8907146,13.205638221756717,0.3827972298344788,-0.013833819292602289,0
747.5691,152422.78,0.6253727489063678,0.22926382861447925,4.174205,13.173290191342351,0.25357811413104014,-0.01308966274251444,1
2084.2727,1185089.0,0.6260524368362382,0.2246205633387497,3.9053743,13.207919603809367,0.38307940522605477,-0.014006551648120409,0
750.19446,154089.73,0.6388117803186087,0.2703093386717854,4.0227833,13.188745671005469,0.2623377084824822,-0.012972954708581114,1
745.88965,151537.28,0.6258200463793095,0.22559897583619248,3.6627142,13.182746116193016,0.2641790026981444,-0.013791392421684562,1
746.9144,152250.0,0.6249208125726448,0.23662290729371405,6.0486054,13.183336946941134,0.25714537817758426,-0.013996057181681806,1
751.9686,154509.47,0.6391752185808223,0.2700735115329129,4.292126,13.16724446131523,0.25960442768966274,-0.012808777897899382,1
2093.526,1201063.2,0.6379149882050257,0.2646086830393526,3.685165,13.214337069905975,0.3839149154874769,-0.012975997112128525,0
746.27924,151841.06,0.6309606744484795,0.2510716550995187,4.7034283,13.181955870538122,0.26069513941892264,-0.013624992099525928,1
744.1255,151748.84,0.6306325761078087,0.24284210831447828,3.754966,13.183340494571516,0.2618413144115784,-0.013895557053887743,1
2089.6748,1192198.0,0.6273346612813673,0.244736194432424,5.034631,13.208595062594382,0.38253878956525694,-0.013510681951351862,0
745.38654,151403.02,0.6270131771058718,0.2384545749349285,4.226184,13.184823399440614,0.26474999555820056,-0.013898643037913013,1
2087.522,1190857.1,0.6282836954393429,0.23760640005061662,4.4037175,13.215465292340353,0.3837713193350573,-0.013381688743866154,0
752.7114,155002.8,0.6308198575574268,0.24637909038436856,4.951569,13.180120742441073,0.25373362607671646,-0.012487560200451126,1
749.4677,153529.98,0.6282033909240016,0.23819208813814718,4.040063,13.176923226066062,0.25437740450733876,-0.013367689369373124,1
747.72034,153266.03,0.6352658965644773,0.24623928642829052,4.0294127,13.182289613483404,0.25387150964165067,-0.013471840858333587,1
2097.3875,1206034.8,0.6361123915444361,0.2598349045164956,4.279513,13.196721689704601,0.3809528567774992,-0.013316078386311207,0
2085.9712,1189497.8,0.6286198465554371,0.23253688855633436,3.734941,13.206751628137726,0.3821411404705974,-0.013100328300414861,0
747.9903,152942.5,0.6268054367249016,0.22821083858485247,4.071023,13.176963671673175,0.2578606221346239,-0.013182679072340466,1
744.7979,151233.48,0.6271257462838153,0.23084423076194005,3.6291285,13.186541859757327,0.2609813287969036,-0.013718713593399335,1
752.1894,154875.42,0.6361832338763495,0.27219262415260026,4.207587,13.186162633908555,0.2602810050061943,-0.012636616195908848,1
2095.2368,1199817.5,0.6320262270816253,0.2576974700320749,4.554363,13.195001442065283,0.3809644657844133,-0.012613087219577986,0
2100.261,1207959.5,0.6383336162715899,0.2742782210516661,3.8913295,13.20563898696859,0.3816952414777444,-0.01264338434545028,0
753.5318,155699.98,0.6391770114335199,0.27376749537379075,3.798776,13.179244453905838,0.2532730714441634,-0.01179268180139924,1
751.2878,154397.66,0.6329240825683847,0.2563970066077954,4.182903,13.166914227838781,0.256432549225441,-0.013130612101013673,1
745.5873,151585.02,0.6235727858691021,0.21482071538470615,3.8793976,13.184757696900808,0.26277948280654817,-0.01394127067352954,1
2084.2986,1189888.0,0.6339707277180007,0.25398335411969963,3.7080126,13.224093983921342,0.38409625414381865,-0.013547372229160476,0
2086.0405,1187974.5,0.6319326721027323,0.24729816139328653,3.719501,13.225380673073568,0.38446930165573656,-0.014000962870223645,0
2093.8035,1198348.8,0.633590011768133,0.2511820505186577,3.6882508,13.227561102118003,0.3844134019603826,-0.012879488652281388,0
750.1678,153612.25,0.6326346806072195,0.2521690886288557,3.9002023,13.181813681698848,0.254186716027115,-0.013148663087587945,1
2096.4075,1207938.8,0.6474494289380948,0.33704371681757817,6.196674,13.211026370506373,0.3829090848088058,-0.012914896874840116,0
748.4588,152877.78,0.6323145050677837,0.2559220442545005,3.9467103,13.143590786362333,0.25473675928998907,-0.013812262875880086,1
750.3886,154161.2,0.6363739776311164,0.2626819580035873,4.1223636,13.173905329563645,0.25318540540436923,-0.01265115056907254,1
751.9102,154647.55,0.6329523222548309,0.2542025078856489,3.9803958,13.157209907569605,0.2560071731470241,-0.012658218547347203,1
748.43756,153112.39,0.6348439063947113,0.25849065046967734,3.8127105,13.177625649112848,0.25941435146741276,-0.012659996613126745,1
746.4388,152119.81,0.6297204791918856,0.24432080587553529,4.3329067,13.159909764423386,0.2545236778368422,-0.013367219630425408,1
2085.714,1188763.4,0.632208748395478,0.24606793748672828,3.4997165,13.214314400809492,0.3835118584962494,-0.01417764184015701,0
746.7175,152291.86,0.6281986913500968,0.24278059103058247,4.6155405,13.162181865536104,0.2590099041750084,-0.013825981640152536,1
747.8816,153032.36,0.6284119488643056,0.23415475766069704,3.7705379,13.17068214729559,0.25424629987266406,-0.013748769271981803,1
744.8541,151526.4,0.6276085037166175,0.23474770102404596,3.6259203,13.172967463080374,0.2585361503678743,-0.01389453861590562,1
2085.8645,1191709.5,0.6551130131815747,0.5278090826223325,7.9645433,13.22191318526385,0.38386653656473235,-0.01361093057210535,0
2088.6167,1189626.5,0.6300177612890874,0.24471463639060387,3.8975728,13.21099923504152,0.3825880434542407,-0.013918049149267498,0
747.8681,152889.14,0.6274277436194878,0.2293998748495829,4.090419,13.177236549847125,0.25383662685601377,-0.013166380100418824,1
2084.2693,1185919.0,0.6317807670125001,0.26789815706004605,5.44238,13.207435538432723,0.3830423135533488,-0.01401189629490805,0
746.9245,152692.3,0.6504923084997478,0.5876600867765895,10.881524,13.18182686083959,0.2577248549297925,-0.013841818481105153,1
750.4583,154147.88,0.634472013598998,0.2658111890262229,4.061102,13.18909581282571,0.2652900355446653,-0.013048900586906215,1
746.2853,151857.66,0.6323654042518889,0.2500350870814372,4.2755404,13.185535287020464,0.2615914356897873,-0.013424791238044942,1
751.87665,154849.45,0.6381905652175659,0.26525823943605875,4.1155353,13.152433651016015,0.25733460288431503,-0.013348359257839046,1
745.726,151544.81,0.6239193923738121,0.22116594304434756,3.89818,13.18324264288768,0.2560026644935469,-0.013227772088320414,1
744.4436,151309.23,0.6302755755038913,0.25746373850259907,6.442434,13.18366224110619,0.26188501021035754,-0.014022831033716649,1
749.0532,153620.25,0.6334132241900928,0.24771757010450202,4.072683,13.17865954963395,0.25768530178954135,-0.012592440688171174,1
2090.7617,1193399.2,0.6316437759075334,0.25019760329267937,4.032219,13.209076499292495,0.3826509650617179,-0.012958312673790027,0
2094.5579,1202182.1,0.6372102527245492,0.27462315940735715,4.7871866,13.21697643907103,0.38359457357944016,-0.012326614682947351,0
2090.1023,1198698.4,0.6360200644755636,0.2620405250868725,4.033172,13.228548841321853,0.384993061817899,-0.012905460590038102,0
748.3461,152759.78,0.6242108428431988,0.22569685017594665,3.71728,13.164562725258575,0.2590807565560507,-0.013094322775683162,1
2097.154,1203019.8,0.637335661231898,0.2688619973439348,3.87831,13.201722606562718,0.3824940227160282,-0.012860245391119388,0
750.44275,154204.53,0.6354570465792377,0.263718802115982,3.821425,13.176080160869944,0.2566487770168651,-0.012769539443812691,1
747.9019,152545.1,0.6273292648728944,0.23539529358812228,3.94856,13.166880201269707,0.25561463378551674,-0.013542258113644595,1
746.64795,152230.84,0.6307233733727522,0.241277913114621,4.6314173,13.166198280064785,0.2525232574427289,-0.013789405076877585,1
746.8822,152598.11,0.6582021093253496,0.6493493649595057,8.872623,13.14313680373397,0.2530604456120673,-0.013783723205092987,1
748.2129,152906.97,0.6291099691315437,0.23794165434813275,3.9795887,13.159935890135353,0.25664552001789015,-0.013568643134648159,1
748.11804,152922.14,0.6334100826192882,0.24977258652354806,3.8089166,13.17549970124528,0.2610798674499592,-0.013104384189337032,1
750.3689,153535.17,0.6320006406336852,0.2580384716143249,3.8405085,13.15570067561082,0.25776920487298716,-0.013236870637671757,1
2084.1592,1184178.9,0.62999805567494,0.23915691642867865,3.8004324,13.226855484313127,0.3842231301180556,-0.013294222947838524,0
747.8515,153403.66,0.6348908029598358,0.2549613217445632,3.5758536,13.181044085468033,0.2591989196895663,-0.01367106535545575,1
752.7721,155067.64,0.635265932530988,0.255177924131472,3.6637151,13.179868738284176,0.25533762887929523,-0.012756279938522906,1
2084.6555,1185095.6,0.6275950494140163,0.23156978270487638,4.4915104,13.201184184001729,0.3817778213409647,-0.013578187117294709,0
2085.255,1184429.2,0.6257878034730165,0.22666968589395742,3.70623,13.21986077209589,0.38414783547392467,-0.013473376720553648,0
747.4943,152506.22,0.6249475819147058,0.2239296689479029,3.7592454,13.152341303299083,0.25118093574306044,-0.01354806392796948,1
2097.5776,1205587.0,0.6337558070011339,0.2511262899124431,4.1178403,13.20329520932677,0.38201185239970575,-0.013276856123493679,0
750.5927,154208.53,0.6317664058258241,0.24113439390831504,3.6610353,13.165796855532495,0.2547100092765145,-0.012628329956277839,1
751.8067,154701.84,0.6350340103367823,0.26094352157717626,4.56965,13.158202840502726,0.25201748503214577,-0.012646314151931995,1
2086.1074,1186094.5,0.632192730970214,0.2479313983009379,3.6891115,13.202536223582827,0.38230087080931274,-0.013167505083392332,0
747.1936,152312.03,0.6264812499738079,0.2336972113354463,3.686136,13.178481703293178,0.253582054867551,-0.013610667398167891,1
2085.6592,1186469.8,0.6318360338127336,0.25830446103589555,3.852313,13.189504203723272,0.38072526563326453,-0.014174604000307506,0
748.26465,152969.16,0.6276204070745397,0.2290365598100803,4.668607,13.182682420241656,0.25428203819178496,-0.012751355451312238,1
745.88995,152022.92,0.6277357585337412,0.233375532033131,3.7442327,13.183674491150528,0.2591203447922091,-0.013025059770799919,1
2082.454,1183647.5,0.6324553720497526,0.2468992843338329,3.8134532,13.208457273784761,0.3825022430788118,-0.014014383339680863,0
744.33484,151279.8,0.6284571670503234,0.23075958738708557,3.8584142,13.16424163628914,0.2627960100401128,-0.014167089324468063,1
749.71796,153802.11,0.630543885627188,0.24068138454001042,3.7454011,13.172589705022673,0.2560823657031696,-0.013179797824150642,1
2086.4863,1188316.8,0.6300004759055078,0.23411787269749862,3.5705423,13.21987903683486,0.383541239278851,-0.013758961118484838,0
2083.9438,1186228.8,0.6298000356531159,0.24294128276115545,3.677139,13.191014485746681,0.3810938961755033,-0.013855136547748096,0
749.74133,153669.25,0.6374545549848785,0.2696972537767417,3.7441053,13.178678980790561,0.25597536037087487,-0.012730822875940115,1
748.6256,153401.48,0.6374798332652609,0.27561424136710455,4.876033,13.159101104623346,0.2587816253558568,-0.012775192515970351,1
748.986,153444.77,0.6345302019133165,0.2588041161843284,3.6984668,13.18847314307425,0.26373346623552185,-0.012821637224925648,1
745.49164,151640.98,0.6278615065647695,0.23917832056826116,4.2037096,13.175399257887804,0.255830920104041,-0.013333264181577209,1
2097.9626,1204194.5,0.6350274933974543,0.2643937316838203,3.8458514,13.228826705575353,0.384505279561447,-0.012706998789705952,0
2084.9915,1187313.1,0.6344095850737835,0.25804828591687645,3.8194892,13.219707585086018,0.3846031011644558,-0.01299531803482833,0
750.4161,154114.56,0.635257032596309,0.2678129705579475,3.886433,13.178939383834527,0.25485921891041813,-0.012648095776352796,1
747.1574,152548.22,0.627125367032933,0.23796912031789974,3.614356,13.16665968569512,0.2590828342782749,-0.01388575210654115,1
2092.4907,1196337.8,0.6332958126990184,0.2508640501120811,4.2369523,13.210939029996435,0.382790612087406,-0.01294597948601007,0
2097.3457,1205095.4,0.6378393058148671,0.2609788506336832,3.988191,13.225878354119015,0.38452263072059034,-0.012777524760421963,0
748.2608,152695.38,0.6337336481629373,0.2609320384670628,3.626609,13.175875030272524,0.2519451265882484,-0.013347890544461652,1
751.98004,154799.3,0.6378969339613255,0.2694325381495539,3.9847865,13.176207462499912,0.25278998831080923,-0.012439060489519656,1
2085.2002,1190695.4,0.6358798160352586,0.26473385078468015,3.7013924,13.22340657596289,0.38384429407000664,-0.013457396311786595,0
2082.3271,1182969.1,0.6333194114725769,0.25175791230416555,3.7580388,13.22892401933466,0.38478447852928904,-0.013890270652178708,0
749.4401,153726.89,0.6339616726863729,0.25552309906224435,4.278557,13.158222204353729,0.26395062786367446,-0.013524290213030475,1
745.4614,152013.12,0.6307730827022551,0.24437051812409827,3.545283,13.167042875368631,0.2582313126501105,-0.013801749706859373,1
748.1913,152998.67,0.6308630178742363,0.2475273476732358,4.050176,13.183981092688411,0.25693319913920176,-0.012805513514123176,1
747.80896,152544.97,0.6239606218066573,0.2208552871071201,3.9339762,13.157397208633684,0.2517026969585243,-0.013155214079116613,1
751.62756,154727.34,0.6329141179335324,0.2501282414192416,3.8216743,13.165206701877256,0.25868710860967353,-0.011909244895616454,1
753.4958,155414.31,0.6345980952574627,0.24784182069770377,3.674531,13.174969953579936,0.25292822639304224,-0.012419087527449114,1
748.63513,153878.78,0.6324532929401067,0.2514560645394597,4.3777027,13.164479797309804,0.25560272292178926,-0.013110907464190334,1
745.37897,151452.14,0.6270061987311378,0.22940339753797812,3.667527,13.172206459145363,0.2565264797641754,-0.01406028274086146,1
746.77734,152704.81,0.636731416011134,0.26131063901174745,3.8131416,13.182965346509206,0.25912166980740053,-0.013654507132874813,1
750.48364,153975.55,0.6379503818956334,0.27287110559350314,3.813857,13.17355875936239,0.26029454636218596,-0.012505521921615708,1
743.9943,151174.16,0.6262555157007901,0.22903828480965105,3.9898946,13.186124826034634,0.2564599875396243,-0.013023136555204767,1
752.4021,155057.67,0.6328809821265496,0.2535013769840786,3.9367707,13.17017657254303,0.25294966003822705,-0.01242667951017847,1
745.0069,151218.69,0.6263972417868725,0.2341300571706082,3.8995004,13.183987177757292,0.26595751572117726,-0.013807922774985507,1
2089.3472,1193300.8,0.630685449056095,0.24113515552782028,3.6114073,13.208947196322713,0.38232425202135617,-0.013450170818453436,0
751.8337,154765.62,0.6346642871343148,0.2667310146259023,4.839938,13.178858946746688,0.2522695422840006,-0.012374656237480592,1
743.66516,151473.14,0.6296259510980862,0.2389582680100797,4.59322,13.17345418755044,0.2635565631067262,-0.013912658546433756,1
749.7795,153721.11,0.6321266512533725,0.24731915140976835,3.9232228,13.184352357036765,0.2627475938573431,-0.013772392602485839,1
749.2677,153673.19,0.6344414937588786,0.2595416509717672,3.7305875,13.174109557111908,0.25881248831871184,-0.012654420901940867,1
747.204,152731.53,0.6290897078038942,0.2409487701065034,3.8313687,13.180299396809083,0.25334896014193925,-0.013379287260980949,1
748.09875,152800.02,0.6327745765733579,0.24675805422383812,4.172838,13.184670666323724,0.2589143339694363,-0.013902881318220055,1
744.72906,151062.14,0.6346376839387021,0.2613301274765285,3.8241343,13.177491635147558,0.265969260724022,-0.013417147680990706,1
749.9411,154237.56,0.6410211559128302,0.2831140459588797,5.4251466,13.162966187517528,0.25793621867384653,-0.01329328737764547,1
2097.994,1205391.1,0.6354947152931544,0.25391176761139533,3.7905357,13.228482563062691,0.3839953447455609,-0.012812360403097637,0
748.2156,152995.48,0.6363867441885924,0.27407116849889546,4.152621,13.179317689949576,0.25558285913266615,-0.012678445740619606,1
749.14417,153831.81,0.6338019917387168,0.2486708664525743,3.8273668,13.189681782208982,0.2671063306359722,-0.012732322111265067,1
746.1057,152035.3,0.6300455760451085,0.24563296810981594,4.3775296,13.172551616260158,0.2629635744270922,-0.013348605026646289,1
744.1946,151418.06,0.6281936367474329,0.22948121190508308,3.9073584,13.167639323922991,0.2630044368634838,-0.013877758038845145,1
746.405,151849.2,0.6271616313932453,0.24401584424328027,3.6790392,13.181936975927231,0.25701157600237085,-0.013194263690912702,1
749.96045,153969.53,0.6351669949938238,0.2665636799644542,4.2737947,13.170509280096592,0.2563661678313421,-0.01253526042927602,1
746.15283,152020.39,0.6294388318186611,0.24155355333041806,3.9284546,13.180792889062714,0.25547148702304767,-0.013439975647684758,1
746.87115,151959.81,0.6295528504231087,0.23823606423700205,3.779871,13.18239077896642,0.2614721199259089,-0.013712066373437125,1
2084.5593,1190217.1,0.6301557977913843,0.2403904219757993,5.511908,13.190245219822458,0.38047576752069723,-0.013071873868287965,0
751.46075,154580.05,0.6318462786449441,0.24647352438918313,4.3019657,13.178670841317807,0.2538666275028105,-0.012872464551290999,1
2096.7222,1203680.6,0.6368700179132532,0.2634069740439102,3.912788,13.224235672269119,0.38464355183253923,-0.012841028711275819,0
748.02057,152987.88,0.6292648726045349,0.24591475441143862,5.1387453,13.15172683341295,0.25220543937401874,-0.013254513772963786,1
2085.116,1190107.1,0.6311506833015182,0.24255008397021482,3.9998996,13.20721339206606,0.3820742811076736,-0.013211342425644345,0
747.85376,152538.14,0.6304050161880365,0.2506692145035192,4.013487,13.177964979984695,0.2527948744115361,-0.013510097421844792,1
752.56213,154738.27,0.6348439863584342,0.26568194196334316,3.574979,13.175677215726294,0.2532927273238031,-0.012381405841950164,1
749.93097,153717.78,0.6358079675667335,0.26150211270738133,4.451198,13.168214038512641,0.26408884461591203,-0.012951759730594387,1
750.83954,154008.55,0.6339872452626523,0.25401960663934187,3.7576725,13.177997972493422,0.26080725657262893,-0.012713430833514325,1
2085.8604,1187382.9,0.6308754394134702,0.2495179050794918,4.3965673,13.212191181197136,0.38379269080786804,-0.01341663585755723,0
752.7703,155263.8,0.6375609422502084,0.2671859188136816,3.7842555,13.172144811100956,0.252678708627175,-0.01267934300458349,1
746.9678,152134.16,0.6244835759110465,0.2283892362948765,3.965217,13.167230642014047,0.2531128440821735,-0.013462484078447018,1
744.73206,151579.69,0.6316390965324846,0.24563605141854739,3.706592,13.187444626007693,0.2583852473414168,-0.013530235715893324,1
749.00903,152766.92,0.6281399751330037,0.24494674357561763,3.7190635,13.160471940288028,0.25696384426569757,-0.01376880888860666,1
746.4935,152195.17,0.6326418821614115,0.25093029589322313,3.844163,13.185924228159719,0.26586651036142395,-0.01329545453196142,1
2083.8362,1185390.2,0.6305768009191159,0.24753301088037283,5.015534,13.208979529092444,0.3830006945543322,-0.013684699816897536,0
2084.3596,1185780.9,0.6256553132013454,0.23697574817459532,3.5731714,13.21054336999944,0.38244982125403365,-0.014012996239546716,0
2092.9507,1197308.8,0.6333846666677185,0.2485747916691663,3.9544513,13.22454224233614,0.384496880348458,-0.01323642326535668,0
2097.9849,1205190.6,0.6361374163433953,0.2665870974414224,3.7288992,13.222006259585605,0.38400636574601305,-0.012883148633520775,0
2097.3047,1203604.9,0.6396745389158025,0.27536670690150444,3.7220702,13.199829529913792,0.3815015959872671,-0.013191858727708486,0
751.539,154424.64,0.6342774046174108,0.26208692911194786,3.7862859,13.181715393639733,0.2562974662652083,-0.012210590870508574,1
749.4599,153677.27,0.6320480073511995,0.24907242076169345,4.128936,13.182927251511009,0.26433177593818863,-0.01254621897812888,1
750.53436,153974.36,0.6343686185233853,0.25695886830503634,4.258125,13.173605248103378,0.2600021968015424,-0.013232268206600051,1
2086.2231,1185246.5,0.6254866244417064,0.23269340185044918,4.0992856,13.179890503761685,0.3802153008362361,-0.013397514319496763,0
750.833,154203.62,0.634889406747033,0.2609948893124794,3.8040445,13.1788603104305,0.2560168542196043,-0.012749408383094376,1
752.4412,155296.08,0.6375568694643664,0.2659065718233671,4.151832,13.177603366649391,0.253064413689436,-0.011824092843274632,1
2099.996,1208367.6,0.6367354113850336,0.26371823097172875,3.9708223,13.203656943472954,0.3819241988864232,-0.012320794428001743,0
749.8867,154184.81,0.6416496357869363,0.2793577218455807,3.6810877,13.179653432099359,0.2641641965816566,-0.012704732753768228,1
745.93036,152217.2,0.6324513959892935,0.25668820440670137,3.7897391,13.186742137327993,0.26473556384011343,-0.013182092364573286,1
749.65936,153632.66,0.630270699539319,0.24273732338025145,4.1958146,13.179820071863123,0.2579495893283964,-0.013792405326973046,1
2102.171,1210680.8,0.6341947021373823,0.2603317207195892,4.554354,13.219509482400618,0.38395588627700533,-0.012508844859874831,0
746.0436,151760.81,0.6322731778622733,0.2569789769057462,3.6668825,13.184021345944428,0.2573804040097887,-0.013498833949419189,1
747.0377,152261.42,0.6267273102071437,0.2286578885960595,3.83005,13.168106743276125,0.2601234031785669,-0.014124714000360727,1
747.63696,152340.25,0.6272157046379991,0.23046541431018408,3.6114104,13.169730627715744,0.25296076133695916,-0.013179421119539847,1
750.8919,154263.31,0.6336033077439769,0.2536135957014647,3.8476944,13.184920267875029,0.2600875641351945,-0.012831149109532827,1
2086.6736,1187641.9,0.6274347129374331,0.23224491620870102,3.8179247,13.224055196651939,0.3840513832365456,-0.013500241504834587,0
746.1282,152125.5,0.630784704307093,0.24939579574120296,5.5457754,13.171967959177355,0.2565557912082971,-0.01335079561778557,1
749.0082,153474.86,0.6360787624889273,0.25930692998464533,3.792055,13.18822283626449,0.2643284282544801,-0.012913805790330054,1
2088.0813,1189369.1,0.6305611442341404,0.2517199857144816,4.695615,13.196439473172335,0.3812564585533085,-0.01375879274406723,0
750.81256,154374.64,0.6380108763819833,0.26987596403918257,4.0364394,13.17496653272599,0.2553495430240852,-0.012311143925856227,1
2094.9907,1202771.6,0.6337634574299131,0.255324362430966,5.410698,13.206320979901424,0.38279716079139703,-0.012421755231302586,0
2095.0278,1202232.8,0.6339044721123986,0.2603866924939715,4.5483317,13.227565363243993,0.3842424738134328,-0.012798218930461982,0
748.2159,152865.08,0.6296635302892707,0.24111459524403944,4.5700808,13.151532108330759,0.2588238731859396,-0.012952078316611725,1
751.47015,154279.08,0.6320478649280072,0.25464164601105166,4.1125913,13.176275438273937,0.2531087887866199,-0.012324743272839925,1
2086.4326,1189012.0,0.6279514029712088,0.23698836506629517,4.988444,13.194100542250974,0.38110454024165713,-0.013905398456822747,0
748.2667,152919.78,0.6290958557854587,0.23865042661950975,3.7551303,13.16320039586108,0.2519542784100673,-0.012889314438760076,1
744.19794,151188.0,0.6314341313931061,0.2440146925730966,3.9655075,13.16613729587635,0.26496112803923083,-0.01417611508097907,1
2090.4226,1193412.9,0.6301896118275331,0.24793492106920656,3.8908577,13.194460166918072,0.38131889874968633,-0.012871401872602946,0
2093.34,1199435.0,0.6356692239083946,0.2570015055035815,3.4911778,13.206730711542058,0.38242941644194084,-0.012743872623174881,0
2098.8967,1207206.1,0.6354511846942592,0.25536239509026437,3.762205,13.22240875300155,0.3839017598689424,-0.012652081116169264,0
2085.6396,1188327.6,0.6377644067009988,0.27494588120434926,4.5307484,13.217031528434052,0.38388975183306245,-0.013256551515308574,0
2094.1604,1202767.8,0.6367883004834056,0.2627581779414898,4.7134314,13.210777826785607,0.38267301888056426,-0.012665326018822318,0
2097.0696,1202896.1,0.6344225144955881,0.26107696735931807,4.5059977,13.204507250318944,0.38204385947095065,-0.01277151911904533,0
748.6809,152869.19,0.6279592255805909,0.2415878105478071,4.375573,13.169633662469867,0.2519933582050769,-0.014053547098472263,1
2099.2803,1207837.4,0.6363749042149548,0.26792458054272617,3.9408267,13.205373526799894,0.38275164781677823,-0.012688327778391172,0
745.3078,151514.98,0.6287609097266964,0.24161365396041923,3.9500582,13.184321617016229,0.25923812370156646,-0.013880959961432224,1
748.54834,152734.31,0.6285643026333962,0.23788758652659237,3.7243338,13.170223724859548,0.25249487681560046,-0.013057456517125287,1
2085.3662,1187609.6,0.6300037000033805,0.24651555656708757,3.8790352,13.213780043766308,0.3837352275500245,-0.013805827858448085,0
753.6269,155345.02,0.6367695020150239,0.26189694963457555,4.2691045,13.162398212901712,0.25113364701490215,-0.011954612791904426,1
2094.4243,1197978.1,0.632848317248165,0.2491141519231661,3.6752753,13.200730178929842,0.38221768668784206,-0.012539051373405096,0
746.5611,151934.69,0.6261363782838113,0.2276175478831335,3.9289908,13.169981155466157,0.25746940659240924,-0.01391138727463922,1
744.3585,151072.72,0.6300744308774262,0.25003353818295526,4.3646283,13.181759285746942,0.2644288806099589,-0.013794015964815892,1
744.6114,151530.12,0.6308044049763234,0.24164019456349273,3.9309464,13.179458811400828,0.2643689390974722,-0.013736542031466448,1
751.8156,154217.94,0.6295887397292025,0.2481173925208271,4.655688,13.152207091865122,0.25093619179084525,-0.012934225244308893,1
747.43646,152537.5,0.6279897897886948,0.2409253474136066,3.8454707,13.166879288633526,0.25152179760235344,-0.013640286693324255,1
747.1336,152205.62,0.6260535923061861,0.23233952888810894,4.1080933,13.181484994774166,0.2580811611413662,-0.0137104522317654,1
2092.9512,1196220.1,0.633154224334045,0.26439935060975817,3.823843,13.194526528067941,0.38110321208635345,-0.013488287789564108,0
747.49164,152311.94,0.6262288130045265,0.23817310113168855,3.8148649,13.18141325096287,0.25357263492644416,-0.013056720624799917,1
744.99097,151240.92,0.6267910677925905,0.22986284421690462,3.8837745,13.177161311709604,0.25665225705183886,-0.014004043038312944,1
747.662,152644.03,0.6245096346168041,0.22771272368225182,3.7890098,13.170838811181223,0.2556845506507706,-0.013761383031027453,1
751.52576,155074.77,0.6369340870996296,0.25805093649594957,3.9472132,13.15689987962722,0.2516141940430983,-0.012542224204006126,1
743.70404,150795.36,0.6303493792943203,0.24555654034402563,4.4815593,13.170306225397862,0.26307411977921186,-0.01412217649123624,1
2084.5852,1187021.0,0.6300800868744593,0.24255212041757002,3.7239711,13.210662617839567,0.3835397347657772,-0.014118780993452653,0
2096.302,1200545.0,0.6331229697582742,0.25363009718847085,4.2084255,13.19588455504752,0.38180952126749285,-0.01251270191749326,0
745.56134,151970.45,0.6348281014928298,0.27284200293591887,4.9082284,13.179629207408968,0.2588539483993521,-0.013213470919689515,1
2085.5903,1184334.2,0.6270914813488241,0.23328303214783874,3.7806077,13.223337774179612,0.3842403095302094,-0.012998133197339196,0
744.9899,151802.45,0.6303487910214721,0.23507569270866746,4.200052,13.185210260027159,0.2584671872292768,-0.014016545869623424,1
746.5336,152626.78,0.6354837303380273,0.2608633617616811,3.815472,13.187087577712022,0.26379757930189474,-0.013244494290945125,1
2082.2632,1184976.5,0.6317418678515782,0.24864526095728579,4.346877,13.21231518911959,0.3832299630978586,-0.013503479164628383,0
751.7876,154624.42,0.6349757088790263,0.25682129227671346,4.4835835,13.175831158586242,0.2619263316733431,-0.013185606452065703,1
746.0366,151885.36,0.6294312868134475,0.2523118994767004,4.9247904,13.181391291823436,0.25996941827411396,-0.013692818175064327,1
750.04047,153528.64,0.6336816845095382,0.2557970183001932,3.9837627,13.18328506565929,0.25703608052469806,-0.012392847010620711,1
2098.6274,1210620.0,0.6404968413255377,0.27824526030596175,4.9519577,13.217828924601266,0.3832571779066828,-0.011756846926034006,0
2088.632,1191131.5,0.6310249246333741,0.24228655004800137,3.6906908,13.211042507788754,0.383307118587596,-0.013598648315378034,0
744.58044,151475.4,0.6276719394037359,0.2337765454668852,3.7997212,13.17007056993276,0.26120891099945326,-0.014198301897492615,1
2086.7957,1190815.0,0.6305617881759953,0.2489664694177791,4.00527,13.208527817853772,0.38255258275819737,-0.013689037385110413,0
748.12305,153161.14,0.6354236353461149,0.2554448110649159,4.09585,13.17749550044411,0.2520654351546615,-0.013355927049872776,1
751.777,154842.22,0.642567118338466,0.2833642010544968,3.9683127,13.178212267203044,0.2636046720412917,-0.012854536184017773,1
749.0782,153589.3,0.6341937579608694,0.25993034148811134,4.4597254,13.169777225097404,0.2558095099030184,-0.012664156887941105,1
743.81976,151064.61,0.630758538371896,0.24856965600711067,3.7871892,13.170863515889469,0.2548800721197551,-0.013272381948470502,1
746.5754,152207.89,0.6293548877044255,0.2381544792411252,3.6249542,13.182252411206704,0.2576276005465662,-0.014058273224736255,1
2085.8906,1188446.2,0.6295686130871546,0.2446041059140227,4.37187,13.210708777955219,0.38317393030033864,-0.013319542748280651,0
751.5903,154523.75,0.6381018641007352,0.27040776775609787,4.1789155,13.177410606543392,0.2529690023434625,-0.012744776481267105,1
747.9987,153034.98,0.6320103375792121,0.2508215282037587,3.7490487,13.155193529188445,0.2574120772536689,-0.013403052204728734,1
752.4961,155167.48,0.6414237430788322,0.329831453963334,6.7181535,13.167663969058864,0.25984620335781666,-0.01301622842165298,1
750.9961,154743.4,0.6383475681392996,0.26553339356853245,3.705546,13.186861985160132,0.25888592686148865,-0.012049213653473268,1
752.8262,154987.2,0.634215443120107,0.2579413902928387,3.9449804,13.172729355397259,0.2525736813376857,-0.01297346687424311,1
744.6484,151903.17,0.6315986031935519,0.24151731812452937,4.087141,13.181943313592386,0.2618215408317168,-0.012874947006857082,1
749.2557,153770.3,0.6308632864260372,0.23778562800977676,4.256398,13.166937905393718,0.25900428464803765,-0.012859721308322424,1
2092.599,1196173.4,0.6335013507136785,0.25055423171640134,4.0959954,13.203573158341369,0.3822138231098662,-0.013041278246743946,0
746.49744,151645.45,0.625592049546425,0.23701959898819913,4.6570354,13.18709629986319,0.2587807842498334,-0.013252110939551061,1
745.6696,152170.5,0.6283183394583371,0.24056499580604296,5.6594286,13.163418370589827,0.2578269951356727,-0.013637774428417727,1
749.21545,153394.73,0.631846159240786,0.2574424590471307,3.915244,13.185886993939526,0.26275126629613665,-0.01265698668250639,1
745.09314,151511.45,0.6274089541475352,0.24376960389425495,3.731983,13.14448436088134,0.2610786576541725,-0.01417961763480747,1
2084.593,1186757.0,0.637347388374985,0.3256631734990405,8.462101,13.223010359237996,0.38421326090431385,-0.013403984453833569,0
749.3981,154037.48,0.6351201008922309,0.2522747530980376,3.8671093,13.185569692677502,0.26358991683005406,-0.012774058231923588,1
744.5119,151785.11,0.63060760841546,0.2454308711790003,4.591909,13.17002112370639,0.2544247085198843,-0.013710527829067499,1
746.7237,152569.31,0.6314794757737772,0.2437830218277015,3.8769014,13.182071125521023,0.25362097596266847,-0.013722386305588231,1
746.4627,152261.34,0.6301425771437418,0.2387056568656729,3.5095992,13.18510425325329,0.25941264347485754,-0.013851642273838094,1
2090.7207,1193118.6,0.6353984525799447,0.2584028837903172,4.273378,13.221676228129553,0.3844770900634427,-0.013141593377963386,0
746.6175,152112.39,0.6279102562417437,0.23093083716341223,3.7944822,13.16258384947372,0.26051878111718846,-0.013769624662676632,1
748.8104,153656.39,0.6380402915317358,0.26876890073191984,4.151635,13.184274248177784,0.2543851445914637,-0.012572948584907057,1
2097.8364,1206680.5,0.6365321998656754,0.2661760185800408,4.491038,13.22273040991597,0.38384678681008916,-0.0125964834397547,0
748.0002,152483.67,0.626909064346813,0.23464747750660608,4.5184283,13.157464339829525,0.25178529272587896,-0.013930602636941977,1
752.4601,155716.34,0.6407058519532773,0.27279113289936996,3.8605804,13.179750897486336,0.2542820779730031,-0.012415481593368381,1
746.39087,151787.53,0.6279840333536282,0.23399263752694122,3.7895496,13.174247092062068,0.25851256080266877,-0.013857049284350718,1
751.9374,154737.48,0.634570424097142,0.2657566586794542,4.121331,13.172189876580564,0.25208765504825636,-0.012533295731403993,1
745.54956,151650.08,0.6314755830894482,0.2961259391335691,7.111428,13.156576426429273,0.2556465672712046,-0.013939751919091381,1
747.7618,152552.17,0.6308280494067563,0.2500385333599584,3.9508786,13.144381221967533,0.2571568131042417,-0.013804715575898168,1
2087.3604,1187887.4,0.6297421192390233,0.2476474510314457,4.656011,13.194558102497881,0.3809094991136273,-0.013281366785471397,0
748.1081,152750.77,0.631941939149645,0.2531480190336768,5.075288,13.186222731554725,0.2638200994387514,-0.013242437736962629,1
744.4076,151595.33,0.6320546967990656,0.23932385565534275,3.6536102,13.182043064663214,0.26502611280981325,-0.014094561659533808,1
750.2212,153946.02,0.6341993308017931,0.2625910715665385,3.752959,13.181551679727317,0.2535401892910947,-0.012688221098774802,1
745.8311,151870.84,0.629402039603067,0.23654803695900695,3.929054,13.176800038990521,0.26498302606726704,-0.012643985992537389,1
746.64044,152053.16,0.6271515852246571,0.23699008969220836,4.0690646,13.15783911366698,0.25998857570833667,-0.01361666564760241,1
748.18195,152899.67,0.6399309833267756,0.3657783281214879,7.785641,13.184759849370058,0.26356064079642333,-0.012852809709990164,1
744.6626,151417.66,0.6263489230651618,0.23052685977871512,3.681009,13.185828275632671,0.26400879492411755,-0.014241363800310288,1
753.63715,155786.7,0.6392474664825553,0.28040842019207446,4.1441913,13.135873739355132,0.25701710622042484,-0.012478318854571591,1
748.6432,153281.66,0.63498773220147,0.2596228111105927,3.7793536,13.18329616369043,0.25619472576553076,-0.013582187083338866,1
749.93207,153998.16,0.6375249509524684,0.26647724859434296,4.2123847,13.159396798266954,0.25480599248308367,-0.012667243618694207,1
744.4733,151499.86,0.6293074495916512,0.23796938704431225,4.0703187,13.182387658825265,0.26620550513611907,-0.013486736186944613,1
745.05615,151879.47,0.630017322578823,0.2452356476760542,3.799478,13.181962885596437,0.2643094528785629,-0.013716765077903492,1
2084.7952,1189204.1,0.6278335818560862,0.2259654578733814,3.8595247,13.209598779097215,0.3829304633783272,-0.01395966846964531,0
750.97797,154492.12,0.6329775928526584,0.24763193317839027,4.0492287,13.18195524057731,0.2568651300144887,-0.013429720130236286,1
749.80634,154158.08,0.6343684478741506,0.2579968766806231,3.7583413,13.179824868531528,0.2620385677817134,-0.012795558341517441,1
750.94855,154468.98,0.6359040775265755,0.2577083487219909,3.9248157,13.17537186562551,0.25873990481727077,-0.01276657032063697,1
748.94946,153415.38,0.6317269707428331,0.24827768460252742,3.612064,13.189544308235782,0.26406365497938966,-0.012856648164377604,1
750.7722,154338.3,0.6335834191346904,0.24827007937346446,3.6399965,13.178005646974093,0.25271327908778973,-0.01279471680007766,1
749.85626,154353.22,0.6387273221594787,0.26880964966750565,4.364531,13.182636050311272,0.25600449985348595,-0.012830175672413615,1
746.2329,151814.75,0.6279700771290295,0.23473610831098846,3.7823768,13.18419408380856,0.2541369270935683,-0.013271628868271929,1
2098.785,1205805.6,0.6330883087606232,0.2539118126337425,3.904073,13.21238548597974,0.3826058967702019,-0.01274824533135413,0
751.8115,154587.12,0.6345996632132868,0.2558960436915818,3.919627,13.164067564419499,0.25238062599415595,-0.012642572197069732,1
2084.0977,1188445.5,0.6302755044187272,0.2457017648858204,4.120277,13.22046408571771,0.3841744354399019,-0.013657243679024562,0
2085.8064,1186221.0,0.625972126576394,0.23028221740999788,4.1054254,13.22210575135722,0.3840726297280723,-0.013507940980377076,0
2086.697,1188801.0,0.6308404962270824,0.24756601211450002,4.933597,13.213556481456482,0.3836217444063182,-0.013599822783680713,0
748.1546,152850.89,0.6296076894234468,0.23927097725720348,3.809842,13.181409083892024,0.25330924030771224,-0.013806119960488639,1
748.9177,153303.58,0.6329415149603732,0.25007722733099014,3.762828,13.172398965844874,0.2592649294130868,-0.012881845529878831,1
745.70966,151740.88,0.632379388518764,0.2544738347351143,4.384385,13.18536356673779,0.2633262204009495,-0.01321801662306348,1
748.46857,152997.02,0.6317571522450096,0.24984338181751164,3.847342,13.186965879577519,0.2650869269172205,-0.013269144602234599,1
748.5221,153148.69,0.6319472034613512,0.24621036866962775,4.1182013,13.165090245516733,0.2635894348441289,-0.013045574623221864,1
2099.1748,1205289.1,0.6341584470689722,0.2545119718460178,3.8834286,13.215520195783569,0.3838687722179123,-0.013145705425207906,0
2085.5615,1189040.4,0.634897827867141,0.25417581228311015,3.8690286,13.226238496118262,0.3844982309503135,-0.013880867418614743,0
2098.9817,1208540.9,0.6402124016545894,0.2740883941451999,4.277089,13.215916580631834,0.3825915916241443,-0.012787585744035912,0
2096.0935,1205297.9,0.6428844705503661,0.28754726247975704,4.002611,13.20294139832743,0.3821307430137075,-0.012226434329051444,0
2095.7346,1200608.8,0.634964520186961,0.2563740191820032,3.594523,13.223361978865809,0.3845102079193101,-0.012445328432397379,0
2098.2812,1201684.9,0.6300817804763481,0.24068561136860556,3.7192564,13.207680317428112,0.3814470605186023,-0.012601323529279113,0
751.4383,154044.55,0.6338860867253926,0.26378621236818667,3.7579045,13.171732834195511,0.25362927521615314,-0.012909848465886546,1
747.32355,152580.02,0.6294839723522995,0.23851739843312325,3.746823,13.157381355634154,0.2530328592173472,-0.01367610174942054,1
2099.7844,1206813.5,0.6392670266129423,0.2845013776825187,3.856917,13.214202986178384,0.38313399168310036,-0.012700089618649253,0
2086.3035,1188743.1,0.6322330998083031,0.25366639698717197,5.333528,13.215712733557018,0.38376338244524605,-0.013857458573579078,0
743.86584,151166.6,0.6294774636913013,0.2504714774719279,4.0504136,13.171449892044393,0.2639009307892341,-0.013675928089454862,1
2096.6267,1202847.8,0.6352390428253332,0.2541705688416753,3.8566632,13.20490805919461,0.38263484221643107,-0.012623363274166808,0
744.13495,151478.0,0.6291837501071178,0.24101645838903174,5.3493776,13.183362844569272,0.2634217325965691,-0.01384697189232248,1
2094.297,1194620.6,0.6307677332578162,0.2556075045320103,3.8745532,13.21912474493473,0.3838958655130833,-0.012721673858572043,0
747.82965,152755.56,0.6328067353999784,0.2505343042484003,3.8342626,13.159890738180398,0.2548643796345255,-0.01321815884733959,1
2085.0076,1186069.1,0.6305981920312506,0.235692531273342,3.5238478,13.214697868067976,0.3831663487646985,-0.013408851568603268,0
752.1465,155078.1,0.6384320454443143,0.2646870039603626,3.7077384,13.176516210534393,0.25381259679407187,-0.01210865916327919,1
745.9319,152210.11,0.6284608137257928,0.2337646347573079,3.783218,13.178974698881461,0.2598962767169741,-0.013810511985861853,1
749.97534,154083.69,0.6357775254558454,0.26041236462203576,4.125409,13.176823638887242,0.2570377383755187,-0.012535430901674164,1
752.10767,154776.45,0.6331917784801122,0.25082881309409677,3.9916315,13.175259806436815,0.25889285964080205,-0.01286450523475628,1
2084.4856,1186362.5,0.623323940150796,0.21729344986525323,3.8524818,13.20226200960226,0.38250246276297856,-0.013750872839833282,0
2096.4792,1203681.2,0.6364084907752954,0.27010677767439484,4.41074,13.21326985944574,0.3827973095710881,-0.012663675674142488,0
750.0644,153937.23,0.6387201757090748,0.2748354239792974,4.3510666,13.179540765604367,0.26511744998466313,-0.013631042027844755,1
2091.2026,1196986.0,0.6330350114770084,0.2496704214817962,4.2476425,13.222043373699655,0.3840349314848005,-0.01385383581757306,0
752.13837,155179.8,0.6329520198180283,0.2520704269543095,5.8011413,13.180448932507232,0.2549361274470396,-0.012719878415521494,1
747.71045,153164.4,0.6328453402180046,0.25439458157162376,3.668334,13.17818021226067,0.2546133861832906,-0.013459384062008369,1
2087.2417,1190514.1,0.6282726774148367,0.2402117058242066,4.3141966,13.196133835087666,0.3811677028652736,-0.013442383263725467,0
2084.972,1188201.0,0.6344879609675537,0.25508048129977956,4.402452,13.226573572413937,0.38487197308300947,-0.013051793409331972,0
745.9297,152294.23,0.6313245590493598,0.25031567558813794,4.786485,13.159038463009171,0.2549965786961738,-0.013587373361492369,1
746.9518,152336.66,0.6281777305962073,0.23749402325039348,3.8852038,13.18555459240865,0.26089324006636727,-0.013686342392876633,1
753.29865,155342.03,0.6356864185521303,0.2559894152197719,3.6347704,13.175845007578127,0.2596140355110471,-0.012764677366387546,1
2086.4954,1187473.6,0.6305860955066654,0.243042532583996,3.8349407,13.212530071534095,0.3831620749403138,-0.013789510865488665,0
748.494,152536.45,0.622917035306831,0.22104803093750558,3.7116911,13.176104191496128,0.2539519504409355,-0.013787902061321161,1
750.04083,154188.05,0.6338077859249105,0.2541089636861411,4.5411367,13.183694333159288,0.2635981178100823,-0.012744817331837386,1
746.88,152507.02,0.6313873049009506,0.2570695348674601,5.235514,13.186554765183844,0.2597797310111601,-0.0138695389919559,1
2098.264,1205205.0,0.6331416653670211,0.25093450571920384,4.043637,13.203909067066324,0.3816627708614399,-0.012287373924148649,0
2085.0872,1190875.1,0.6311075610141837,0.2365539893028532,3.5311155,13.228203217435546,0.38503425014520565,-0.01367142864157478,0
751.0098,154271.5,0.6305418038893567,0.23970274730502705,3.9463513,13.162444173059377,0.2520143682966963,-0.012768362740297183,1
747.56384,152575.89,0.6294081540195969,0.23489939208926192,3.5978396,13.169365285148814,0.2527439929195406,-0.013466548691783221,1
746.3652,152269.06,0.6316657716998169,0.2512158561496207,4.468823,13.1675041340542,0.25539399284388054,-0.013222552739715919,1
2085.1133,1183111.6,0.624743883462389,0.23221717881895598,4.3826427,13.222181541649537,0.3845117787164107,-0.014101773849706652,0
749.60657,153288.33,0.6318745375204212,0.2484006242225001,3.679308,13.174596853027197,0.2621143982526017,-0.012705575705422011,1
752.2414,155179.23,0.6368587852691618,0.2623582442945245,3.8294575,13.18338177729759,0.253456497545189,-0.012468712268849196,1
746.15717,151508.53,0.6259412795610972,0.23763335199463986,4.88778,13.178936604472339,0.26109562859674146,-0.013730776408184901,1
750.31146,154230.81,0.6368180261178542,0.26587209230396036,4.7821355,13.179864862010202,0.2634589946750884,-0.01322309314164841,1
750.7036,153963.98,0.6327532944517308,0.2534609541319752,3.8019247,13.158671600876788,0.2531471563648941,-0.012988241305867072,1
749.63605,153725.61,0.6313514234755919,0.24215037762212477,3.7717366,13.183011739547817,0.25838492112051803,-0.013032095824364669,1
744.0075,151110.22,0.6290640899616294,0.2459585006801901,4.7920723,13.169347584008541,0.2631800554556069,-0.013553600880986403,1
748.2105,153356.16,0.6496353986769341,0.4606815417025798,6.6181984,13.17746865950637,0.2528209341599876,-0.013577867379819052,1
745.1979,151325.28,0.6263955769585708,0.23129756820143843,4.0487556,13.1436730479335,0.2601936013144463,-0.014073877510547776,1
2096.3865,1202211.4,0.6325926992402938,0.248294982044873,3.8586519,13.208189828079297,0.3821003306794099,-0.01246029916123737,0
746.86346,152038.56,0.6262895051966617,0.23967799122630495,3.8095155,13.186336854281363,0.2591491559044017,-0.013905152629062579,1
751.37213,154882.67,0.6375338402922794,0.2678160128430238,3.7711384,13.174967817461535,0.2525368445766287,-0.01267313536086439,1
2086.7651,1190112.9,0.6303497086067757,0.24699884047224563,3.7294512,13.218886425696564,0.38360537277988005,-0.01316555094396521,0
745.38904,151382.88,0.6237602461896234,0.2234794695689093,3.7126107,13.180977166107155,0.2626773338879068,-0.01371744521248769,1
753.17065,155512.8,0.6362562427736206,0.25663216907991426,3.8399887,13.160538394204007,0.2523511980973854,-0.011683299120812937,1
743.9198,151094.3,0.6293661425021048,0.23886167566873473,4.031727,13.172500687669503,0.2608856221217977,-0.0135740727396081,1
747.76465,152819.73,0.6306951785575711,0.2434009519221494,4.034729,13.185544840851932,0.2608776170315117,-0.012922124516905147,1
2088.664,1200041.6,0.6751470441136072,0.6521629340020882,6.9614377,13.193301538984285,0.3808325108761715,-0.01331887656936024,0
2095.451,1202734.2,0.6380046287353617,0.2891240795145995,6.064452,13.23005437868495,0.3854725121851242,-0.01293824584111636,0
2087.8643,1187848.4,0.6319100795317227,0.25438410308798876,3.679043,13.221734289577071,0.38399017644846856,-0.01366748213430989,0
748.6151,153177.67,0.6322573158216657,0.24157019355809384,3.661481,13.157553356968291,0.2544477740649379,-0.013197135256510895,1
749.9556,153453.25,0.6322212720581816,0.2589123732475578,4.0905747,13.18565370020065,0.26479457968435705,-0.01284025305740108,1
750.4225,154068.53,0.6328254216469755,0.24101243579716236,4.1016755,13.177202870123399,0.2629744060426855,-0.012783622321487834,1
749.25574,153997.28,0.6356957384104601,0.2554131877869543,3.7468855,13.169568128783359,0.2637150381576107,-0.0128222365552792,1
2086.2996,1187492.6,0.6289306980084158,0.23913674007705454,3.9650455,13.22636464572319,0.38493121066721697,-0.013681134485641315,0
751.6426,154554.78,0.6349477239824136,0.26135573842792015,3.6916935,13.187541514023604,0.26129995956366553,-0.012872648970785118,1
752.3696,154626.2,0.6333715245819088,0.2508975851953683,3.7761064,13.157426947485064,0.2597862246434889,-0.013296388413166787,1
747.67755,152608.94,0.6300723328689383,0.24800421519589166,4.131472,13.175662487051648,0.2523653084684637,-0.012915288778004567,1
752.88446,155620.75,0.6553683074637993,0.4430387982674526,7.417929,13.174592567819086,0.25684344363438794,-0.013188983186016004,1
746.6073,152281.92,0.6328477130804683,0.2570936256930625,3.7662396,13.177004553689505,0.2528850621197165,-0.013450419940003877,1
745.3475,151723.27,0.6304953310148634,0.2465889147891116,3.8081107,13.161958131490856,0.2579018619074821,-0.013356027864898971,1
747.8789,152726.95,0.6336287898687503,0.25654790325250065,4.1126986,13.178180657369955,0.25345914028380406,-0.013035655700360242,1
745.80286,151799.1,0.628788397616045,0.2429380657932083,3.8262215,13.184544646189487,0.25555889147040445,-0.013411200042718984,1
2098.8865,1208330.1,0.6372061760440224,0.27075134790670097,4.7394466,13.21155304871964,0.38287260616244284,-0.012279595805093494,0
747.3012,153032.11,0.6354047385996818,0.2581692272572056,5.29942,13.18490518782053,0.25684997770741846,-0.01284389890285309,1
2086.7444,1191669.5,0.635556983412978,0.2617255968955501,4.775421,13.212626060012981,0.3825127517606064,-0.014007146370142559,0
745.93134,151746.03,0.6291152608159232,0.24617623887683937,3.666813,13.175897368617408,0.2563916300887927,-0.012864678360369801,1
2089.808,1194682.6,0.6299274334186906,0.2341337597006401,3.630623,13.207924878370646,0.38273309595371074,-0.013174418627530722,0
748.97064,153303.2,0.6369390883364803,0.26668252330172804,3.9095118,13.15806335305705,0.26383017823719607,-0.01238720927994707,1
745.59045,152121.55,0.6328965442097766,0.25389131953091937,3.8617501,13.184888744665532,0.2564593666088807,-0.013568451729717938,1
746.6143,151779.77,0.6277505529831431,0.23828069327191326,4.0630593,13.186501943606997,0.2543549663322865,-0.013619968475415594,1
744.77295,151592.4,0.635920871934257,0.2688754328507641,4.4832964,13.16726840263868,0.2636261401611153,-0.013605499511858361,1
746.5942,152378.56,0.6327337128383763,0.2558590671409724,3.754333,13.160890093308497,0.25619099078455804,-0.013172385230885267,1
744.9523,151449.95,0.6318964077057705,0.25887841426240854,4.0101204,13.185442912418257,0.2648114136072504,-0.013803837847440405,1
746.1705,151548.39,0.619838757102352,0.2171658991137404,4.093845,13.165437710648098,0.2650566883549584,-0.013346954460559153,1
2095.6077,1200974.4,0.6367559695901023,0.2683397364436644,4.19838,13.209507596304732,0.382652284615335,-0.011877105554645896,0
750.48083,153889.88,0.6320961481393321,0.24864094982766272,4.2213106,13.158523172136713,0.261973295231353,-0.013060409236623239,1
751.38904,153812.12,0.6258366063707949,0.23784381231649387,3.9864254,13.179984382618464,0.2532055620816726,-0.012528846601028883,1
2098.0325,1205179.0,0.6344765925296552,0.2624073165523457,3.9001033,13.218030538710485,0.38321142373545575,-0.012796447115609769,0
750.80585,154449.02,0.6322419394690522,0.25292873089471524,5.265076,13.178305439433572,0.2525240064832057,-0.012169008599059153,1
2092.406,1198598.5,0.6318847949194913,0.2529851377726984,3.9944046,13.201242643028806,0.38159262806035826,-0.013134316662713218,0
747.4703,152127.52,0.6261616757650391,0.2390613632324241,4.0623775,13.164000728268068,0.25733159323614085,-0.013702330732255918,1
2086.8882,1187421.6,0.6320736416348158,0.25093821301395636,3.7952528,13.220989307081238,0.3839676249063531,-0.01403222765904433,0
749.61426,153122.48,0.6267179360483768,0.23085641881332952,3.8346906,13.178063771179769,0.25769958424049405,-0.012785774451641623,1
745.9943,152207.45,0.6294198424194377,0.24145985082049926,3.824019,13.184480134904604,0.2635073555614499,-0.013505243969597796,1
2095.2642,1199645.0,0.6351311145218999,0.26171204617088684,3.8788192,13.22180958909834,0.3840231732340283,-0.012728506337779132,0
748.1866,152499.47,0.6262217952736834,0.23588940410821824,4.1454873,13.181224259907392,0.25692806598411516,-0.013119955697025003,1
745.6347,151722.95,0.6266630064393122,0.22574565221361365,3.9164507,13.15915697448895,0.261073579561343,-0.01320072229940434,1
746.1921,152063.62,0.62961312518313,0.24228470827337834,3.8461347,13.179215944927009,0.2582783804994223,-0.013473784769806856,1
749.7575,153800.53,0.6400583061672909,0.336131311394416,6.67219,13.190581337945893,0.2649616048130781,-0.01274755183948413,1
2085.5674,1188477.0,0.6335352467511299,0.26205924760407884,4.107399,13.222555800048173,0.38446639312826925,-0.01379190789745469,0
747.4051,152143.23,0.6275572856020267,0.2393593253152213,3.808006,13.16587436860613,0.25280428592637644,-0.013745104338044753,1
745.8864,151892.2,0.6290861667728174,0.23877101544369683,4.9827585,13.188202071231029,0.2614762976648492,-0.013133024916165767,1
745.52094,151771.48,0.6327804429500498,0.25318968930249186,3.844113,13.16677423506706,0.2587654689721946,-0.014172131336523532,1
2085.7305,1187575.8,0.6279568171990602,0.24158887896593306,4.1301003,13.181057504702496,0.3797316415637658,-0.01338990279004982,0
751.65405,154707.0,0.6375338397631921,0.27409046708565565,5.211189,13.187362717072522,0.26267298420832697,-0.01251105340322709,1
2099.8904,1204750.9,0.6364780505774497,0.274519529521946,3.5532033,13.213735241339265,0.3832947884176347,-0.012881902386059522,0
749.7861,153873.92,0.6350716657416927,0.2602377593479237,3.661053,13.176355667708412,0.25445807999525527,-0.012779807263480136,1
746.1609,151514.66,0.6276718132178988,0.2391047940808222,4.415455,13.180470403356656,0.2573576852296372,-0.01370673653944613,1
747.642,152745.45,0.6350154632204644,0.2694839673748963,4.1583657,13.180307542067725,0.2537815833391445,-0.013618548719942444,1
746.87836,152557.64,0.6293126636295348,0.23959906982016843,4.1377416,13.18309459740031,0.25907051420877447,-0.013142939307438359,1
748.39655,153124.11,0.6391048057663455,0.28007437321366924,4.013614,13.17041805518214,0.2567094450029531,-0.012400945793124993,1
745.4999,152035.69,0.6339774016992323,0.250285565458114,3.667948,13.18585929846233,0.26255495948920204,-0.013759149640479846,1
748.7068,152950.95,0.6275311738453051,0.24192896995270807,3.9144502,13.18369132920766,0.26018777578474206,-0.012911794469075553,1
745.6514,151894.36,0.6299373843060769,0.23324729352790374,4.0986485,13.176174195562893,0.25591028957965023,-0.013809846910190493,1
746.1183,152086.89,0.630679353426194,0.24587287107432543,5.1155725,13.165076638275135,0.26218558483431414,-0.013380022427083969,1
2084.085,1186293.4,0.6281662510637973,0.22525987373318124,3.5639868,13.19518087517253,0.3810250809635273,-0.013782994428899504,0
2085.1052,1185446.9,0.624080267346006,0.21732761075769025,3.530247,13.212122312030901,0.3834442247953278,-0.013814289907342188,0
745.4114,152067.27,0.6523936750760124,0.6092346816018548,10.750323,13.182705432180196,0.25683291668434133,-0.01393418671719378,1
752.53973,155178.78,0.6341119872965464,0.25278725821848536,4.2702746,13.178377154103249,0.26184261758298955,-0.01313101637793941,1
2092.1545,1200502.9,0.633073822281794,0.24843696556591022,3.9565494,13.228198144152746,0.38513597413906636,-0.012496664628595671,0
748.4574,152581.47,0.6273484342313306,0.24056695406356443,3.7966943,13.186007875931779,0.2654199686332181,-0.012633683429079369,1
746.6141,152351.47,0.625310693391231,0.23028330958076415,3.5568676,13.173033329533352,0.2537177736949749,-0.013162145052203639,1
747.0841,152513.17,0.631702529553721,0.2405876072979165,3.725947,13.183044420130448,0.258749760319717,-0.013439381381741727,1
752.0919,154986.44,0.6395845454587598,0.2782762424002456,3.8243053,13.164456397136027,0.2521746848354732,-0.012295536568244371,1
746.89343,152102.38,0.6320348263319547,0.24136338768540755,3.9637837,13.165064821862682,0.26053217712774324,-0.01392119129259007,1
2096.4841,1200910.0,0.6385741821941062,0.27945993868689767,4.16166,13.226578699212235,0.3846208874203277,-0.012030622855144583,0
746.35986,152373.67,0.6304775936546272,0.24126034695110077,4.0042787,13.184582949855551,0.26206482522522284,-0.014003269578742667,1
749.29285,152915.64,0.6310092683633762,0.24757969333600505,3.9001606,13.17071562647966,0.26137852880959656,-0.012593695776581587,1
749.4943,153309.84,0.6298950589301868,0.24451484908106114,3.9446967,13.172823536118427,0.2557169406546711,-0.01345653760763459,1
751.4055,154396.83,0.6316392627120213,0.250945950041332,3.7184935,13.174399694993802,0.2520908724627123,-0.012767778358567272,1
752.9768,155119.33,0.6335524961551244,0.2543445619970579,3.9763618,13.176173224728265,0.25312743379544694,-0.012304126875059442,1
750.4894,154514.6,0.640306397142953,0.2777360856072746,3.6874855,13.167876148883769,0.2595391674673158,-0.012238785297499062,1
745.7619,151697.3,0.6370169071208018,0.3251220620194091,8.034186,13.183674633422587,0.2559934233227332,-0.013025886060255369,1
746.36676,152238.31,0.6309403267002562,0.24290003909883673,4.7122016,13.154533604475969,0.2591961273933923,-0.013639885801186283,1
746.57947,152094.4,0.6264297421501424,0.23186742558308726,3.8095574,13.164501616501273,0.26098756815698293,-0.014023279252058828,1
747.8186,152925.67,0.6328403417674651,0.2522896221359763,3.6895308,13.179459013485644,0.2600472230143173,-0.014102190586350382,1
747.32446,152635.36,0.6305877635160294,0.24924379819881404,4.3913174,13.182802839436578,0.25734563325953874,-0.013697909470379788,1
2093.04,1197767.2,0.63136436614348,0.2451526418811616,3.9973905,13.208122918221163,0.382817005798495,-0.0130530076934416,0
745.35736,151323.5,0.6252425562385981,0.22499606754503487,3.7263157,13.184066234846767,0.2572552516414803,-0.013386092401264666,1
745.8817,151585.6,0.6276042363568565,0.24027859800742757,3.6836019,13.158140561188125,0.2584449084806207,-0.01345445746613429,1
2087.773,1189164.0,0.6283911209397617,0.24010758996353676,3.8826141,13.20714566213411,0.3826702417338206,-0.014174201704731064,0
746.2006,151803.36,0.6278553852262531,0.23572813893060696,3.6553292,13.17290476651934,0.2568017850850366,-0.013712053119923009,1
751.86115,154916.55,0.6395277026330836,0.26966498974429065,3.7139537,13.179727672607962,0.2540091549848251,-0.012627187600736521,1
2098.7974,1205142.4,0.6350898395253719,0.2647480785371821,3.6442032,13.204235426107038,0.3823046050805528,-0.012799392144829102,0
2084.1248,1186358.0,0.6277831318959421,0.23336485968745535,3.5043428,13.219381833876366,0.38402041840991535,-0.013763053834186651,0
747.8516,152656.75,0.6292127442133261,0.242795331980298,5.42786,13.177430600209558,0.2540765458346521,-0.013637513227326554,1
745.11066,151438.19,0.6288364179671533,0.24112549974628106,4.5317316,13.171259618727795,0.25638709160257406,-0.013289129833518596,1
2085.159,1187727.0,0.6300359485500717,0.23881625158020903,3.8476558,13.221061627926924,0.38393384868376756,-0.01323392904953884,0
744.6453,150832.77,0.6287550375728944,0.24990339304454157,4.366514,13.184892582697799,0.26174454444719014,-0.013913099516699912,1
2102.5542,1210250.4,0.6375793586680831,0.27372726544544346,4.043904,13.180434563739222,0.37880682424636397,-0.012634215472585636,0
2082.9438,1185859.4,0.6314069593472673,0.24503342151467855,3.913853,13.215009174387726,0.38340434450084915,-0.014174540307096015,0
2082.8008,1185733.4,0.6288489880726866,0.23646281522325063,3.8029203,13.220168076667106,0.38414727773852486,-0.013484760688490935,0
746.8546,152284.11,0.6301912263961913,0.23849334494105268,3.7941632,13.18080334650177,0.25323675040361243,-0.013868761623888122,1
747.97876,152690.55,0.6322402625179436,0.25959890981492784,3.7415018,13.168921841174692,0.2546649637423801,-0.01379088179937715,1
748.14215,153202.23,0.6360946653072702,0.26113918592515706,4.8024573,13.176757290654702,0.2613962838403694,-0.013717614376281759,1
746.6114,152287.1,0.6319799158833318,0.2586311560049994,3.6923852,13.147294476862337,0.25743571301807494,-0.01379870877834557,1
747.2704,152707.3,0.6327430667062356,0.2527516951356681,3.706482,13.175500293483342,0.252860818916705,-0.013923655236291566,1
2087.0935,1189457.9,0.6294395368367451,0.2436176641428096,3.8595104,13.203694800440577,0.3830159964610437,-0.013604267076621438,0
2084.3145,1183861.2,0.6270348794446654,0.24546804808878298,4.6457324,13.221882462531926,0.3847587276413844,-0.013515545656629914,0
2099.525,1205635.6,0.6356838709812758,0.268284081594675,3.8070345,13.202942231061174,0.38247711313456373,-0.012753021032763047,0
2092.8113,1197290.9,0.6409900279960892,0.39056988290176653,8.108869,13.223449533935566,0.3842632229705297,-0.012846494154339952,0
752.6746,154907.89,0.6369935090369648,0.2672314121040369,4.085731,13.169922105786025,0.2518986773483825,-0.012638615839073355,1
2094.5583,1202415.9,0.6360789928720334,0.2612133341307219,4.8599916,13.213777544517011,0.38304061360480735,-0.01320159818728091,0
744.90155,151341.9,0.6262946068908412,0.23250474997869874,4.018961,13.164016619272067,0.26437728298515073,-0.014421883562916644,1
745.5662,152189.88,0.6353077524884408,0.2530261796693196,3.8818521,13.182963313060787,0.26447681289106,-0.013451489488076921,1
746.3189,151956.84,0.6295052579512697,0.2437395203989161,4.030896,13.168477497627764,0.25249178974631215,-0.013252752899056345,1
753.27106,154970.61,0.6360659194533334,0.2689286348189155,3.888577,13.159701215556495,0.2513522639281054,-0.012736145840960939,1
746.42065,152342.5,0.6311880242114729,0.24775028096173246,3.7344387,13.167695901806963,0.25216023791965625,-0.013790609840137849,1
746.2748,152061.4,0.6294984659494653,0.23926622988500856,4.0421023,13.164929871381762,0.2517393141399793,-0.013562710395385142,1
2083.8096,1187621.2,0.6296510716423841,0.24164828380293235,3.9157126,13.214830841049855,0.3838540255993101,-0.013231529745696937,0
2084.5154,1186167.8,0.6317353703006923,0.24620445131495616,3.6353822,13.180688079482323,0.3798465853830275,-0.013493151809780106,0
752.3897,155412.48,0.6418692808599814,0.28362576670241646,4.155455,13.175519179574867,0.25275601332189174,-0.012220324375119785,1
747.816,152721.94,0.6281752450910927,0.24151893445088257,4.727819,13.18063732202988,0.25443563775538747,-0.013513590586363039,1
747.15826,152650.05,0.6320315373590781,0.25130235260943934,4.8483286,13.180605333324658,0.25345142155904565,-0.013236036198949017,1
2096.8857,1202033.2,0.6379728244712404,0.27189067783946363,4.080721,13.196601130629354,0.38125187984844294,-0.012910901049412109,0
2084.1255,1187295.8,0.6314388397353313,0.2471064808686716,4.2802095,13.213664283061808,0.38325904266720884,-0.013615111363577294,0
2101.829,1211157.5,0.6366471771066974,0.25516209971849424,3.8470247,13.2203479532646,0.383094599794964,-0.012612819893001259,0
745.74786,151755.23,0.6273171589255069,0.2363727874771917,3.8007524,13.170870199753278,0.25911458288532946,-0.01330873977050189,1
747.9382,152409.77,0.6298100139522667,0.24412661462917118,3.77824,13.153588498573995,0.25255383642118095,-0.013750731288634964,1
746.4604,152467.67,0.6351529134737405,0.2652725469433337,3.9611893,13.184270707915768,0.2530866290032343,-0.013675238799202122,1
745.43774,151787.66,0.6295666486123609,0.244255626049259,4.2211013,13.181845546104167,0.26470682897653264,-0.013707975864372396,1
746.1423,152170.19,0.6277148173876852,0.23247112952615945,3.9854,13.176453525671251,0.25697728217031734,-0.012910214951583104,1
752.051,154725.06,0.6367793003398361,0.2762360739013898,3.980763,13.159441410139106,0.25327023850760016,-0.012635984093663606,1
2097.574,1207955.8,0.6383481582581083,0.2678608145813848,4.4346337,13.202673356732479,0.3818575357112474,-0.012531245356563678,0
750.90204,154092.42,0.6409755202869181,0.36530357551824366,7.3723636,13.180320814154069,0.25363868897902797,-0.012767236618530974,1
747.8892,153047.34,0.630993742065551,0.23654739922586154,3.966565,13.166398870935527,0.2623994026799274,-0.012742321208124947,1
2095.238,1202934.0,0.6373824180208267,0.2736838003195037,4.5968175,13.212710861436578,0.3830877428451971,-0.012714507490260549,0
2090.338,1191238.8,0.6318337238646293,0.25255465584603254,4.0053296,13.215077328275374,0.38347957477041283,-0.013492702101597252,0
2099.7122,1204200.1,0.6369080639380336,0.27624062915357017,3.7914162,13.201486479852793,0.38186732819164076,-0.012475009083089012,0
745.59436,151899.61,0.6305537606692858,0.2373936261849683,3.5620074,13.18637510601555,0.26382688630528806,-0.013728392611070424,1
2088.0576,1192019.5,0.6314048049837225,0.24382550132780434,4.009988,13.21123027078689,0.3833001867895073,-0.013696153035119478,0
746.5164,152345.14,0.6302736352986469,0.2424759211893135,4.2282133,13.172609170943023,0.256303555245609,-0.013005572367683182,1
2096.6729,1201926.9,0.6313840341114686,0.24652053487747816,3.7151563,13.211051055682903,0.3832094648366289,-0.01273705791865501,0
752.0459,154588.86,0.6308097715001246,0.2563848263261126,4.6248784,13.182489763094523,0.25337262887295803,-0.012546293767765603,1
746.42584,152301.92,0.6330110286094275,0.25763749575010486,4.5976157,13.182804699113825,0.25761854032117065,-0.013681198623263571,1
747.6571,152491.9,0.6265025423984281,0.22875421578997512,3.587697,13.18352673139731,0.25364439058985033,-0.013376418924054306,1
2089.5603,1191362.8,0.6329918348446797,0.25539234265784305,3.7681005,13.18436945232044,0.3797205359534133,-0.01289317134142712,0
747.6279,152489.42,0.626449805899412,0.22964399135098912,3.864617,13.165455270075682,0.25499183610606296,-0.014111720468123146,1
752.0725,154681.38,0.6280166027286962,0.23221261939140847,3.8708813,13.174271382428914,0.2587088579250199,-0.012988390462984547,1
747.9616,152625.88,0.6337348131996812,0.2987447939886634,7.2051325,13.181189151391571,0.2534773095168371,-0.013232458401884415,1
2099.684,1203569.2,0.6365607730861247,0.2630160226372178,3.767284,13.20982072455666,0.38327016171960426,-0.012569115462405462,0
749.3579,153385.2,0.6373725870042648,0.2723433723637383,4.213897,13.181765375607743,0.26481889326086056,-0.013009721807963108,1
745.0378,151520.77,0.6291174613769149,0.24180446357398733,5.053025,13.175699186769046,0.26132683890728214,-0.013506487450795138,1
2082.237,1182755.5,0.6272533547219264,0.23669106062812117,3.840832,13.20826781302623,0.38276230952105367,-0.0132479117344046,0
752.3963,154692.08,0.6331011736249345,0.2567600686000655,3.8994794,13.182182510172957,0.2553489429874491,-0.012547966430497992,1
748.5345,152941.25,0.6312293057454356,0.2481939149370529,3.8509223,13.1796472682733,0.2593285767991506,-0.013444971524099288,1
749.68365,153520.77,0.6316044320664403,0.25722105870697254,3.6785133,13.177954965852496,0.2608691916904011,-0.013333760230080306,1
2093.988,1197163.8,0.631866123392886,0.24993537114065711,4.125021,13.223900920750461,0.3843715168043606,-0.012560858911900227,0
748.23596,152915.05,0.6340418863915883,0.26257528401290076,3.9240708,13.183626255678808,0.2576018154554192,-0.01283829555220187,1
750.9604,154413.86,0.6349156417986289,0.25351305803552826,3.755352,13.185485395927108,0.26099142212950854,-0.012823586755858414,1
746.76227,152292.89,0.6276942613757415,0.24161665129717802,3.7707014,13.162658287822753,0.2615441945725201,-0.013813422138936236,1
749.19104,153538.08,0.6320132139247238,0.2468378006816061,3.9033396,13.177469774182512,0.25458277582399697,-0.013170665948799556,1
747.7349,152511.16,0.6267120044028044,0.23605383750256514,3.722828,13.168211881924808,0.26073717617213504,-0.01382365196219235,1
745.3741,151212.58,0.6221296031071181,0.21998702983722707,3.9636018,13.186070803380911,0.26433328227277975,-0.014006486724103715,1
2090.7292,1196030.8,0.6302847084801756,0.23713278089347645,4.1475816,13.210117043635302,0.3828954410086779,-0.013253235157914729,0
751.02563,154292.6,0.631760350889652,0.24174194290618578,3.7386708,13.164099785515413,0.2596077840730085,-0.01243112173809136,1
751.17584,154657.47,0.6359603340069542,0.25531351567400806,4.1090317,13.175608457622054,0.2523374381397644,-0.012669428674041056,1
748.8127,153408.7,0.6315483653081095,0.2530331714827003,4.041621,13.165909979481386,0.26190052328915747,-0.012953111006286896,1
2086.047,1186400.4,0.6265787535372883,0.2347348250762078,4.0080323,13.22025624403717,0.38340822046835177,-0.013546496985697369,0
2095.418,1201917.8,0.6320825207658733,0.23786464055827405,4.038426,13.217902587637957,0.3835453267005628,-0.013001901190452806,0
2081.5632,1183857.5,0.6343392619262402,0.2515835865038638,4.0302014,13.217178468729449,0.38365018483023655,-0.013519831581948749,0
750.2875,154199.97,0.635812243066506,0.25117207616768145,4.1568847,13.182843418211746,0.2625391484670516,-0.012339578888718752,1
753.52673,155542.19,0.6385642415684222,0.2732904130074916,3.756576,13.175001005401544,0.25273567410486447,-0.012428469839735492,1
746.03534,152704.89,0.6500563034589536,0.4598542208719034,6.8734217,13.184537283016763,0.2674879284136848,-0.013656537835972407,1
751.99646,154944.06,0.635772536307292,0.26793430734522783,4.011688,13.184591483652701,0.2535032507952033,-0.0119906231357959,1
744.6631,151438.47,0.627234664137321,0.23809972243602262,3.6963341,13.174677161264196,0.26350001085830665,-0.014065287491705327,1
750.52136,154489.7,0.6334524719179244,0.2504782603358606,3.850257,13.177700742044003,0.2604114706686235,-0.012899724259363183,1
749.0898,153353.08,0.6348761503045812,0.26219208943821437,3.7953656,13.179191284377227,0.26541002782134276,-0.01326654923875101,1
749.0893,153496.0,0.6329635314905869,0.2525724785605159,3.8303888,13.180684313579981,0.2594780331203278,-0.012627565524093394,1
2097.7754,1204568.9,0.6375435908373617,0.26131850899773523,3.608625,13.218228309348108,0.38325279570834353,-0.012361798319905375,0
2082.8035,1186163.5,0.6250816690968622,0.22476184200706495,3.9818845,13.205640176278262,0.3829445216290004,-0.014122979537880278,0
2094.044,1202932.8,0.6367026430488191,0.2595845645579984,3.997128,13.219362242871044,0.3839310711726593,-0.012905055028412805,0
747.7339,152662.03,0.6354825249330918,0.26362383498231834,3.7991478,13.187141607771364,0.26557731482905134,-0.013253520042317751,1
745.37634,151469.92,0.6288688299687423,0.24397938977312705,4.2641006,13.164374119793113,0.25553060538798483,-0.013194271733460486,1
2085.914,1187407.5,0.6304165831627904,0.24770681683191587,3.8080044,13.222750954915545,0.3842072806459811,-0.01344983960579605,0
745.04663,151999.1,0.6313363627570787,0.24358597945262384,3.6859488,13.186593081308859,0.2616922649604255,-0.013404690122709364,1
750.5278,154194.67,0.6386821976572798,0.26467368362512733,3.7530143,13.16572845617009,0.2621696301547115,-0.012832492831919123,1
747.75934,152622.17,0.6279527032488859,0.2311181617142508,4.2492523,13.164370909147404,0.2575142067111281,-0.014271124546320338,1
2083.4875,1184450.4,0.6311608849078111,0.2461232322936593,3.8476338,13.217381933397336,0.38358960429212985,-0.013492662521267731,0
745.2031,151964.28,0.6338272017451523,0.2497562051428326,3.7179832,13.187275896268293,0.2551746187083947,-0.01346554880161672,1
2083.474,1185312.0,0.6309977610642202,0.2516225851709466,3.9798894,13.21510567372642,0.38390154279731686,-0.013753014960334254,0
746.70984,151720.0,0.6238974653091015,0.23104893364766665,3.7579405,13.16348391263342,0.2596426997599909,-0.013216303365133639,1
751.21704,154835.45,0.6370521048233174,0.26429604645890814,4.2020636,13.18578620511989,0.2636306962526699,-0.01287296599457332,1
749.01874,153446.64,0.6350482802902854,0.2588646869054103,3.7823415,13.182352493820696,0.2555189509532948,-0.012161454819192783,1
747.1289,152308.94,0.630130475771989,0.2386509743718177,3.6081378,13.172435964074058,0.2618151005619241,-0.014010362383676887,1
749.5238,153983.42,0.6325965496570325,0.24297716582955253,3.6520405,13.174098667726964,0.26339564746723426,-0.012577143676376175,1
746.2652,152211.23,0.6304123508374746,0.24528479178034956,3.9467976,13.156275295752925,0.2596325837712986,-0.013855036583090388,1
752.1428,154697.94,0.6322099861703697,0.24491860637510543,3.7907014,13.181159022911846,0.2535247288039089,-0.012592945944238085,1
746.2927,151889.06,0.6277099000177986,0.2472694247223579,3.7639234,13.177686249168236,0.25562999179939916,-0.01324692027927137,1
2097.2915,1203775.1,0.6316628318586747,0.24085720408784672,4.0318136,13.216105341608916,0.3828905707476858,-0.012506241559899177,0
2085.5776,1188010.4,0.6291991971958012,0.24565626323992618,4.947321,13.217991640644355,0.3836262426458007,-0.013717492847025085,0
748.5033,153205.48,0.6344478604010123,0.2608968222794559,4.313531,13.167833342922355,0.2626914685657033,-0.012590521572714944,1
748.36566,152810.47,0.6364172847991252,0.31596733317072667,6.5978875,13.154510073319434,0.2527789480077546,-0.013717130179920128,1
2083.8398,1184014.4,0.6273135318551214,0.23163523500617256,4.807741,13.225355807604272,0.3846230447131124,-0.013339431017848511,0
744.5732,151192.19,0.6251654090191148,0.22344484020654543,3.9907246,13.186151421730575,0.26113742178958593,-0.01350839968065889,1
745.3068,151747.08,0.6277612220137884,0.24361164694770343,4.0911393,13.173483017358425,0.26108710455827105,-0.014050540184135096,1
746.4057,152641.86,0.6328179826180927,0.24303320855218313,3.8360856,13.18431521471384,0.25652187585323566,-0.01323412001582714,1
745.277,151350.27,0.6328088512518958,0.25900434076111933,3.969276,13.18244319042719,0.26254088071742615,-0.013422344223613363,1
746.0678,151872.66,0.6306087620269488,0.25072819373231914,3.966896,13.173006049229983,0.2562771642103649,-0.013821118350040398,1
745.73975,151991.05,0.6296492039231416,0.2336588001919302,4.156931,13.18148902806276,0.25451967361329836,-0.013583973801090337,1
2095.0427,1200890.6,0.6364743258176061,0.26594430459153706,4.1272793,13.205602884707686,0.3818596160565548,-0.01269746042549546,0
748.18945,153012.92,0.6327819806977271,0.2488031636228505,3.684075,13.171422268584044,0.25227653410987944,-0.013545755506528303,1
745.78564,151941.3,0.6316036957322985,0.2525420808688814,4.11161,13.178222108954209,0.26121067437739126,-0.01385458779564731,1
746.4662,151622.5,0.6259204937582816,0.2350610121772898,4.392475,13.186641325959473,0.26651064089915233,-0.013608413991723136,1
749.8321,153696.67,0.630283973202346,0.2533435010308227,3.9093778,13.18124262576519,0.25555421078649415,-0.012366092070201375,1
745.03186,151810.67,0.6339708513200072,0.25480155140141614,4.128352,13.18116472407608,0.2647184403531836,-0.01417873755628242,1
747.6021,152368.8,0.6288947055209879,0.23715902864004512,4.0934906,13.179829310829325,0.26038260660706525,-0.013295067530223328,1
2089.9136,1193827.8,0.631828085468519,0.25208717448501083,3.873436,13.21978490478468,0.3836484519026254,-0.01322162887342168,0
2086.9758,1188504.5,0.6304382029128306,0.2501712790466182,4.0043826,13.204731612786318,0.3825292381708404,-0.013549032320038937,0
2084.909,1189733.0,0.6398834751935475,0.2750788179680619,4.0577254,13.219005688393295,0.38359217990598077,-0.013642280668278188,0
751.90686,155123.56,0.6392467478905399,0.28031027555977506,3.869464,13.156643276834862,0.2533211975085568,-0.01239787356677882,1
745.89764,151561.12,0.6258592726846621,0.230803722727007,3.5731616,13.17065392848745,0.25502796486793095,-0.013096211478663987,1
750.3967,154078.25,0.6318543048493148,0.25084112215430876,3.7915256,13.185028848667391,0.26366798592383456,-0.013172366786021805,1
746.46533,152050.92,0.6302753955724034,0.2479249857707848,4.9212985,13.16814360059615,0.2524897555280706,-0.013505691550672288,1
749.3555,153881.73,0.637958213484633,0.2762591837782584,4.0131874,13.186000215129907,0.26436636523956186,-0.012111013739171395,1
744.28455,150987.47,0.6322613967093416,0.2532813136674479,3.8060434,13.183374895854417,0.2643819340595985,-0.01380624231185633,1
2099.7437,1207932.5,0.6358581997801296,0.26222164134369974,3.9144714,13.219581683944332,0.38361967770682887,-0.012631453403404295,0
747.79663,152611.05,0.6271839067996731,0.2398884947633695,4.0736814,13.157186113190773,0.2531365243216793,-0.013035350129729251,1
751.3926,154178.75,0.629613919151672,0.24521631094068885,5.103041,13.178248357010906,0.2531321401591532,-0.01283919594057498,1
747.49066,152502.02,0.6326297545516503,0.25969666293148697,3.9557064,13.169284984081804,0.2589912610453704,-0.013240492747036689,1
2092.7917,1200778.2,0.637355422394751,0.2636666830877319,3.796099,13.21275350358382,0.3834980977401356,-0.01284557600078604,0
745.049,151276.33,0.6310325830935112,0.24552979750563875,3.9618938,13.185429015936526,0.25717843286232644,-0.013424213060844773,1
745.9263,151480.7,0.6233437574912818,0.22230863953122393,4.2481365,13.160274512625167,0.25946779489130806,-0.013521458663738722,1
751.6836,154692.69,0.6378292167941996,0.26787944461402047,4.048817,13.182818563371915,0.2537014333132487,-0.012341081018089747,1
745.9944,151699.42,0.6339671414258778,0.26140938631819877,5.240844,13.18509622880358,0.2570535766012075,-0.013332410589838318,1
745.18884,151729.56,0.6303900276578561,0.24801287145506734,3.9921126,13.175829490213484,0.2587626131766587,-0.013550397986251413,1
2096.5542,1204915.4,0.6366035932792773,0.2648266929758325,3.5662408,13.220539059318567,0.38384943538842925,-0.012816906530154618,0
2085.6946,1188240.4,0.6332133418899946,0.24788484572502023,3.847143,13.198015635588993,0.38172687097766433,-0.01357280873468678,0
751.41095,154372.77,0.6325256389636342,0.250613697050186,4.104351,13.18073355334819,0.2532375107152774,-0.01271198303089446,1
2086.6047,1189618.4,0.6300435512194338,0.2416347742110343,3.6932366,13.221561336018784,0.3838785817913771,-0.013629750889703276,0
2096.284,1203826.9,0.6334491260595275,0.25258416922555416,4.3189707,13.221298427367145,0.3842170926824998,-0.012845308846901734,0
2085.1099,1186208.5,0.6285377358423381,0.2391776660539202,3.6853037,13.21471861668319,0.3834556676786724,-0.013324451175945268,0
2099.4917,1209610.8,0.6380134599269038,0.27116691736900655,4.041587,13.218410835120597,0.3837466343384696,-0.012838794111609039,0
2084.4534,1187504.5,0.6271440296405891,0.23314337156804088,3.9032853,13.185823501812541,0.3798707378805475,-0.013136553059099351,0
748.13776,152723.84,0.6277138517920764,0.24155848338953145,3.976976,13.180934983004503,0.2538861434903842,-0.013386449506014395,1
751.4032,154621.94,0.6354448251324504,0.25489816189749925,3.6906462,13.185799460677838,0.26014295338374777,-0.01271817290300512,1
746.1791,152386.03,0.6338906978917509,0.24845334838353805,5.0948014,13.163596725820868,0.258223444365478,-0.014220473905810695,1
751.9937,154943.05,0.6379326511330803,0.2663204828463832,3.9127724,13.179227785435863,0.25330444184137063,-0.012627885642708291,1
745.10675,151693.55,0.6313550830026069,0.24476923704882525,3.6548424,13.169633426241132,0.25553132021199704,-0.013275938414270713,1
749.78107,154245.28,0.6367594587242433,0.2644533600617214,3.7930677,13.177346968471893,0.2647711355167858,-0.012715587050944055,1
752.67914,154966.36,0.6334839162314655,0.2533175491074746,3.6902964,13.166236987456516,0.2517242796951263,-0.011970429765418837,1
2085.686,1186384.0,0.6291636138222637,0.24054823646422463,4.492752,13.218978421907297,0.3839603031144546,-0.013947555809809503,0
749.68,153906.17,0.6347875969085978,0.2592748327442558,4.0426464,13.172534250729885,0.2529941427079559,-0.012912586532287025,1
747.361,152719.33,0.6318689224577433,0.252141566594938,4.186803,13.185525697592128,0.2621382438700694,-0.013112856990931863,1
747.44904,152569.97,0.6299259203954634,0.24312939177271353,3.6939385,13.180090106622366,0.25252070986360664,-0.013474459815871902,1
753.1339,155405.64,0.6369899719759387,0.26339878303704145,3.9346738,13.182472975264815,0.25969531073080476,-0.012749034935410812,1
2084.5183,1187352.9,0.632208329131946,0.24629236909166785,3.650156,13.216477866849885,0.3837689951364384,-0.01348874289125194,0
744.7238,151605.19,0.6315332051914451,0.2400491444605346,4.1038895,13.182799893363907,0.26524122439325787,-0.013807094796910857,1
746.0386,151899.38,0.6323903033235877,0.25382850292676196,3.6815252,13.18480694769935,0.2578860412155928,-0.013510649508395811,1
752.0095,154917.03,0.6342093070350162,0.25736641844356,3.879091,13.182716891498522,0.26313403831943766,-0.013037973078297087,1
751.73206,154780.78,0.6356340942021471,0.2666117242857795,4.335949,13.187731272249499,0.26180588199161076,-0.01283122641676484,1
2083.0833,1185296.4,0.6307863158887883,0.24697716345237009,3.7688246,13.221631788490376,0.38457831290412764,-0.013541582428887741,0
751.43024,154681.61,0.6410541785928756,0.2827697571148269,3.6972322,13.181325790573243,0.25302782183017936,-0.01252675621240396,1
744.3501,151354.31,0.6269071033548373,0.23227952329046175,3.937688,13.187669007340512,0.264864539013169,-0.013702855600347901,1
749.4245,153733.11,0.6343142676594716,0.2521959373785254,3.827549,13.172087193861225,0.26365982504827357,-0.01271337874862705,1
749.9694,154135.06,0.6342560513874717,0.25978817271862553,3.8022873,13.157158322528975,0.25345713083485444,-0.012956320952524527,1
2097.5376,1205328.9,0.6375987852664833,0.26042319853257023,3.9301438,13.227557805287555,0.38420121478640024,-0.012375575098361494,0
751.2036,154160.89,0.633511221790122,0.2520553248496147,3.753471,13.173512083284294,0.2539076056133907,-0.01290282542550503,1
747.8726,152438.78,0.6303764060417245,0.24069475808917318,3.682602,13.167090825292165,0.2527013186366487,-0.013870741903891363,1
2085.7732,1187738.5,0.6294577668030431,0.249690673294912,5.0571213,13.220559391950294,0.38397858113493344,-0.013758335276045953,0
747.3426,152736.42,0.6331126529301048,0.25455093081297253,3.8873577,13.18050459836603,0.26260941228714413,-0.013711078843947734,1
745.21545,151357.2,0.6281209013240694,0.23571585935837946,3.9116657,13.187484617875425,0.2553123814324478,-0.013513559438709376,1
746.3073,152141.25,0.6353951024528346,0.26938022990321864,5.081792,13.184785456646377,0.25755743343581783,-0.013391663000605007,1
747.0429,152548.0,0.626232139566678,0.22116767319297548,3.912317,13.158980958146104,0.2532250124238081,-0.01333243080066847,1
745.3912,151569.25,0.6286446622637932,0.23769218284896265,4.0593376,13.165042933493531,0.2576907706857766,-0.013047529642345212,1
751.6588,154269.27,0.6347314627155575,0.2663012291476132,3.8757808,13.188371682457056,0.2620136321097684,-0.013037484496839738,1
750.8426,154198.95,0.6327981343621201,0.2580941350144035,3.7557843,13.16873128664586,0.25603356521049747,-0.012353891355781691,1
747.5205,152864.8,0.6294368475426663,0.24699681938683593,5.193967,13.180247460589145,0.26176870312206124,-0.013101144824978246,1
747.57263,152563.23,0.6262119784973913,0.22464406061565478,4.423743,13.179495002375642,0.2565534048215094,-0.013783584404344717,1
749.6396,153365.47,0.634678402134366,0.2602429483448212,4.675255,13.18676887826161,0.26559194850827256,-0.013257134229882797,1
745.29694,151921.25,0.6316789302834431,0.2392328023278676,3.7663367,13.169938456155021,0.259410561715592,-0.014215035738924619,1
749.75586,153603.48,0.6321141571992491,0.24471910660106166,3.7195487,13.146649978943364,0.2510928239338197,-0.012638096323787226,1
748.07513,152383.05,0.6276217155210264,0.23233953521791717,4.063392,13.181045357986745,0.25391170318888107,-0.013752349891641579,1
745.34955,151319.16,0.6272738007884147,0.2414990450140282,4.38675,13.183540627658736,0.2555687850334218,-0.014199029751087635,1
749.77106,153973.5,0.6367735971427493,0.27147161131306285,4.759105,13.135473675827061,0.25862459059181775,-0.013020076540109983,1
745.6688,151657.47,0.6280806433264677,0.24220084492087057,4.8914027,13.175909856644758,0.26384583261410516,-0.013828765981269768,1
745.56256,151944.42,0.6322175597817593,0.2500671251041249,3.6998255,13.177663714098347,0.26309877689370537,-0.01365561275985428,1
744.57635,151416.98,0.6273441326046695,0.23286515752697534,3.918763,13.182710217790053,0.2649450340577183,-0.013981457226194845,1
749.2663,154015.81,0.6382229593773165,0.2706084981107679,3.8104517,13.172225613073037,0.2629957924064381,-0.012897580932213262,1
746.4914,152146.28,0.6296459369623285,0.2409636409525273,4.1172366,13.181672775177951,0.2590731113607191,-0.013508331947238003,1
752.35266,155448.97,0.6398149961403438,0.27232954051475655,3.736911,13.185855291220665,0.26047054632542327,-0.012315926813308934,1
2095.9639,1199867.8,0.6374183953537423,0.2690925931864192,3.920652,13.229242079122283,0.3847437817553735,-0.013123089736501262,0
2083.1858,1184479.6,0.6276683081636889,0.2351183472053089,4.804458,13.225301953147117,0.3847484154362096,-0.013792086083894544,0
750.5788,154330.48,0.6353611421255383,0.26486333251668404,3.82199,13.165874571669518,0.2630352546328143,-0.012856726847331546,1
746.60187,152375.62,0.6307018523913165,0.2424982311928101,4.001065,13.185700052658946,0.25591110122951266,-0.013812088491115445,1
749.332,154094.92,0.6387219264065344,0.2745354574939731,4.1715755,13.16983072923955,0.25682956753677505,-0.012709879021231926,1
2097.9487,1206485.9,0.6349221810586803,0.2548279893629357,3.7764907,13.221234840515121,0.38395282743643544,-0.012675328599267666,0
2085.0146,1183524.8,0.6241175159414065,0.22882059613443273,3.668362,13.222079156826847,0.383904442604661,-0.013859537344378116,0
2083.5713,1187129.6,0.6334438235570929,0.2555957418067165,4.6813574,13.224294060671134,0.38453484772502455,-0.013611942290711233,0
2086.5127,1189646.1,0.6304654173868779,0.24210072193705434,3.9741287,13.212822942845186,0.38330339807328234,-0.013776930079336395,0
2097.3774,1203066.4,0.6513073303082053,0.5002081017564532,8.629105,13.22510773232907,0.38455285608852696,-0.012887543914329546,0
746.7241,152399.05,0.6286355961496433,0.2439332685869804,3.8072875,13.1831029252108,0.2562519121853038,-0.013508422810359307,1
2095.2764,1198907.1,0.6336835225450264,0.25787977480046775,3.7011316,13.213219335970232,0.3837389946763803,-0.012864945754514832,0
746.3352,151993.66,0.6278212818975706,0.23809339286690712,4.0008926,13.186187558501608,0.2584108527397306,-0.01358130546955428,1
744.8403,151403.5,0.6266837152314986,0.23029225008255327,3.5309942,13.167291575337389,0.264199881678727,-0.014312702385570154,1
744.19604,151149.77,0.6287521494294045,0.24132706596035947,3.7070446,13.16480025009859,0.2628903915417162,-0.013602385480523607,1
752.84814,155398.44,0.6377917666221213,0.2647478545508948,3.7347212,13.167368347360156,0.2538407411899861,-0.012189722202857517,1
2086.5796,1187804.8,0.629962471305602,0.24523162232474416,4.045103,13.215636337339165,0.38374951344039415,-0.013815222650320515,0
746.0606,151652.25,0.6299222239251776,0.24359909319142847,4.513311,13.182090416304955,0.2566929292373165,-0.014205618310653437,1
2086.2583,1190162.5,0.6377965538133966,0.28990330548308396,5.1231866,13.215487351508214,0.3831136903967211,-0.013614082447458408,0
2084.5781,1184617.9,0.6302603685179052,0.24274736965311794,3.7732868,13.226346373512905,0.38486613797277797,-0.013605003402101292,0
745.59863,151934.27,0.630358088817865,0.24787200745376747,3.9319305,13.185481791276395,0.261512439788507,-0.014422047680452259,1
750.34595,153825.89,0.6350534791986192,0.2626753077029269,4.1275725,13.161252340696846,0.2611382814915775,-0.013064423977274033,1
748.21295,153046.27,0.6317387003856011,0.2433796903346166,3.7701156,13.172211747437556,0.2529450246880894,-0.013581504165883725,1
750.3937,153925.25,0.6324035778134091,0.25429401330313217,3.7225962,13.187833207151195,0.25968233325252627,-0.012471048118498735,1
745.90967,151804.55,0.6300130245455301,0.2523749672666966,3.963662,13.16392369467065,0.2567006359570588,-0.013429901263140847,1
2095.166,1201874.2,0.6374594839061357,0.26675970430966167,3.840615,13.201533511209378,0.38258711451460437,-0.012563940174413677,0
751.07654,154190.0,0.6371947546606698,0.2737972649676519,4.733462,13.183293792765943,0.2541210396257884,-0.01265862666247269,1
745.1164,151643.3,0.6280255635938309,0.2313323629466102,3.9756236,13.185980063787552,0.26536092005574685,-0.013599888873424964,1
2086.0845,1184956.5,0.6287360170050322,0.24098202188167672,3.760612,13.224074561279275,0.38453697751625465,-0.01302635442305801,0
745.8786,152262.2,0.6326103330458189,0.24585624756749702,4.1643434,13.178244720256846,0.2576071856923026,-0.014013013767850808,1
751.5677,154258.88,0.6295173163440799,0.23959548859497115,4.38087,13.157729703947517,0.25494720719177993,-0.013151600113785996,1
745.04834,151753.2,0.6338918765429576,0.2503906796514239,3.6845047,13.177720896795496,0.2614926232540697,-0.014069653429863563,1
747.18317,152619.61,0.6285083750957573,0.22509974231679175,3.7984931,13.168444297682527,0.2544944873417727,-0.01379829838801405,1
2094.8403,1200524.0,0.6321708207656725,0.24575769423095162,4.3108354,13.224920942595425,0.3844829931787264,-0.013507152891131148,0
748.27856,152888.67,0.62464218326097,0.22562558970919655,3.7330804,13.182255662793422,0.2585196118941043,-0.01327241740523734,1
2098.0476,1204591.9,0.6376333788048114,0.2694912848984887,4.0611696,13.221659394174722,0.3836848121270783,-0.01320274546944142,0
2083.8423,1184969.9,0.6275928939680337,0.23511021092024675,3.7730389,13.222837462025332,0.38476504392355804,-0.01405117320973065,0
747.6674,152371.52,0.6265433597667843,0.23316610961910467,4.5936346,13.159234462506284,0.2523402334883318,-0.013192404821806109,1
2095.3745,1202609.0,0.6397602266294812,0.28593217667031956,3.9382048,13.223050179891592,0.3842432943483358,-0.012573905142367007,0
2085.6243,1187592.9,0.6282117557196096,0.24473470117313,3.814256,13.225782844400207,0.3847087453215349,-0.013255970794104812,0
751.3865,154504.45,0.6364240473894365,0.2623263657169046,3.9121776,13.15180177614698,0.2517023786529866,-0.012344623230859466,1
2096.732,1202602.4,0.6353616971883637,0.26364072821672346,4.280356,13.22159834383652,0.3841971634570783,-0.012734218085731167,0
745.3778,151789.42,0.6335402824626557,0.2581826231903728,4.7897105,13.148483732047625,0.2567496001098141,-0.013663348346662762,1
2084.101,1187959.8,0.6300688278265757,0.25102216504755237,4.1251073,13.204543078079393,0.38252991892184174,-0.013684645427318419,0
2083.6577,1188330.6,0.6337665804013334,0.26118958342886867,3.9204655,13.211469861102275,0.3829696457462439,-0.013702997987511121,0
749.34174,153285.17,0.6346290304160039,0.27117642678073794,4.7045336,13.17353092504059,0.26072865277155577,-0.012791029568039122,1
2084.807,1184528.8,0.629009795860275,0.23930967151506755,4.0366974,13.208671609555788,0.3832031563689142,-0.013515541139329316,0
746.9024,152143.84,0.6294554222121025,0.23689818710551158,3.6971145,13.16730467327549,0.2602466074134892,-0.01428738385344916,1
2086.824,1189868.5,0.6328851796103766,0.2580994167040296,3.97239,13.190874034443247,0.38128461473019665,-0.013347778243070148,0
752.3146,154963.36,0.6348894814960789,0.2554599900489518,3.8591423,13.180455689387175,0.2532687477935035,-0.01271477723171662,1
750.61804,154412.6,0.6368089070039774,0.26529406111477405,4.1372724,13.160008726127733,0.25434063253344125,-0.01237931092705518,1
745.0312,151628.08,0.6333643506477508,0.2514396114456061,3.980815,13.186673828859025,0.26143026021404614,-0.013577842295038887,1
750.57263,154389.9,0.6345035311509961,0.2581099959899684,3.916771,13.17217199361568,0.2566202122243015,-0.011951558320604324,1
744.97925,151249.44,0.6296672366009011,0.2468769600931262,3.7683597,13.183459771791554,0.2622744471624248,-0.013351315801136812,1
2087.6519,1187843.9,0.6274657896908772,0.22975895135336,4.185623,13.203999221263226,0.38241009728224934,-0.013314404603175858,0
2085.011,1186515.5,0.6271299198898355,0.23121424451328743,3.7416797,13.223094372268479,0.384056770473548,-0.013569748992929604,0
750.4075,154338.2,0.6369838525505822,0.26643343256101604,4.0125375,13.179268291719238,0.2619281315561537,-0.013676919767921805,1
745.40796,152099.75,0.631690426080798,0.24317179072265027,4.2328258,13.160819166340278,0.2613315161999536,-0.013368288002020723,1
2097.6592,1205594.0,0.6393658572071885,0.2779916028301437,4.008886,13.199848128155631,0.3816753299071087,-0.01239067009865568,0
2083.5454,1186120.5,0.650290054891238,0.5799058382170559,10.485373,13.224498313982833,0.38516134087301734,-0.01396835590155279,0
750.3127,154042.56,0.6381287711088564,0.2701797237438348,4.414384,13.1611827457004,0.26273068732681365,-0.01294572186768805,1
746.8262,151928.72,0.6270873778813455,0.24515885739067667,4.0779552,13.184484928826938,0.2545569681720169,-0.013523036086442619,1
2091.7583,1193746.9,0.6316210388356903,0.2510951856902084,3.7525823,13.224856395527247,0.38429603753075353,-0.013105775362076818,0
2096.8308,1204837.0,0.638544929706875,0.26889170897116177,4.137767,13.215484077744158,0.3830157213523313,-0.012341102524385536,0
752.1187,154858.9,0.6325832200827091,0.24895882016324,3.7329676,13.16385646376225,0.252203038624649,-0.012327782505781228,1
2100.6177,1205543.1,0.6322507627785617,0.2550685472866734,3.867697,13.218743019087833,0.3831197560502755,-0.012527315054912825,0
745.65674,151466.75,0.6253478922051144,0.22942747208184144,3.6228364,13.181385796943355,0.25974499115664457,-0.013656664260523478,1
748.3373,152310.0,0.622796861085104,0.2194983446248111,4.143397,13.178495356389117,0.25707660241160507,-0.013758725815061464,1
752.32587,154754.66,0.6343391147879396,0.26310204616037547,3.8411689,13.15880973558204,0.25236056547183355,-0.012437376930543673,1
748.77734,153414.12,0.6348575041827731,0.25829673774671225,3.7358713,13.188666315964204,0.2647960459895802,-0.01292026004456581,1
744.53485,151030.83,0.6314489911926799,0.25616498259612897,3.7472632,13.18703191033352,0.25711326375995086,-0.01349943474617009,1
2083.8662,1184997.2,0.6266418771412908,0.22965557883658994,3.8851762,13.208572447932706,0.3823122349933865,-0.013931078757823324,0
2082.774,1186966.2,0.6323806992341559,0.2448153545338445,3.697909,13.222761449593786,0.38412897676984975,-0.013509006237507141,0
748.36993,153073.16,0.6324877302719694,0.2488256258494439,3.6969604,13.185624919318743,0.2635788348742229,-0.013138166323042254,1
745.5177,152060.64,0.6319967452542204,0.2460466165813342,3.5861723,13.164895431616381,0.25736959630903367,-0.013974245524277106,1
745.37103,151429.88,0.6276167344699374,0.2349491075757868,3.958326,13.165691433913748,0.2628555761638329,-0.014209674917912698,1
747.9935,153122.95,0.6275588052626584,0.230940755777159,3.9164643,13.16680728829056,0.25333777098203064,-0.013120608984286424,1
2082.6184,1186919.0,0.6306185303495897,0.24865870633550236,3.70964,13.20789283329956,0.3828148332958223,-0.014433149984497223,0
744.9766,151327.34,0.6297752669505353,0.24770512431015979,4.164599,13.147086963253471,0.26007025592976696,-0.014068341446745325,1
751.2412,154375.5,0.6319434074598002,0.25034351727125115,3.998401,13.175403600694144,0.25262973643544107,-0.012308022653097418,1
747.5926,152602.61,0.6289360820352585,0.23597305102570898,3.8490314,13.174971085129505,0.26158635108014094,-0.01306252004547655,1
2083.021,1183299.4,0.6273335232429359,0.22903480434614787,3.6552036,13.188078038228511,0.3806681303247509,-0.01398080330727168,0
2096.5364,1201047.5,0.636986880131371,0.2727204613244787,3.7482426,13.223910291291842,0.3841242367655981,-0.012613142478409967,0
2096.0579,1201867.1,0.6420550133616312,0.28145615415024006,5.0591063,13.206769761490415,0.3823389928907858,-0.012842638419098176,0
2095.9688,1200864.6,0.6349798079978346,0.2592030834737544,3.7742176,13.221266540202725,0.38452240415058986,-0.012415631701425482,0
744.5636,151255.9,0.6292551705563582,0.24525649392047333,3.9018989,13.186396832610436,0.26445740260149386,-0.013769005582713253,1
748.7521,153617.98,0.6358242780284089,0.26130326474059995,4.147619,13.166428909797846,0.25531471748979573,-0.013438223674777643,1
750.00574,154159.64,0.6366450856009426,0.25649237630994115,4.1438017,13.182239705734174,0.26639158326862294,-0.012725624312879377,1
2082.5356,1183620.8,0.6293050234004434,0.24836784594039774,3.7320561,13.183836928192882,0.3792939926115311,-0.01382248912157981,0
746.2212,151788.66,0.631111200203535,0.24218228343740522,3.7657714,13.18544480786522,0.25940550269494056,-0.013758151647672584,1
750.0567,153945.14,0.6331476810522577,0.2532267075515424,3.9086754,13.181370753343163,0.2553758925456633,-0.012455808089965454,1
2083.2703,1187866.2,0.6321993429110464,0.24554620735232202,3.9685621,13.201497325597261,0.3823771166664332,-0.013459250022898111,0
746.6017,152357.53,0.634306539447481,0.26648309779252033,4.815881,13.151645415829607,0.25476179509028946,-0.013491126840603749,1
2097.712,1207217.1,0.6394953009392789,0.266445564672408,3.7215595,13.222245262322327,0.3844761523888384,-0.012525793131249489,0
751.01434,154276.92,0.6316808331225918,0.244334544554333,3.7113698,13.181687276632866,0.25391760604262514,-0.012575133643787558,1
2086.1335,1184640.9,0.6230036429527938,0.21481133441352895,3.8821414,13.215967615092113,0.38330150577534644,-0.013794739928171987,0
2097.9087,1208609.8,0.6417296113115,0.2816017945261713,4.5918345,13.218475878309604,0.38354899182721985,-0.012537772844879261,0
752.78595,154760.16,0.6349408242600512,0.2646569116728723,3.9919245,13.182727600588638,0.26186170578402596,-0.01278275150058344,1
750.6585,154115.97,0.6307756440618282,0.2571020979043155,4.056137,13.16462991118809,0.2594658884428426,-0.013054784380305827,1
2084.498,1187500.0,0.6282034562770739,0.24399526788893056,3.765508,13.202521258183127,0.38225875895690875,-0.01388193918936628,0
748.01654,152705.27,0.631724747099106,0.23980067168354058,4.1760445,13.172971855205622,0.2529477218058793,-0.012802896096761354,1
2086.4011,1189434.1,0.6283023337595535,0.2424468125314334,3.9518864,13.220597640817935,0.38399689345839766,-0.013940876016677518,0
752.8539,155115.81,0.6348765303225382,0.25854604644309864,3.8542435,13.175550582049388,0.25449138759261597,-0.012204934399601259,1
752.49225,155098.97,0.6366049172572344,0.26456154638127405,3.8299549,13.179180740023163,0.25494832058670414,-0.012829376026363703,1
2084.688,1186551.8,0.6279008231849522,0.2388682600912757,3.8928854,13.226080373952255,0.38443486869187393,-0.01362787295968474,0
2094.6716,1201094.4,0.6383830036475593,0.27873629209480555,3.7875726,13.224465333451743,0.38418999532354287,-0.01314394642439857,0
752.18384,155310.98,0.6386910177708367,0.2711050985680079,3.7044127,13.163555085072558,0.2531667647688576,-0.01256487060459754,1
2094.3262,1202296.9,0.6378663621827898,0.2710098360842883,4.452426,13.214925928042753,0.38363151315412003,-0.012605458240864552,0
749.12823,153601.12,0.6352536737217859,0.26534487595783496,3.946724,13.18717565349999,0.2605316907508189,-0.0126361001582468,1
750.1989,153508.7,0.6288372132845573,0.242735637758134,3.5378785,13.179950260836538,0.25833562094225,-0.0135777642545446,1
2094.776,1199421.2,0.6345779726507694,0.25982734167036003,4.88587,13.216567644602335,0.38356483056119517,-0.012821476249806847,0
748.13245,152652.34,0.6310164412879268,0.2547544305546623,4.055718,13.180573242744249,0.2570991201551507,-0.012715042025681226,1
749.0004,153394.5,0.6335613825511586,0.256625549493501,4.614391,13.13398693454521,0.2627698553711203,-0.01249494150692831,1
750.9374,154199.48,0.6319390627121925,0.25303848074274926,3.967227,13.184159833356631,0.2593649142128289,-0.012750112684528726,1
2083.7002,1183840.1,0.6294683758959794,0.24897618475795547,4.313351,13.20527253580629,0.38248590367286317,-0.01332585774170314,0
746.1461,152594.69,0.6358124599777211,0.2651604770013902,3.8394234,13.181680387447516,0.26170680269040747,-0.01338562243584642,1
748.50586,153444.94,0.6367170149316144,0.26501039657999925,4.804609,13.186598345829694,0.26411241049134787,-0.013113721564128504,1
2087.4988,1187070.1,0.6239970896713851,0.2343227057534003,3.7251518,13.204529602027257,0.3823826834439031,-0.013257680967640552,0
749.1156,153634.28,0.6418692314138612,0.28286571225373436,3.913126,13.173986200369395,0.26151550944078655,-0.012760063187899429,1
747.2235,152580.38,0.6301840945546705,0.2449584075614082,4.5435743,13.143517527657995,0.2527245010851487,-0.0140127554087141,1
747.37103,152000.84,0.6287307686886751,0.24845111573650414,3.7713656,13.165489495909819,0.25913003838193965,-0.013610838736625858,1
2083.877,1184543.1,0.6302838881146768,0.2519868078776182,4.735059,13.224952581022546,0.38518673415547866,-0.013553066732914896,0
746.75085,152210.48,0.6296478422639797,0.24004862588777653,4.067572,13.184205578185079,0.2541166851301379,-0.013676025074845563,1
749.43896,154183.08,0.641028568124808,0.2742249236046512,3.7736254,13.166948985410741,0.2641258919790228,-0.013206015482346914,1
2086.1812,1186650.4,0.6319924044189835,0.25409012743420867,3.7994475,13.215166473925894,0.38370429258325683,-0.013807609479285126,0
2094.4714,1198749.9,0.6355631332007894,0.2636381234105296,3.9983447,13.195488314599553,0.38140579310998296,-0.012428906311818476,0
2094.1743,1201121.5,0.6347968325997347,0.2546551597649862,3.5725405,13.228233553125515,0.3847646765238611,-0.012916099761660332,0
2083.2334,1186457.4,0.6354045994314322,0.2642127879539595,4.3796344,13.204758970424265,0.38273995314333464,-0.013912848615234978,0
751.8883,154872.0,0.6345807702497811,0.25106871897019145,3.7028089,13.159648690970876,0.25189179346473684,-0.012504480677684325,1
2094.191,1198217.5,0.6319054833010807,0.2524267657583499,3.689782,13.214806192315727,0.38368917905399874,-0.01292235938760137,0
744.4217,151036.88,0.6304027938465924,0.24936994945479674,4.3767276,13.185614644038655,0.26152726755160716,-0.013503537790520504,1
746.5306,151927.39,0.6308205459598051,0.24589027817067333,4.181801,13.185905789955958,0.2561498605295818,-0.013546656437297343,1
744.5874,151405.55,0.6289776543174905,0.2515875658888893,4.00219,13.134810982819811,0.2532683186449277,-0.013687442092612169,1
2097.9944,1205229.6,0.635030502446202,0.26048774342025416,4.6270356,13.219743899500685,0.38393540372364793,-0.012584139428756308,0
746.3445,151993.17,0.6310910967310571,0.2386760763014042,3.742239,13.16624158045292,0.2610849789105242,-0.013691519175346372,1
2097.902,1206691.2,0.6363190745721381,0.27281750262426474,3.921616,13.215334392104085,0.38347492590365,-0.012522673388940529,0
746.59955,152054.11,0.6318356174135901,0.2517497397438144,3.7940803,13.183356089028395,0.2578442448181741,-0.013725480114556798,1
744.4185,151251.86,0.6331745810865334,0.25886557808433697,3.934391,13.166731099036719,0.26406286814786256,-0.01421667068945612,1
2083.914,1185114.2,0.6296716202747158,0.24835709105061898,5.0065784,13.201828364989487,0.38179608452190394,-0.013847514687951102,0
750.2024,154033.95,0.6365203127848172,0.269816775729947,3.9761086,13.181410456711324,0.26436955511279625,-0.012312902595345893,1
2084.904,1189180.5,0.6329851880427049,0.24816997104330296,4.450201,13.197466780941443,0.38131580019690436,-0.01350107703190633,0
749.04395,153585.17,0.636050510885044,0.2568152360991074,4.0000525,13.166482179899907,0.25256415383959785,-0.013276179867446959,1
745.35095,151674.95,0.6298574506157454,0.25011248560923693,3.7751672,13.179908177363393,0.2628138697629042,-0.01403414705541384,1
2085.5957,1185886.5,0.6278348494189296,0.23525202331792228,3.7005339,13.21487475430224,0.38336314329069593,-0.013908890319472733,0
2086.775,1188688.1,0.6314521839358497,0.25090780515117794,3.9815562,13.212053899803687,0.38317176562422506,-0.01338368761754324,0
2086.0347,1189250.6,0.629031842236353,0.23890234282843847,3.914336,13.214143938648991,0.38360302340501146,-0.01421162435312342,0
2086.7117,1190501.8,0.6323364804201578,0.2535200470682559,3.777948,13.22329490603787,0.38387855867526904,-0.013895163500090393,0
744.6587,151235.22,0.6277517475172948,0.236326711740801,4.009264,13.174701380034412,0.26478804824722324,-0.013709890133833067,1
2083.5195,1184727.4,0.628616119184974,0.2440608474232886,3.9754236,13.207844145179726,0.3827079244662093,-0.013802286305932521,0
2099.852,1208132.9,0.640221057814369,0.2853283799768249,4.7225847,13.202645907634778,0.3816932225628333,-0.01326427388099004,0
750.1618,153952.53,0.6324754631475821,0.2529717423205313,3.7323062,13.177153153912412,0.258315948585452,-0.012863998328540209,1
745.422,151494.66,0.626198425742262,0.2245806126969092,3.6460238,13.176987027112627,0.25775144341656964,-0.013343431316025842,1
746.0812,152198.48,0.6365831920222987,0.2724259387348389,6.3346143,13.183360945526784,0.254443187182541,-0.013673204436847346,1
2084.6272,1186039.2,0.6333685466812816,0.2553304167876398,4.205358,13.22021082507526,0.38365818394260615,-0.013430242658415043,0
749.9744,154243.83,0.6391977399352092,0.26804562460076475,3.6432018,13.184377353405237,0.2654671907638249,-0.013916763470382766,1
747.9094,153069.97,0.6367664838845236,0.27043596959476934,3.8066514,13.181326021986674,0.2624520700551204,-0.012405246766669542,1
2086.355,1186935.9,0.6301036737086434,0.2528921783245881,5.8625236,13.20638690444138,0.3825208196358238,-0.013624308333113051,0
751.28235,154582.2,0.6321690407379856,0.25505434069779787,4.2233233,13.161313509260872,0.25276335949440215,-0.012574647972139292,1
2083.9373,1185371.2,0.6291929647201548,0.24681585843315013,3.9728367,13.20746269527721,0.38253973531263635,-0.013639237843477918,0
743.7268,151143.17,0.6269097047554115,0.24354203179615252,3.758001,13.16855482430555,0.25852420803116494,-0.013739354347913148,1
2083.626,1185033.2,0.6282511536091465,0.2359887633291602,3.7054408,13.209672091355623,0.38303443118311187,-0.013298020134680602,0
749.9324,154123.2,0.63677474858222,0.2627708423291071,3.962168,13.171967559676796,0.2571095943581314,-0.012712146779165417,1
748.22864,152831.05,0.6305934873338412,0.25738331646858104,4.162052,13.162531325274049,0.26060288793125447,-0.013183085801342528,1
2094.9084,1199743.4,0.634718073992942,0.26045232196074597,3.8118784,13.216935802411268,0.38385826063766826,-0.012502436348659609,0
747.30597,152883.69,0.6324075434796341,0.24681411258481933,3.7459757,13.184759841847356,0.25904151665094793,-0.013028477061386544,1
2096.4397,1206819.4,0.6381815920625205,0.2700217286603377,5.8781586,13.224435137918693,0.38407014063522,-0.012660681040177318,0
2084.5293,1184058.2,0.6262112913657468,0.2347546426023026,3.6192966,13.22553018708647,0.38437938297296026,-0.013461106313295614,0
2085.8206,1192854.1,0.6279836012681205,0.23537135623318894,3.7417302,13.220256748040999,0.3838671621778167,-0.013627722240548408,0
746.5897,152181.77,0.6270566603733988,0.23248122420359696,4.154619,13.180013282574237,0.2601217091908361,-0.014075463394033183,1
745.2406,151653.38,0.6285250537760657,0.23950318881161392,3.8240042,13.178603898239853,0.2603092724097279,-0.013671703063468314,1
746.2468,151978.86,0.6351558656721953,0.2638114862269223,3.7721806,13.176994890984146,0.25402994974420984,-0.013513325654616428,1
747.84863,152963.58,0.6291345234864841,0.23464252378361428,4.133631,13.140703496300793,0.25730607533327093,-0.01309511655397024,1
745.79504,151762.72,0.626900941232843,0.2365095655956071,4.2463355,13.185163213414416,0.2640721633667579,-0.013936942477023265,1
751.5465,155005.08,0.6385250625247529,0.26682305422070307,4.8168993,13.169384462809877,0.2532554670201021,-0.012114121460550643,1
745.95264,152085.8,0.627594235420321,0.23912266781852676,3.755863,13.186880756561987,0.26327488992411185,-0.01347223275690781,1
745.171,151404.27,0.6280343285940493,0.23230264384381627,3.7568913,13.158138117273415,0.25909778530585154,-0.014226900527937118,1
2086.082,1189576.9,0.6275109857150707,0.2366962252848106,4.090922,13.217718594816457,0.38378529829169794,-0.013597955025326095,0
2083.638,1186231.9,0.633301810678857,0.26005214072569194,5.507358,13.186616549158483,0.38026405783842293,-0.013999894827301983,0
2082.2593,1184797.5,0.6296442531927737,0.24018805256363152,4.4065514,13.189909844233368,0.3806522968614701,-0.014133277458181093,0
2093.6755,1201044.4,0.6352386965248121,0.25887382730818853,3.686542,13.227726258650138,0.3849178393338776,-0.013096147654796761,0
2085.7112,1190295.8,0.6319084564327395,0.25597403204061653,3.6750183,13.224550416408754,0.3847579999901097,-0.01319232390888482,0
753.4824,155668.6,0.6366020847903994,0.2670361364975675,4.227839,13.176330780068177,0.25351775307333707,-0.012678606975557343,1
749.9615,154281.77,0.6423559877973285,0.2846323026237698,4.4046264,13.184372631561859,0.26039314471058883,-0.012298425253796418,1
745.3031,151483.2,0.6307362440539402,0.24546829836347062,3.6657667,13.153625864476343,0.2620610625475352,-0.0138092161742073,1
748.42584,153205.23,0.6329741287549538,0.25030581799956764,3.905782,13.18158550926706,0.25597149486864573,-0.01270498210581409,1
752.087,154759.34,0.6343673893183872,0.2574977597978698,4.0214925,13.178702540754772,0.2602687823257703,-0.0127674678792419,1
2090.8823,1194847.6,0.6313008174545243,0.25781050249099646,4.1000557,13.18093714787232,0.38009615000332936,-0.013180724686451352,0
749.3884,153899.5,0.6369626138571058,0.2586228856424513,3.568906,13.182167559257115,0.2552002716790043,-0.01283587318221518,1
746.18555,151707.53,0.6286640110687958,0.24012901596330183,4.0171385,13.161272221724792,0.2600197933304205,-0.01385442482415229,1
744.82416,151245.55,0.6279266865372285,0.2329195203955483,3.5790877,13.18312069932292,0.2576697042053997,-0.013790800533784502,1
747.12146,152667.28,0.633210862064829,0.24703562079135555,3.5245867,13.177719328717506,0.25445512659760455,-0.013567462478918428,1
747.24536,152451.5,0.6289076452326038,0.23734483592328948,3.7763977,13.181517901895926,0.26566793674416844,-0.013456471774765104,1
745.22205,151793.72,0.6336135511346451,0.25366774877818976,3.7691686,13.167282012970722,0.25561522995807573,-0.013725368000258354,1
2085.1912,1187240.2,0.6246646884466085,0.22753641279047576,3.7938485,13.219387199177625,0.38392057581200106,-0.013803451027316095,0
2094.9084,1200217.6,0.6300622700604338,0.24582484268355742,4.530659,13.190660972200925,0.3808687282527732,-0.012731418216367241,0
749.3476,153851.25,0.6375708303574519,0.26756985616763673,4.2139673,13.18120150516633,0.2559495418124061,-0.012751021527816535,1
2083.9023,1186394.0,0.6289795928292149,0.22900794734123497,3.7149653,13.215524588109737,0.38360509295499445,-0.013237548454054749,0
2088.533,1192037.2,0.6302507250400547,0.25358628238116054,4.100393,13.223667976921417,0.3844617580124837,-0.01334732860425568,0
751.75946,154707.0,0.6352895895142789,0.26555114966173266,3.6902552,13.153900764037799,0.25227281938840923,-0.012425228759326605,1
751.7939,154828.36,0.6361515353557922,0.25611024518592806,3.8790944,13.175234266179029,0.2576215937500811,-0.012446049476013347,1
745.08984,151552.81,0.6330744572710731,0.2606098549542457,3.9769444,13.163064341814685,0.2560339398393346,-0.01362002867969482,1
750.94855,154469.27,0.6331777336557944,0.252102343710098,4.400818,13.165566959802199,0.25973057414612066,-0.012703953240500759,1
2084.334,1186850.6,0.6314711784556961,0.24394169002129784,3.7801912,13.218074142781289,0.383676352737298,-0.01421656755735871,0
745.2902,152112.3,0.6321946780459362,0.24265201536908299,3.9963143,13.188117486827117,0.26413907394282826,-0.013251327552584057,1
2084.6145,1184680.1,0.6269718333001363,0.24646875305397264,5.461339,13.188222273296693,0.38066572289266065,-0.014128396399404048,0
2084.5261,1185104.1,0.6284607402345544,0.23780045059037702,3.7683952,13.219440620210786,0.3840401284933059,-0.013215462693017871,0
2092.2837,1197666.5,0.6332082688440102,0.2529912779699006,3.9392447,13.225403998965401,0.38440297558786796,-0.01241894957979938,0
752.4454,155066.39,0.6349718916262758,0.25330791230821204,3.5357478,13.185822962965636,0.2597106148788716,-0.01274807074857945,1
747.43097,152785.12,0.6305180663007309,0.24324639811895343,4.058423,13.165766591915956,0.2563744717293448,-0.013767562523811302,1
746.6103,152469.55,0.6286440116673454,0.2395438752686312,3.6837738,13.175828108565877,0.25360335941277334,-0.013767088545196537,1
752.9017,155089.12,0.6346266975522102,0.2582807265343381,3.7274656,13.17274494160776,0.25273028246422485,-0.013144417815215779,1
2084.8938,1187542.6,0.6322978022413517,0.2527290577572101,4.6417885,13.204717146113978,0.38252042840312594,-0.013225674516493363,0
2086.1365,1189608.5,0.6325240478659065,0.24910999702812742,4.1118464,13.205838672353044,0.38233894185520323,-0.013297537675388453,0
2094.1145,1199874.5,0.6311917624791705,0.24477510703626404,5.0490375,13.222189033659149,0.38410166265392437,-0.012832061329366066,0
2084.7515,1190459.4,0.6322905689472264,0.24525581527017248,4.065542,13.218690049817411,0.38403718716152985,-0.013772221819204962,0
2085.9543,1187119.6,0.6294367927935969,0.24128529752991534,3.6648836,13.216124874651028,0.38358642540067256,-0.013549579027478074,0
747.1286,152363.06,0.6337033370195311,0.25743233308282143,4.119645,13.166154769903038,0.2588927599037686,-0.014249674913434453,1
744.3849,151142.19,0.6311137502320894,0.24676297250125367,3.5537777,13.171188665215745,0.26360234076569594,-0.013613433791820465,1
750.9949,154192.53,0.63398671880211,0.25962213531543377,4.45969,13.17334410693041,0.2534985591670776,-0.013076094425791536,1
749.7683,153716.16,0.6338757582146802,0.26421464023462526,3.8794353,13.18660964694839,0.2618804119004596,-0.012273122645245554,1
749.04376,153227.83,0.6318684787602705,0.25290660150099287,3.907682,13.150879915716766,0.2538398182324503,-0.01181208455954345,1
2086.4802,1186883.2,0.6279984553032211,0.2424808188981391,4.0102377,13.216614188288354,0.3832270805625918,-0.013856190239978382,0
750.05804,153829.75,0.6326909235300496,0.2509302973344356,3.9767637,13.17921711078736,0.2620306182529327,-0.01299120639085244,1
745.6099,152011.2,0.6287541024162998,0.23342667967703745,3.8556936,13.158817787213021,0.25488240998049133,-0.013214382266265158,1
745.3756,151790.66,0.6316926584936123,0.24799825354755178,3.6374342,13.157019491066281,0.2615473840789241,-0.013799236562402168,1
750.9218,154354.4,0.6360341210901855,0.26917126980744843,4.054974,13.181676330389271,0.2542479164686774,-0.012846238116249685,1
748.8239,153465.48,0.63393350817703,0.2646008794102843,4.0803466,13.179935388461226,0.2582804446143665,-0.012757946002440484,1
745.09125,151974.3,0.6341344642351715,0.2503273972632232,5.030768,13.157865511966547,0.26298324854447774,-0.014004912507769198,1
748.7476,153240.72,0.6298182096144576,0.2394375170267944,3.6819768,13.174287202142686,0.2584483879618661,-0.012663646948973623,1
2097.1172,1202827.2,0.6353667213448774,0.26463865583443225,3.9125297,13.20442573996027,0.3821487939301535,-0.012350441221843464,0
2094.95,1203144.0,0.6369777265403511,0.26716514042467354,3.9381764,13.206991893871939,0.3825627877842279,-0.012788290466820425,0
750.78687,154246.58,0.6360722507526093,0.2686962352912552,4.0641866,13.172990269245956,0.25649246176225,-0.012571717812890053,1
747.4553,152927.72,0.6302646585543198,0.2382179125914683,3.9591048,13.171264569044052,0.2529241077351403,-0.013098338459017467,1
747.57666,153061.77,0.6378770152768126,0.26720906921745335,3.6919394,13.181863923666981,0.2536670977660924,-0.013342505537539372,1
2101.006,1210581.2,0.6380330555537328,0.2616529541771624,3.8736806,13.21523510078434,0.38331466046709145,-0.01246299796691415,0
2096.7993,1203570.5,0.6347492344792636,0.26266866695050783,4.203106,13.223872584973568,0.38480378812329497,-0.013054334835859977,0
746.60583,151781.73,0.6262793886193344,0.23581742654021287,4.0027113,13.159597691100192,0.2572663088315678,-0.013481772366291698,1
752.67474,155013.75,0.634682630254149,0.2536468922780042,4.350279,13.17851062474298,0.25331443556982663,-0.013031991140196049,1
746.86304,153496.0,0.6869555053169527,0.767548425179486,7.532013,13.15017047106157,0.2536737224439432,-0.013483665704469964,1
752.4512,155298.2,0.6398128778829343,0.27337349225684804,4.099849,13.17411759247829,0.25322654026625985,-0.0119292822264441,1
744.3681,151245.64,0.6322232876741264,0.25312008179594647,4.0942035,13.163371500646168,0.2581055285236709,-0.013960213798177232,1
746.8522,152377.9,0.6323372062226701,0.2470237154326438,3.671148,13.179546458314954,0.2627098984841114,-0.013487313399654213,1
747.7679,152630.28,0.6277566232946415,0.23706933154366006,3.7237184,13.178990561558752,0.2542082794750035,-0.01323889352951903,1
2084.6548,1186405.1,0.6318996451021366,0.2462737071948955,3.771009,13.222126884822984,0.38430313828484625,-0.01354992381397138,0
747.5577,152502.39,0.6317998101881765,0.25237696968496515,4.1010723,13.162207417496026,0.2519291664471211,-0.013421924033399443,1
747.3122,152661.55,0.6311564045486376,0.2512406618269929,3.6207325,13.144120989665653,0.2552386368022485,-0.01343036691513384,1
748.57074,153527.81,0.6346970478321579,0.2542511421759621,4.028988,13.17726711021648,0.26400276292241176,-0.012815707638738466,1
751.8752,154937.69,0.6387246042093276,0.27001119052906386,3.993387,13.175905810364275,0.2520781347227917,-0.012497122274920055,1
2092.7869,1198581.4,0.6347416517168236,0.260407045158062,3.715928,13.213939122362138,0.3828001553117878,-0.013306089230857222,0
746.0196,151962.02,0.6297771138847096,0.23737591439145733,3.699166,13.169067875510494,0.2565735895349865,-0.013719847079541977,1
749.8208,153669.81,0.6362511818782665,0.2619026042588777,3.735109,13.181934030447982,0.25591503863220794,-0.012268518804434074,1
752.1698,154504.6,0.6277619348866403,0.2367063460242842,4.5324006,13.160539452612328,0.25264760201359965,-0.013093083423214996,1
752.8591,155440.61,0.6359141224711699,0.2622025612987673,3.7338052,13.180665972456657,0.25458410139211934,-0.01246659300564348,1
746.0966,151844.38,0.6287543079943093,0.2503368197098319,4.466813,13.180930895538728,0.25824679774412124,-0.014074357605296052,1
2087.4834,1186882.5,0.6260739112572925,0.23262360297247264,4.196451,13.19224300944724,0.3808140401345769,-0.01272265492444712,0
745.5702,151834.94,0.6283648877970501,0.2403929764812287,3.6729822,13.174363872012183,0.262217324184054,-0.013322442830998186,1
746.9694,152373.16,0.6330262357737091,0.2485482374571948,3.830888,13.176821194440294,0.2589662249125447,-0.013639755120165317,1
747.90704,152713.73,0.6263597911761016,0.2331041995570149,3.8648996,13.175307560877476,0.2547663873491353,-0.013229653188341217,1
747.1962,151927.33,0.6271961599272231,0.23920396142781808,3.768356,13.141374724731135,0.2553231033501645,-0.013854504181121602,1
748.8408,153529.19,0.6332203639277307,0.2608312637258394,4.531104,13.176712417885147,0.25654029606134204,-0.012202735587817985,1
750.20013,154266.16,0.6350334028502442,0.25004032761662565,3.8351662,13.176967171150626,0.2604696616728017,-0.012700406612841206,1
2083.5613,1185490.9,0.6370749394222517,0.27601589623787204,5.973966,13.218352485544456,0.3834149193019846,-0.013485286079022225,0
2087.7388,1188745.0,0.6275142790798383,0.22946775201755187,3.8372436,13.21639178665066,0.38359038085886005,-0.01394271984414726,0
2099.2266,1208787.2,0.637880118823497,0.26560485760740704,3.7127059,13.206256896086408,0.38240636745384216,-0.011662717654645473,0
2095.6746,1205285.5,0.6426804947177469,0.2882232529865303,3.90419,13.210389367498413,0.382828548648367,-0.012465340624600797,0
747.0996,152482.72,0.6352815301142218,0.288496694206271,6.8912926,13.163437239084141,0.25290730626342195,-0.01354983862589743,1
751.2711,160472.8,1.1343501884586489,7.750039100470316,10.2473755,13.16170400783715,0.26073603078824775,-0.01429086359751841,1
751.0176,154583.9,0.6373515907323573,0.27344361350414825,3.9352226,13.181987436954188,0.253521407835615,-0.012275206943209627,1
753.95654,155304.36,0.6341311606577517,0.2644445977507721,4.1152606,13.176052390421914,0.25278380741242945,-0.012609678997319095,1
745.20825,151712.8,0.6315942233711094,0.2585412037319137,5.4274178,13.163651983873452,0.26478115981867756,-0.013065402077237344,1
747.8702,152371.2,0.6238972370517949,0.23002140743711497,3.5555415,13.18201715195483,0.258307327915439,-0.013226141902340996,1
2083.2837,1187291.5,0.6333806716846162,0.2500761161258782,4.1097994,13.224046300474777,0.38405598985349865,-0.01380281815280815,0
751.2708,154553.66,0.6314831715652478,0.24775070313613812,3.7088192,13.14888619525904,0.2523389692282542,-0.012458525321132476,1
2081.8708,1185963.2,0.6348495796320901,0.27978460590697507,5.5445566,13.224564822153962,0.38393153933911606,-0.013339744907613455,0
747.8288,152867.03,0.6342452709310613,0.25182446349474796,3.9968002,13.185530619330295,0.26086483925599285,-0.01341903170830731,1
750.85956,154309.5,0.6340627494545771,0.25619196278938183,3.9258215,13.181724096906427,0.25393618751530206,-0.012473368046722003,1
749.68463,154037.16,0.6364229806655893,0.2747252977445207,3.8781285,13.154231992810463,0.2555224001440874,-0.012717042677256502,1
747.93774,153033.3,0.6315899612065032,0.2479787003094569,3.760367,13.17073236947982,0.2533227521777953,-0.013908180011509171,1
746.06775,152172.22,0.6304909367483746,0.24765100711130783,3.5665805,13.167279067767897,0.2640915598506211,-0.01338899231270694,1
746.96576,152238.75,0.6268754648546029,0.22427529804958635,3.910537,13.17534374631638,0.25610406313404294,-0.013177458462020132,1
2084.6853,1188853.6,0.6314162633568109,0.24756376838957328,3.668451,13.214191263202933,0.3830117026721787,-0.014007894495928737,0
2095.1802,1196970.5,0.6326433854702463,0.25700959615573105,3.9549491,13.211337853566777,0.38313144380977365,-0.01289703657963277,0
747.58624,152557.38,0.6279908589772015,0.23985040449748452,3.761563,13.172913965781053,0.25997318115388834,-0.013091543524070194,1
2098.6177,1207493.6,0.6417079040850513,0.28612568585417186,4.053984,13.211628317553675,0.3829718516649156,-0.012630231640225316,0
748.05786,152897.8,0.6280325389385584,0.23400736737860584,4.3587947,13.160219955866324,0.2582200485237555,-0.013636104649550184,1
2095.4873,1198017.0,0.6309910931235052,0.24895370210705803,3.7273288,13.20618666009083,0.38215485593506837,-0.013010265426909902,0
746.16266,151857.5,0.6238312002910898,0.2201766963631151,4.332589,13.182712997734733,0.2623096054882213,-0.01402610446667004,1
2095.3542,1201799.8,0.6354278541380805,0.2574737417531048,3.8140187,13.222445359474632,0.38431653529171717,-0.013037264197218517,0
751.9792,154546.72,0.6319679197443919,0.2605199459511329,3.9627516,13.178986601733492,0.253144859039227,-0.012541921489599261,1
2097.5781,1203407.4,0.6325745408184663,0.25615698011088917,4.495505,13.204753697495594,0.38324312576998804,-0.01292581868869179,0
746.1475,152083.47,0.6308150223086504,0.248814137598369,5.05126,13.162822309830918,0.2548578720287328,-0.013272768940307217,1
745.19183,151735.08,0.6298530978934689,0.23775108890699181,4.847744,13.176025344104662,0.256593203447183,-0.013124588703071472,1
751.02216,153954.14,0.6335711134680854,0.25695516749442104,3.9062328,13.173562350452542,0.25936526105145163,-0.01300843454758857,1
747.6307,152388.2,0.6288515006268283,0.23409981788373502,3.7909725,13.159771604794587,0.2572149920253348,-0.01316859185173559,1
747.32996,152123.67,0.6301700473055083,0.2541798955717436,4.2046885,13.157674600309445,0.25510906811531836,-0.013064749109528172,1
2095.2341,1202783.6,0.6386856347220826,0.2687738742978314,4.1566105,13.221592181311813,0.3840198196404577,-0.01247944576427015,0
745.6607,151775.03,0.6298430082892754,0.2418590026225904,3.7760246,13.175563712653236,0.26298928443733544,-0.013624470440345392,1
747.08386,152558.6,0.634696421826522,0.25696957718581315,4.104032,13.170723895382103,0.26222502482150306,-0.013495232239003164,1
747.2287,152464.22,0.6284635683927972,0.23042214843577824,3.7145982,13.151828328010762,0.2586572064264572,-0.014191945358869423,1
745.5398,151624.16,0.629096371056577,0.2352643551386775,3.8083787,13.183065187762534,0.25885082915011665,-0.013695928885875662,1
747.7004,152856.39,0.6338648605720625,0.277581695531147,6.994155,13.156437553866361,0.252904910547335,-0.013668518919602548,1
2088.3962,1189173.8,0.6311644243142217,0.25486103808618044,4.4046164,13.205079724333915,0.3826629944098847,-0.013656463795805185,0
2086.0283,1186782.0,0.6294337945528837,0.24597074033827226,4.2652454,13.203787784842167,0.3824878715271465,-0.013734979531868802,0
2086.2805,1188468.2,0.6336292310121474,0.24683138120465742,3.6852174,13.197415912947832,0.3813572066779847,-0.013511212327656369,0
2082.045,1184567.8,0.631691263037547,0.24164383526381616,4.2552485,13.195945479125228,0.3805180958682484,-0.013727145572174948,0
748.7745,153229.88,0.6362896735951497,0.26429821220480854,4.013168,13.184641450830881,0.2618914173481566,-0.013144918995126303,1
750.5587,154556.52,0.6372956873833043,0.270132052328921,5.628281,13.185131494204613,0.264870854549463,-0.013093422945548779,1
746.9316,152612.3,0.6298250907162323,0.23986004232029945,4.114546,13.164253285831037,0.2591412314633804,-0.013339138516119052,1
748.5017,153350.7,0.636012390863814,0.2688285690701626,4.007083,13.185122028973856,0.2670195541364686,-0.013762775238673402,1
2086.6057,1188643.9,0.6271435171147034,0.2369263957500296,3.762894,13.21400213319013,0.3831174347314941,-0.013441588739703934,0
2081.9526,1183514.5,0.6275931010968444,0.23052345480966618,3.726512,13.228635899971035,0.38550396220312105,-0.013915228559330972,0
745.1639,151417.11,0.6293878243047268,0.24321918632443218,4.112823,13.16693451278719,0.2558723441302656,-0.01392420330183352,1
744.837,151326.44,0.6309087540024354,0.2525895317922586,3.5558157,13.166614109338818,0.25899892268319885,-0.014089314956358045,1
2082.0571,1182520.8,0.6319746804147988,0.2516489031116058,3.9517434,13.220267748848313,0.3846277276437779,-0.01374626032923474,0
745.01843,151389.52,0.6295070100517791,0.2445130965106257,3.7866333,13.184793284507965,0.2643618802099078,-0.01363809275008553,1
2091.4978,1199434.1,0.6388055971336492,0.26661925837492717,3.6985383,13.222545612766348,0.3843896420123975,-0.012768749157172738,0
746.9781,152405.23,0.6304609165381703,0.24091150341072032,3.5773275,13.180871744875935,0.25353775654797583,-0.013798222409839732,1
748.7926,153003.64,0.6294314149354184,0.2447363610273645,3.7004473,13.166933680778282,0.2626253317025453,-0.013344322192326577,1
747.1933,152439.6,0.6313062802178947,0.2492026859708263,4.4158936,13.17057989128854,0.2565798158718027,-0.013662861018429062,1
748.62787,153350.9,0.6296665224097239,0.2343484729442813,4.420641,13.132510830429778,0.2496930478492025,-0.012667710658767086,1
748.2392,153020.97,0.6293110040716752,0.2477236404911296,4.11599,13.18311383379922,0.2578059804032063,-0.01366455447705278,1
2084.5786,1185411.0,0.6310189330649099,0.24741111081155776,4.09425,13.22643020528204,0.38459680488423176,-0.014124183256463571,0
746.7107,152456.52,0.6505881217400313,0.5063884010440556,8.254205,13.169446319900484,0.2523710179311283,-0.013441671180549102,1
747.93896,152500.22,0.622545639927181,0.22212059330233735,3.805403,13.176638078370262,0.26030127303551753,-0.013719035767044932,1
2084.445,1188402.2,0.6295019105739116,0.23759165085715495,3.9234786,13.199065688256667,0.38203598427751084,-0.014320763981104358,0
2088.332,1191917.4,0.6299584454715379,0.24080979189741925,4.1293683,13.21026924174334,0.38297409599315746,-0.01372871727968094,0
2102.6921,1254304.6,1.132491219207546,7.85142331719007,10.8340025,13.21368470628741,0.3824152118485683,-0.014055455801858938,0
750.5334,154427.94,0.6367376634329304,0.2651299142791532,3.7878098,13.166900064474316,0.25220316454406644,-0.012617297763041477,1
750.9291,154755.77,0.6372768045454538,0.2581070915613024,3.8694232,13.178620394002724,0.25689685700026976,-0.012403444325380963,1
746.7037,152466.3,0.629180192153505,0.23906739161137658,3.6773732,13.187337467290552,0.26005964163877054,-0.013881316842026712,1
2085.5369,1186492.1,0.6322647345118417,0.2525705984975857,3.7361915,13.218759637824633,0.38439932590425363,-0.013363705800936173,0
748.0399,152753.6,0.6289413617963515,0.24846877657053312,4.7527575,13.173609366996828,0.25212813229747455,-0.013513019941144903,1
744.62616,151545.03,0.6306867920274611,0.24983876066706756,3.9124439,13.185955039426467,0.2661126384907815,-0.013451093449811838,1
746.5629,152523.31,0.637529120298285,0.26629830893464934,3.7940655,13.187361520488187,0.26457663939216347,-0.01374690659202892,1
745.35065,151771.45,0.629063075221332,0.23828689676952752,3.9192488,13.182493080710934,0.2600498021114247,-0.013026064638901784,1
748.6971,154092.9,0.6732680055667627,0.6412828445880123,7.64018,13.150495276709544,0.2541439620857673,-0.013114857651050488,1
748.00055,152364.88,0.6273606598183524,0.24366789249944665,3.716944,13.18018694724455,0.2539655044358892,-0.01350954993568796,1
744.7207,151488.12,0.6293280619757748,0.2342912653954925,3.8818212,13.183262175202636,0.25641732436267234,-0.01327367990692341,1
750.481,154191.86,0.6338127528465781,0.26310098357585066,5.913902,13.187111659803078,0.2648248031535654,-0.012264980143439715,1
2082.657,1182945.9,0.6264045939678098,0.23310990171862045,3.8850622,13.204196977507209,0.3817743058773419,-0.014479084301125919,0
748.2552,152755.78,0.6259293449390898,0.23121434862111556,3.72202,13.170791652553735,0.26038279613699783,-0.013458944385524326,1
750.601,153721.02,0.6276336369356572,0.23606031080836143,3.886175,13.183641258725665,0.2603758551665764,-0.013046826759089778,1
2091.596,1194695.6,0.635794459545339,0.2757111529027356,4.6986732,13.213127639921144,0.38348383570902095,-0.01301790968256759,0
748.48114,152813.5,0.630120485511172,0.24884103597252327,4.037747,13.157866116597996,0.25454540850417795,-0.012762454010496744,1
2098.1648,1204686.9,0.6369781895524685,0.2724961421263785,3.8126185,13.2170273873539,0.3833044049728543,-0.013277131204778714,0
748.93494,154354.95,0.7009447192773546,1.294899786101702,10.726092,13.1628569339763,0.2516602579814671,-0.013778391569372134,1
747.20465,152377.8,0.6288552629937862,0.2409327987336498,3.7321618,13.18365193143355,0.2571338148446068,-0.01354516107572277,1
745.29755,151583.1,0.6323850444337279,0.24392718663530344,4.05157,13.182583407394462,0.2585702415075492,-0.013454182572749728,1
2095.8137,1200988.1,0.6341794581574001,0.2578407322562728,4.0514593,13.200928075860572,0.38186011909687745,-0.012824659385250367,0
745.79425,151781.42,0.6313163009133842,0.2500661892822551,3.860115,13.170702701854053,0.26174367798752646,-0.01370854679052593,1
749.40814,153675.64,0.6297334521954866,0.23990821582464505,4.5489607,13.186848866242583,0.2645418226755364,-0.012540294219157309,1
748.8262,153596.52,0.6337467678197198,0.2560112634839218,3.7418075,13.17358802815317,0.26168121501166436,-0.013078904030460805,1
750.8006,154176.08,0.6283389242020584,0.23496432001920242,3.9152846,13.185459343046684,0.2604066613263644,-0.01262905455150498,1
2097.2612,1200232.4,0.6365928469221528,0.2681911895231637,3.892754,13.22049712517261,0.38427214035147433,-0.012731226427093791,0
2082.8684,1184526.8,0.6316544601657735,0.242778114613877,3.6367304,13.224621623817649,0.3843931110007784,-0.01383957596041881,0
748.461,152764.62,0.6281647934740023,0.24405652368154795,3.7649586,13.181609503564722,0.260584989860353,-0.013329734255410765,1
2096.4321,1204033.9,0.6354243454854939,0.26063777423433887,3.6903563,13.225041980147513,0.3845850129644041,-0.012484636885479449,0
2086.3887,1192464.1,0.6347051655060092,0.25611312733495506,3.8113992,13.217991896489984,0.3841955097653687,-0.013760937003111698,0
749.3034,153215.0,0.6360127682995724,0.2646337080888408,3.8614223,13.190355590214038,0.2652304602038779,-0.012892267731429876,1
2096.2114,1205056.1,0.637097979608737,0.27091950528924613,4.7008986,13.223059546882943,0.38444200874764317,-0.012559905893826382,0
750.35803,154069.88,0.6354943437312887,0.2675685268171577,3.9105294,13.178361924917258,0.25589647209347915,-0.012689753979211004,1
745.07025,151468.55,0.6288452302402274,0.231742102865919,3.6697078,13.179220550301558,0.26406581537032137,-0.014125418491668451,1
746.88696,152832.7,0.6341147270033928,0.25711771734686817,3.8988879,13.15949456582027,0.2564530356999503,-0.012807819528326582,1
2084.4983,1186724.8,0.6257285454801698,0.22640603194615894,4.1447515,13.229734801633267,0.38568817849355214,-0.013738947986565097,0
746.2504,152244.27,0.6308807624600675,0.24655859185024553,3.7442155,13.160619600136716,0.2569086647127643,-0.013368436730754362,1
2093.5947,1201261.1,0.6322675310039318,0.24824382592173766,3.6808746,13.220723927045508,0.38401847347616797,-0.012682929626284391,0
2085.4521,1187135.4,0.6289978479547851,0.24107429271215075,4.4733157,13.204508230480956,0.3829080986256496,-0.013251363703009595,0
746.7625,152545.8,0.6305141195396062,0.23704715319084668,3.7541707,13.185509761640892,0.2594086058309079,-0.013586389753350223,1
749.7663,154126.36,0.6354699446636747,0.2616767912821092,4.8142576,13.157958316896828,0.2604665863598173,-0.012836076978116551,1
745.7625,151756.42,0.6269567398876039,0.23548835449694172,3.8321106,13.181415011221555,0.2564357912490515,-0.01357670987724303,1
745.3235,152067.28,0.6279697734183763,0.23573552233701456,3.9979181,13.184730350701413,0.25949242848902015,-0.01377475176676672,1
2087.8633,1190489.6,0.6257603299901222,0.22998557371166672,4.5660434,13.224829718064317,0.38493083336662587,-0.013317160486003227,0
749.28235,153203.98,0.6328061092149022,0.2603432609310352,4.256161,13.172764304591656,0.2616704582168887,-0.012584141037491533,1
749.6165,153224.08,0.6314759215535524,0.2583984941714652,4.099917,13.18349363487558,0.2557537945270943,-0.013138206010907894,1
2096.836,1205930.5,0.6409581102076614,0.28045155888552076,3.8969126,13.214060739493739,0.38351413669021667,-0.012378914759766211,0
2093.9456,1198884.2,0.6300021726627277,0.24042123994597508,3.627989,13.205310351729727,0.3818544230004188,-0.01253692709180435,0
2089.1316,1195966.0,0.6352069290676895,0.2541004497654096,3.9914029,13.211392663537803,0.3833834345185438,-0.01326935253241175,0
752.5041,154969.28,0.6351272952281962,0.25923223566814135,3.8110561,13.16610650849358,0.25301542025894946,-0.012793135361161126,1
752.0605,154965.66,0.6412455810131149,0.28033790424068616,4.262461,13.172150617348391,0.253427217619108,-0.012656534460731733,1
750.9105,154087.45,0.6353207269960832,0.26371226822337945,3.9967139,13.182889625536305,0.26289144207865667,-0.012316617689141312,1
2084.7253,1188953.8,0.6288133328239953,0.24024518956673546,4.1563754,13.216230264443592,0.38385704885220157,-0.013392323241394076,0
747.5591,152735.69,0.6294363455338351,0.23683409247743015,3.966944,13.15818407727321,0.25909446498248534,-0.013217382543786687,1
745.8075,152078.53,0.6329244383075718,0.2733748892470551,6.3919992,13.155120100573148,0.25634315331728563,-0.013573596177197444,1
2086.944,1185494.5,0.6266093121970517,0.23767060865653455,3.6765997,13.216317045839709,0.3837798057107928,-0.013745938528974015,0
2084.17,1184310.0,0.6274617684549884,0.245970632707043,4.3434725,13.224310747690298,0.3848118887125743,-0.013095299804492748,0
751.55133,154466.75,0.6323811297359817,0.2549573662262081,3.796329,13.174453833890627,0.25303651385773973,-0.012285452673287242,1
749.3648,154250.84,0.639060770962078,0.27304435343087663,3.7478738,13.182922720353693,0.2573799390073829,-0.012394422296081451,1
750.31366,154268.9,0.6352207390659929,0.2564332697627836,3.9628785,13.186394987839359,0.26051827195455074,-0.012836722401039835,1
2089.9167,1196639.0,0.6387107156288285,0.29033220288373673,6.492682,13.204956771500381,0.38213641359562545,-0.01328969356549777,0
747.0847,152665.23,0.6318035123107744,0.24477440461351563,3.9080129,13.183864692401235,0.25927468088094313,-0.01316577758996541,1
2081.5342,1180679.6,0.6286727268582932,0.24146582439898978,3.691956,13.224523201393279,0.38502532024459407,-0.01354656110684538,0
747.07275,152455.98,0.6306753065133538,0.24107719062505595,3.7222087,13.156937960142427,0.2520746056127437,-0.013468765450894015,1
748.68256,153751.66,0.6332645149917157,0.253338809852818,4.084978,13.177684785820825,0.2638246606890035,-0.013353413846909792,1
745.2658,151780.95,0.6293192408929961,0.23484724905188292,3.695795,13.187741894930083,0.26514752889786314,-0.013540272585994615,1
752.383,155182.36,0.6375091234797541,0.26718017416841144,4.7421274,13.157993420757036,0.2509874778129821,-0.01255476112975603,1
2095.8137,1202682.0,0.6345929209887651,0.26217991512339855,4.263734,13.220424425261912,0.38373940106767046,-0.01321380434300453,0
746.23114,151830.78,0.6283179395561334,0.24746901686601452,4.182866,13.18112812763053,0.2569100416209787,-0.012948786995512326,1
2084.7935,1186375.6,0.6263033255515376,0.23110047099753972,3.8188736,13.213503052984679,0.3834370313725949,-0.013603364201685252,0
749.9318,154232.66,0.6370654769378331,0.2636519696916917,4.9460697,13.184603827525669,0.2595304571443893,-0.013109184483858949,1
746.5918,152204.55,0.6246512216315886,0.22913167926019762,3.828206,13.157391228966025,0.26104936202609197,-0.013283724925714656,1
746.70496,152281.23,0.6278688480003529,0.23839060061926665,4.1935344,13.179743507948409,0.25331732763145404,-0.013590273439860787,1
2094.1135,1200178.0,0.6321687097944948,0.24888950853898395,4.4769554,13.214073325495105,0.3835362802036228,-0.012674144929213873,0
2098.8396,1208096.6,0.6391081634736663,0.2688330731130977,4.1889987,13.179731507857591,0.3798345928407174,-0.012734396345270812,0
745.781,151856.53,0.629161771938944,0.24343597358517588,3.6061778,13.181384211022662,0.2538726094768008,-0.013880865306892275,1
2084.2185,1187587.4,0.6318913240145964,0.23926152316432603,3.5710661,13.20744484085954,0.3824826679048716,-0.013543363394738646,0
751.2635,154551.6,0.6355664557314018,0.25557695591993257,3.6843376,13.178948166199435,0.2530724517832918,-0.012423798637740024,1
2082.9937,1187464.2,0.6317667410323284,0.24263529033632247,4.367546,13.227623291612238,0.3848940346736979,-0.014088520323908359,0
744.0302,150875.5,0.6267121412799086,0.24000501485310854,3.5882165,13.180446559105883,0.25638070174545474,-0.013390224351053429,1
752.0289,154779.86,0.6376815638294475,0.26752021226702016,4.5669603,13.17557493858725,0.25307876882062075,-0.01281077977114432,1
2088.825,1195392.8,0.6324108488247274,0.24379766850643803,3.9234233,13.2167898475058,0.3835573075708558,-0.012948161141482652,0
753.0716,155291.16,0.6369613834833605,0.2646698694758767,4.122917,13.174764914423335,0.25239096563846536,-0.012796045642772048,1
746.95306,152571.48,0.6272261084125214,0.2361096235591562,4.0593953,13.17853545337961,0.25313565185718323,-0.013924330932683804,1
750.31665,154188.44,0.6340116374473139,0.2547468274063993,3.8755271,13.166720118596986,0.2628499197771382,-0.012136332193665661,1
747.6301,152690.23,0.629446040594677,0.23819014217765266,4.1179857,13.180650403941591,0.26218999482692085,-0.013722781637553584,1
2085.4312,1185977.1,0.6314147579851416,0.24656557123566136,3.7723145,13.18953705872643,0.3803135160172647,-0.01397411312589052,0
753.81683,169302.98,1.8391027308437335,20.75824971460355,13.860087,13.161726073589861,0.2544896811895513,-0.01783537824042294,1
748.1724,152661.86,0.630008074238021,0.23633733906208532,3.5735376,13.17889636062189,0.2560225422307947,-0.01347559100800886,1
749.8773,153874.25,0.6371747385875555,0.2660689359675641,3.778248,13.185463451724184,0.26584780000695046,-0.012981360515447165,1
2089.9783,1198479.5,0.643299716430701,0.28597681799436003,3.8272243,13.2301846453553,0.38574817849186754,-0.013213593945403996,0
746.32806,151779.34,0.6309183183212411,0.24673749405922463,3.6044333,13.16225952506789,0.2532749856395989,-0.013444184285375924,1
745.2217,151407.17,0.6302830696267697,0.24144221103061358,3.693424,13.181245613316865,0.2596732502082823,-0.013743253868835669,1
751.6352,154648.61,0.633338392289859,0.24125881892345058,3.8290663,13.180240894714776,0.2544389341683938,-0.012462177668654392,1
751.1856,154275.58,0.6353408630303453,0.2661692056984979,4.767151,13.176311449103048,0.25256526787991174,-0.012529553709734872,1
2084.4993,1185656.9,0.6283451690385499,0.24390164664547775,3.76003,13.216437067024353,0.3832279052655552,-0.01316224377630046,0
751.4383,154496.55,0.6357781792791264,0.2590253947134018,3.9362977,13.157027603467117,0.2520863890357142,-0.012673649557808357,1
746.78656,152256.14,0.6299586201266584,0.2462649241561472,4.2912216,13.186058013168811,0.2541369870729721,-0.014043335261957715,1
750.69385,154280.25,0.6341030076775988,0.2621838398285905,3.8075128,13.17574559135515,0.2565252980247635,-0.012600701331630982,1
2093.9558,1198749.8,0.6326474707579389,0.2525390106319847,4.766725,13.217793705246226,0.38395572302018094,-0.01220003746026386,0
747.7098,152673.84,0.6328276672688748,0.2594391789644752,4.570355,13.171263277359635,0.2585372781503059,-0.013282072750979985,1
2086.5342,1185054.2,0.6272687878933931,0.23887341343149737,3.8887193,13.21433395946747,0.38384017765394496,-0.013207849426245671,0
747.8446,152455.69,0.631467778854929,0.2551872760829532,4.155915,13.170239010528876,0.25343361715154117,-0.01363640456115489,1
2085.7869,1189057.6,0.6361949656074773,0.31583529851909775,7.8798404,13.200066106520685,0.381938490650051,-0.014047329130878118,0
751.5434,154503.61,0.6332604490136466,0.25714508636612576,3.8780556,13.179615926834758,0.26021931386401786,-0.013168101120118727,1
744.3947,151356.45,0.6315293826611035,0.2518671110493136,4.4300365,13.186277223326387,0.2611163498753312,-0.01371344316085877,1
2093.7173,1201520.9,0.6319113365212731,0.2459043818622848,4.251344,13.217288831405611,0.38353064332815856,-0.012300279310596952,0
2097.9802,1206876.5,0.6392056764271433,0.2696203888830273,3.8697157,13.22151426447151,0.383585508566921,-0.012795947348808902,0
749.0477,153171.2,0.6308394081643045,0.2431554751456284,4.4642243,13.16233906813728,0.25835172278133234,-0.01366027591240304,1
751.2213,154219.58,0.6321755149522573,0.24706491419834187,3.6907299,13.182739183691831,0.2526837131685318,-0.012909433047425875,1
743.8652,150809.27,0.6240405812264811,0.23237183276300621,3.6885834,13.182028338487543,0.25686954984458477,-0.013160199655215692,1
747.7085,152255.33,0.6304302517083452,0.24325730190212091,3.868482,13.16035128018965,0.25463786933616006,-0.01292971240222729,1
747.4945,152585.44,0.6326611208166526,0.25903930970230427,3.9359965,13.17833253864525,0.26005085046481163,-0.012816842464975654,1
745.16125,151495.58,0.6267129440474627,0.24086118431070913,4.0946846,13.18084792637281,0.25659442129817883,-0.0131976938383714,1
750.7571,154280.8,0.6375817869589953,0.2679127360671987,3.9191794,13.157469324193402,0.2575539342196227,-0.012425329888100061,1
748.5441,153319.27,0.6347411757320224,0.255362025143159,3.7857673,13.180626204459168,0.25290523269685666,-0.01330844105329669,1
2094.3157,1203020.2,0.6342331434829062,0.24769442355622795,3.9878895,13.224862670442139,0.38393525217279034,-0.01299935859856678,0
746.7815,152615.22,0.6301990823160848,0.23610203931705742,3.6578445,13.18702514399054,0.26524600953750355,-0.013246946237476687,1
745.1353,151920.11,0.6309563494925107,0.24156657044526275,3.8474944,13.154438487389598,0.253727012734286,-0.013772176021674088,1
2085.3381,1187320.4,0.6302989832850314,0.24920620825788342,4.0053573,13.22476195993402,0.38481656617265414,-0.013905676946186147,0
2086.695,1188484.9,0.6287424040962316,0.2484037959403751,3.9840543,13.220882447842575,0.3842549280455269,-0.014089881938053963,0
2089.6636,1190318.5,0.628146561713871,0.23617107828617412,3.5305023,13.202444170823272,0.38212008308927675,-0.013703910108924007,0
747.86847,152478.22,0.6284261921902171,0.2425332972566201,4.590759,13.137465253137265,0.2535380098422241,-0.013196406892402302,1
746.74567,152046.52,0.6288133786692922,0.2305404802965687,3.6953666,13.17069392820813,0.25754407803939655,-0.01314940239326783,1
2084.3784,1187314.2,0.6286884566230406,0.23399065327019608,3.573557,13.20180117315909,0.3816520784481228,-0.013321800014592726,0
2084.9563,1186092.5,0.6308175166829877,0.23985637496462964,3.9547741,13.225442497505679,0.38420728939108206,-0.013817115452245546,0
746.3913,152273.12,0.6298705262227724,0.24155062675930727,5.1102624,13.144911757925652,0.25930343033075176,-0.014009101998149417,1
746.3766,151972.14,0.6297274108358971,0.24531690864754152,4.6935806,13.182577848850036,0.25487877538652803,-0.013798415335555309,1
745.46014,152032.31,0.6310969315581862,0.24433810489048868,4.5779514,13.18729714560619,0.265159522920256,-0.014015453502766713,1
2086.1511,1186168.6,0.626358239725462,0.2298240928866453,4.058701,13.218626450143901,0.38400419960587395,-0.013153920503080566,0
748.8455,153521.02,0.6367339373781257,0.27067881208901934,3.7368119,13.178688480733127,0.2623528243596582,-0.012569584324990543,1
746.00665,151788.58,0.6314745741720645,0.2516936259312468,4.471127,13.182771919001961,0.2550664182152621,-0.013465538265141219,1
746.0024,151983.77,0.6279674271479693,0.2313971033978488,3.9196439,13.165060225182033,0.26540737666164915,-0.013429626381123737,1
2082.3086,1182180.6,0.6318956618896314,0.24755763812988407,3.9198487,13.203228545873976,0.38263716434132367,-0.01381745919790539,0
2097.4473,1208292.8,0.6408991855699604,0.2726389890545633,4.362054,13.203138186629154,0.38204872168793413,-0.012641097188901275,0
2085.8315,1187200.6,0.6292440852929109,0.23889420894395386,3.5543623,13.218418804294458,0.38397472932688415,-0.01304039508231948,0
749.8764,153994.98,0.6326888629486866,0.2518220009053098,4.072691,13.18569906317809,0.2611477830622705,-0.012817303827071712,1
2086.9758,1186669.0,0.6304867552260741,0.2490708147335714,5.178047,13.203322517123077,0.3819397968453489,-0.013636514589876731,0
746.518,152234.95,0.63014636856533,0.2480109291691024,3.8142521,13.16335719644629,0.2528485859765041,-0.013526257229349884,1
2096.8171,1201780.5,0.6391147660251764,0.28099992174254007,5.3961453,13.219704995253805,0.38378876250302046,-0.013588369983107626,0
748.1272,152544.86,0.6262446311599996,0.2333827527990735,3.546945,13.182088006629536,0.25761785681140525,-0.013292979198492717,1
2094.504,1196485.9,0.6290640660966851,0.2498302915356594,3.992126,13.220805868656841,0.3839741313633609,-0.012364745447734426,0
748.3558,152400.8,0.6282781176910026,0.24273680506924578,3.8564084,13.18043049944839,0.25838167816657487,-0.012916336441341759,1
752.7323,154810.98,0.6359648994018074,0.26614459600521334,3.749472,13.180769343529636,0.25279761069384704,-0.012823932919925337,1
2087.673,1188804.9,0.629048378612902,0.23579038640300753,3.7810287,13.20291034550064,0.38179338146896236,-0.0136611724231446,0
747.9864,152205.67,0.6271118265505305,0.2332898178657743,3.5914261,13.173874672566585,0.25354879024052,-0.013739569558763565,1
747.575,152626.97,0.632281421240907,0.25340852207651876,3.692322,13.151156346150636,0.25213018485627064,-0.012518447006605031,1
749.9936,154297.56,0.6396541755191093,0.27526222224612695,3.8255115,13.183658141688168,0.2555878962232228,-0.011340998171465486,1
2084.0444,1188250.2,0.6325558502611011,0.25071605718265655,4.115935,13.223611684666153,0.3847393137184209,-0.013931572382953235,0
746.9703,152027.83,0.6300440271682579,0.24956150128178445,4.3114605,13.178543569794217,0.2541863996283868,-0.013301002972189837,1
745.9796,151842.19,0.6305858974263565,0.2456871093286832,3.8457804,13.132829091263945,0.2543377675179762,-0.013311167012881292,1
2084.9822,1187341.8,0.6322737554117946,0.2579075579615768,4.054103,13.222138829877368,0.3837585554678781,-0.014224084868950394,0
2083.847,1183841.5,0.6272778871027678,0.23760510446773786,3.5907032,13.217269713643413,0.38396588690793865,-0.013859774250928023,0
748.76825,153185.2,0.6286997883066993,0.2460607351998556,5.3512115,13.171705477850034,0.25251931587595905,-0.013738761578198954,1
751.1898,154248.67,0.631772038768345,0.24869547966349703,3.7097802,13.168915200072249,0.2576087311393911,-0.012622388681386145,1
747.2889,152522.47,0.6299937057478322,0.24812112355376525,5.2540393,13.181198358478348,0.26154094201491507,-0.013556252228482845,1
2084.245,1186687.4,0.6340760966025182,0.29444410675288024,6.925623,13.206374430900501,0.3829775668282148,-0.013892762387765845,0
745.5354,151578.19,0.6315619845459325,0.2487152482160102,3.895869,13.174436742657662,0.2615452289257957,-0.013952613322464287,1
753.024,155147.47,0.6345314872588256,0.259087231686312,3.7876205,13.162448929519035,0.25846631303654166,-0.012171920515038426,1
2084.9397,1184833.0,0.6281909443111227,0.23964096118049394,4.0376616,13.203797177213735,0.3824825768787496,-0.013881796788546043,0
745.5782,151763.23,0.6313606459030255,0.24605815221196892,3.6200588,13.18283511056639,0.26346869134735146,-0.013192286832889012,1
747.70197,152730.48,0.6282356374804918,0.24477934726254214,4.578996,13.185783711510132,0.2580018743017707,-0.013740058658623525,1
744.91394,151561.3,0.6312084769052702,0.25094399558926295,5.1268134,13.146162230511287,0.2532575125681044,-0.01380292276162249,1
2097.776,1201505.1,0.6290261880265655,0.2359036846469773,3.6877055,13.217511423760229,0.38347988569778213,-0.012995854874807436,0
2084.1636,1187845.2,0.6318193375699983,0.24583932236729256,3.9629116,13.21181292014884,0.3828365538655103,-0.013683379774429384,0
749.3206,153586.56,0.6329409977837476,0.2537796972939015,4.4391794,13.174542268372583,0.2559671890117014,-0.012890225292870297,1
750.22253,153950.31,0.6377920994054415,0.2807453556702799,4.477261,13.163673853186676,0.2568445797991447,-0.012708620185140056,1
747.8763,152648.08,0.630187491036671,0.24749156759281865,4.5914,13.161086398459226,0.2536010955561923,-0.013246752572937753,1
2083.0747,1184731.0,0.6311956183129241,0.2506992430704389,3.6625652,13.223670994186497,0.3840030661641223,-0.013680877650516003,0
744.16486,151229.31,0.627825319302885,0.2383400279117791,4.2410045,13.178785950402538,0.264821531449425,-0.014096666909142946,1
750.8624,154077.14,0.6340793396559773,0.25572864765806536,4.1020722,13.18030599236645,0.26416375953793964,-0.013450302848882628,1
750.42346,153965.38,0.6333733884356134,0.2584064723119832,3.8756375,13.17134807155639,0.2538652953122403,-0.01252563120521696,1
747.32806,152351.84,0.6268088625197993,0.23170455812403956,4.021083,13.156870669104777,0.25188413699097656,-0.013370985984246722,1
2087.4548,1189902.0,0.6288602044333991,0.24687340589098072,3.7965024,13.215630099951486,0.3837142592493295,-0.01335946529874409,0
750.6269,154217.7,0.63703858848284,0.26730775567533493,5.3611794,13.178986753088074,0.25643316344099465,-0.012880982465239298,1
2095.727,1203011.9,0.6396091774794517,0.2797978332733235,5.050822,13.218817334872961,0.38353583539859754,-0.012383467809663533,0
2083.9023,1188397.4,0.6287202556669166,0.22932226979782566,3.6698024,13.20341035702703,0.38268810843165085,-0.013880532349950464,0
750.98004,154496.58,0.6335544433540544,0.2566858281399873,4.19106,13.17633460107969,0.25408566899083546,-0.012230203396879002,1
752.44904,155039.81,0.6293586504708458,0.23357275088360874,3.6708577,13.177862985636663,0.2532934554366401,-0.012674343127183617,1
2097.7224,1203523.0,0.636542789529437,0.26201949959818016,3.7327085,13.21917911476826,0.3836617184453363,-0.012729863436106104,0
751.2722,153891.84,0.6288789993294308,0.2396292912570157,3.9019945,13.175395910366403,0.26085000922986407,-0.012118165289516963,1
2082.0024,1184390.1,0.6289188918699792,0.23584724467413398,3.7332838,13.209690512908923,0.3827932284377417,-0.014316892115762416,0
748.9027,153619.3,0.6313639125575427,0.2496834287241576,5.129993,13.18295885372004,0.2565713402365154,-0.012426361581920196,1
745.5829,151674.64,0.6514353695890974,0.5307136350750392,8.236225,13.18568036454793,0.2657712347248842,-0.013462887776282966,1
749.0853,153387.72,0.6365336547002833,0.2658534772836201,4.308863,13.17817560870079,0.25743099023988686,-0.012694286215065059,1
749.02,153385.77,0.6307266027332743,0.24555866325548692,3.9114368,13.1485827247165,0.25127462136837253,-0.012904631792258418,1
748.0761,152611.89,0.6277227629246397,0.24332005449220162,4.541391,13.175355386264654,0.25684014021944307,-0.012839025462129271,1
747.6622,153402.31,0.6400011314670663,0.27507584529247886,4.613653,13.167258271728612,0.26341179433717654,-0.012886505987392797,1
748.02545,152638.3,0.625314319241985,0.22493490643687286,3.8940263,13.179866982129111,0.25661912611319065,-0.013595823032385886,1
748.1792,152680.16,0.6258599452274218,0.2235115695429304,3.647673,13.184644019666237,0.2597395950207485,-0.013366059008899228,1
750.404,154022.69,0.6345128362554598,0.25591016317534754,3.8993137,13.1751003074942,0.2627059336972364,-0.012906999812469953,1
2085.5732,1187942.2,0.6349182492999106,0.2630458901191379,5.273632,13.226621457926502,0.38516146913007054,-0.013304458852635006,0
745.90497,151975.95,0.6308925117961458,0.24677746872985518,3.9560688,13.185403225529685,0.26132836101694684,-0.013688734057962636,1
750.6425,154290.48,0.6349735686588025,0.2636816016849206,5.2594657,13.18205567789141,0.25923920817523094,-0.012794086788594467,1
748.16785,152837.42,0.6320797007603,0.2473113912675129,3.712892,13.163730460348997,0.25803389681971023,-0.013192876762978529,1
2093.5122,1202251.8,0.6386147421152772,0.2657093015470684,4.08789,13.20725850209081,0.3824961601621585,-0.01286005276114359,0
746.5553,152246.14,0.6327741484527338,0.25384435781095505,4.376862,13.168137330076854,0.25757718892433823,-0.013711502001105,1
747.25037,152105.3,0.6285602299623496,0.23610965723247812,4.3060503,13.175525203932624,0.2538456731131485,-0.013432297100016671,1
751.61456,154803.55,0.6384738737336293,0.2697582672499039,3.894761,13.176629147683085,0.2532098358544179,-0.0123555502898368,1
2096.963,1205115.6,0.6399107836325996,0.26967018672429877,3.7729726,13.221052756807811,0.3836402879660148,-0.013707785170504184,0
745.84894,151655.22,0.6325120345509432,0.2485929702948737,3.774197,13.171252681065441,0.26067640091920874,-0.01423159291765591,1
747.84454,153107.75,0.6320834291890672,0.24946387386919788,3.6380777,13.1539751355554,0.2536770752463828,-0.012707694610586785,1
752.3979,155385.03,0.6369921696217155,0.25955109488147743,3.8379846,13.169292506523425,0.2523100657320859,-0.012406277446829114,1
2093.3416,1198389.8,0.6306016861381752,0.23795514001933604,4.128625,13.222865749904875,0.3839499455610614,-0.013266962391799949,0
749.70886,153524.55,0.6318920316253424,0.24530740158177666,3.8598285,13.182481825457266,0.26296892748534195,-0.012756312944225315,1
747.8664,152153.06,0.627437442688229,0.24259832692340444,4.086837,13.181891804183492,0.2575892964688921,-0.013471192610583958,1
2093.8372,1198074.5,0.6352497301498805,0.26499966074578474,3.8238852,13.220822829243902,0.3847964544259207,-0.012947798793235094,0
745.6849,151341.95,0.6307351674636986,0.2530621600872949,3.6305988,13.165676531433004,0.25779666249619715,-0.013366194874120885,1
2083.6375,1186206.2,0.6314162532638039,0.2595968235568722,3.8951309,13.227937837046671,0.3848620365608275,-0.013387828697955104,0
746.507,152274.44,0.6304061628000845,0.2403776323760649,3.753601,13.171271191534546,0.25743002337536186,-0.013119076716389554,1
2086.5503,1188833.8,0.6318232876874933,0.25449135113639576,3.929814,13.176869288785285,0.37963578703796685,-0.012992671898458043,0
2099.5088,1205309.5,0.6350347515515737,0.256542009216826,4.042503,13.219947569587292,0.38437815334029096,-0.012893889791478258,0
749.0799,153855.78,0.6352680984734057,0.26148211069354854,4.220906,13.180185260384492,0.25806837692348505,-0.012499243064720873,1
750.4804,154304.84,0.6334535058340124,0.25435475828887366,3.713977,13.166056488454709,0.2612824922373296,-0.012512445907525736,1
751.03143,154244.62,0.6352077105849235,0.262621433109691,3.8158488,13.157839343305403,0.25216347382260185,-0.01230988756795064,1
2091.8938,1200918.2,0.6368125714976004,0.25503022331077485,4.444997,13.219331875682911,0.38338762221932476,-0.013112893197520901,0
2099.748,1207481.5,0.6359441217855613,0.25583068524628727,3.9032223,13.20680111394346,0.3824569809214094,-0.012138823906780312,0
751.0277,154313.12,0.6352632047629396,0.26034026809940647,3.9206276,13.182118664907092,0.25691021344483533,-0.012972898475047616,1
751.65924,154756.48,0.6351629627620456,0.26366253820317676,5.7193704,13.18328090712015,0.25628548835687287,-0.012573813418838651,1
745.97906,151915.83,0.629236868420024,0.25010618832155584,4.2914934,13.16893345317403,0.2530850514255591,-0.013729743203203797,1
749.6782,153339.56,0.6345563977816631,0.25777805917309893,3.9455132,13.174781203070188,0.2648580967075016,-0.013120846773780602,1
2084.881,1189063.8,0.6347174534929502,0.25658759590821223,3.6955523,13.206160780984632,0.3821481820948647,-0.013229465098514687,0
2097.3506,1204983.1,0.6378876946482326,0.2767107862734419,4.561166,13.211781638348754,0.3826465954637236,-0.01284901273700404,0
2087.5715,1188788.9,0.6286465600968743,0.2407073878334156,3.9132857,13.214232088414445,0.3835113994674627,-0.01319183087091935,0
747.6651,153044.52,0.6336774359654106,0.2453390022185178,3.6802735,13.182664841450784,0.2558781761880781,-0.013681472582964324,1
746.50867,151968.28,0.6250017933215104,0.22619143599020752,3.8235214,13.165533898172399,0.26149070855040835,-0.014331758461174088,1
2100.0679,1206001.6,0.6344890296221389,0.2594267690157368,3.785208,13.215074268466203,0.3829385128878771,-0.012398274153375884,0
2097.6267,1204200.0,0.6307888334677783,0.23937260562399088,3.6376698,13.221423690324466,0.38469567036673635,-0.012666647744882676,0
745.50354,151847.12,0.6245286887727025,0.21886448514348578,3.785372,13.154866239491085,0.25670926525025556,-0.013534659231986865,1
2112.8943,1373253.2,2.188124602926965,26.10542059723518,13.671217,13.21793085018459,0.3844444959015413,-0.019074159863290172,0
2091.7925,1193182.1,0.6304195206830489,0.24522805019840987,3.7076466,13.219911783217883,0.3839919508961986,-0.013429532979542354,0
753.0503,155512.89,0.6375268918854339,0.27130146677339884,3.8247764,13.164157880874638,0.2584409682855326,-0.012738666874866564,1
747.348,152762.73,0.6325098743811034,0.24420738127886832,3.7938473,13.184006759739766,0.2605536502962849,-0.013412791473042309,1
2083.454,1187216.6,0.6330324728660802,0.2531237303882108,4.257461,13.225461202781082,0.3845711451610107,-0.013498849679075327,0
747.8115,152724.78,0.6282457626641683,0.23642433842131405,3.7337162,13.163639926036428,0.2603794110400936,-0.013401306547211961,1
749.4574,153798.88,0.6375073184015683,0.27430037267844565,3.743192,13.185308981628456,0.25618205129442845,-0.01230882486623049,1
747.5247,152702.05,0.6287975206998286,0.24185123393659236,5.199032,13.186622151928244,0.26553898102387996,-0.013263308009112301,1
2085.7952,1186423.6,0.6263260843138153,0.22723986063435087,4.1542063,13.214653212122482,0.38328714556248367,-0.014460693054965487,0
744.36334,151430.03,0.6288768381255505,0.24187333817011814,3.6284416,13.185980317519222,0.255819198116401,-0.013548425949906035,1
2092.4092,1198174.4,0.636587830290571,0.2640098258638881,4.0187407,13.227858149139267,0.38483415464073056,-0.01291261326153929,0
2098.8801,1207784.1,0.6408131811902326,0.2823929449228304,3.8065274,13.214242136912343,0.3832486737656228,-0.012704919581778431,0
749.2824,153763.97,0.6345326437510418,0.25263729767502463,3.7921424,13.162522476565144,0.26443232922844606,-0.013005425585004077,1
745.096,151451.94,0.6272079342094184,0.23320775949213868,3.672453,13.144584821109921,0.2536466570676295,-0.013668307415857726,1
752.58026,154808.02,0.635686757019789,0.2656299715054544,3.9242053,13.183892046192717,0.2575077147391184,-0.012526099987304036,1
750.76807,154802.0,0.6410449366635151,0.2748430120764125,3.8666906,13.17083273335057,0.25913258416285545,-0.011748813175367677,1
749.0205,153907.05,0.642353790563346,0.28992088217521284,3.7124918,13.185741768382593,0.26494541008973616,-0.012717920632524138,1
746.8406,152977.64,0.6716159436172227,0.8880917719929124,10.878828,13.179213002978786,0.25797913219058644,-0.013661828045369287,1
2085.6118,1185157.4,0.6301863675738473,0.2476955462689041,4.640388,13.218393921373861,0.3836292003257061,-0.013012228499075598,0
744.2029,151452.02,0.6275171180024072,0.23291156815788883,3.7507327,13.188166437870445,0.2588070869707555,-0.014081731488431316,1
750.02454,153581.33,0.6354291408315074,0.26395703767673373,3.988037,13.184725779740585,0.26121040875444523,-0.013418350711348793,1
2082.8743,1184978.9,0.6287733316170399,0.2387130793351364,3.555501,13.201349451096547,0.38209802661838244,-0.013948966205790314,0
2085.7188,1187935.4,0.6314891163877787,0.23824519841214764,3.8714545,13.226031487327424,0.384519064007998,-0.013738217499103528,0
745.5242,151684.23,0.629424260729271,0.24571277804590164,4.6536493,13.18431011985582,0.25960742511114243,-0.013623325363102958,1
745.4973,151511.42,0.623440891537497,0.2201656515612016,3.710119,13.167862910922217,0.25752434382880224,-0.013655924682624917,1
744.4082,151071.83,0.6338176298500225,0.2618246612423589,4.0048366,13.188248221962489,0.2647393678746837,-0.01414117171423324,1
744.7657,151403.3,0.6300735619571715,0.23834033520188624,4.3519683,13.1880370846801,0.2660980012139108,-0.013521902097971281,1
750.48206,154006.5,0.6360917546322855,0.2613935230381599,4.525982,13.177814058177905,0.2571211565259003,-0.01269775766157813,1
745.28357,151595.61,0.6296262712072428,0.2473768530242837,4.012798,13.186466979622068,0.2638803671927377,-0.013795758856447626,1
745.5799,151863.27,0.6265471856077458,0.23829331734013515,4.8261547,13.18583601314097,0.2593750245745418,-0.013682025596051523,1
745.7702,151866.4,0.6275583266985343,0.23795088242572637,3.8441665,13.184423847713028,0.259006752232973,-0.013687005357872355,1
2085.8796,1187854.5,0.6302195057522257,0.24166543220530867,3.8202074,13.22221195162145,0.3841706173983413,-0.013604373316735339,0
749.95624,154102.94,0.6339221123794218,0.24717448546350873,3.8172038,13.183030985211243,0.26684313407608373,-0.012427141770387385,1
750.8409,154066.2,0.6307792739134139,0.2542323479968869,3.84115,13.161031624638525,0.258475775359825,-0.012723354132372702,1
748.93915,153057.62,0.6326840702111204,0.252736040798033,3.864478,13.178247786107173,0.2560638660348851,-0.012616481557480267,1
2086.9556,1187126.4,0.6303637369110814,0.24789435177993147,3.7409165,13.217672865810538,0.38390810160862454,-0.013312136989068264,0
746.3578,152381.33,0.6283437901911507,0.23235318237607805,3.6748931,13.168006567422072,0.25722777604141545,-0.013707419686363421,1
751.9431,154676.4,0.6508702328445456,0.4892058629801155,8.380016,13.183230030968724,0.2540975058190691,-0.01267878250130707,1
750.2213,154104.47,0.63605781639485,0.2679826946144952,4.068019,13.180461954219457,0.2577311393278172,-0.012231856478630291,1
750.4511,153971.44,0.6349651209876924,0.25899578706128734,4.5437727,13.185457579542623,0.2638981150071753,-0.013337200897228623,1
2097.9958,1205419.9,0.6379668412764175,0.267215581904491,4.063237,13.203826889465091,0.3822431031180702,-0.011547403637065504,0
746.42194,151886.0,0.6284024008937713,0.2432822458368964,3.9812148,13.154313957444673,0.2597559156373248,-0.013256448900057295,1
752.8431,155162.4,0.6357801196112538,0.2616892091281189,3.8931837,13.161182449862729,0.2515573323828393,-0.012482128864171571,1
747.7128,152078.28,0.6278527432801068,0.24977961215285172,4.6709943,13.182379578688105,0.260855841549729,-0.014131925754972425,1
750.9916,154532.3,0.6381299833530392,0.2704024422454334,4.7723575,13.16327209350218,0.2580656300565465,-0.01276394211824539,1
746.01746,151725.78,0.6274293064457157,0.24139504495947461,3.8448377,13.171161552288737,0.26271773283347816,-0.013424096119386561,1
2085.1272,1190578.2,0.6307183019384265,0.2471477192146878,3.8330905,13.205251601670774,0.38209211509145485,-0.013704336585182,0
746.4715,152082.02,0.6334351571201537,0.2669805574340778,5.1301727,13.159299325927146,0.26152768088591627,-0.013388135765803397,1
2089.9639,1193858.1,0.6257516054702732,0.22668166216630725,3.5948257,13.221446407062238,0.3841129120270431,-0.01330281072351262,0
748.5238,153214.22,0.6335077954206205,0.254868538042619,3.8233173,13.168124563105527,0.26383426079393646,-0.013360933570292565,1
746.9108,152028.23,0.6240695418423632,0.22624721665850434,3.9682896,13.18705980324742,0.26424252276294435,-0.01319608560581452,1
747.47107,152723.36,0.6281392625626654,0.2338757410253729,3.8483038,13.18055776344441,0.25341068959332397,-0.012975465253209563,1
2082.6067,1184911.8,0.6323087496049541,0.2492251168374593,4.0020514,13.207946003312259,0.38288426869020964,-0.014350757548341168,0
746.16644,151902.72,0.6276313347364164,0.24225025711930837,3.6953092,13.184155411793336,0.253872811616401,-0.013370479475578251,1
2098.8096,1204600.9,0.6346602394358036,0.264344303814521,4.4359984,13.203288635234431,0.382301107945305,-0.013068364645460595,0
746.80194,152149.14,0.628186245631461,0.23877908331513087,4.0033846,13.175930473918282,0.2540941519230669,-0.013780080157607249,1
748.6633,152766.77,0.6233104835022473,0.2281739112749741,3.8014095,13.132520130415845,0.2494262524371774,-0.013099608703525108,1
746.9159,152224.88,0.6277179085805371,0.23800711355955784,4.0197945,13.17424838190738,0.2551960750242114,-0.013260138463624069,1
2083.4893,1182199.4,0.6299062482371544,0.25043020152933426,3.7385898,13.218279534374433,0.3836209612542077,-0.013627228156583045,0
2084.5059,1187240.1,0.628973725989726,0.24101346802011037,3.8769536,13.223664092462528,0.3845435899093429,-0.013835895988273466,0
2096.447,1200751.5,0.6316740791588868,0.2527383740314453,4.9366508,13.197671572813137,0.3818945252381881,-0.013043012739398755,0
750.8895,154066.95,0.63358053064874,0.25444673580949706,3.8339264,13.17578494361247,0.26179921341811424,-0.012932739273997018,1
752.21063,154696.84,0.6326522266698954,0.2536247407766359,3.8890684,13.158619583533074,0.25168363694496276,-0.012275257498689384,1
745.63904,151473.62,0.6279323624705088,0.24483405573406802,3.6888163,13.167537700452604,0.25794977403085484,-0.01342141550568758,1
748.8474,153584.67,0.6305674244357949,0.2414559413550479,3.8786309,13.146730517974722,0.2541119576300906,-0.012761763939969363,1
749.4185,153681.62,0.6352252757356045,0.2668190327008575,4.7826633,13.175841409328546,0.26472521431672436,-0.013062134367672956,1
745.70483,151731.92,0.630370857501482,0.25487855220115607,4.3303947,13.181232832442104,0.2647741737691981,-0.01372472956544804,1
747.09045,152657.23,0.6320402165483235,0.24419702020523193,4.033645,13.168573667883347,0.2582487680509369,-0.013075901888205553,1
745.7215,151509.92,0.6248920023041693,0.2283042690923054,3.7316568,13.187591692297978,0.2645899232766157,-0.01405586628841963,1
2092.4365,1194685.5,0.6328378256380311,0.2593816830662825,4.05269,13.223133258914533,0.3843893052517612,-0.012851213026402112,0
749.0045,153589.06,0.6338272551513162,0.2592829054369532,3.817429,13.178275040864182,0.26246758930853825,-0.013316262967841035,1
746.821,152078.8,0.6287601402738459,0.24571399044220277,3.8105807,13.180997382570004,0.26085127018667054,-0.013700263013783078,1
746.71515,151956.16,0.6251365654123172,0.23428430978362957,3.6863272,13.18606268031702,0.2581450338663612,-0.013240958085949802,1
747.0579,152265.27,0.6269666743277892,0.23733147111254915,3.690028,13.171005768714213,0.2562982576247337,-0.012973693584616024,1
747.5969,152771.89,0.6310498213145906,0.24820000729766845,4.000963,13.167911582247386,0.2585488747016453,-0.01367140636704491,1
750.90753,154327.28,0.6311577684386018,0.24095624567069063,4.041313,13.18617993750105,0.26040554568858165,-0.012474080992788154,1
744.6977,150952.23,0.6279192080264202,0.24560466998443964,3.977207,13.141161987915499,0.2548713717092684,-0.013594843920564552,1
745.2758,151584.73,0.6301355221789996,0.24668627883868544,4.789679,13.186757678105774,0.2651937098776433,-0.014228863416374539,1
2083.4172,1183755.9,0.6282438829889131,0.23881468583393373,3.7787209,13.188285053822964,0.38068548322970436,-0.013767808583316466,0
745.5862,152161.67,0.6315585274920724,0.25142570548266185,4.0552077,13.174955479700412,0.26257001972391175,-0.013403051523823232,1
750.07526,154238.03,0.635515488851693,0.25593098580245766,4.5282316,13.188899259588824,0.26407504780861046,-0.01279069531711746,1
2096.3894,1201976.1,0.6305015813170896,0.2478261815140943,3.871747,13.216165262997476,0.3838653472724182,-0.012429139292637215,0
2092.2673,1200245.8,0.6320748847239319,0.2489791207519314,4.6975927,13.228122070241675,0.38469773777382876,-0.012782420659417844,0
752.96185,155283.73,0.6395102204357856,0.2758187605864353,3.8095481,13.134886442775516,0.24956374402029632,-0.012458226390628078,1
2087.7864,1191754.9,0.6314816590393253,0.24608867473468088,3.7434516,13.202222657709257,0.38148157688275464,-0.013904467314819896,0
744.7456,151443.19,0.629597332661862,0.2402503421019273,3.6196582,13.17443782462998,0.26269739517008295,-0.013938103014177144,1
2083.1362,1185375.6,0.6273989770949293,0.23548312586999343,4.0608416,13.218767607288088,0.38395104984167366,-0.013910608071064371,0
748.2951,152961.36,0.6342654562291133,0.25884720737498634,4.7169023,13.16782555020987,0.26305621656453954,-0.012771360744529815,1
2091.3105,1197000.1,0.6306925805035478,0.25017516824156605,5.0279603,13.219053094983266,0.38370775849799266,-0.013439189511003568,0
2084.5977,1186906.5,0.6212202689382258,0.21137988569170885,3.6456761,13.223469255350741,0.38422423723274185,-0.013853013503975437,0
2086.519,1188615.5,0.6281406385113059,0.2317909594020513,4.813282,13.223847911600549,0.384673033302669,-0.012944557022241857,0
745.8038,151825.61,0.6301999887057009,0.2397658788987438,4.188983,13.182239611847402,0.2634132709260921,-0.01331140939021542,1
744.51337,151716.08,0.6296619498857212,0.23758621727302698,3.7556565,13.18617806568461,0.2601960966765629,-0.013633233068893021,1
746.8309,152140.7,0.6300479225635128,0.2390077344652597,3.657561,13.15515479682406,0.25475500830424885,-0.013295061224171534,1
749.4963,153202.66,0.6278860146749599,0.23316531747289826,3.7675817,13.165845152784257,0.25642050568221575,-0.013299113411561368,1
2084.865,1184470.8,0.6245420379352782,0.22678738837355583,3.6155398,13.194865518376517,0.3818406029266942,-0.01336456331247046,0
745.4905,151708.11,0.630770964636143,0.23822141789531104,3.58135,13.156417508471105,0.2549682998694601,-0.013630240252551792,1
2093.8164,1197419.6,0.6326554246943867,0.24986440863461024,4.524645,13.202086204996846,0.38220966731596173,-0.01320755219157398,0
2081.271,1181069.6,0.6302357618145342,0.24782087735835123,4.990861,13.216589597257043,0.38423101840873997,-0.013585440302600879,0
745.8934,151843.48,0.6252237991257433,0.2253233173143463,4.260814,13.160163547617586,0.2609879091169919,-0.01341381087367434,1
749.18744,153405.7,0.6350856705127514,0.25380335028519907,3.6422737,13.18713455029845,0.25633645838691105,-0.012907849655552084,1
749.72705,153704.36,0.6352664908988087,0.25509788999969407,3.6223645,13.185111298225765,0.2625363462667243,-0.012871511526745606,1
753.5163,155677.33,0.6369604663751288,0.25800784968979507,3.8172987,13.179345550625337,0.25362509466370153,-0.012369126812286269,1
751.76575,154923.11,0.6388291272442164,0.27040511516088594,3.852343,13.178383858901084,0.261554405458074,-0.013568454694237394,1
747.94806,152844.7,0.6300689812577436,0.23885857423622214,4.623366,13.162501869749839,0.25784347251359335,-0.013008700102151213,1
745.0612,151533.81,0.6270045493642697,0.2308357706099322,3.6549082,13.18714683204315,0.2639022101236637,-0.013349934457286581,1
2085.6833,1190350.6,0.6322930993176316,0.2458680539525142,3.919606,13.21376539112822,0.38321339231733414,-0.013700924809765343,0
749.1293,153595.88,0.6332645229049334,0.2492432675586591,4.041649,13.166485269094443,0.26238512257582175,-0.013060352328655808,1
745.2333,151816.31,0.6290068192805356,0.23375180645293625,3.730819,13.164538329572297,0.26299001244415376,-0.013810248326186386,1
751.5101,154527.08,0.6349620201239368,0.2547149183668318,4.342426,13.159121541429199,0.2539357580231987,-0.012188050271587154,1
2099.3596,1206699.0,0.6326422884617914,0.25614944267851136,3.9628205,13.216277066268503,0.3831500647002054,-0.013156304238220642,0
744.7013,151803.83,0.6326682355631766,0.24861164606307806,3.8188276,13.187016435814597,0.2665248727675139,-0.013317091495614164,1
2088.4668,1192043.0,0.6306580525209778,0.25169198596540987,4.844093,13.220803721552542,0.38421059597631047,-0.013399833990956412,0
2089.4993,1190991.0,0.6310377162415411,0.24986917526575247,4.9251795,13.222599146258107,0.3838602217155901,-0.01325359299143466,0
747.8249,152412.17,0.6286112676176464,0.25927053479330997,5.240855,13.158057170017507,0.2518263912471606,-0.012816387472452959,1
2085.358,1188436.9,0.6308034235224537,0.24231074468711,4.149589,13.21570842678267,0.38404600325914673,-0.01341644991621475,0
745.9847,151765.9,0.626047684152494,0.22502967091259007,3.8279426,13.177910207657899,0.2613379987295242,-0.013692691337547087,1
2096.03,1201644.2,0.6357870395498385,0.2634673464943109,4.120812,13.218063632855818,0.3832299628043676,-0.01308577593897733,0
747.3924,152355.62,0.6269511278951209,0.23455488504161748,3.6182773,13.185760126493854,0.2599846478650951,-0.01392937745251332,1
752.7526,155030.84,0.6321301585659831,0.252635288493126,3.9419384,13.171234556471155,0.2529937577544745,-0.012325896047878504,1
749.6283,153384.2,0.6324963329358101,0.25845630303546896,3.7833965,13.179797076153415,0.26135721535177125,-0.013380207266666779,1
745.4195,151566.3,0.6288653838433682,0.23912565638656114,3.6460304,13.168665052422165,0.2571651047281229,-0.013554647541919426,1
2096.9246,1202828.0,0.6336986717439899,0.25920252546195455,4.2659335,13.223160644798662,0.3844793820894975,-0.012520220291946273,0
747.12366,152070.14,0.631783800974018,0.2521237189869394,3.7627883,13.166072377278738,0.26587897668328025,-0.013698276546617877,1
750.1518,153534.22,0.6291966849728929,0.24250933998294366,4.6515164,13.16884568510866,0.25252059448674524,-0.013088916853988724,1
746.31775,152233.47,0.6325499108873704,0.2656993314223599,5.2489285,13.178756148124233,0.2576302556159222,-0.013718349314862455,1
2099.6184,1204516.4,0.6353204219009776,0.25637026448443434,3.711811,13.212565905861922,0.3819136979864437,-0.012768948240047024,0
746.61487,152107.75,0.6306953345235631,0.24429685257132716,3.6491084,13.161885946526274,0.2552770358895686,-0.01380491490736319,1
751.8428,154198.64,0.6290278285835089,0.23939549399503512,3.8037,13.161328068325272,0.253757982394257,-0.01248220508846296,1
750.952,154383.62,0.6356686655818805,0.25889617894842853,3.72593,13.183688302133094,0.25306089137808985,-0.012916701048170238,1
2086.0903,1186064.8,0.6300930811671255,0.23878405150524884,3.8381493,13.20047696651955,0.3821342871047281,-0.013287806292334817,0
2087.1443,1188346.6,0.6273343266261203,0.2393742428567891,3.9364803,13.217884149615799,0.3832141174998101,-0.013506047999466335,0
746.85626,152118.19,0.6233138107114197,0.22669337492897368,4.2759943,13.185879474333412,0.2540508359342099,-0.013720245400870693,1
745.152,151601.73,0.6357747635714096,0.2636548720626677,4.0602674,13.168497257678656,0.2610830815983085,-0.013237923981062414,1
